[2026-03-31 22:38:29] === ISAT Pipeline 開始: 31本 ===
[2026-03-31 22:38:29] --- [1/31] 20200110_Henan_Putihrai_ISAT-IJ_Indosat_BUY_TP_Rp4-050_39.1-...
[2026-03-31 22:38:29]   Phase 2: スキップ（extraction.json 既存）
[2026-03-31 22:38:29]   Phase 3: emit_research_queue 開始
Queue file: .tmp/graph-queue/pdf-extraction/gq-20260331133829-36946ca6.json
[2026-03-31 22:38:29]   Phase 3: 完了 → .tmp/graph-queue/pdf-extraction/gq-20260331133829-36946ca6.json
[2026-03-31 22:38:29]   Phase 4a: entity_linker 開始
Warning: You are sending unauthenticated requests to the HF Hub. Please set a HF_TOKEN to enable higher rate limits and faster downloads.
[[33m[1mwarning  [0m] [1mWarning: You are sending unauthenticated requests to the HF Hub. Please set a HF_TOKEN to enable higher rate limits and faster downloads.[0m [[0m[1m[34mhuggingface_hub.utils._http[0m][0m
Loading weights:   0%|          | 0/391 [00:00<?, ?it/s]Loading weights: 100%|██████████| 391/391 [00:00<00:00, 5907.43it/s]
[1mXLMRobertaModel LOAD REPORT[0m from: intfloat/multilingual-e5-large
Key                     | Status     |  | 
------------------------+------------+--+-
embeddings.position_ids | UNEXPECTED |  | 

[3mNotes:
- UNEXPECTED[3m	:can be ignored when loading from different task/architecture; not ok if you expect identical arch.[0m
[2026-03-31 22:38:41]   Phase 4a: 完了
[2026-03-31 22:38:41]   Phase 4b: neo4j_loader 開始
[2026-03-31 22:38:42]   Phase 4b: 完了
[2026-03-31 22:38:42] --- [2/31] 20201216_PT_Aldiracita_Sekuritas_ISAT-IJ_Stock_ISAT_initiati...
[2026-03-31 22:38:42]   Phase 2: extract_knowledge 開始
[[31m[1merror    [0m] [1mClaudeCodeProvider.extract_knowledge failed: module 'claude_agent_sdk' has no attribute 'extract_knowledge'[0m [[0m[1m[34mpdf_pipeline.services.claude_provider[0m][0m [36merror[0m=[35m"module 'claude_agent_sdk' has no attribute 'extract_knowledge'"[0m [36mmodule[0m=[35mclaude_provider[0m [36mprovider[0m=[35mClaudeCodeProvider[0m
[[31m[1merror    [0m] [1mClaudeCodeProvider.extract_knowledge failed: module 'claude_agent_sdk' has no attribute 'extract_knowledge'[0m [[0m[1m[34mpdf_pipeline.services.claude_provider[0m][0m [36merror[0m=[35m"module 'claude_agent_sdk' has no attribute 'extract_knowledge'"[0m [36mmodule[0m=[35mclaude_provider[0m [36mprovider[0m=[35mClaudeCodeProvider[0m
[[31m[1merror    [0m] [1mClaudeCodeProvider.extract_knowledge failed: module 'claude_agent_sdk' has no attribute 'extract_knowledge'[0m [[0m[1m[34mpdf_pipeline.services.claude_provider[0m][0m [36merror[0m=[35m"module 'claude_agent_sdk' has no attribute 'extract_knowledge'"[0m [36mmodule[0m=[35mclaude_provider[0m [36mprovider[0m=[35mClaudeCodeProvider[0m
[[31m[1merror    [0m] [1mAll providers failed for operation 'extract_knowledge'. Errors: ClaudeCodeProvider: ClaudeCodeProvider.extract_knowledge failed: module 'claude_agent_sdk' has no attribute 'extract_knowledge'[0m [[0m[1m[34mpdf_pipeline.services.provider_chain[0m][0m [36merrors[0m=[35m["ClaudeCodeProvider: ClaudeCodeProvider.extract_knowledge failed: module 'claude_agent_sdk' has no attribute 'extract_knowledge'"][0m [36mmodule[0m=[35mprovider_chain[0m [36moperation[0m=[35mextract_knowledge[0m [36mprovider_count[0m=[35m1[0m
[[31m[1merror    [0m] [1mClaudeCodeProvider.extract_knowledge failed: module 'claude_agent_sdk' has no attribute 'extract_knowledge'[0m [[0m[1m[34mpdf_pipeline.services.claude_provider[0m][0m [36merror[0m=[35m"module 'claude_agent_sdk' has no attribute 'extract_knowledge'"[0m [36mmodule[0m=[35mclaude_provider[0m [36mprovider[0m=[35mClaudeCodeProvider[0m
[[31m[1merror    [0m] [1mClaudeCodeProvider.extract_knowledge failed: module 'claude_agent_sdk' has no attribute 'extract_knowledge'[0m [[0m[1m[34mpdf_pipeline.services.claude_provider[0m][0m [36merror[0m=[35m"module 'claude_agent_sdk' has no attribute 'extract_knowledge'"[0m [36mmodule[0m=[35mclaude_provider[0m [36mprovider[0m=[35mClaudeCodeProvider[0m
[[31m[1merror    [0m] [1mAll providers failed for operation 'extract_knowledge'. Errors: ClaudeCodeProvider: ClaudeCodeProvider.extract_knowledge failed: module 'claude_agent_sdk' has no attribute 'extract_knowledge'[0m [[0m[1m[34mpdf_pipeline.services.provider_chain[0m][0m [36merrors[0m=[35m["ClaudeCodeProvider: ClaudeCodeProvider.extract_knowledge failed: module 'claude_agent_sdk' has no attribute 'extract_knowledge'"][0m [36mmodule[0m=[35mprovider_chain[0m [36moperation[0m=[35mextract_knowledge[0m [36mprovider_count[0m=[35m1[0m
[[31m[1merror    [0m] [1mAll providers failed for operation 'extract_knowledge'. Errors: ClaudeCodeProvider: ClaudeCodeProvider.extract_knowledge failed: module 'claude_agent_sdk' has no attribute 'extract_knowledge'[0m [[0m[1m[34mpdf_pipeline.services.provider_chain[0m][0m [36merrors[0m=[35m["ClaudeCodeProvider: ClaudeCodeProvider.extract_knowledge failed: module 'claude_agent_sdk' has no attribute 'extract_knowledge'"][0m [36mmodule[0m=[35mprovider_chain[0m [36moperation[0m=[35mextract_knowledge[0m [36mprovider_count[0m=[35m1[0m
[[31m[1merror    [0m] [1mClaudeCodeProvider.extract_knowledge failed: module 'claude_agent_sdk' has no attribute 'extract_knowledge'[0m [[0m[1m[34mpdf_pipeline.services.claude_provider[0m][0m [36merror[0m=[35m"module 'claude_agent_sdk' has no attribute 'extract_knowledge'"[0m [36mmodule[0m=[35mclaude_provider[0m [36mprovider[0m=[35mClaudeCodeProvider[0m
[[31m[1merror    [0m] [1mAll providers failed for operation 'extract_knowledge'. Errors: ClaudeCodeProvider: ClaudeCodeProvider.extract_knowledge failed: module 'claude_agent_sdk' has no attribute 'extract_knowledge'[0m [[0m[1m[34mpdf_pipeline.services.provider_chain[0m][0m [36merrors[0m=[35m["ClaudeCodeProvider: ClaudeCodeProvider.extract_knowledge failed: module 'claude_agent_sdk' has no attribute 'extract_knowledge'"][0m [36mmodule[0m=[35mprovider_chain[0m [36moperation[0m=[35mextract_knowledge[0m [36mprovider_count[0m=[35m1[0m
[[31m[1merror    [0m] [1mAll providers failed for operation 'extract_knowledge'. Errors: ClaudeCodeProvider: ClaudeCodeProvider.extract_knowledge failed: module 'claude_agent_sdk' has no attribute 'extract_knowledge'[0m [[0m[1m[34mpdf_pipeline.services.provider_chain[0m][0m [36merrors[0m=[35m["ClaudeCodeProvider: ClaudeCodeProvider.extract_knowledge failed: module 'claude_agent_sdk' has no attribute 'extract_knowledge'"][0m [36mmodule[0m=[35mprovider_chain[0m [36moperation[0m=[35mextract_knowledge[0m [36mprovider_count[0m=[35m1[0m
[[31m[1merror    [0m] [1mClaudeCodeProvider.extract_knowledge failed: module 'claude_agent_sdk' has no attribute 'extract_knowledge'[0m [[0m[1m[34mpdf_pipeline.services.claude_provider[0m][0m [36merror[0m=[35m"module 'claude_agent_sdk' has no attribute 'extract_knowledge'"[0m [36mmodule[0m=[35mclaude_provider[0m [36mprovider[0m=[35mClaudeCodeProvider[0m
[[31m[1merror    [0m] [1mClaudeCodeProvider.extract_knowledge failed: module 'claude_agent_sdk' has no attribute 'extract_knowledge'[0m [[0m[1m[34mpdf_pipeline.services.claude_provider[0m][0m [36merror[0m=[35m"module 'claude_agent_sdk' has no attribute 'extract_knowledge'"[0m [36mmodule[0m=[35mclaude_provider[0m [36mprovider[0m=[35mClaudeCodeProvider[0m
[[31m[1merror    [0m] [1mAll providers failed for operation 'extract_knowledge'. Errors: ClaudeCodeProvider: ClaudeCodeProvider.extract_knowledge failed: module 'claude_agent_sdk' has no attribute 'extract_knowledge'[0m [[0m[1m[34mpdf_pipeline.services.provider_chain[0m][0m [36merrors[0m=[35m["ClaudeCodeProvider: ClaudeCodeProvider.extract_knowledge failed: module 'claude_agent_sdk' has no attribute 'extract_knowledge'"][0m [36mmodule[0m=[35mprovider_chain[0m [36moperation[0m=[35mextract_knowledge[0m [36mprovider_count[0m=[35m1[0m
[[31m[1merror    [0m] [1mAll providers failed for operation 'extract_knowledge'. Errors: ClaudeCodeProvider: ClaudeCodeProvider.extract_knowledge failed: module 'claude_agent_sdk' has no attribute 'extract_knowledge'[0m [[0m[1m[34mpdf_pipeline.services.provider_chain[0m][0m [36merrors[0m=[35m["ClaudeCodeProvider: ClaudeCodeProvider.extract_knowledge failed: module 'claude_agent_sdk' has no attribute 'extract_knowledge'"][0m [36mmodule[0m=[35mprovider_chain[0m [36moperation[0m=[35mextract_knowledge[0m [36mprovider_count[0m=[35m1[0m
[[31m[1merror    [0m] [1mAll providers failed for operation 'extract_knowledge'. Errors: ClaudeCodeProvider: ClaudeCodeProvider.extract_knowledge failed: module 'claude_agent_sdk' has no attribute 'extract_knowledge'[0m [[0m[1m[34mpdf_pipeline.services.provider_chain[0m][0m [36merrors[0m=[35m["ClaudeCodeProvider: ClaudeCodeProvider.extract_knowledge failed: module 'claude_agent_sdk' has no attribute 'extract_knowledge'"][0m [36mmodule[0m=[35mprovider_chain[0m [36moperation[0m=[35mextract_knowledge[0m [36mprovider_count[0m=[35m1[0m
entities=0 facts=0 claims=0 datapoints=0
[2026-03-31 22:38:42]   Phase 2: 完了
[2026-03-31 22:38:42]   Phase 3: emit_research_queue 開始
Queue file: .tmp/graph-queue/pdf-extraction/gq-20260331133842-a7409fc2.json
[2026-03-31 22:38:42]   Phase 3: 完了 → .tmp/graph-queue/pdf-extraction/gq-20260331133842-a7409fc2.json
[2026-03-31 22:38:42]   Phase 4a: entity_linker 開始
Warning: You are sending unauthenticated requests to the HF Hub. Please set a HF_TOKEN to enable higher rate limits and faster downloads.
[[33m[1mwarning  [0m] [1mWarning: You are sending unauthenticated requests to the HF Hub. Please set a HF_TOKEN to enable higher rate limits and faster downloads.[0m [[0m[1m[34mhuggingface_hub.utils._http[0m][0m
Loading weights:   0%|          | 0/391 [00:00<?, ?it/s]Loading weights: 100%|██████████| 391/391 [00:00<00:00, 20196.21it/s]
[1mXLMRobertaModel LOAD REPORT[0m from: intfloat/multilingual-e5-large
Key                     | Status     |  | 
------------------------+------------+--+-
embeddings.position_ids | UNEXPECTED |  | 

[3mNotes:
- UNEXPECTED[3m	:can be ignored when loading from different task/architecture; not ok if you expect identical arch.[0m
[2026-03-31 22:38:49]   Phase 4a: 完了
[2026-03-31 22:38:49]   Phase 4b: neo4j_loader 開始
[2026-03-31 22:38:50]   Phase 4b: 完了
[2026-03-31 22:38:50] --- [3/31] 20221007_Maybank_IBG_ISAT-IJ_Indosat_Ooredoo_Hutchison_Rebir...
[2026-03-31 22:38:50]   Phase 2: extract_knowledge 開始
[[31m[1merror    [0m] [1mClaudeCodeProvider.extract_knowledge failed: module 'claude_agent_sdk' has no attribute 'extract_knowledge'[0m [[0m[1m[34mpdf_pipeline.services.claude_provider[0m][0m [36merror[0m=[35m"module 'claude_agent_sdk' has no attribute 'extract_knowledge'"[0m [36mmodule[0m=[35mclaude_provider[0m [36mprovider[0m=[35mClaudeCodeProvider[0m
[[31m[1merror    [0m] [1mClaudeCodeProvider.extract_knowledge failed: module 'claude_agent_sdk' has no attribute 'extract_knowledge'[0m [[0m[1m[34mpdf_pipeline.services.claude_provider[0m][0m [36merror[0m=[35m"module 'claude_agent_sdk' has no attribute 'extract_knowledge'"[0m [36mmodule[0m=[35mclaude_provider[0m [36mprovider[0m=[35mClaudeCodeProvider[0m
[[31m[1merror    [0m] [1mClaudeCodeProvider.extract_knowledge failed: module 'claude_agent_sdk' has no attribute 'extract_knowledge'[0m [[0m[1m[34mpdf_pipeline.services.claude_provider[0m][0m [36merror[0m=[35m"module 'claude_agent_sdk' has no attribute 'extract_knowledge'"[0m [36mmodule[0m=[35mclaude_provider[0m [36mprovider[0m=[35mClaudeCodeProvider[0m
[[31m[1merror    [0m] [1mAll providers failed for operation 'extract_knowledge'. Errors: ClaudeCodeProvider: ClaudeCodeProvider.extract_knowledge failed: module 'claude_agent_sdk' has no attribute 'extract_knowledge'[0m [[0m[1m[34mpdf_pipeline.services.provider_chain[0m][0m [36merrors[0m=[35m["ClaudeCodeProvider: ClaudeCodeProvider.extract_knowledge failed: module 'claude_agent_sdk' has no attribute 'extract_knowledge'"][0m [36mmodule[0m=[35mprovider_chain[0m [36moperation[0m=[35mextract_knowledge[0m [36mprovider_count[0m=[35m1[0m
[[31m[1merror    [0m] [1mClaudeCodeProvider.extract_knowledge failed: module 'claude_agent_sdk' has no attribute 'extract_knowledge'[0m [[0m[1m[34mpdf_pipeline.services.claude_provider[0m][0m [36merror[0m=[35m"module 'claude_agent_sdk' has no attribute 'extract_knowledge'"[0m [36mmodule[0m=[35mclaude_provider[0m [36mprovider[0m=[35mClaudeCodeProvider[0m
[[31m[1merror    [0m] [1mClaudeCodeProvider.extract_knowledge failed: module 'claude_agent_sdk' has no attribute 'extract_knowledge'[0m [[0m[1m[34mpdf_pipeline.services.claude_provider[0m][0m [36merror[0m=[35m"module 'claude_agent_sdk' has no attribute 'extract_knowledge'"[0m [36mmodule[0m=[35mclaude_provider[0m [36mprovider[0m=[35mClaudeCodeProvider[0m
[[31m[1merror    [0m] [1mAll providers failed for operation 'extract_knowledge'. Errors: ClaudeCodeProvider: ClaudeCodeProvider.extract_knowledge failed: module 'claude_agent_sdk' has no attribute 'extract_knowledge'[0m [[0m[1m[34mpdf_pipeline.services.provider_chain[0m][0m [36merrors[0m=[35m["ClaudeCodeProvider: ClaudeCodeProvider.extract_knowledge failed: module 'claude_agent_sdk' has no attribute 'extract_knowledge'"][0m [36mmodule[0m=[35mprovider_chain[0m [36moperation[0m=[35mextract_knowledge[0m [36mprovider_count[0m=[35m1[0m
[[31m[1merror    [0m] [1mAll providers failed for operation 'extract_knowledge'. Errors: ClaudeCodeProvider: ClaudeCodeProvider.extract_knowledge failed: module 'claude_agent_sdk' has no attribute 'extract_knowledge'[0m [[0m[1m[34mpdf_pipeline.services.provider_chain[0m][0m [36merrors[0m=[35m["ClaudeCodeProvider: ClaudeCodeProvider.extract_knowledge failed: module 'claude_agent_sdk' has no attribute 'extract_knowledge'"][0m [36mmodule[0m=[35mprovider_chain[0m [36moperation[0m=[35mextract_knowledge[0m [36mprovider_count[0m=[35m1[0m
[[31m[1merror    [0m] [1mClaudeCodeProvider.extract_knowledge failed: module 'claude_agent_sdk' has no attribute 'extract_knowledge'[0m [[0m[1m[34mpdf_pipeline.services.claude_provider[0m][0m [36merror[0m=[35m"module 'claude_agent_sdk' has no attribute 'extract_knowledge'"[0m [36mmodule[0m=[35mclaude_provider[0m [36mprovider[0m=[35mClaudeCodeProvider[0m
[[31m[1merror    [0m] [1mAll providers failed for operation 'extract_knowledge'. Errors: ClaudeCodeProvider: ClaudeCodeProvider.extract_knowledge failed: module 'claude_agent_sdk' has no attribute 'extract_knowledge'[0m [[0m[1m[34mpdf_pipeline.services.provider_chain[0m][0m [36merrors[0m=[35m["ClaudeCodeProvider: ClaudeCodeProvider.extract_knowledge failed: module 'claude_agent_sdk' has no attribute 'extract_knowledge'"][0m [36mmodule[0m=[35mprovider_chain[0m [36moperation[0m=[35mextract_knowledge[0m [36mprovider_count[0m=[35m1[0m
[[31m[1merror    [0m] [1mAll providers failed for operation 'extract_knowledge'. Errors: ClaudeCodeProvider: ClaudeCodeProvider.extract_knowledge failed: module 'claude_agent_sdk' has no attribute 'extract_knowledge'[0m [[0m[1m[34mpdf_pipeline.services.provider_chain[0m][0m [36merrors[0m=[35m["ClaudeCodeProvider: ClaudeCodeProvider.extract_knowledge failed: module 'claude_agent_sdk' has no attribute 'extract_knowledge'"][0m [36mmodule[0m=[35mprovider_chain[0m [36moperation[0m=[35mextract_knowledge[0m [36mprovider_count[0m=[35m1[0m
[[31m[1merror    [0m] [1mClaudeCodeProvider.extract_knowledge failed: module 'claude_agent_sdk' has no attribute 'extract_knowledge'[0m [[0m[1m[34mpdf_pipeline.services.claude_provider[0m][0m [36merror[0m=[35m"module 'claude_agent_sdk' has no attribute 'extract_knowledge'"[0m [36mmodule[0m=[35mclaude_provider[0m [36mprovider[0m=[35mClaudeCodeProvider[0m
[[31m[1merror    [0m] [1mClaudeCodeProvider.extract_knowledge failed: module 'claude_agent_sdk' has no attribute 'extract_knowledge'[0m [[0m[1m[34mpdf_pipeline.services.claude_provider[0m][0m [36merror[0m=[35m"module 'claude_agent_sdk' has no attribute 'extract_knowledge'"[0m [36mmodule[0m=[35mclaude_provider[0m [36mprovider[0m=[35mClaudeCodeProvider[0m
[[31m[1merror    [0m] [1mAll providers failed for operation 'extract_knowledge'. Errors: ClaudeCodeProvider: ClaudeCodeProvider.extract_knowledge failed: module 'claude_agent_sdk' has no attribute 'extract_knowledge'[0m [[0m[1m[34mpdf_pipeline.services.provider_chain[0m][0m [36merrors[0m=[35m["ClaudeCodeProvider: ClaudeCodeProvider.extract_knowledge failed: module 'claude_agent_sdk' has no attribute 'extract_knowledge'"][0m [36mmodule[0m=[35mprovider_chain[0m [36moperation[0m=[35mextract_knowledge[0m [36mprovider_count[0m=[35m1[0m
[[31m[1merror    [0m] [1mClaudeCodeProvider.extract_knowledge failed: module 'claude_agent_sdk' has no attribute 'extract_knowledge'[0m [[0m[1m[34mpdf_pipeline.services.claude_provider[0m][0m [36merror[0m=[35m"module 'claude_agent_sdk' has no attribute 'extract_knowledge'"[0m [36mmodule[0m=[35mclaude_provider[0m [36mprovider[0m=[35mClaudeCodeProvider[0m
[[31m[1merror    [0m] [1mClaudeCodeProvider.extract_knowledge failed: module 'claude_agent_sdk' has no attribute 'extract_knowledge'[0m [[0m[1m[34mpdf_pipeline.services.claude_provider[0m][0m [36merror[0m=[35m"module 'claude_agent_sdk' has no attribute 'extract_knowledge'"[0m [36mmodule[0m=[35mclaude_provider[0m [36mprovider[0m=[35mClaudeCodeProvider[0m
[[31m[1merror    [0m] [1mAll providers failed for operation 'extract_knowledge'. Errors: ClaudeCodeProvider: ClaudeCodeProvider.extract_knowledge failed: module 'claude_agent_sdk' has no attribute 'extract_knowledge'[0m [[0m[1m[34mpdf_pipeline.services.provider_chain[0m][0m [36merrors[0m=[35m["ClaudeCodeProvider: ClaudeCodeProvider.extract_knowledge failed: module 'claude_agent_sdk' has no attribute 'extract_knowledge'"][0m [36mmodule[0m=[35mprovider_chain[0m [36moperation[0m=[35mextract_knowledge[0m [36mprovider_count[0m=[35m1[0m
[[31m[1merror    [0m] [1mAll providers failed for operation 'extract_knowledge'. Errors: ClaudeCodeProvider: ClaudeCodeProvider.extract_knowledge failed: module 'claude_agent_sdk' has no attribute 'extract_knowledge'[0m [[0m[1m[34mpdf_pipeline.services.provider_chain[0m][0m [36merrors[0m=[35m["ClaudeCodeProvider: ClaudeCodeProvider.extract_knowledge failed: module 'claude_agent_sdk' has no attribute 'extract_knowledge'"][0m [36mmodule[0m=[35mprovider_chain[0m [36moperation[0m=[35mextract_knowledge[0m [36mprovider_count[0m=[35m1[0m
[[31m[1merror    [0m] [1mClaudeCodeProvider.extract_knowledge failed: module 'claude_agent_sdk' has no attribute 'extract_knowledge'[0m [[0m[1m[34mpdf_pipeline.services.claude_provider[0m][0m [36merror[0m=[35m"module 'claude_agent_sdk' has no attribute 'extract_knowledge'"[0m [36mmodule[0m=[35mclaude_provider[0m [36mprovider[0m=[35mClaudeCodeProvider[0m
[[31m[1merror    [0m] [1mAll providers failed for operation 'extract_knowledge'. Errors: ClaudeCodeProvider: ClaudeCodeProvider.extract_knowledge failed: module 'claude_agent_sdk' has no attribute 'extract_knowledge'[0m [[0m[1m[34mpdf_pipeline.services.provider_chain[0m][0m [36merrors[0m=[35m["ClaudeCodeProvider: ClaudeCodeProvider.extract_knowledge failed: module 'claude_agent_sdk' has no attribute 'extract_knowledge'"][0m [36mmodule[0m=[35mprovider_chain[0m [36moperation[0m=[35mextract_knowledge[0m [36mprovider_count[0m=[35m1[0m
[[31m[1merror    [0m] [1mAll providers failed for operation 'extract_knowledge'. Errors: ClaudeCodeProvider: ClaudeCodeProvider.extract_knowledge failed: module 'claude_agent_sdk' has no attribute 'extract_knowledge'[0m [[0m[1m[34mpdf_pipeline.services.provider_chain[0m][0m [36merrors[0m=[35m["ClaudeCodeProvider: ClaudeCodeProvider.extract_knowledge failed: module 'claude_agent_sdk' has no attribute 'extract_knowledge'"][0m [36mmodule[0m=[35mprovider_chain[0m [36moperation[0m=[35mextract_knowledge[0m [36mprovider_count[0m=[35m1[0m
[[31m[1merror    [0m] [1mClaudeCodeProvider.extract_knowledge failed: module 'claude_agent_sdk' has no attribute 'extract_knowledge'[0m [[0m[1m[34mpdf_pipeline.services.claude_provider[0m][0m [36merror[0m=[35m"module 'claude_agent_sdk' has no attribute 'extract_knowledge'"[0m [36mmodule[0m=[35mclaude_provider[0m [36mprovider[0m=[35mClaudeCodeProvider[0m
[[31m[1merror    [0m] [1mClaudeCodeProvider.extract_knowledge failed: module 'claude_agent_sdk' has no attribute 'extract_knowledge'[0m [[0m[1m[34mpdf_pipeline.services.claude_provider[0m][0m [36merror[0m=[35m"module 'claude_agent_sdk' has no attribute 'extract_knowledge'"[0m [36mmodule[0m=[35mclaude_provider[0m [36mprovider[0m=[35mClaudeCodeProvider[0m
[[31m[1merror    [0m] [1mAll providers failed for operation 'extract_knowledge'. Errors: ClaudeCodeProvider: ClaudeCodeProvider.extract_knowledge failed: module 'claude_agent_sdk' has no attribute 'extract_knowledge'[0m [[0m[1m[34mpdf_pipeline.services.provider_chain[0m][0m [36merrors[0m=[35m["ClaudeCodeProvider: ClaudeCodeProvider.extract_knowledge failed: module 'claude_agent_sdk' has no attribute 'extract_knowledge'"][0m [36mmodule[0m=[35mprovider_chain[0m [36moperation[0m=[35mextract_knowledge[0m [36mprovider_count[0m=[35m1[0m
[[31m[1merror    [0m] [1mClaudeCodeProvider.extract_knowledge failed: module 'claude_agent_sdk' has no attribute 'extract_knowledge'[0m [[0m[1m[34mpdf_pipeline.services.claude_provider[0m][0m [36merror[0m=[35m"module 'claude_agent_sdk' has no attribute 'extract_knowledge'"[0m [36mmodule[0m=[35mclaude_provider[0m [36mprovider[0m=[35mClaudeCodeProvider[0m
[[31m[1merror    [0m] [1mClaudeCodeProvider.extract_knowledge failed: module 'claude_agent_sdk' has no attribute 'extract_knowledge'[0m [[0m[1m[34mpdf_pipeline.services.claude_provider[0m][0m [36merror[0m=[35m"module 'claude_agent_sdk' has no attribute 'extract_knowledge'"[0m [36mmodule[0m=[35mclaude_provider[0m [36mprovider[0m=[35mClaudeCodeProvider[0m
[[31m[1merror    [0m] [1mAll providers failed for operation 'extract_knowledge'. Errors: ClaudeCodeProvider: ClaudeCodeProvider.extract_knowledge failed: module 'claude_agent_sdk' has no attribute 'extract_knowledge'[0m [[0m[1m[34mpdf_pipeline.services.provider_chain[0m][0m [36merrors[0m=[35m["ClaudeCodeProvider: ClaudeCodeProvider.extract_knowledge failed: module 'claude_agent_sdk' has no attribute 'extract_knowledge'"][0m [36mmodule[0m=[35mprovider_chain[0m [36moperation[0m=[35mextract_knowledge[0m [36mprovider_count[0m=[35m1[0m
[[31m[1merror    [0m] [1mAll providers failed for operation 'extract_knowledge'. Errors: ClaudeCodeProvider: ClaudeCodeProvider.extract_knowledge failed: module 'claude_agent_sdk' has no attribute 'extract_knowledge'[0m [[0m[1m[34mpdf_pipeline.services.provider_chain[0m][0m [36merrors[0m=[35m["ClaudeCodeProvider: ClaudeCodeProvider.extract_knowledge failed: module 'claude_agent_sdk' has no attribute 'extract_knowledge'"][0m [36mmodule[0m=[35mprovider_chain[0m [36moperation[0m=[35mextract_knowledge[0m [36mprovider_count[0m=[35m1[0m
[[31m[1merror    [0m] [1mAll providers failed for operation 'extract_knowledge'. Errors: ClaudeCodeProvider: ClaudeCodeProvider.extract_knowledge failed: module 'claude_agent_sdk' has no attribute 'extract_knowledge'[0m [[0m[1m[34mpdf_pipeline.services.provider_chain[0m][0m [36merrors[0m=[35m["ClaudeCodeProvider: ClaudeCodeProvider.extract_knowledge failed: module 'claude_agent_sdk' has no attribute 'extract_knowledge'"][0m [36mmodule[0m=[35mprovider_chain[0m [36moperation[0m=[35mextract_knowledge[0m [36mprovider_count[0m=[35m1[0m
[[31m[1merror    [0m] [1mAll providers failed for operation 'extract_knowledge'. Errors: ClaudeCodeProvider: ClaudeCodeProvider.extract_knowledge failed: module 'claude_agent_sdk' has no attribute 'extract_knowledge'[0m [[0m[1m[34mpdf_pipeline.services.provider_chain[0m][0m [36merrors[0m=[35m["ClaudeCodeProvider: ClaudeCodeProvider.extract_knowledge failed: module 'claude_agent_sdk' has no attribute 'extract_knowledge'"][0m [36mmodule[0m=[35mprovider_chain[0m [36moperation[0m=[35mextract_knowledge[0m [36mprovider_count[0m=[35m1[0m
entities=0 facts=0 claims=0 datapoints=0
[2026-03-31 22:38:50]   Phase 2: 完了
[2026-03-31 22:38:50]   Phase 3: emit_research_queue 開始
Queue file: .tmp/graph-queue/pdf-extraction/gq-20260331133850-ab622020.json
[2026-03-31 22:38:50]   Phase 3: 完了 → .tmp/graph-queue/pdf-extraction/gq-20260331133850-ab622020.json
[2026-03-31 22:38:50]   Phase 4a: entity_linker 開始
Warning: You are sending unauthenticated requests to the HF Hub. Please set a HF_TOKEN to enable higher rate limits and faster downloads.
[[33m[1mwarning  [0m] [1mWarning: You are sending unauthenticated requests to the HF Hub. Please set a HF_TOKEN to enable higher rate limits and faster downloads.[0m [[0m[1m[34mhuggingface_hub.utils._http[0m][0m
Loading weights:   0%|          | 0/391 [00:00<?, ?it/s]Loading weights: 100%|██████████| 391/391 [00:00<00:00, 28277.83it/s]
[1mXLMRobertaModel LOAD REPORT[0m from: intfloat/multilingual-e5-large
Key                     | Status     |  | 
------------------------+------------+--+-
embeddings.position_ids | UNEXPECTED |  | 

[3mNotes:
- UNEXPECTED[3m	:can be ignored when loading from different task/architecture; not ok if you expect identical arch.[0m
[2026-03-31 22:38:58]   Phase 4a: 完了
[2026-03-31 22:38:58]   Phase 4b: neo4j_loader 開始
[2026-03-31 22:38:58]   Phase 4b: 完了
[2026-03-31 22:38:58] --- [4/31] 20230703_PT_Buana_Capital_ISAT-IJ_ISAT_Unleashing_Digital_Po...
[2026-03-31 22:38:58]   Phase 2: extract_knowledge 開始
[[31m[1merror    [0m] [1mClaudeCodeProvider.extract_knowledge failed: module 'claude_agent_sdk' has no attribute 'extract_knowledge'[0m [[0m[1m[34mpdf_pipeline.services.claude_provider[0m][0m [36merror[0m=[35m"module 'claude_agent_sdk' has no attribute 'extract_knowledge'"[0m [36mmodule[0m=[35mclaude_provider[0m [36mprovider[0m=[35mClaudeCodeProvider[0m
[[31m[1merror    [0m] [1mClaudeCodeProvider.extract_knowledge failed: module 'claude_agent_sdk' has no attribute 'extract_knowledge'[0m [[0m[1m[34mpdf_pipeline.services.claude_provider[0m][0m [36merror[0m=[35m"module 'claude_agent_sdk' has no attribute 'extract_knowledge'"[0m [36mmodule[0m=[35mclaude_provider[0m [36mprovider[0m=[35mClaudeCodeProvider[0m
[[31m[1merror    [0m] [1mClaudeCodeProvider.extract_knowledge failed: module 'claude_agent_sdk' has no attribute 'extract_knowledge'[0m [[0m[1m[34mpdf_pipeline.services.claude_provider[0m][0m [36merror[0m=[35m"module 'claude_agent_sdk' has no attribute 'extract_knowledge'"[0m [36mmodule[0m=[35mclaude_provider[0m [36mprovider[0m=[35mClaudeCodeProvider[0m
[[31m[1merror    [0m] [1mAll providers failed for operation 'extract_knowledge'. Errors: ClaudeCodeProvider: ClaudeCodeProvider.extract_knowledge failed: module 'claude_agent_sdk' has no attribute 'extract_knowledge'[0m [[0m[1m[34mpdf_pipeline.services.provider_chain[0m][0m [36merrors[0m=[35m["ClaudeCodeProvider: ClaudeCodeProvider.extract_knowledge failed: module 'claude_agent_sdk' has no attribute 'extract_knowledge'"][0m [36mmodule[0m=[35mprovider_chain[0m [36moperation[0m=[35mextract_knowledge[0m [36mprovider_count[0m=[35m1[0m
[[31m[1merror    [0m] [1mClaudeCodeProvider.extract_knowledge failed: module 'claude_agent_sdk' has no attribute 'extract_knowledge'[0m [[0m[1m[34mpdf_pipeline.services.claude_provider[0m][0m [36merror[0m=[35m"module 'claude_agent_sdk' has no attribute 'extract_knowledge'"[0m [36mmodule[0m=[35mclaude_provider[0m [36mprovider[0m=[35mClaudeCodeProvider[0m
[[31m[1merror    [0m] [1mClaudeCodeProvider.extract_knowledge failed: module 'claude_agent_sdk' has no attribute 'extract_knowledge'[0m [[0m[1m[34mpdf_pipeline.services.claude_provider[0m][0m [36merror[0m=[35m"module 'claude_agent_sdk' has no attribute 'extract_knowledge'"[0m [36mmodule[0m=[35mclaude_provider[0m [36mprovider[0m=[35mClaudeCodeProvider[0m
[[31m[1merror    [0m] [1mAll providers failed for operation 'extract_knowledge'. Errors: ClaudeCodeProvider: ClaudeCodeProvider.extract_knowledge failed: module 'claude_agent_sdk' has no attribute 'extract_knowledge'[0m [[0m[1m[34mpdf_pipeline.services.provider_chain[0m][0m [36merrors[0m=[35m["ClaudeCodeProvider: ClaudeCodeProvider.extract_knowledge failed: module 'claude_agent_sdk' has no attribute 'extract_knowledge'"][0m [36mmodule[0m=[35mprovider_chain[0m [36moperation[0m=[35mextract_knowledge[0m [36mprovider_count[0m=[35m1[0m
[[31m[1merror    [0m] [1mAll providers failed for operation 'extract_knowledge'. Errors: ClaudeCodeProvider: ClaudeCodeProvider.extract_knowledge failed: module 'claude_agent_sdk' has no attribute 'extract_knowledge'[0m [[0m[1m[34mpdf_pipeline.services.provider_chain[0m][0m [36merrors[0m=[35m["ClaudeCodeProvider: ClaudeCodeProvider.extract_knowledge failed: module 'claude_agent_sdk' has no attribute 'extract_knowledge'"][0m [36mmodule[0m=[35mprovider_chain[0m [36moperation[0m=[35mextract_knowledge[0m [36mprovider_count[0m=[35m1[0m
[[31m[1merror    [0m] [1mClaudeCodeProvider.extract_knowledge failed: module 'claude_agent_sdk' has no attribute 'extract_knowledge'[0m [[0m[1m[34mpdf_pipeline.services.claude_provider[0m][0m [36merror[0m=[35m"module 'claude_agent_sdk' has no attribute 'extract_knowledge'"[0m [36mmodule[0m=[35mclaude_provider[0m [36mprovider[0m=[35mClaudeCodeProvider[0m
[[31m[1merror    [0m] [1mAll providers failed for operation 'extract_knowledge'. Errors: ClaudeCodeProvider: ClaudeCodeProvider.extract_knowledge failed: module 'claude_agent_sdk' has no attribute 'extract_knowledge'[0m [[0m[1m[34mpdf_pipeline.services.provider_chain[0m][0m [36merrors[0m=[35m["ClaudeCodeProvider: ClaudeCodeProvider.extract_knowledge failed: module 'claude_agent_sdk' has no attribute 'extract_knowledge'"][0m [36mmodule[0m=[35mprovider_chain[0m [36moperation[0m=[35mextract_knowledge[0m [36mprovider_count[0m=[35m1[0m
[[31m[1merror    [0m] [1mAll providers failed for operation 'extract_knowledge'. Errors: ClaudeCodeProvider: ClaudeCodeProvider.extract_knowledge failed: module 'claude_agent_sdk' has no attribute 'extract_knowledge'[0m [[0m[1m[34mpdf_pipeline.services.provider_chain[0m][0m [36merrors[0m=[35m["ClaudeCodeProvider: ClaudeCodeProvider.extract_knowledge failed: module 'claude_agent_sdk' has no attribute 'extract_knowledge'"][0m [36mmodule[0m=[35mprovider_chain[0m [36moperation[0m=[35mextract_knowledge[0m [36mprovider_count[0m=[35m1[0m
[[31m[1merror    [0m] [1mClaudeCodeProvider.extract_knowledge failed: module 'claude_agent_sdk' has no attribute 'extract_knowledge'[0m [[0m[1m[34mpdf_pipeline.services.claude_provider[0m][0m [36merror[0m=[35m"module 'claude_agent_sdk' has no attribute 'extract_knowledge'"[0m [36mmodule[0m=[35mclaude_provider[0m [36mprovider[0m=[35mClaudeCodeProvider[0m
[[31m[1merror    [0m] [1mClaudeCodeProvider.extract_knowledge failed: module 'claude_agent_sdk' has no attribute 'extract_knowledge'[0m [[0m[1m[34mpdf_pipeline.services.claude_provider[0m][0m [36merror[0m=[35m"module 'claude_agent_sdk' has no attribute 'extract_knowledge'"[0m [36mmodule[0m=[35mclaude_provider[0m [36mprovider[0m=[35mClaudeCodeProvider[0m
[[31m[1merror    [0m] [1mAll providers failed for operation 'extract_knowledge'. Errors: ClaudeCodeProvider: ClaudeCodeProvider.extract_knowledge failed: module 'claude_agent_sdk' has no attribute 'extract_knowledge'[0m [[0m[1m[34mpdf_pipeline.services.provider_chain[0m][0m [36merrors[0m=[35m["ClaudeCodeProvider: ClaudeCodeProvider.extract_knowledge failed: module 'claude_agent_sdk' has no attribute 'extract_knowledge'"][0m [36mmodule[0m=[35mprovider_chain[0m [36moperation[0m=[35mextract_knowledge[0m [36mprovider_count[0m=[35m1[0m
[[31m[1merror    [0m] [1mClaudeCodeProvider.extract_knowledge failed: module 'claude_agent_sdk' has no attribute 'extract_knowledge'[0m [[0m[1m[34mpdf_pipeline.services.claude_provider[0m][0m [36merror[0m=[35m"module 'claude_agent_sdk' has no attribute 'extract_knowledge'"[0m [36mmodule[0m=[35mclaude_provider[0m [36mprovider[0m=[35mClaudeCodeProvider[0m
[[31m[1merror    [0m] [1mClaudeCodeProvider.extract_knowledge failed: module 'claude_agent_sdk' has no attribute 'extract_knowledge'[0m [[0m[1m[34mpdf_pipeline.services.claude_provider[0m][0m [36merror[0m=[35m"module 'claude_agent_sdk' has no attribute 'extract_knowledge'"[0m [36mmodule[0m=[35mclaude_provider[0m [36mprovider[0m=[35mClaudeCodeProvider[0m
[[31m[1merror    [0m] [1mAll providers failed for operation 'extract_knowledge'. Errors: ClaudeCodeProvider: ClaudeCodeProvider.extract_knowledge failed: module 'claude_agent_sdk' has no attribute 'extract_knowledge'[0m [[0m[1m[34mpdf_pipeline.services.provider_chain[0m][0m [36merrors[0m=[35m["ClaudeCodeProvider: ClaudeCodeProvider.extract_knowledge failed: module 'claude_agent_sdk' has no attribute 'extract_knowledge'"][0m [36mmodule[0m=[35mprovider_chain[0m [36moperation[0m=[35mextract_knowledge[0m [36mprovider_count[0m=[35m1[0m
[[31m[1merror    [0m] [1mAll providers failed for operation 'extract_knowledge'. Errors: ClaudeCodeProvider: ClaudeCodeProvider.extract_knowledge failed: module 'claude_agent_sdk' has no attribute 'extract_knowledge'[0m [[0m[1m[34mpdf_pipeline.services.provider_chain[0m][0m [36merrors[0m=[35m["ClaudeCodeProvider: ClaudeCodeProvider.extract_knowledge failed: module 'claude_agent_sdk' has no attribute 'extract_knowledge'"][0m [36mmodule[0m=[35mprovider_chain[0m [36moperation[0m=[35mextract_knowledge[0m [36mprovider_count[0m=[35m1[0m
[[31m[1merror    [0m] [1mClaudeCodeProvider.extract_knowledge failed: module 'claude_agent_sdk' has no attribute 'extract_knowledge'[0m [[0m[1m[34mpdf_pipeline.services.claude_provider[0m][0m [36merror[0m=[35m"module 'claude_agent_sdk' has no attribute 'extract_knowledge'"[0m [36mmodule[0m=[35mclaude_provider[0m [36mprovider[0m=[35mClaudeCodeProvider[0m
[[31m[1merror    [0m] [1mAll providers failed for operation 'extract_knowledge'. Errors: ClaudeCodeProvider: ClaudeCodeProvider.extract_knowledge failed: module 'claude_agent_sdk' has no attribute 'extract_knowledge'[0m [[0m[1m[34mpdf_pipeline.services.provider_chain[0m][0m [36merrors[0m=[35m["ClaudeCodeProvider: ClaudeCodeProvider.extract_knowledge failed: module 'claude_agent_sdk' has no attribute 'extract_knowledge'"][0m [36mmodule[0m=[35mprovider_chain[0m [36moperation[0m=[35mextract_knowledge[0m [36mprovider_count[0m=[35m1[0m
[[31m[1merror    [0m] [1mAll providers failed for operation 'extract_knowledge'. Errors: ClaudeCodeProvider: ClaudeCodeProvider.extract_knowledge failed: module 'claude_agent_sdk' has no attribute 'extract_knowledge'[0m [[0m[1m[34mpdf_pipeline.services.provider_chain[0m][0m [36merrors[0m=[35m["ClaudeCodeProvider: ClaudeCodeProvider.extract_knowledge failed: module 'claude_agent_sdk' has no attribute 'extract_knowledge'"][0m [36mmodule[0m=[35mprovider_chain[0m [36moperation[0m=[35mextract_knowledge[0m [36mprovider_count[0m=[35m1[0m
[[31m[1merror    [0m] [1mClaudeCodeProvider.extract_knowledge failed: module 'claude_agent_sdk' has no attribute 'extract_knowledge'[0m [[0m[1m[34mpdf_pipeline.services.claude_provider[0m][0m [36merror[0m=[35m"module 'claude_agent_sdk' has no attribute 'extract_knowledge'"[0m [36mmodule[0m=[35mclaude_provider[0m [36mprovider[0m=[35mClaudeCodeProvider[0m
[[31m[1merror    [0m] [1mClaudeCodeProvider.extract_knowledge failed: module 'claude_agent_sdk' has no attribute 'extract_knowledge'[0m [[0m[1m[34mpdf_pipeline.services.claude_provider[0m][0m [36merror[0m=[35m"module 'claude_agent_sdk' has no attribute 'extract_knowledge'"[0m [36mmodule[0m=[35mclaude_provider[0m [36mprovider[0m=[35mClaudeCodeProvider[0m
[[31m[1merror    [0m] [1mAll providers failed for operation 'extract_knowledge'. Errors: ClaudeCodeProvider: ClaudeCodeProvider.extract_knowledge failed: module 'claude_agent_sdk' has no attribute 'extract_knowledge'[0m [[0m[1m[34mpdf_pipeline.services.provider_chain[0m][0m [36merrors[0m=[35m["ClaudeCodeProvider: ClaudeCodeProvider.extract_knowledge failed: module 'claude_agent_sdk' has no attribute 'extract_knowledge'"][0m [36mmodule[0m=[35mprovider_chain[0m [36moperation[0m=[35mextract_knowledge[0m [36mprovider_count[0m=[35m1[0m
[[31m[1merror    [0m] [1mClaudeCodeProvider.extract_knowledge failed: module 'claude_agent_sdk' has no attribute 'extract_knowledge'[0m [[0m[1m[34mpdf_pipeline.services.claude_provider[0m][0m [36merror[0m=[35m"module 'claude_agent_sdk' has no attribute 'extract_knowledge'"[0m [36mmodule[0m=[35mclaude_provider[0m [36mprovider[0m=[35mClaudeCodeProvider[0m
[[31m[1merror    [0m] [1mClaudeCodeProvider.extract_knowledge failed: module 'claude_agent_sdk' has no attribute 'extract_knowledge'[0m [[0m[1m[34mpdf_pipeline.services.claude_provider[0m][0m [36merror[0m=[35m"module 'claude_agent_sdk' has no attribute 'extract_knowledge'"[0m [36mmodule[0m=[35mclaude_provider[0m [36mprovider[0m=[35mClaudeCodeProvider[0m
[[31m[1merror    [0m] [1mAll providers failed for operation 'extract_knowledge'. Errors: ClaudeCodeProvider: ClaudeCodeProvider.extract_knowledge failed: module 'claude_agent_sdk' has no attribute 'extract_knowledge'[0m [[0m[1m[34mpdf_pipeline.services.provider_chain[0m][0m [36merrors[0m=[35m["ClaudeCodeProvider: ClaudeCodeProvider.extract_knowledge failed: module 'claude_agent_sdk' has no attribute 'extract_knowledge'"][0m [36mmodule[0m=[35mprovider_chain[0m [36moperation[0m=[35mextract_knowledge[0m [36mprovider_count[0m=[35m1[0m
[[31m[1merror    [0m] [1mAll providers failed for operation 'extract_knowledge'. Errors: ClaudeCodeProvider: ClaudeCodeProvider.extract_knowledge failed: module 'claude_agent_sdk' has no attribute 'extract_knowledge'[0m [[0m[1m[34mpdf_pipeline.services.provider_chain[0m][0m [36merrors[0m=[35m["ClaudeCodeProvider: ClaudeCodeProvider.extract_knowledge failed: module 'claude_agent_sdk' has no attribute 'extract_knowledge'"][0m [36mmodule[0m=[35mprovider_chain[0m [36moperation[0m=[35mextract_knowledge[0m [36mprovider_count[0m=[35m1[0m
[[31m[1merror    [0m] [1mClaudeCodeProvider.extract_knowledge failed: module 'claude_agent_sdk' has no attribute 'extract_knowledge'[0m [[0m[1m[34mpdf_pipeline.services.claude_provider[0m][0m [36merror[0m=[35m"module 'claude_agent_sdk' has no attribute 'extract_knowledge'"[0m [36mmodule[0m=[35mclaude_provider[0m [36mprovider[0m=[35mClaudeCodeProvider[0m
[[31m[1merror    [0m] [1mAll providers failed for operation 'extract_knowledge'. Errors: ClaudeCodeProvider: ClaudeCodeProvider.extract_knowledge failed: module 'claude_agent_sdk' has no attribute 'extract_knowledge'[0m [[0m[1m[34mpdf_pipeline.services.provider_chain[0m][0m [36merrors[0m=[35m["ClaudeCodeProvider: ClaudeCodeProvider.extract_knowledge failed: module 'claude_agent_sdk' has no attribute 'extract_knowledge'"][0m [36mmodule[0m=[35mprovider_chain[0m [36moperation[0m=[35mextract_knowledge[0m [36mprovider_count[0m=[35m1[0m
[[31m[1merror    [0m] [1mAll providers failed for operation 'extract_knowledge'. Errors: ClaudeCodeProvider: ClaudeCodeProvider.extract_knowledge failed: module 'claude_agent_sdk' has no attribute 'extract_knowledge'[0m [[0m[1m[34mpdf_pipeline.services.provider_chain[0m][0m [36merrors[0m=[35m["ClaudeCodeProvider: ClaudeCodeProvider.extract_knowledge failed: module 'claude_agent_sdk' has no attribute 'extract_knowledge'"][0m [36mmodule[0m=[35mprovider_chain[0m [36moperation[0m=[35mextract_knowledge[0m [36mprovider_count[0m=[35m1[0m
[[31m[1merror    [0m] [1mClaudeCodeProvider.extract_knowledge failed: module 'claude_agent_sdk' has no attribute 'extract_knowledge'[0m [[0m[1m[34mpdf_pipeline.services.claude_provider[0m][0m [36merror[0m=[35m"module 'claude_agent_sdk' has no attribute 'extract_knowledge'"[0m [36mmodule[0m=[35mclaude_provider[0m [36mprovider[0m=[35mClaudeCodeProvider[0m
[[31m[1merror    [0m] [1mClaudeCodeProvider.extract_knowledge failed: module 'claude_agent_sdk' has no attribute 'extract_knowledge'[0m [[0m[1m[34mpdf_pipeline.services.claude_provider[0m][0m [36merror[0m=[35m"module 'claude_agent_sdk' has no attribute 'extract_knowledge'"[0m [36mmodule[0m=[35mclaude_provider[0m [36mprovider[0m=[35mClaudeCodeProvider[0m
[[31m[1merror    [0m] [1mAll providers failed for operation 'extract_knowledge'. Errors: ClaudeCodeProvider: ClaudeCodeProvider.extract_knowledge failed: module 'claude_agent_sdk' has no attribute 'extract_knowledge'[0m [[0m[1m[34mpdf_pipeline.services.provider_chain[0m][0m [36merrors[0m=[35m["ClaudeCodeProvider: ClaudeCodeProvider.extract_knowledge failed: module 'claude_agent_sdk' has no attribute 'extract_knowledge'"][0m [36mmodule[0m=[35mprovider_chain[0m [36moperation[0m=[35mextract_knowledge[0m [36mprovider_count[0m=[35m1[0m
[[31m[1merror    [0m] [1mClaudeCodeProvider.extract_knowledge failed: module 'claude_agent_sdk' has no attribute 'extract_knowledge'[0m [[0m[1m[34mpdf_pipeline.services.claude_provider[0m][0m [36merror[0m=[35m"module 'claude_agent_sdk' has no attribute 'extract_knowledge'"[0m [36mmodule[0m=[35mclaude_provider[0m [36mprovider[0m=[35mClaudeCodeProvider[0m
[[31m[1merror    [0m] [1mClaudeCodeProvider.extract_knowledge failed: module 'claude_agent_sdk' has no attribute 'extract_knowledge'[0m [[0m[1m[34mpdf_pipeline.services.claude_provider[0m][0m [36merror[0m=[35m"module 'claude_agent_sdk' has no attribute 'extract_knowledge'"[0m [36mmodule[0m=[35mclaude_provider[0m [36mprovider[0m=[35mClaudeCodeProvider[0m
[[31m[1merror    [0m] [1mAll providers failed for operation 'extract_knowledge'. Errors: ClaudeCodeProvider: ClaudeCodeProvider.extract_knowledge failed: module 'claude_agent_sdk' has no attribute 'extract_knowledge'[0m [[0m[1m[34mpdf_pipeline.services.provider_chain[0m][0m [36merrors[0m=[35m["ClaudeCodeProvider: ClaudeCodeProvider.extract_knowledge failed: module 'claude_agent_sdk' has no attribute 'extract_knowledge'"][0m [36mmodule[0m=[35mprovider_chain[0m [36moperation[0m=[35mextract_knowledge[0m [36mprovider_count[0m=[35m1[0m
[[31m[1merror    [0m] [1mAll providers failed for operation 'extract_knowledge'. Errors: ClaudeCodeProvider: ClaudeCodeProvider.extract_knowledge failed: module 'claude_agent_sdk' has no attribute 'extract_knowledge'[0m [[0m[1m[34mpdf_pipeline.services.provider_chain[0m][0m [36merrors[0m=[35m["ClaudeCodeProvider: ClaudeCodeProvider.extract_knowledge failed: module 'claude_agent_sdk' has no attribute 'extract_knowledge'"][0m [36mmodule[0m=[35mprovider_chain[0m [36moperation[0m=[35mextract_knowledge[0m [36mprovider_count[0m=[35m1[0m
[[31m[1merror    [0m] [1mClaudeCodeProvider.extract_knowledge failed: module 'claude_agent_sdk' has no attribute 'extract_knowledge'[0m [[0m[1m[34mpdf_pipeline.services.claude_provider[0m][0m [36merror[0m=[35m"module 'claude_agent_sdk' has no attribute 'extract_knowledge'"[0m [36mmodule[0m=[35mclaude_provider[0m [36mprovider[0m=[35mClaudeCodeProvider[0m
[[31m[1merror    [0m] [1mAll providers failed for operation 'extract_knowledge'. Errors: ClaudeCodeProvider: ClaudeCodeProvider.extract_knowledge failed: module 'claude_agent_sdk' has no attribute 'extract_knowledge'[0m [[0m[1m[34mpdf_pipeline.services.provider_chain[0m][0m [36merrors[0m=[35m["ClaudeCodeProvider: ClaudeCodeProvider.extract_knowledge failed: module 'claude_agent_sdk' has no attribute 'extract_knowledge'"][0m [36mmodule[0m=[35mprovider_chain[0m [36moperation[0m=[35mextract_knowledge[0m [36mprovider_count[0m=[35m1[0m
[[31m[1merror    [0m] [1mAll providers failed for operation 'extract_knowledge'. Errors: ClaudeCodeProvider: ClaudeCodeProvider.extract_knowledge failed: module 'claude_agent_sdk' has no attribute 'extract_knowledge'[0m [[0m[1m[34mpdf_pipeline.services.provider_chain[0m][0m [36merrors[0m=[35m["ClaudeCodeProvider: ClaudeCodeProvider.extract_knowledge failed: module 'claude_agent_sdk' has no attribute 'extract_knowledge'"][0m [36mmodule[0m=[35mprovider_chain[0m [36moperation[0m=[35mextract_knowledge[0m [36mprovider_count[0m=[35m1[0m
[[31m[1merror    [0m] [1mClaudeCodeProvider.extract_knowledge failed: module 'claude_agent_sdk' has no attribute 'extract_knowledge'[0m [[0m[1m[34mpdf_pipeline.services.claude_provider[0m][0m [36merror[0m=[35m"module 'claude_agent_sdk' has no attribute 'extract_knowledge'"[0m [36mmodule[0m=[35mclaude_provider[0m [36mprovider[0m=[35mClaudeCodeProvider[0m
[[31m[1merror    [0m] [1mClaudeCodeProvider.extract_knowledge failed: module 'claude_agent_sdk' has no attribute 'extract_knowledge'[0m [[0m[1m[34mpdf_pipeline.services.claude_provider[0m][0m [36merror[0m=[35m"module 'claude_agent_sdk' has no attribute 'extract_knowledge'"[0m [36mmodule[0m=[35mclaude_provider[0m [36mprovider[0m=[35mClaudeCodeProvider[0m
[[31m[1merror    [0m] [1mAll providers failed for operation 'extract_knowledge'. Errors: ClaudeCodeProvider: ClaudeCodeProvider.extract_knowledge failed: module 'claude_agent_sdk' has no attribute 'extract_knowledge'[0m [[0m[1m[34mpdf_pipeline.services.provider_chain[0m][0m [36merrors[0m=[35m["ClaudeCodeProvider: ClaudeCodeProvider.extract_knowledge failed: module 'claude_agent_sdk' has no attribute 'extract_knowledge'"][0m [36mmodule[0m=[35mprovider_chain[0m [36moperation[0m=[35mextract_knowledge[0m [36mprovider_count[0m=[35m1[0m
[[31m[1merror    [0m] [1mAll providers failed for operation 'extract_knowledge'. Errors: ClaudeCodeProvider: ClaudeCodeProvider.extract_knowledge failed: module 'claude_agent_sdk' has no attribute 'extract_knowledge'[0m [[0m[1m[34mpdf_pipeline.services.provider_chain[0m][0m [36merrors[0m=[35m["ClaudeCodeProvider: ClaudeCodeProvider.extract_knowledge failed: module 'claude_agent_sdk' has no attribute 'extract_knowledge'"][0m [36mmodule[0m=[35mprovider_chain[0m [36moperation[0m=[35mextract_knowledge[0m [36mprovider_count[0m=[35m1[0m
[[31m[1merror    [0m] [1mAll providers failed for operation 'extract_knowledge'. Errors: ClaudeCodeProvider: ClaudeCodeProvider.extract_knowledge failed: module 'claude_agent_sdk' has no attribute 'extract_knowledge'[0m [[0m[1m[34mpdf_pipeline.services.provider_chain[0m][0m [36merrors[0m=[35m["ClaudeCodeProvider: ClaudeCodeProvider.extract_knowledge failed: module 'claude_agent_sdk' has no attribute 'extract_knowledge'"][0m [36mmodule[0m=[35mprovider_chain[0m [36moperation[0m=[35mextract_knowledge[0m [36mprovider_count[0m=[35m1[0m
entities=0 facts=0 claims=0 datapoints=0
[2026-03-31 22:38:59]   Phase 2: 完了
[2026-03-31 22:38:59]   Phase 3: emit_research_queue 開始
Queue file: .tmp/graph-queue/pdf-extraction/gq-20260331133859-7a75cbb4.json
[2026-03-31 22:38:59]   Phase 3: 完了 → .tmp/graph-queue/pdf-extraction/gq-20260331133859-7a75cbb4.json
[2026-03-31 22:38:59]   Phase 4a: entity_linker 開始
Warning: You are sending unauthenticated requests to the HF Hub. Please set a HF_TOKEN to enable higher rate limits and faster downloads.
[[33m[1mwarning  [0m] [1mWarning: You are sending unauthenticated requests to the HF Hub. Please set a HF_TOKEN to enable higher rate limits and faster downloads.[0m [[0m[1m[34mhuggingface_hub.utils._http[0m][0m
Loading weights:   0%|          | 0/391 [00:00<?, ?it/s]Loading weights: 100%|██████████| 391/391 [00:00<00:00, 22923.22it/s]
[1mXLMRobertaModel LOAD REPORT[0m from: intfloat/multilingual-e5-large
Key                     | Status     |  | 
------------------------+------------+--+-
embeddings.position_ids | UNEXPECTED |  | 

[3mNotes:
- UNEXPECTED[3m	:can be ignored when loading from different task/architecture; not ok if you expect identical arch.[0m
[2026-03-31 22:39:07]   Phase 4a: 完了
[2026-03-31 22:39:07]   Phase 4b: neo4j_loader 開始
[2026-03-31 22:39:08]   Phase 4b: 完了
[2026-03-31 22:39:08] --- [5/31] 20240723_JP_Morgan_ISAT-IJ_Indosat_Tbk_PT-_Strong_execution-...
[2026-03-31 22:39:08]   Phase 2: extract_knowledge 開始
[[31m[1merror    [0m] [1mClaudeCodeProvider.extract_knowledge failed: module 'claude_agent_sdk' has no attribute 'extract_knowledge'[0m [[0m[1m[34mpdf_pipeline.services.claude_provider[0m][0m [36merror[0m=[35m"module 'claude_agent_sdk' has no attribute 'extract_knowledge'"[0m [36mmodule[0m=[35mclaude_provider[0m [36mprovider[0m=[35mClaudeCodeProvider[0m
[[31m[1merror    [0m] [1mClaudeCodeProvider.extract_knowledge failed: module 'claude_agent_sdk' has no attribute 'extract_knowledge'[0m [[0m[1m[34mpdf_pipeline.services.claude_provider[0m][0m [36merror[0m=[35m"module 'claude_agent_sdk' has no attribute 'extract_knowledge'"[0m [36mmodule[0m=[35mclaude_provider[0m [36mprovider[0m=[35mClaudeCodeProvider[0m
[[31m[1merror    [0m] [1mClaudeCodeProvider.extract_knowledge failed: module 'claude_agent_sdk' has no attribute 'extract_knowledge'[0m [[0m[1m[34mpdf_pipeline.services.claude_provider[0m][0m [36merror[0m=[35m"module 'claude_agent_sdk' has no attribute 'extract_knowledge'"[0m [36mmodule[0m=[35mclaude_provider[0m [36mprovider[0m=[35mClaudeCodeProvider[0m
[[31m[1merror    [0m] [1mAll providers failed for operation 'extract_knowledge'. Errors: ClaudeCodeProvider: ClaudeCodeProvider.extract_knowledge failed: module 'claude_agent_sdk' has no attribute 'extract_knowledge'[0m [[0m[1m[34mpdf_pipeline.services.provider_chain[0m][0m [36merrors[0m=[35m["ClaudeCodeProvider: ClaudeCodeProvider.extract_knowledge failed: module 'claude_agent_sdk' has no attribute 'extract_knowledge'"][0m [36mmodule[0m=[35mprovider_chain[0m [36moperation[0m=[35mextract_knowledge[0m [36mprovider_count[0m=[35m1[0m
[[31m[1merror    [0m] [1mClaudeCodeProvider.extract_knowledge failed: module 'claude_agent_sdk' has no attribute 'extract_knowledge'[0m [[0m[1m[34mpdf_pipeline.services.claude_provider[0m][0m [36merror[0m=[35m"module 'claude_agent_sdk' has no attribute 'extract_knowledge'"[0m [36mmodule[0m=[35mclaude_provider[0m [36mprovider[0m=[35mClaudeCodeProvider[0m
[[31m[1merror    [0m] [1mClaudeCodeProvider.extract_knowledge failed: module 'claude_agent_sdk' has no attribute 'extract_knowledge'[0m [[0m[1m[34mpdf_pipeline.services.claude_provider[0m][0m [36merror[0m=[35m"module 'claude_agent_sdk' has no attribute 'extract_knowledge'"[0m [36mmodule[0m=[35mclaude_provider[0m [36mprovider[0m=[35mClaudeCodeProvider[0m
[[31m[1merror    [0m] [1mAll providers failed for operation 'extract_knowledge'. Errors: ClaudeCodeProvider: ClaudeCodeProvider.extract_knowledge failed: module 'claude_agent_sdk' has no attribute 'extract_knowledge'[0m [[0m[1m[34mpdf_pipeline.services.provider_chain[0m][0m [36merrors[0m=[35m["ClaudeCodeProvider: ClaudeCodeProvider.extract_knowledge failed: module 'claude_agent_sdk' has no attribute 'extract_knowledge'"][0m [36mmodule[0m=[35mprovider_chain[0m [36moperation[0m=[35mextract_knowledge[0m [36mprovider_count[0m=[35m1[0m
[[31m[1merror    [0m] [1mAll providers failed for operation 'extract_knowledge'. Errors: ClaudeCodeProvider: ClaudeCodeProvider.extract_knowledge failed: module 'claude_agent_sdk' has no attribute 'extract_knowledge'[0m [[0m[1m[34mpdf_pipeline.services.provider_chain[0m][0m [36merrors[0m=[35m["ClaudeCodeProvider: ClaudeCodeProvider.extract_knowledge failed: module 'claude_agent_sdk' has no attribute 'extract_knowledge'"][0m [36mmodule[0m=[35mprovider_chain[0m [36moperation[0m=[35mextract_knowledge[0m [36mprovider_count[0m=[35m1[0m
[[31m[1merror    [0m] [1mClaudeCodeProvider.extract_knowledge failed: module 'claude_agent_sdk' has no attribute 'extract_knowledge'[0m [[0m[1m[34mpdf_pipeline.services.claude_provider[0m][0m [36merror[0m=[35m"module 'claude_agent_sdk' has no attribute 'extract_knowledge'"[0m [36mmodule[0m=[35mclaude_provider[0m [36mprovider[0m=[35mClaudeCodeProvider[0m
[[31m[1merror    [0m] [1mAll providers failed for operation 'extract_knowledge'. Errors: ClaudeCodeProvider: ClaudeCodeProvider.extract_knowledge failed: module 'claude_agent_sdk' has no attribute 'extract_knowledge'[0m [[0m[1m[34mpdf_pipeline.services.provider_chain[0m][0m [36merrors[0m=[35m["ClaudeCodeProvider: ClaudeCodeProvider.extract_knowledge failed: module 'claude_agent_sdk' has no attribute 'extract_knowledge'"][0m [36mmodule[0m=[35mprovider_chain[0m [36moperation[0m=[35mextract_knowledge[0m [36mprovider_count[0m=[35m1[0m
[[31m[1merror    [0m] [1mAll providers failed for operation 'extract_knowledge'. Errors: ClaudeCodeProvider: ClaudeCodeProvider.extract_knowledge failed: module 'claude_agent_sdk' has no attribute 'extract_knowledge'[0m [[0m[1m[34mpdf_pipeline.services.provider_chain[0m][0m [36merrors[0m=[35m["ClaudeCodeProvider: ClaudeCodeProvider.extract_knowledge failed: module 'claude_agent_sdk' has no attribute 'extract_knowledge'"][0m [36mmodule[0m=[35mprovider_chain[0m [36moperation[0m=[35mextract_knowledge[0m [36mprovider_count[0m=[35m1[0m
[[31m[1merror    [0m] [1mClaudeCodeProvider.extract_knowledge failed: module 'claude_agent_sdk' has no attribute 'extract_knowledge'[0m [[0m[1m[34mpdf_pipeline.services.claude_provider[0m][0m [36merror[0m=[35m"module 'claude_agent_sdk' has no attribute 'extract_knowledge'"[0m [36mmodule[0m=[35mclaude_provider[0m [36mprovider[0m=[35mClaudeCodeProvider[0m
[[31m[1merror    [0m] [1mClaudeCodeProvider.extract_knowledge failed: module 'claude_agent_sdk' has no attribute 'extract_knowledge'[0m [[0m[1m[34mpdf_pipeline.services.claude_provider[0m][0m [36merror[0m=[35m"module 'claude_agent_sdk' has no attribute 'extract_knowledge'"[0m [36mmodule[0m=[35mclaude_provider[0m [36mprovider[0m=[35mClaudeCodeProvider[0m
[[31m[1merror    [0m] [1mAll providers failed for operation 'extract_knowledge'. Errors: ClaudeCodeProvider: ClaudeCodeProvider.extract_knowledge failed: module 'claude_agent_sdk' has no attribute 'extract_knowledge'[0m [[0m[1m[34mpdf_pipeline.services.provider_chain[0m][0m [36merrors[0m=[35m["ClaudeCodeProvider: ClaudeCodeProvider.extract_knowledge failed: module 'claude_agent_sdk' has no attribute 'extract_knowledge'"][0m [36mmodule[0m=[35mprovider_chain[0m [36moperation[0m=[35mextract_knowledge[0m [36mprovider_count[0m=[35m1[0m
[[31m[1merror    [0m] [1mClaudeCodeProvider.extract_knowledge failed: module 'claude_agent_sdk' has no attribute 'extract_knowledge'[0m [[0m[1m[34mpdf_pipeline.services.claude_provider[0m][0m [36merror[0m=[35m"module 'claude_agent_sdk' has no attribute 'extract_knowledge'"[0m [36mmodule[0m=[35mclaude_provider[0m [36mprovider[0m=[35mClaudeCodeProvider[0m
[[31m[1merror    [0m] [1mClaudeCodeProvider.extract_knowledge failed: module 'claude_agent_sdk' has no attribute 'extract_knowledge'[0m [[0m[1m[34mpdf_pipeline.services.claude_provider[0m][0m [36merror[0m=[35m"module 'claude_agent_sdk' has no attribute 'extract_knowledge'"[0m [36mmodule[0m=[35mclaude_provider[0m [36mprovider[0m=[35mClaudeCodeProvider[0m
[[31m[1merror    [0m] [1mAll providers failed for operation 'extract_knowledge'. Errors: ClaudeCodeProvider: ClaudeCodeProvider.extract_knowledge failed: module 'claude_agent_sdk' has no attribute 'extract_knowledge'[0m [[0m[1m[34mpdf_pipeline.services.provider_chain[0m][0m [36merrors[0m=[35m["ClaudeCodeProvider: ClaudeCodeProvider.extract_knowledge failed: module 'claude_agent_sdk' has no attribute 'extract_knowledge'"][0m [36mmodule[0m=[35mprovider_chain[0m [36moperation[0m=[35mextract_knowledge[0m [36mprovider_count[0m=[35m1[0m
[[31m[1merror    [0m] [1mAll providers failed for operation 'extract_knowledge'. Errors: ClaudeCodeProvider: ClaudeCodeProvider.extract_knowledge failed: module 'claude_agent_sdk' has no attribute 'extract_knowledge'[0m [[0m[1m[34mpdf_pipeline.services.provider_chain[0m][0m [36merrors[0m=[35m["ClaudeCodeProvider: ClaudeCodeProvider.extract_knowledge failed: module 'claude_agent_sdk' has no attribute 'extract_knowledge'"][0m [36mmodule[0m=[35mprovider_chain[0m [36moperation[0m=[35mextract_knowledge[0m [36mprovider_count[0m=[35m1[0m
[[31m[1merror    [0m] [1mClaudeCodeProvider.extract_knowledge failed: module 'claude_agent_sdk' has no attribute 'extract_knowledge'[0m [[0m[1m[34mpdf_pipeline.services.claude_provider[0m][0m [36merror[0m=[35m"module 'claude_agent_sdk' has no attribute 'extract_knowledge'"[0m [36mmodule[0m=[35mclaude_provider[0m [36mprovider[0m=[35mClaudeCodeProvider[0m
[[31m[1merror    [0m] [1mAll providers failed for operation 'extract_knowledge'. Errors: ClaudeCodeProvider: ClaudeCodeProvider.extract_knowledge failed: module 'claude_agent_sdk' has no attribute 'extract_knowledge'[0m [[0m[1m[34mpdf_pipeline.services.provider_chain[0m][0m [36merrors[0m=[35m["ClaudeCodeProvider: ClaudeCodeProvider.extract_knowledge failed: module 'claude_agent_sdk' has no attribute 'extract_knowledge'"][0m [36mmodule[0m=[35mprovider_chain[0m [36moperation[0m=[35mextract_knowledge[0m [36mprovider_count[0m=[35m1[0m
[[31m[1merror    [0m] [1mAll providers failed for operation 'extract_knowledge'. Errors: ClaudeCodeProvider: ClaudeCodeProvider.extract_knowledge failed: module 'claude_agent_sdk' has no attribute 'extract_knowledge'[0m [[0m[1m[34mpdf_pipeline.services.provider_chain[0m][0m [36merrors[0m=[35m["ClaudeCodeProvider: ClaudeCodeProvider.extract_knowledge failed: module 'claude_agent_sdk' has no attribute 'extract_knowledge'"][0m [36mmodule[0m=[35mprovider_chain[0m [36moperation[0m=[35mextract_knowledge[0m [36mprovider_count[0m=[35m1[0m
[[31m[1merror    [0m] [1mClaudeCodeProvider.extract_knowledge failed: module 'claude_agent_sdk' has no attribute 'extract_knowledge'[0m [[0m[1m[34mpdf_pipeline.services.claude_provider[0m][0m [36merror[0m=[35m"module 'claude_agent_sdk' has no attribute 'extract_knowledge'"[0m [36mmodule[0m=[35mclaude_provider[0m [36mprovider[0m=[35mClaudeCodeProvider[0m
[[31m[1merror    [0m] [1mClaudeCodeProvider.extract_knowledge failed: module 'claude_agent_sdk' has no attribute 'extract_knowledge'[0m [[0m[1m[34mpdf_pipeline.services.claude_provider[0m][0m [36merror[0m=[35m"module 'claude_agent_sdk' has no attribute 'extract_knowledge'"[0m [36mmodule[0m=[35mclaude_provider[0m [36mprovider[0m=[35mClaudeCodeProvider[0m
[[31m[1merror    [0m] [1mAll providers failed for operation 'extract_knowledge'. Errors: ClaudeCodeProvider: ClaudeCodeProvider.extract_knowledge failed: module 'claude_agent_sdk' has no attribute 'extract_knowledge'[0m [[0m[1m[34mpdf_pipeline.services.provider_chain[0m][0m [36merrors[0m=[35m["ClaudeCodeProvider: ClaudeCodeProvider.extract_knowledge failed: module 'claude_agent_sdk' has no attribute 'extract_knowledge'"][0m [36mmodule[0m=[35mprovider_chain[0m [36moperation[0m=[35mextract_knowledge[0m [36mprovider_count[0m=[35m1[0m
[[31m[1merror    [0m] [1mClaudeCodeProvider.extract_knowledge failed: module 'claude_agent_sdk' has no attribute 'extract_knowledge'[0m [[0m[1m[34mpdf_pipeline.services.claude_provider[0m][0m [36merror[0m=[35m"module 'claude_agent_sdk' has no attribute 'extract_knowledge'"[0m [36mmodule[0m=[35mclaude_provider[0m [36mprovider[0m=[35mClaudeCodeProvider[0m
[[31m[1merror    [0m] [1mClaudeCodeProvider.extract_knowledge failed: module 'claude_agent_sdk' has no attribute 'extract_knowledge'[0m [[0m[1m[34mpdf_pipeline.services.claude_provider[0m][0m [36merror[0m=[35m"module 'claude_agent_sdk' has no attribute 'extract_knowledge'"[0m [36mmodule[0m=[35mclaude_provider[0m [36mprovider[0m=[35mClaudeCodeProvider[0m
[[31m[1merror    [0m] [1mAll providers failed for operation 'extract_knowledge'. Errors: ClaudeCodeProvider: ClaudeCodeProvider.extract_knowledge failed: module 'claude_agent_sdk' has no attribute 'extract_knowledge'[0m [[0m[1m[34mpdf_pipeline.services.provider_chain[0m][0m [36merrors[0m=[35m["ClaudeCodeProvider: ClaudeCodeProvider.extract_knowledge failed: module 'claude_agent_sdk' has no attribute 'extract_knowledge'"][0m [36mmodule[0m=[35mprovider_chain[0m [36moperation[0m=[35mextract_knowledge[0m [36mprovider_count[0m=[35m1[0m
[[31m[1merror    [0m] [1mAll providers failed for operation 'extract_knowledge'. Errors: ClaudeCodeProvider: ClaudeCodeProvider.extract_knowledge failed: module 'claude_agent_sdk' has no attribute 'extract_knowledge'[0m [[0m[1m[34mpdf_pipeline.services.provider_chain[0m][0m [36merrors[0m=[35m["ClaudeCodeProvider: ClaudeCodeProvider.extract_knowledge failed: module 'claude_agent_sdk' has no attribute 'extract_knowledge'"][0m [36mmodule[0m=[35mprovider_chain[0m [36moperation[0m=[35mextract_knowledge[0m [36mprovider_count[0m=[35m1[0m
[[31m[1merror    [0m] [1mClaudeCodeProvider.extract_knowledge failed: module 'claude_agent_sdk' has no attribute 'extract_knowledge'[0m [[0m[1m[34mpdf_pipeline.services.claude_provider[0m][0m [36merror[0m=[35m"module 'claude_agent_sdk' has no attribute 'extract_knowledge'"[0m [36mmodule[0m=[35mclaude_provider[0m [36mprovider[0m=[35mClaudeCodeProvider[0m
[[31m[1merror    [0m] [1mAll providers failed for operation 'extract_knowledge'. Errors: ClaudeCodeProvider: ClaudeCodeProvider.extract_knowledge failed: module 'claude_agent_sdk' has no attribute 'extract_knowledge'[0m [[0m[1m[34mpdf_pipeline.services.provider_chain[0m][0m [36merrors[0m=[35m["ClaudeCodeProvider: ClaudeCodeProvider.extract_knowledge failed: module 'claude_agent_sdk' has no attribute 'extract_knowledge'"][0m [36mmodule[0m=[35mprovider_chain[0m [36moperation[0m=[35mextract_knowledge[0m [36mprovider_count[0m=[35m1[0m
[[31m[1merror    [0m] [1mAll providers failed for operation 'extract_knowledge'. Errors: ClaudeCodeProvider: ClaudeCodeProvider.extract_knowledge failed: module 'claude_agent_sdk' has no attribute 'extract_knowledge'[0m [[0m[1m[34mpdf_pipeline.services.provider_chain[0m][0m [36merrors[0m=[35m["ClaudeCodeProvider: ClaudeCodeProvider.extract_knowledge failed: module 'claude_agent_sdk' has no attribute 'extract_knowledge'"][0m [36mmodule[0m=[35mprovider_chain[0m [36moperation[0m=[35mextract_knowledge[0m [36mprovider_count[0m=[35m1[0m
[[31m[1merror    [0m] [1mClaudeCodeProvider.extract_knowledge failed: module 'claude_agent_sdk' has no attribute 'extract_knowledge'[0m [[0m[1m[34mpdf_pipeline.services.claude_provider[0m][0m [36merror[0m=[35m"module 'claude_agent_sdk' has no attribute 'extract_knowledge'"[0m [36mmodule[0m=[35mclaude_provider[0m [36mprovider[0m=[35mClaudeCodeProvider[0m
[[31m[1merror    [0m] [1mClaudeCodeProvider.extract_knowledge failed: module 'claude_agent_sdk' has no attribute 'extract_knowledge'[0m [[0m[1m[34mpdf_pipeline.services.claude_provider[0m][0m [36merror[0m=[35m"module 'claude_agent_sdk' has no attribute 'extract_knowledge'"[0m [36mmodule[0m=[35mclaude_provider[0m [36mprovider[0m=[35mClaudeCodeProvider[0m
[[31m[1merror    [0m] [1mAll providers failed for operation 'extract_knowledge'. Errors: ClaudeCodeProvider: ClaudeCodeProvider.extract_knowledge failed: module 'claude_agent_sdk' has no attribute 'extract_knowledge'[0m [[0m[1m[34mpdf_pipeline.services.provider_chain[0m][0m [36merrors[0m=[35m["ClaudeCodeProvider: ClaudeCodeProvider.extract_knowledge failed: module 'claude_agent_sdk' has no attribute 'extract_knowledge'"][0m [36mmodule[0m=[35mprovider_chain[0m [36moperation[0m=[35mextract_knowledge[0m [36mprovider_count[0m=[35m1[0m
[[31m[1merror    [0m] [1mClaudeCodeProvider.extract_knowledge failed: module 'claude_agent_sdk' has no attribute 'extract_knowledge'[0m [[0m[1m[34mpdf_pipeline.services.claude_provider[0m][0m [36merror[0m=[35m"module 'claude_agent_sdk' has no attribute 'extract_knowledge'"[0m [36mmodule[0m=[35mclaude_provider[0m [36mprovider[0m=[35mClaudeCodeProvider[0m
[[31m[1merror    [0m] [1mClaudeCodeProvider.extract_knowledge failed: module 'claude_agent_sdk' has no attribute 'extract_knowledge'[0m [[0m[1m[34mpdf_pipeline.services.claude_provider[0m][0m [36merror[0m=[35m"module 'claude_agent_sdk' has no attribute 'extract_knowledge'"[0m [36mmodule[0m=[35mclaude_provider[0m [36mprovider[0m=[35mClaudeCodeProvider[0m
[[31m[1merror    [0m] [1mAll providers failed for operation 'extract_knowledge'. Errors: ClaudeCodeProvider: ClaudeCodeProvider.extract_knowledge failed: module 'claude_agent_sdk' has no attribute 'extract_knowledge'[0m [[0m[1m[34mpdf_pipeline.services.provider_chain[0m][0m [36merrors[0m=[35m["ClaudeCodeProvider: ClaudeCodeProvider.extract_knowledge failed: module 'claude_agent_sdk' has no attribute 'extract_knowledge'"][0m [36mmodule[0m=[35mprovider_chain[0m [36moperation[0m=[35mextract_knowledge[0m [36mprovider_count[0m=[35m1[0m
[[31m[1merror    [0m] [1mAll providers failed for operation 'extract_knowledge'. Errors: ClaudeCodeProvider: ClaudeCodeProvider.extract_knowledge failed: module 'claude_agent_sdk' has no attribute 'extract_knowledge'[0m [[0m[1m[34mpdf_pipeline.services.provider_chain[0m][0m [36merrors[0m=[35m["ClaudeCodeProvider: ClaudeCodeProvider.extract_knowledge failed: module 'claude_agent_sdk' has no attribute 'extract_knowledge'"][0m [36mmodule[0m=[35mprovider_chain[0m [36moperation[0m=[35mextract_knowledge[0m [36mprovider_count[0m=[35m1[0m
[[31m[1merror    [0m] [1mClaudeCodeProvider.extract_knowledge failed: module 'claude_agent_sdk' has no attribute 'extract_knowledge'[0m [[0m[1m[34mpdf_pipeline.services.claude_provider[0m][0m [36merror[0m=[35m"module 'claude_agent_sdk' has no attribute 'extract_knowledge'"[0m [36mmodule[0m=[35mclaude_provider[0m [36mprovider[0m=[35mClaudeCodeProvider[0m
[[31m[1merror    [0m] [1mAll providers failed for operation 'extract_knowledge'. Errors: ClaudeCodeProvider: ClaudeCodeProvider.extract_knowledge failed: module 'claude_agent_sdk' has no attribute 'extract_knowledge'[0m [[0m[1m[34mpdf_pipeline.services.provider_chain[0m][0m [36merrors[0m=[35m["ClaudeCodeProvider: ClaudeCodeProvider.extract_knowledge failed: module 'claude_agent_sdk' has no attribute 'extract_knowledge'"][0m [36mmodule[0m=[35mprovider_chain[0m [36moperation[0m=[35mextract_knowledge[0m [36mprovider_count[0m=[35m1[0m
[[31m[1merror    [0m] [1mAll providers failed for operation 'extract_knowledge'. Errors: ClaudeCodeProvider: ClaudeCodeProvider.extract_knowledge failed: module 'claude_agent_sdk' has no attribute 'extract_knowledge'[0m [[0m[1m[34mpdf_pipeline.services.provider_chain[0m][0m [36merrors[0m=[35m["ClaudeCodeProvider: ClaudeCodeProvider.extract_knowledge failed: module 'claude_agent_sdk' has no attribute 'extract_knowledge'"][0m [36mmodule[0m=[35mprovider_chain[0m [36moperation[0m=[35mextract_knowledge[0m [36mprovider_count[0m=[35m1[0m
[[31m[1merror    [0m] [1mClaudeCodeProvider.extract_knowledge failed: module 'claude_agent_sdk' has no attribute 'extract_knowledge'[0m [[0m[1m[34mpdf_pipeline.services.claude_provider[0m][0m [36merror[0m=[35m"module 'claude_agent_sdk' has no attribute 'extract_knowledge'"[0m [36mmodule[0m=[35mclaude_provider[0m [36mprovider[0m=[35mClaudeCodeProvider[0m
[[31m[1merror    [0m] [1mClaudeCodeProvider.extract_knowledge failed: module 'claude_agent_sdk' has no attribute 'extract_knowledge'[0m [[0m[1m[34mpdf_pipeline.services.claude_provider[0m][0m [36merror[0m=[35m"module 'claude_agent_sdk' has no attribute 'extract_knowledge'"[0m [36mmodule[0m=[35mclaude_provider[0m [36mprovider[0m=[35mClaudeCodeProvider[0m
[[31m[1merror    [0m] [1mAll providers failed for operation 'extract_knowledge'. Errors: ClaudeCodeProvider: ClaudeCodeProvider.extract_knowledge failed: module 'claude_agent_sdk' has no attribute 'extract_knowledge'[0m [[0m[1m[34mpdf_pipeline.services.provider_chain[0m][0m [36merrors[0m=[35m["ClaudeCodeProvider: ClaudeCodeProvider.extract_knowledge failed: module 'claude_agent_sdk' has no attribute 'extract_knowledge'"][0m [36mmodule[0m=[35mprovider_chain[0m [36moperation[0m=[35mextract_knowledge[0m [36mprovider_count[0m=[35m1[0m
[[31m[1merror    [0m] [1mClaudeCodeProvider.extract_knowledge failed: module 'claude_agent_sdk' has no attribute 'extract_knowledge'[0m [[0m[1m[34mpdf_pipeline.services.claude_provider[0m][0m [36merror[0m=[35m"module 'claude_agent_sdk' has no attribute 'extract_knowledge'"[0m [36mmodule[0m=[35mclaude_provider[0m [36mprovider[0m=[35mClaudeCodeProvider[0m
[[31m[1merror    [0m] [1mClaudeCodeProvider.extract_knowledge failed: module 'claude_agent_sdk' has no attribute 'extract_knowledge'[0m [[0m[1m[34mpdf_pipeline.services.claude_provider[0m][0m [36merror[0m=[35m"module 'claude_agent_sdk' has no attribute 'extract_knowledge'"[0m [36mmodule[0m=[35mclaude_provider[0m [36mprovider[0m=[35mClaudeCodeProvider[0m
[[31m[1merror    [0m] [1mAll providers failed for operation 'extract_knowledge'. Errors: ClaudeCodeProvider: ClaudeCodeProvider.extract_knowledge failed: module 'claude_agent_sdk' has no attribute 'extract_knowledge'[0m [[0m[1m[34mpdf_pipeline.services.provider_chain[0m][0m [36merrors[0m=[35m["ClaudeCodeProvider: ClaudeCodeProvider.extract_knowledge failed: module 'claude_agent_sdk' has no attribute 'extract_knowledge'"][0m [36mmodule[0m=[35mprovider_chain[0m [36moperation[0m=[35mextract_knowledge[0m [36mprovider_count[0m=[35m1[0m
[[31m[1merror    [0m] [1mAll providers failed for operation 'extract_knowledge'. Errors: ClaudeCodeProvider: ClaudeCodeProvider.extract_knowledge failed: module 'claude_agent_sdk' has no attribute 'extract_knowledge'[0m [[0m[1m[34mpdf_pipeline.services.provider_chain[0m][0m [36merrors[0m=[35m["ClaudeCodeProvider: ClaudeCodeProvider.extract_knowledge failed: module 'claude_agent_sdk' has no attribute 'extract_knowledge'"][0m [36mmodule[0m=[35mprovider_chain[0m [36moperation[0m=[35mextract_knowledge[0m [36mprovider_count[0m=[35m1[0m
[[31m[1merror    [0m] [1mClaudeCodeProvider.extract_knowledge failed: module 'claude_agent_sdk' has no attribute 'extract_knowledge'[0m [[0m[1m[34mpdf_pipeline.services.claude_provider[0m][0m [36merror[0m=[35m"module 'claude_agent_sdk' has no attribute 'extract_knowledge'"[0m [36mmodule[0m=[35mclaude_provider[0m [36mprovider[0m=[35mClaudeCodeProvider[0m
[[31m[1merror    [0m] [1mAll providers failed for operation 'extract_knowledge'. Errors: ClaudeCodeProvider: ClaudeCodeProvider.extract_knowledge failed: module 'claude_agent_sdk' has no attribute 'extract_knowledge'[0m [[0m[1m[34mpdf_pipeline.services.provider_chain[0m][0m [36merrors[0m=[35m["ClaudeCodeProvider: ClaudeCodeProvider.extract_knowledge failed: module 'claude_agent_sdk' has no attribute 'extract_knowledge'"][0m [36mmodule[0m=[35mprovider_chain[0m [36moperation[0m=[35mextract_knowledge[0m [36mprovider_count[0m=[35m1[0m
[[31m[1merror    [0m] [1mAll providers failed for operation 'extract_knowledge'. Errors: ClaudeCodeProvider: ClaudeCodeProvider.extract_knowledge failed: module 'claude_agent_sdk' has no attribute 'extract_knowledge'[0m [[0m[1m[34mpdf_pipeline.services.provider_chain[0m][0m [36merrors[0m=[35m["ClaudeCodeProvider: ClaudeCodeProvider.extract_knowledge failed: module 'claude_agent_sdk' has no attribute 'extract_knowledge'"][0m [36mmodule[0m=[35mprovider_chain[0m [36moperation[0m=[35mextract_knowledge[0m [36mprovider_count[0m=[35m1[0m
[[31m[1merror    [0m] [1mClaudeCodeProvider.extract_knowledge failed: module 'claude_agent_sdk' has no attribute 'extract_knowledge'[0m [[0m[1m[34mpdf_pipeline.services.claude_provider[0m][0m [36merror[0m=[35m"module 'claude_agent_sdk' has no attribute 'extract_knowledge'"[0m [36mmodule[0m=[35mclaude_provider[0m [36mprovider[0m=[35mClaudeCodeProvider[0m
[[31m[1merror    [0m] [1mClaudeCodeProvider.extract_knowledge failed: module 'claude_agent_sdk' has no attribute 'extract_knowledge'[0m [[0m[1m[34mpdf_pipeline.services.claude_provider[0m][0m [36merror[0m=[35m"module 'claude_agent_sdk' has no attribute 'extract_knowledge'"[0m [36mmodule[0m=[35mclaude_provider[0m [36mprovider[0m=[35mClaudeCodeProvider[0m
[[31m[1merror    [0m] [1mAll providers failed for operation 'extract_knowledge'. Errors: ClaudeCodeProvider: ClaudeCodeProvider.extract_knowledge failed: module 'claude_agent_sdk' has no attribute 'extract_knowledge'[0m [[0m[1m[34mpdf_pipeline.services.provider_chain[0m][0m [36merrors[0m=[35m["ClaudeCodeProvider: ClaudeCodeProvider.extract_knowledge failed: module 'claude_agent_sdk' has no attribute 'extract_knowledge'"][0m [36mmodule[0m=[35mprovider_chain[0m [36moperation[0m=[35mextract_knowledge[0m [36mprovider_count[0m=[35m1[0m
[[31m[1merror    [0m] [1mClaudeCodeProvider.extract_knowledge failed: module 'claude_agent_sdk' has no attribute 'extract_knowledge'[0m [[0m[1m[34mpdf_pipeline.services.claude_provider[0m][0m [36merror[0m=[35m"module 'claude_agent_sdk' has no attribute 'extract_knowledge'"[0m [36mmodule[0m=[35mclaude_provider[0m [36mprovider[0m=[35mClaudeCodeProvider[0m
[[31m[1merror    [0m] [1mClaudeCodeProvider.extract_knowledge failed: module 'claude_agent_sdk' has no attribute 'extract_knowledge'[0m [[0m[1m[34mpdf_pipeline.services.claude_provider[0m][0m [36merror[0m=[35m"module 'claude_agent_sdk' has no attribute 'extract_knowledge'"[0m [36mmodule[0m=[35mclaude_provider[0m [36mprovider[0m=[35mClaudeCodeProvider[0m
[[31m[1merror    [0m] [1mAll providers failed for operation 'extract_knowledge'. Errors: ClaudeCodeProvider: ClaudeCodeProvider.extract_knowledge failed: module 'claude_agent_sdk' has no attribute 'extract_knowledge'[0m [[0m[1m[34mpdf_pipeline.services.provider_chain[0m][0m [36merrors[0m=[35m["ClaudeCodeProvider: ClaudeCodeProvider.extract_knowledge failed: module 'claude_agent_sdk' has no attribute 'extract_knowledge'"][0m [36mmodule[0m=[35mprovider_chain[0m [36moperation[0m=[35mextract_knowledge[0m [36mprovider_count[0m=[35m1[0m
[[31m[1merror    [0m] [1mAll providers failed for operation 'extract_knowledge'. Errors: ClaudeCodeProvider: ClaudeCodeProvider.extract_knowledge failed: module 'claude_agent_sdk' has no attribute 'extract_knowledge'[0m [[0m[1m[34mpdf_pipeline.services.provider_chain[0m][0m [36merrors[0m=[35m["ClaudeCodeProvider: ClaudeCodeProvider.extract_knowledge failed: module 'claude_agent_sdk' has no attribute 'extract_knowledge'"][0m [36mmodule[0m=[35mprovider_chain[0m [36moperation[0m=[35mextract_knowledge[0m [36mprovider_count[0m=[35m1[0m
[[31m[1merror    [0m] [1mClaudeCodeProvider.extract_knowledge failed: module 'claude_agent_sdk' has no attribute 'extract_knowledge'[0m [[0m[1m[34mpdf_pipeline.services.claude_provider[0m][0m [36merror[0m=[35m"module 'claude_agent_sdk' has no attribute 'extract_knowledge'"[0m [36mmodule[0m=[35mclaude_provider[0m [36mprovider[0m=[35mClaudeCodeProvider[0m
[[31m[1merror    [0m] [1mAll providers failed for operation 'extract_knowledge'. Errors: ClaudeCodeProvider: ClaudeCodeProvider.extract_knowledge failed: module 'claude_agent_sdk' has no attribute 'extract_knowledge'[0m [[0m[1m[34mpdf_pipeline.services.provider_chain[0m][0m [36merrors[0m=[35m["ClaudeCodeProvider: ClaudeCodeProvider.extract_knowledge failed: module 'claude_agent_sdk' has no attribute 'extract_knowledge'"][0m [36mmodule[0m=[35mprovider_chain[0m [36moperation[0m=[35mextract_knowledge[0m [36mprovider_count[0m=[35m1[0m
[[31m[1merror    [0m] [1mAll providers failed for operation 'extract_knowledge'. Errors: ClaudeCodeProvider: ClaudeCodeProvider.extract_knowledge failed: module 'claude_agent_sdk' has no attribute 'extract_knowledge'[0m [[0m[1m[34mpdf_pipeline.services.provider_chain[0m][0m [36merrors[0m=[35m["ClaudeCodeProvider: ClaudeCodeProvider.extract_knowledge failed: module 'claude_agent_sdk' has no attribute 'extract_knowledge'"][0m [36mmodule[0m=[35mprovider_chain[0m [36moperation[0m=[35mextract_knowledge[0m [36mprovider_count[0m=[35m1[0m
[[31m[1merror    [0m] [1mClaudeCodeProvider.extract_knowledge failed: module 'claude_agent_sdk' has no attribute 'extract_knowledge'[0m [[0m[1m[34mpdf_pipeline.services.claude_provider[0m][0m [36merror[0m=[35m"module 'claude_agent_sdk' has no attribute 'extract_knowledge'"[0m [36mmodule[0m=[35mclaude_provider[0m [36mprovider[0m=[35mClaudeCodeProvider[0m
[[31m[1merror    [0m] [1mClaudeCodeProvider.extract_knowledge failed: module 'claude_agent_sdk' has no attribute 'extract_knowledge'[0m [[0m[1m[34mpdf_pipeline.services.claude_provider[0m][0m [36merror[0m=[35m"module 'claude_agent_sdk' has no attribute 'extract_knowledge'"[0m [36mmodule[0m=[35mclaude_provider[0m [36mprovider[0m=[35mClaudeCodeProvider[0m
[[31m[1merror    [0m] [1mAll providers failed for operation 'extract_knowledge'. Errors: ClaudeCodeProvider: ClaudeCodeProvider.extract_knowledge failed: module 'claude_agent_sdk' has no attribute 'extract_knowledge'[0m [[0m[1m[34mpdf_pipeline.services.provider_chain[0m][0m [36merrors[0m=[35m["ClaudeCodeProvider: ClaudeCodeProvider.extract_knowledge failed: module 'claude_agent_sdk' has no attribute 'extract_knowledge'"][0m [36mmodule[0m=[35mprovider_chain[0m [36moperation[0m=[35mextract_knowledge[0m [36mprovider_count[0m=[35m1[0m
[[31m[1merror    [0m] [1mClaudeCodeProvider.extract_knowledge failed: module 'claude_agent_sdk' has no attribute 'extract_knowledge'[0m [[0m[1m[34mpdf_pipeline.services.claude_provider[0m][0m [36merror[0m=[35m"module 'claude_agent_sdk' has no attribute 'extract_knowledge'"[0m [36mmodule[0m=[35mclaude_provider[0m [36mprovider[0m=[35mClaudeCodeProvider[0m
[[31m[1merror    [0m] [1mClaudeCodeProvider.extract_knowledge failed: module 'claude_agent_sdk' has no attribute 'extract_knowledge'[0m [[0m[1m[34mpdf_pipeline.services.claude_provider[0m][0m [36merror[0m=[35m"module 'claude_agent_sdk' has no attribute 'extract_knowledge'"[0m [36mmodule[0m=[35mclaude_provider[0m [36mprovider[0m=[35mClaudeCodeProvider[0m
[[31m[1merror    [0m] [1mAll providers failed for operation 'extract_knowledge'. Errors: ClaudeCodeProvider: ClaudeCodeProvider.extract_knowledge failed: module 'claude_agent_sdk' has no attribute 'extract_knowledge'[0m [[0m[1m[34mpdf_pipeline.services.provider_chain[0m][0m [36merrors[0m=[35m["ClaudeCodeProvider: ClaudeCodeProvider.extract_knowledge failed: module 'claude_agent_sdk' has no attribute 'extract_knowledge'"][0m [36mmodule[0m=[35mprovider_chain[0m [36moperation[0m=[35mextract_knowledge[0m [36mprovider_count[0m=[35m1[0m
[[31m[1merror    [0m] [1mAll providers failed for operation 'extract_knowledge'. Errors: ClaudeCodeProvider: ClaudeCodeProvider.extract_knowledge failed: module 'claude_agent_sdk' has no attribute 'extract_knowledge'[0m [[0m[1m[34mpdf_pipeline.services.provider_chain[0m][0m [36merrors[0m=[35m["ClaudeCodeProvider: ClaudeCodeProvider.extract_knowledge failed: module 'claude_agent_sdk' has no attribute 'extract_knowledge'"][0m [36mmodule[0m=[35mprovider_chain[0m [36moperation[0m=[35mextract_knowledge[0m [36mprovider_count[0m=[35m1[0m
[[31m[1merror    [0m] [1mClaudeCodeProvider.extract_knowledge failed: module 'claude_agent_sdk' has no attribute 'extract_knowledge'[0m [[0m[1m[34mpdf_pipeline.services.claude_provider[0m][0m [36merror[0m=[35m"module 'claude_agent_sdk' has no attribute 'extract_knowledge'"[0m [36mmodule[0m=[35mclaude_provider[0m [36mprovider[0m=[35mClaudeCodeProvider[0m
[[31m[1merror    [0m] [1mAll providers failed for operation 'extract_knowledge'. Errors: ClaudeCodeProvider: ClaudeCodeProvider.extract_knowledge failed: module 'claude_agent_sdk' has no attribute 'extract_knowledge'[0m [[0m[1m[34mpdf_pipeline.services.provider_chain[0m][0m [36merrors[0m=[35m["ClaudeCodeProvider: ClaudeCodeProvider.extract_knowledge failed: module 'claude_agent_sdk' has no attribute 'extract_knowledge'"][0m [36mmodule[0m=[35mprovider_chain[0m [36moperation[0m=[35mextract_knowledge[0m [36mprovider_count[0m=[35m1[0m
[[31m[1merror    [0m] [1mAll providers failed for operation 'extract_knowledge'. Errors: ClaudeCodeProvider: ClaudeCodeProvider.extract_knowledge failed: module 'claude_agent_sdk' has no attribute 'extract_knowledge'[0m [[0m[1m[34mpdf_pipeline.services.provider_chain[0m][0m [36merrors[0m=[35m["ClaudeCodeProvider: ClaudeCodeProvider.extract_knowledge failed: module 'claude_agent_sdk' has no attribute 'extract_knowledge'"][0m [36mmodule[0m=[35mprovider_chain[0m [36moperation[0m=[35mextract_knowledge[0m [36mprovider_count[0m=[35m1[0m
[[31m[1merror    [0m] [1mClaudeCodeProvider.extract_knowledge failed: module 'claude_agent_sdk' has no attribute 'extract_knowledge'[0m [[0m[1m[34mpdf_pipeline.services.claude_provider[0m][0m [36merror[0m=[35m"module 'claude_agent_sdk' has no attribute 'extract_knowledge'"[0m [36mmodule[0m=[35mclaude_provider[0m [36mprovider[0m=[35mClaudeCodeProvider[0m
[[31m[1merror    [0m] [1mClaudeCodeProvider.extract_knowledge failed: module 'claude_agent_sdk' has no attribute 'extract_knowledge'[0m [[0m[1m[34mpdf_pipeline.services.claude_provider[0m][0m [36merror[0m=[35m"module 'claude_agent_sdk' has no attribute 'extract_knowledge'"[0m [36mmodule[0m=[35mclaude_provider[0m [36mprovider[0m=[35mClaudeCodeProvider[0m
[[31m[1merror    [0m] [1mAll providers failed for operation 'extract_knowledge'. Errors: ClaudeCodeProvider: ClaudeCodeProvider.extract_knowledge failed: module 'claude_agent_sdk' has no attribute 'extract_knowledge'[0m [[0m[1m[34mpdf_pipeline.services.provider_chain[0m][0m [36merrors[0m=[35m["ClaudeCodeProvider: ClaudeCodeProvider.extract_knowledge failed: module 'claude_agent_sdk' has no attribute 'extract_knowledge'"][0m [36mmodule[0m=[35mprovider_chain[0m [36moperation[0m=[35mextract_knowledge[0m [36mprovider_count[0m=[35m1[0m
[[31m[1merror    [0m] [1mClaudeCodeProvider.extract_knowledge failed: module 'claude_agent_sdk' has no attribute 'extract_knowledge'[0m [[0m[1m[34mpdf_pipeline.services.claude_provider[0m][0m [36merror[0m=[35m"module 'claude_agent_sdk' has no attribute 'extract_knowledge'"[0m [36mmodule[0m=[35mclaude_provider[0m [36mprovider[0m=[35mClaudeCodeProvider[0m
[[31m[1merror    [0m] [1mClaudeCodeProvider.extract_knowledge failed: module 'claude_agent_sdk' has no attribute 'extract_knowledge'[0m [[0m[1m[34mpdf_pipeline.services.claude_provider[0m][0m [36merror[0m=[35m"module 'claude_agent_sdk' has no attribute 'extract_knowledge'"[0m [36mmodule[0m=[35mclaude_provider[0m [36mprovider[0m=[35mClaudeCodeProvider[0m
[[31m[1merror    [0m] [1mAll providers failed for operation 'extract_knowledge'. Errors: ClaudeCodeProvider: ClaudeCodeProvider.extract_knowledge failed: module 'claude_agent_sdk' has no attribute 'extract_knowledge'[0m [[0m[1m[34mpdf_pipeline.services.provider_chain[0m][0m [36merrors[0m=[35m["ClaudeCodeProvider: ClaudeCodeProvider.extract_knowledge failed: module 'claude_agent_sdk' has no attribute 'extract_knowledge'"][0m [36mmodule[0m=[35mprovider_chain[0m [36moperation[0m=[35mextract_knowledge[0m [36mprovider_count[0m=[35m1[0m
[[31m[1merror    [0m] [1mAll providers failed for operation 'extract_knowledge'. Errors: ClaudeCodeProvider: ClaudeCodeProvider.extract_knowledge failed: module 'claude_agent_sdk' has no attribute 'extract_knowledge'[0m [[0m[1m[34mpdf_pipeline.services.provider_chain[0m][0m [36merrors[0m=[35m["ClaudeCodeProvider: ClaudeCodeProvider.extract_knowledge failed: module 'claude_agent_sdk' has no attribute 'extract_knowledge'"][0m [36mmodule[0m=[35mprovider_chain[0m [36moperation[0m=[35mextract_knowledge[0m [36mprovider_count[0m=[35m1[0m
[[31m[1merror    [0m] [1mAll providers failed for operation 'extract_knowledge'. Errors: ClaudeCodeProvider: ClaudeCodeProvider.extract_knowledge failed: module 'claude_agent_sdk' has no attribute 'extract_knowledge'[0m [[0m[1m[34mpdf_pipeline.services.provider_chain[0m][0m [36merrors[0m=[35m["ClaudeCodeProvider: ClaudeCodeProvider.extract_knowledge failed: module 'claude_agent_sdk' has no attribute 'extract_knowledge'"][0m [36mmodule[0m=[35mprovider_chain[0m [36moperation[0m=[35mextract_knowledge[0m [36mprovider_count[0m=[35m1[0m
[[31m[1merror    [0m] [1mAll providers failed for operation 'extract_knowledge'. Errors: ClaudeCodeProvider: ClaudeCodeProvider.extract_knowledge failed: module 'claude_agent_sdk' has no attribute 'extract_knowledge'[0m [[0m[1m[34mpdf_pipeline.services.provider_chain[0m][0m [36merrors[0m=[35m["ClaudeCodeProvider: ClaudeCodeProvider.extract_knowledge failed: module 'claude_agent_sdk' has no attribute 'extract_knowledge'"][0m [36mmodule[0m=[35mprovider_chain[0m [36moperation[0m=[35mextract_knowledge[0m [36mprovider_count[0m=[35m1[0m
entities=0 facts=0 claims=0 datapoints=0
[2026-03-31 22:39:08]   Phase 2: 完了
[2026-03-31 22:39:08]   Phase 3: emit_research_queue 開始
Queue file: .tmp/graph-queue/pdf-extraction/gq-20260331133908-07759be8.json
[2026-03-31 22:39:08]   Phase 3: 完了 → .tmp/graph-queue/pdf-extraction/gq-20260331133908-07759be8.json
[2026-03-31 22:39:08]   Phase 4a: entity_linker 開始
Warning: You are sending unauthenticated requests to the HF Hub. Please set a HF_TOKEN to enable higher rate limits and faster downloads.
[[33m[1mwarning  [0m] [1mWarning: You are sending unauthenticated requests to the HF Hub. Please set a HF_TOKEN to enable higher rate limits and faster downloads.[0m [[0m[1m[34mhuggingface_hub.utils._http[0m][0m
Loading weights:   0%|          | 0/391 [00:00<?, ?it/s]Loading weights: 100%|██████████| 391/391 [00:00<00:00, 25075.65it/s]
[1mXLMRobertaModel LOAD REPORT[0m from: intfloat/multilingual-e5-large
Key                     | Status     |  | 
------------------------+------------+--+-
embeddings.position_ids | UNEXPECTED |  | 

[3mNotes:
- UNEXPECTED[3m	:can be ignored when loading from different task/architecture; not ok if you expect identical arch.[0m
[2026-03-31 22:39:15]   Phase 4a: 完了
[2026-03-31 22:39:15]   Phase 4b: neo4j_loader 開始
[2026-03-31 22:39:16]   Phase 4b: 完了
[2026-03-31 22:39:16] --- [6/31] BofA Securities ISAT@IJ Indosat-Hutch 3Q results RevEBITDA m...
[2026-03-31 22:39:16]   Phase 2: extract_knowledge 開始
[[31m[1merror    [0m] [1mClaudeCodeProvider.extract_knowledge failed: module 'claude_agent_sdk' has no attribute 'extract_knowledge'[0m [[0m[1m[34mpdf_pipeline.services.claude_provider[0m][0m [36merror[0m=[35m"module 'claude_agent_sdk' has no attribute 'extract_knowledge'"[0m [36mmodule[0m=[35mclaude_provider[0m [36mprovider[0m=[35mClaudeCodeProvider[0m
[[31m[1merror    [0m] [1mClaudeCodeProvider.extract_knowledge failed: module 'claude_agent_sdk' has no attribute 'extract_knowledge'[0m [[0m[1m[34mpdf_pipeline.services.claude_provider[0m][0m [36merror[0m=[35m"module 'claude_agent_sdk' has no attribute 'extract_knowledge'"[0m [36mmodule[0m=[35mclaude_provider[0m [36mprovider[0m=[35mClaudeCodeProvider[0m
[[31m[1merror    [0m] [1mClaudeCodeProvider.extract_knowledge failed: module 'claude_agent_sdk' has no attribute 'extract_knowledge'[0m [[0m[1m[34mpdf_pipeline.services.claude_provider[0m][0m [36merror[0m=[35m"module 'claude_agent_sdk' has no attribute 'extract_knowledge'"[0m [36mmodule[0m=[35mclaude_provider[0m [36mprovider[0m=[35mClaudeCodeProvider[0m
[[31m[1merror    [0m] [1mAll providers failed for operation 'extract_knowledge'. Errors: ClaudeCodeProvider: ClaudeCodeProvider.extract_knowledge failed: module 'claude_agent_sdk' has no attribute 'extract_knowledge'[0m [[0m[1m[34mpdf_pipeline.services.provider_chain[0m][0m [36merrors[0m=[35m["ClaudeCodeProvider: ClaudeCodeProvider.extract_knowledge failed: module 'claude_agent_sdk' has no attribute 'extract_knowledge'"][0m [36mmodule[0m=[35mprovider_chain[0m [36moperation[0m=[35mextract_knowledge[0m [36mprovider_count[0m=[35m1[0m
[[31m[1merror    [0m] [1mClaudeCodeProvider.extract_knowledge failed: module 'claude_agent_sdk' has no attribute 'extract_knowledge'[0m [[0m[1m[34mpdf_pipeline.services.claude_provider[0m][0m [36merror[0m=[35m"module 'claude_agent_sdk' has no attribute 'extract_knowledge'"[0m [36mmodule[0m=[35mclaude_provider[0m [36mprovider[0m=[35mClaudeCodeProvider[0m
[[31m[1merror    [0m] [1mClaudeCodeProvider.extract_knowledge failed: module 'claude_agent_sdk' has no attribute 'extract_knowledge'[0m [[0m[1m[34mpdf_pipeline.services.claude_provider[0m][0m [36merror[0m=[35m"module 'claude_agent_sdk' has no attribute 'extract_knowledge'"[0m [36mmodule[0m=[35mclaude_provider[0m [36mprovider[0m=[35mClaudeCodeProvider[0m
[[31m[1merror    [0m] [1mAll providers failed for operation 'extract_knowledge'. Errors: ClaudeCodeProvider: ClaudeCodeProvider.extract_knowledge failed: module 'claude_agent_sdk' has no attribute 'extract_knowledge'[0m [[0m[1m[34mpdf_pipeline.services.provider_chain[0m][0m [36merrors[0m=[35m["ClaudeCodeProvider: ClaudeCodeProvider.extract_knowledge failed: module 'claude_agent_sdk' has no attribute 'extract_knowledge'"][0m [36mmodule[0m=[35mprovider_chain[0m [36moperation[0m=[35mextract_knowledge[0m [36mprovider_count[0m=[35m1[0m
[[31m[1merror    [0m] [1mAll providers failed for operation 'extract_knowledge'. Errors: ClaudeCodeProvider: ClaudeCodeProvider.extract_knowledge failed: module 'claude_agent_sdk' has no attribute 'extract_knowledge'[0m [[0m[1m[34mpdf_pipeline.services.provider_chain[0m][0m [36merrors[0m=[35m["ClaudeCodeProvider: ClaudeCodeProvider.extract_knowledge failed: module 'claude_agent_sdk' has no attribute 'extract_knowledge'"][0m [36mmodule[0m=[35mprovider_chain[0m [36moperation[0m=[35mextract_knowledge[0m [36mprovider_count[0m=[35m1[0m
[[31m[1merror    [0m] [1mClaudeCodeProvider.extract_knowledge failed: module 'claude_agent_sdk' has no attribute 'extract_knowledge'[0m [[0m[1m[34mpdf_pipeline.services.claude_provider[0m][0m [36merror[0m=[35m"module 'claude_agent_sdk' has no attribute 'extract_knowledge'"[0m [36mmodule[0m=[35mclaude_provider[0m [36mprovider[0m=[35mClaudeCodeProvider[0m
[[31m[1merror    [0m] [1mAll providers failed for operation 'extract_knowledge'. Errors: ClaudeCodeProvider: ClaudeCodeProvider.extract_knowledge failed: module 'claude_agent_sdk' has no attribute 'extract_knowledge'[0m [[0m[1m[34mpdf_pipeline.services.provider_chain[0m][0m [36merrors[0m=[35m["ClaudeCodeProvider: ClaudeCodeProvider.extract_knowledge failed: module 'claude_agent_sdk' has no attribute 'extract_knowledge'"][0m [36mmodule[0m=[35mprovider_chain[0m [36moperation[0m=[35mextract_knowledge[0m [36mprovider_count[0m=[35m1[0m
[[31m[1merror    [0m] [1mAll providers failed for operation 'extract_knowledge'. Errors: ClaudeCodeProvider: ClaudeCodeProvider.extract_knowledge failed: module 'claude_agent_sdk' has no attribute 'extract_knowledge'[0m [[0m[1m[34mpdf_pipeline.services.provider_chain[0m][0m [36merrors[0m=[35m["ClaudeCodeProvider: ClaudeCodeProvider.extract_knowledge failed: module 'claude_agent_sdk' has no attribute 'extract_knowledge'"][0m [36mmodule[0m=[35mprovider_chain[0m [36moperation[0m=[35mextract_knowledge[0m [36mprovider_count[0m=[35m1[0m
[[31m[1merror    [0m] [1mClaudeCodeProvider.extract_knowledge failed: module 'claude_agent_sdk' has no attribute 'extract_knowledge'[0m [[0m[1m[34mpdf_pipeline.services.claude_provider[0m][0m [36merror[0m=[35m"module 'claude_agent_sdk' has no attribute 'extract_knowledge'"[0m [36mmodule[0m=[35mclaude_provider[0m [36mprovider[0m=[35mClaudeCodeProvider[0m
[[31m[1merror    [0m] [1mClaudeCodeProvider.extract_knowledge failed: module 'claude_agent_sdk' has no attribute 'extract_knowledge'[0m [[0m[1m[34mpdf_pipeline.services.claude_provider[0m][0m [36merror[0m=[35m"module 'claude_agent_sdk' has no attribute 'extract_knowledge'"[0m [36mmodule[0m=[35mclaude_provider[0m [36mprovider[0m=[35mClaudeCodeProvider[0m
[[31m[1merror    [0m] [1mAll providers failed for operation 'extract_knowledge'. Errors: ClaudeCodeProvider: ClaudeCodeProvider.extract_knowledge failed: module 'claude_agent_sdk' has no attribute 'extract_knowledge'[0m [[0m[1m[34mpdf_pipeline.services.provider_chain[0m][0m [36merrors[0m=[35m["ClaudeCodeProvider: ClaudeCodeProvider.extract_knowledge failed: module 'claude_agent_sdk' has no attribute 'extract_knowledge'"][0m [36mmodule[0m=[35mprovider_chain[0m [36moperation[0m=[35mextract_knowledge[0m [36mprovider_count[0m=[35m1[0m
[[31m[1merror    [0m] [1mClaudeCodeProvider.extract_knowledge failed: module 'claude_agent_sdk' has no attribute 'extract_knowledge'[0m [[0m[1m[34mpdf_pipeline.services.claude_provider[0m][0m [36merror[0m=[35m"module 'claude_agent_sdk' has no attribute 'extract_knowledge'"[0m [36mmodule[0m=[35mclaude_provider[0m [36mprovider[0m=[35mClaudeCodeProvider[0m
[[31m[1merror    [0m] [1mClaudeCodeProvider.extract_knowledge failed: module 'claude_agent_sdk' has no attribute 'extract_knowledge'[0m [[0m[1m[34mpdf_pipeline.services.claude_provider[0m][0m [36merror[0m=[35m"module 'claude_agent_sdk' has no attribute 'extract_knowledge'"[0m [36mmodule[0m=[35mclaude_provider[0m [36mprovider[0m=[35mClaudeCodeProvider[0m
[[31m[1merror    [0m] [1mAll providers failed for operation 'extract_knowledge'. Errors: ClaudeCodeProvider: ClaudeCodeProvider.extract_knowledge failed: module 'claude_agent_sdk' has no attribute 'extract_knowledge'[0m [[0m[1m[34mpdf_pipeline.services.provider_chain[0m][0m [36merrors[0m=[35m["ClaudeCodeProvider: ClaudeCodeProvider.extract_knowledge failed: module 'claude_agent_sdk' has no attribute 'extract_knowledge'"][0m [36mmodule[0m=[35mprovider_chain[0m [36moperation[0m=[35mextract_knowledge[0m [36mprovider_count[0m=[35m1[0m
[[31m[1merror    [0m] [1mAll providers failed for operation 'extract_knowledge'. Errors: ClaudeCodeProvider: ClaudeCodeProvider.extract_knowledge failed: module 'claude_agent_sdk' has no attribute 'extract_knowledge'[0m [[0m[1m[34mpdf_pipeline.services.provider_chain[0m][0m [36merrors[0m=[35m["ClaudeCodeProvider: ClaudeCodeProvider.extract_knowledge failed: module 'claude_agent_sdk' has no attribute 'extract_knowledge'"][0m [36mmodule[0m=[35mprovider_chain[0m [36moperation[0m=[35mextract_knowledge[0m [36mprovider_count[0m=[35m1[0m
[[31m[1merror    [0m] [1mClaudeCodeProvider.extract_knowledge failed: module 'claude_agent_sdk' has no attribute 'extract_knowledge'[0m [[0m[1m[34mpdf_pipeline.services.claude_provider[0m][0m [36merror[0m=[35m"module 'claude_agent_sdk' has no attribute 'extract_knowledge'"[0m [36mmodule[0m=[35mclaude_provider[0m [36mprovider[0m=[35mClaudeCodeProvider[0m
[[31m[1merror    [0m] [1mAll providers failed for operation 'extract_knowledge'. Errors: ClaudeCodeProvider: ClaudeCodeProvider.extract_knowledge failed: module 'claude_agent_sdk' has no attribute 'extract_knowledge'[0m [[0m[1m[34mpdf_pipeline.services.provider_chain[0m][0m [36merrors[0m=[35m["ClaudeCodeProvider: ClaudeCodeProvider.extract_knowledge failed: module 'claude_agent_sdk' has no attribute 'extract_knowledge'"][0m [36mmodule[0m=[35mprovider_chain[0m [36moperation[0m=[35mextract_knowledge[0m [36mprovider_count[0m=[35m1[0m
[[31m[1merror    [0m] [1mAll providers failed for operation 'extract_knowledge'. Errors: ClaudeCodeProvider: ClaudeCodeProvider.extract_knowledge failed: module 'claude_agent_sdk' has no attribute 'extract_knowledge'[0m [[0m[1m[34mpdf_pipeline.services.provider_chain[0m][0m [36merrors[0m=[35m["ClaudeCodeProvider: ClaudeCodeProvider.extract_knowledge failed: module 'claude_agent_sdk' has no attribute 'extract_knowledge'"][0m [36mmodule[0m=[35mprovider_chain[0m [36moperation[0m=[35mextract_knowledge[0m [36mprovider_count[0m=[35m1[0m
[[31m[1merror    [0m] [1mClaudeCodeProvider.extract_knowledge failed: module 'claude_agent_sdk' has no attribute 'extract_knowledge'[0m [[0m[1m[34mpdf_pipeline.services.claude_provider[0m][0m [36merror[0m=[35m"module 'claude_agent_sdk' has no attribute 'extract_knowledge'"[0m [36mmodule[0m=[35mclaude_provider[0m [36mprovider[0m=[35mClaudeCodeProvider[0m
[[31m[1merror    [0m] [1mClaudeCodeProvider.extract_knowledge failed: module 'claude_agent_sdk' has no attribute 'extract_knowledge'[0m [[0m[1m[34mpdf_pipeline.services.claude_provider[0m][0m [36merror[0m=[35m"module 'claude_agent_sdk' has no attribute 'extract_knowledge'"[0m [36mmodule[0m=[35mclaude_provider[0m [36mprovider[0m=[35mClaudeCodeProvider[0m
[[31m[1merror    [0m] [1mAll providers failed for operation 'extract_knowledge'. Errors: ClaudeCodeProvider: ClaudeCodeProvider.extract_knowledge failed: module 'claude_agent_sdk' has no attribute 'extract_knowledge'[0m [[0m[1m[34mpdf_pipeline.services.provider_chain[0m][0m [36merrors[0m=[35m["ClaudeCodeProvider: ClaudeCodeProvider.extract_knowledge failed: module 'claude_agent_sdk' has no attribute 'extract_knowledge'"][0m [36mmodule[0m=[35mprovider_chain[0m [36moperation[0m=[35mextract_knowledge[0m [36mprovider_count[0m=[35m1[0m
[[31m[1merror    [0m] [1mClaudeCodeProvider.extract_knowledge failed: module 'claude_agent_sdk' has no attribute 'extract_knowledge'[0m [[0m[1m[34mpdf_pipeline.services.claude_provider[0m][0m [36merror[0m=[35m"module 'claude_agent_sdk' has no attribute 'extract_knowledge'"[0m [36mmodule[0m=[35mclaude_provider[0m [36mprovider[0m=[35mClaudeCodeProvider[0m
[[31m[1merror    [0m] [1mClaudeCodeProvider.extract_knowledge failed: module 'claude_agent_sdk' has no attribute 'extract_knowledge'[0m [[0m[1m[34mpdf_pipeline.services.claude_provider[0m][0m [36merror[0m=[35m"module 'claude_agent_sdk' has no attribute 'extract_knowledge'"[0m [36mmodule[0m=[35mclaude_provider[0m [36mprovider[0m=[35mClaudeCodeProvider[0m
[[31m[1merror    [0m] [1mAll providers failed for operation 'extract_knowledge'. Errors: ClaudeCodeProvider: ClaudeCodeProvider.extract_knowledge failed: module 'claude_agent_sdk' has no attribute 'extract_knowledge'[0m [[0m[1m[34mpdf_pipeline.services.provider_chain[0m][0m [36merrors[0m=[35m["ClaudeCodeProvider: ClaudeCodeProvider.extract_knowledge failed: module 'claude_agent_sdk' has no attribute 'extract_knowledge'"][0m [36mmodule[0m=[35mprovider_chain[0m [36moperation[0m=[35mextract_knowledge[0m [36mprovider_count[0m=[35m1[0m
[[31m[1merror    [0m] [1mAll providers failed for operation 'extract_knowledge'. Errors: ClaudeCodeProvider: ClaudeCodeProvider.extract_knowledge failed: module 'claude_agent_sdk' has no attribute 'extract_knowledge'[0m [[0m[1m[34mpdf_pipeline.services.provider_chain[0m][0m [36merrors[0m=[35m["ClaudeCodeProvider: ClaudeCodeProvider.extract_knowledge failed: module 'claude_agent_sdk' has no attribute 'extract_knowledge'"][0m [36mmodule[0m=[35mprovider_chain[0m [36moperation[0m=[35mextract_knowledge[0m [36mprovider_count[0m=[35m1[0m
[[31m[1merror    [0m] [1mClaudeCodeProvider.extract_knowledge failed: module 'claude_agent_sdk' has no attribute 'extract_knowledge'[0m [[0m[1m[34mpdf_pipeline.services.claude_provider[0m][0m [36merror[0m=[35m"module 'claude_agent_sdk' has no attribute 'extract_knowledge'"[0m [36mmodule[0m=[35mclaude_provider[0m [36mprovider[0m=[35mClaudeCodeProvider[0m
[[31m[1merror    [0m] [1mAll providers failed for operation 'extract_knowledge'. Errors: ClaudeCodeProvider: ClaudeCodeProvider.extract_knowledge failed: module 'claude_agent_sdk' has no attribute 'extract_knowledge'[0m [[0m[1m[34mpdf_pipeline.services.provider_chain[0m][0m [36merrors[0m=[35m["ClaudeCodeProvider: ClaudeCodeProvider.extract_knowledge failed: module 'claude_agent_sdk' has no attribute 'extract_knowledge'"][0m [36mmodule[0m=[35mprovider_chain[0m [36moperation[0m=[35mextract_knowledge[0m [36mprovider_count[0m=[35m1[0m
[[31m[1merror    [0m] [1mAll providers failed for operation 'extract_knowledge'. Errors: ClaudeCodeProvider: ClaudeCodeProvider.extract_knowledge failed: module 'claude_agent_sdk' has no attribute 'extract_knowledge'[0m [[0m[1m[34mpdf_pipeline.services.provider_chain[0m][0m [36merrors[0m=[35m["ClaudeCodeProvider: ClaudeCodeProvider.extract_knowledge failed: module 'claude_agent_sdk' has no attribute 'extract_knowledge'"][0m [36mmodule[0m=[35mprovider_chain[0m [36moperation[0m=[35mextract_knowledge[0m [36mprovider_count[0m=[35m1[0m
[[31m[1merror    [0m] [1mClaudeCodeProvider.extract_knowledge failed: module 'claude_agent_sdk' has no attribute 'extract_knowledge'[0m [[0m[1m[34mpdf_pipeline.services.claude_provider[0m][0m [36merror[0m=[35m"module 'claude_agent_sdk' has no attribute 'extract_knowledge'"[0m [36mmodule[0m=[35mclaude_provider[0m [36mprovider[0m=[35mClaudeCodeProvider[0m
[[31m[1merror    [0m] [1mClaudeCodeProvider.extract_knowledge failed: module 'claude_agent_sdk' has no attribute 'extract_knowledge'[0m [[0m[1m[34mpdf_pipeline.services.claude_provider[0m][0m [36merror[0m=[35m"module 'claude_agent_sdk' has no attribute 'extract_knowledge'"[0m [36mmodule[0m=[35mclaude_provider[0m [36mprovider[0m=[35mClaudeCodeProvider[0m
[[31m[1merror    [0m] [1mAll providers failed for operation 'extract_knowledge'. Errors: ClaudeCodeProvider: ClaudeCodeProvider.extract_knowledge failed: module 'claude_agent_sdk' has no attribute 'extract_knowledge'[0m [[0m[1m[34mpdf_pipeline.services.provider_chain[0m][0m [36merrors[0m=[35m["ClaudeCodeProvider: ClaudeCodeProvider.extract_knowledge failed: module 'claude_agent_sdk' has no attribute 'extract_knowledge'"][0m [36mmodule[0m=[35mprovider_chain[0m [36moperation[0m=[35mextract_knowledge[0m [36mprovider_count[0m=[35m1[0m
[[31m[1merror    [0m] [1mAll providers failed for operation 'extract_knowledge'. Errors: ClaudeCodeProvider: ClaudeCodeProvider.extract_knowledge failed: module 'claude_agent_sdk' has no attribute 'extract_knowledge'[0m [[0m[1m[34mpdf_pipeline.services.provider_chain[0m][0m [36merrors[0m=[35m["ClaudeCodeProvider: ClaudeCodeProvider.extract_knowledge failed: module 'claude_agent_sdk' has no attribute 'extract_knowledge'"][0m [36mmodule[0m=[35mprovider_chain[0m [36moperation[0m=[35mextract_knowledge[0m [36mprovider_count[0m=[35m1[0m
[[31m[1merror    [0m] [1mAll providers failed for operation 'extract_knowledge'. Errors: ClaudeCodeProvider: ClaudeCodeProvider.extract_knowledge failed: module 'claude_agent_sdk' has no attribute 'extract_knowledge'[0m [[0m[1m[34mpdf_pipeline.services.provider_chain[0m][0m [36merrors[0m=[35m["ClaudeCodeProvider: ClaudeCodeProvider.extract_knowledge failed: module 'claude_agent_sdk' has no attribute 'extract_knowledge'"][0m [36mmodule[0m=[35mprovider_chain[0m [36moperation[0m=[35mextract_knowledge[0m [36mprovider_count[0m=[35m1[0m
entities=0 facts=0 claims=0 datapoints=0
[2026-03-31 22:39:16]   Phase 2: 完了
[2026-03-31 22:39:16]   Phase 3: emit_research_queue 開始
Queue file: .tmp/graph-queue/pdf-extraction/gq-20260331133916-26d36048.json
[2026-03-31 22:39:17]   Phase 3: 完了 → .tmp/graph-queue/pdf-extraction/gq-20260331133916-26d36048.json
[2026-03-31 22:39:17]   Phase 4a: entity_linker 開始
Warning: You are sending unauthenticated requests to the HF Hub. Please set a HF_TOKEN to enable higher rate limits and faster downloads.
[[33m[1mwarning  [0m] [1mWarning: You are sending unauthenticated requests to the HF Hub. Please set a HF_TOKEN to enable higher rate limits and faster downloads.[0m [[0m[1m[34mhuggingface_hub.utils._http[0m][0m
Loading weights:   0%|          | 0/391 [00:00<?, ?it/s]Loading weights: 100%|██████████| 391/391 [00:00<00:00, 23798.07it/s]
[1mXLMRobertaModel LOAD REPORT[0m from: intfloat/multilingual-e5-large
Key                     | Status     |  | 
------------------------+------------+--+-
embeddings.position_ids | UNEXPECTED |  | 

[3mNotes:
- UNEXPECTED[3m	:can be ignored when loading from different task/architecture; not ok if you expect identical arch.[0m
[2026-03-31 22:39:24]   Phase 4a: 完了
[2026-03-31 22:39:24]   Phase 4b: neo4j_loader 開始
[2026-03-31 22:39:24]   Phase 4b: 完了
[2026-03-31 22:39:24] --- [7/31] BofA Securities ISAT@IJ Indosat-Hutch 4Q25 – Strong ARPU dri...
[2026-03-31 22:39:24]   Phase 2: extract_knowledge 開始
[[31m[1merror    [0m] [1mClaudeCodeProvider.extract_knowledge failed: module 'claude_agent_sdk' has no attribute 'extract_knowledge'[0m [[0m[1m[34mpdf_pipeline.services.claude_provider[0m][0m [36merror[0m=[35m"module 'claude_agent_sdk' has no attribute 'extract_knowledge'"[0m [36mmodule[0m=[35mclaude_provider[0m [36mprovider[0m=[35mClaudeCodeProvider[0m
[[31m[1merror    [0m] [1mClaudeCodeProvider.extract_knowledge failed: module 'claude_agent_sdk' has no attribute 'extract_knowledge'[0m [[0m[1m[34mpdf_pipeline.services.claude_provider[0m][0m [36merror[0m=[35m"module 'claude_agent_sdk' has no attribute 'extract_knowledge'"[0m [36mmodule[0m=[35mclaude_provider[0m [36mprovider[0m=[35mClaudeCodeProvider[0m
[[31m[1merror    [0m] [1mClaudeCodeProvider.extract_knowledge failed: module 'claude_agent_sdk' has no attribute 'extract_knowledge'[0m [[0m[1m[34mpdf_pipeline.services.claude_provider[0m][0m [36merror[0m=[35m"module 'claude_agent_sdk' has no attribute 'extract_knowledge'"[0m [36mmodule[0m=[35mclaude_provider[0m [36mprovider[0m=[35mClaudeCodeProvider[0m
[[31m[1merror    [0m] [1mAll providers failed for operation 'extract_knowledge'. Errors: ClaudeCodeProvider: ClaudeCodeProvider.extract_knowledge failed: module 'claude_agent_sdk' has no attribute 'extract_knowledge'[0m [[0m[1m[34mpdf_pipeline.services.provider_chain[0m][0m [36merrors[0m=[35m["ClaudeCodeProvider: ClaudeCodeProvider.extract_knowledge failed: module 'claude_agent_sdk' has no attribute 'extract_knowledge'"][0m [36mmodule[0m=[35mprovider_chain[0m [36moperation[0m=[35mextract_knowledge[0m [36mprovider_count[0m=[35m1[0m
[[31m[1merror    [0m] [1mClaudeCodeProvider.extract_knowledge failed: module 'claude_agent_sdk' has no attribute 'extract_knowledge'[0m [[0m[1m[34mpdf_pipeline.services.claude_provider[0m][0m [36merror[0m=[35m"module 'claude_agent_sdk' has no attribute 'extract_knowledge'"[0m [36mmodule[0m=[35mclaude_provider[0m [36mprovider[0m=[35mClaudeCodeProvider[0m
[[31m[1merror    [0m] [1mClaudeCodeProvider.extract_knowledge failed: module 'claude_agent_sdk' has no attribute 'extract_knowledge'[0m [[0m[1m[34mpdf_pipeline.services.claude_provider[0m][0m [36merror[0m=[35m"module 'claude_agent_sdk' has no attribute 'extract_knowledge'"[0m [36mmodule[0m=[35mclaude_provider[0m [36mprovider[0m=[35mClaudeCodeProvider[0m
[[31m[1merror    [0m] [1mAll providers failed for operation 'extract_knowledge'. Errors: ClaudeCodeProvider: ClaudeCodeProvider.extract_knowledge failed: module 'claude_agent_sdk' has no attribute 'extract_knowledge'[0m [[0m[1m[34mpdf_pipeline.services.provider_chain[0m][0m [36merrors[0m=[35m["ClaudeCodeProvider: ClaudeCodeProvider.extract_knowledge failed: module 'claude_agent_sdk' has no attribute 'extract_knowledge'"][0m [36mmodule[0m=[35mprovider_chain[0m [36moperation[0m=[35mextract_knowledge[0m [36mprovider_count[0m=[35m1[0m
[[31m[1merror    [0m] [1mAll providers failed for operation 'extract_knowledge'. Errors: ClaudeCodeProvider: ClaudeCodeProvider.extract_knowledge failed: module 'claude_agent_sdk' has no attribute 'extract_knowledge'[0m [[0m[1m[34mpdf_pipeline.services.provider_chain[0m][0m [36merrors[0m=[35m["ClaudeCodeProvider: ClaudeCodeProvider.extract_knowledge failed: module 'claude_agent_sdk' has no attribute 'extract_knowledge'"][0m [36mmodule[0m=[35mprovider_chain[0m [36moperation[0m=[35mextract_knowledge[0m [36mprovider_count[0m=[35m1[0m
[[31m[1merror    [0m] [1mClaudeCodeProvider.extract_knowledge failed: module 'claude_agent_sdk' has no attribute 'extract_knowledge'[0m [[0m[1m[34mpdf_pipeline.services.claude_provider[0m][0m [36merror[0m=[35m"module 'claude_agent_sdk' has no attribute 'extract_knowledge'"[0m [36mmodule[0m=[35mclaude_provider[0m [36mprovider[0m=[35mClaudeCodeProvider[0m
[[31m[1merror    [0m] [1mAll providers failed for operation 'extract_knowledge'. Errors: ClaudeCodeProvider: ClaudeCodeProvider.extract_knowledge failed: module 'claude_agent_sdk' has no attribute 'extract_knowledge'[0m [[0m[1m[34mpdf_pipeline.services.provider_chain[0m][0m [36merrors[0m=[35m["ClaudeCodeProvider: ClaudeCodeProvider.extract_knowledge failed: module 'claude_agent_sdk' has no attribute 'extract_knowledge'"][0m [36mmodule[0m=[35mprovider_chain[0m [36moperation[0m=[35mextract_knowledge[0m [36mprovider_count[0m=[35m1[0m
[[31m[1merror    [0m] [1mAll providers failed for operation 'extract_knowledge'. Errors: ClaudeCodeProvider: ClaudeCodeProvider.extract_knowledge failed: module 'claude_agent_sdk' has no attribute 'extract_knowledge'[0m [[0m[1m[34mpdf_pipeline.services.provider_chain[0m][0m [36merrors[0m=[35m["ClaudeCodeProvider: ClaudeCodeProvider.extract_knowledge failed: module 'claude_agent_sdk' has no attribute 'extract_knowledge'"][0m [36mmodule[0m=[35mprovider_chain[0m [36moperation[0m=[35mextract_knowledge[0m [36mprovider_count[0m=[35m1[0m
[[31m[1merror    [0m] [1mClaudeCodeProvider.extract_knowledge failed: module 'claude_agent_sdk' has no attribute 'extract_knowledge'[0m [[0m[1m[34mpdf_pipeline.services.claude_provider[0m][0m [36merror[0m=[35m"module 'claude_agent_sdk' has no attribute 'extract_knowledge'"[0m [36mmodule[0m=[35mclaude_provider[0m [36mprovider[0m=[35mClaudeCodeProvider[0m
[[31m[1merror    [0m] [1mClaudeCodeProvider.extract_knowledge failed: module 'claude_agent_sdk' has no attribute 'extract_knowledge'[0m [[0m[1m[34mpdf_pipeline.services.claude_provider[0m][0m [36merror[0m=[35m"module 'claude_agent_sdk' has no attribute 'extract_knowledge'"[0m [36mmodule[0m=[35mclaude_provider[0m [36mprovider[0m=[35mClaudeCodeProvider[0m
[[31m[1merror    [0m] [1mAll providers failed for operation 'extract_knowledge'. Errors: ClaudeCodeProvider: ClaudeCodeProvider.extract_knowledge failed: module 'claude_agent_sdk' has no attribute 'extract_knowledge'[0m [[0m[1m[34mpdf_pipeline.services.provider_chain[0m][0m [36merrors[0m=[35m["ClaudeCodeProvider: ClaudeCodeProvider.extract_knowledge failed: module 'claude_agent_sdk' has no attribute 'extract_knowledge'"][0m [36mmodule[0m=[35mprovider_chain[0m [36moperation[0m=[35mextract_knowledge[0m [36mprovider_count[0m=[35m1[0m
[[31m[1merror    [0m] [1mClaudeCodeProvider.extract_knowledge failed: module 'claude_agent_sdk' has no attribute 'extract_knowledge'[0m [[0m[1m[34mpdf_pipeline.services.claude_provider[0m][0m [36merror[0m=[35m"module 'claude_agent_sdk' has no attribute 'extract_knowledge'"[0m [36mmodule[0m=[35mclaude_provider[0m [36mprovider[0m=[35mClaudeCodeProvider[0m
[[31m[1merror    [0m] [1mClaudeCodeProvider.extract_knowledge failed: module 'claude_agent_sdk' has no attribute 'extract_knowledge'[0m [[0m[1m[34mpdf_pipeline.services.claude_provider[0m][0m [36merror[0m=[35m"module 'claude_agent_sdk' has no attribute 'extract_knowledge'"[0m [36mmodule[0m=[35mclaude_provider[0m [36mprovider[0m=[35mClaudeCodeProvider[0m
[[31m[1merror    [0m] [1mAll providers failed for operation 'extract_knowledge'. Errors: ClaudeCodeProvider: ClaudeCodeProvider.extract_knowledge failed: module 'claude_agent_sdk' has no attribute 'extract_knowledge'[0m [[0m[1m[34mpdf_pipeline.services.provider_chain[0m][0m [36merrors[0m=[35m["ClaudeCodeProvider: ClaudeCodeProvider.extract_knowledge failed: module 'claude_agent_sdk' has no attribute 'extract_knowledge'"][0m [36mmodule[0m=[35mprovider_chain[0m [36moperation[0m=[35mextract_knowledge[0m [36mprovider_count[0m=[35m1[0m
[[31m[1merror    [0m] [1mAll providers failed for operation 'extract_knowledge'. Errors: ClaudeCodeProvider: ClaudeCodeProvider.extract_knowledge failed: module 'claude_agent_sdk' has no attribute 'extract_knowledge'[0m [[0m[1m[34mpdf_pipeline.services.provider_chain[0m][0m [36merrors[0m=[35m["ClaudeCodeProvider: ClaudeCodeProvider.extract_knowledge failed: module 'claude_agent_sdk' has no attribute 'extract_knowledge'"][0m [36mmodule[0m=[35mprovider_chain[0m [36moperation[0m=[35mextract_knowledge[0m [36mprovider_count[0m=[35m1[0m
[[31m[1merror    [0m] [1mClaudeCodeProvider.extract_knowledge failed: module 'claude_agent_sdk' has no attribute 'extract_knowledge'[0m [[0m[1m[34mpdf_pipeline.services.claude_provider[0m][0m [36merror[0m=[35m"module 'claude_agent_sdk' has no attribute 'extract_knowledge'"[0m [36mmodule[0m=[35mclaude_provider[0m [36mprovider[0m=[35mClaudeCodeProvider[0m
[[31m[1merror    [0m] [1mAll providers failed for operation 'extract_knowledge'. Errors: ClaudeCodeProvider: ClaudeCodeProvider.extract_knowledge failed: module 'claude_agent_sdk' has no attribute 'extract_knowledge'[0m [[0m[1m[34mpdf_pipeline.services.provider_chain[0m][0m [36merrors[0m=[35m["ClaudeCodeProvider: ClaudeCodeProvider.extract_knowledge failed: module 'claude_agent_sdk' has no attribute 'extract_knowledge'"][0m [36mmodule[0m=[35mprovider_chain[0m [36moperation[0m=[35mextract_knowledge[0m [36mprovider_count[0m=[35m1[0m
[[31m[1merror    [0m] [1mAll providers failed for operation 'extract_knowledge'. Errors: ClaudeCodeProvider: ClaudeCodeProvider.extract_knowledge failed: module 'claude_agent_sdk' has no attribute 'extract_knowledge'[0m [[0m[1m[34mpdf_pipeline.services.provider_chain[0m][0m [36merrors[0m=[35m["ClaudeCodeProvider: ClaudeCodeProvider.extract_knowledge failed: module 'claude_agent_sdk' has no attribute 'extract_knowledge'"][0m [36mmodule[0m=[35mprovider_chain[0m [36moperation[0m=[35mextract_knowledge[0m [36mprovider_count[0m=[35m1[0m
[[31m[1merror    [0m] [1mClaudeCodeProvider.extract_knowledge failed: module 'claude_agent_sdk' has no attribute 'extract_knowledge'[0m [[0m[1m[34mpdf_pipeline.services.claude_provider[0m][0m [36merror[0m=[35m"module 'claude_agent_sdk' has no attribute 'extract_knowledge'"[0m [36mmodule[0m=[35mclaude_provider[0m [36mprovider[0m=[35mClaudeCodeProvider[0m
[[31m[1merror    [0m] [1mClaudeCodeProvider.extract_knowledge failed: module 'claude_agent_sdk' has no attribute 'extract_knowledge'[0m [[0m[1m[34mpdf_pipeline.services.claude_provider[0m][0m [36merror[0m=[35m"module 'claude_agent_sdk' has no attribute 'extract_knowledge'"[0m [36mmodule[0m=[35mclaude_provider[0m [36mprovider[0m=[35mClaudeCodeProvider[0m
[[31m[1merror    [0m] [1mAll providers failed for operation 'extract_knowledge'. Errors: ClaudeCodeProvider: ClaudeCodeProvider.extract_knowledge failed: module 'claude_agent_sdk' has no attribute 'extract_knowledge'[0m [[0m[1m[34mpdf_pipeline.services.provider_chain[0m][0m [36merrors[0m=[35m["ClaudeCodeProvider: ClaudeCodeProvider.extract_knowledge failed: module 'claude_agent_sdk' has no attribute 'extract_knowledge'"][0m [36mmodule[0m=[35mprovider_chain[0m [36moperation[0m=[35mextract_knowledge[0m [36mprovider_count[0m=[35m1[0m
[[31m[1merror    [0m] [1mClaudeCodeProvider.extract_knowledge failed: module 'claude_agent_sdk' has no attribute 'extract_knowledge'[0m [[0m[1m[34mpdf_pipeline.services.claude_provider[0m][0m [36merror[0m=[35m"module 'claude_agent_sdk' has no attribute 'extract_knowledge'"[0m [36mmodule[0m=[35mclaude_provider[0m [36mprovider[0m=[35mClaudeCodeProvider[0m
[[31m[1merror    [0m] [1mClaudeCodeProvider.extract_knowledge failed: module 'claude_agent_sdk' has no attribute 'extract_knowledge'[0m [[0m[1m[34mpdf_pipeline.services.claude_provider[0m][0m [36merror[0m=[35m"module 'claude_agent_sdk' has no attribute 'extract_knowledge'"[0m [36mmodule[0m=[35mclaude_provider[0m [36mprovider[0m=[35mClaudeCodeProvider[0m
[[31m[1merror    [0m] [1mAll providers failed for operation 'extract_knowledge'. Errors: ClaudeCodeProvider: ClaudeCodeProvider.extract_knowledge failed: module 'claude_agent_sdk' has no attribute 'extract_knowledge'[0m [[0m[1m[34mpdf_pipeline.services.provider_chain[0m][0m [36merrors[0m=[35m["ClaudeCodeProvider: ClaudeCodeProvider.extract_knowledge failed: module 'claude_agent_sdk' has no attribute 'extract_knowledge'"][0m [36mmodule[0m=[35mprovider_chain[0m [36moperation[0m=[35mextract_knowledge[0m [36mprovider_count[0m=[35m1[0m
[[31m[1merror    [0m] [1mAll providers failed for operation 'extract_knowledge'. Errors: ClaudeCodeProvider: ClaudeCodeProvider.extract_knowledge failed: module 'claude_agent_sdk' has no attribute 'extract_knowledge'[0m [[0m[1m[34mpdf_pipeline.services.provider_chain[0m][0m [36merrors[0m=[35m["ClaudeCodeProvider: ClaudeCodeProvider.extract_knowledge failed: module 'claude_agent_sdk' has no attribute 'extract_knowledge'"][0m [36mmodule[0m=[35mprovider_chain[0m [36moperation[0m=[35mextract_knowledge[0m [36mprovider_count[0m=[35m1[0m
[[31m[1merror    [0m] [1mClaudeCodeProvider.extract_knowledge failed: module 'claude_agent_sdk' has no attribute 'extract_knowledge'[0m [[0m[1m[34mpdf_pipeline.services.claude_provider[0m][0m [36merror[0m=[35m"module 'claude_agent_sdk' has no attribute 'extract_knowledge'"[0m [36mmodule[0m=[35mclaude_provider[0m [36mprovider[0m=[35mClaudeCodeProvider[0m
[[31m[1merror    [0m] [1mAll providers failed for operation 'extract_knowledge'. Errors: ClaudeCodeProvider: ClaudeCodeProvider.extract_knowledge failed: module 'claude_agent_sdk' has no attribute 'extract_knowledge'[0m [[0m[1m[34mpdf_pipeline.services.provider_chain[0m][0m [36merrors[0m=[35m["ClaudeCodeProvider: ClaudeCodeProvider.extract_knowledge failed: module 'claude_agent_sdk' has no attribute 'extract_knowledge'"][0m [36mmodule[0m=[35mprovider_chain[0m [36moperation[0m=[35mextract_knowledge[0m [36mprovider_count[0m=[35m1[0m
[[31m[1merror    [0m] [1mAll providers failed for operation 'extract_knowledge'. Errors: ClaudeCodeProvider: ClaudeCodeProvider.extract_knowledge failed: module 'claude_agent_sdk' has no attribute 'extract_knowledge'[0m [[0m[1m[34mpdf_pipeline.services.provider_chain[0m][0m [36merrors[0m=[35m["ClaudeCodeProvider: ClaudeCodeProvider.extract_knowledge failed: module 'claude_agent_sdk' has no attribute 'extract_knowledge'"][0m [36mmodule[0m=[35mprovider_chain[0m [36moperation[0m=[35mextract_knowledge[0m [36mprovider_count[0m=[35m1[0m
[[31m[1merror    [0m] [1mClaudeCodeProvider.extract_knowledge failed: module 'claude_agent_sdk' has no attribute 'extract_knowledge'[0m [[0m[1m[34mpdf_pipeline.services.claude_provider[0m][0m [36merror[0m=[35m"module 'claude_agent_sdk' has no attribute 'extract_knowledge'"[0m [36mmodule[0m=[35mclaude_provider[0m [36mprovider[0m=[35mClaudeCodeProvider[0m
[[31m[1merror    [0m] [1mClaudeCodeProvider.extract_knowledge failed: module 'claude_agent_sdk' has no attribute 'extract_knowledge'[0m [[0m[1m[34mpdf_pipeline.services.claude_provider[0m][0m [36merror[0m=[35m"module 'claude_agent_sdk' has no attribute 'extract_knowledge'"[0m [36mmodule[0m=[35mclaude_provider[0m [36mprovider[0m=[35mClaudeCodeProvider[0m
[[31m[1merror    [0m] [1mAll providers failed for operation 'extract_knowledge'. Errors: ClaudeCodeProvider: ClaudeCodeProvider.extract_knowledge failed: module 'claude_agent_sdk' has no attribute 'extract_knowledge'[0m [[0m[1m[34mpdf_pipeline.services.provider_chain[0m][0m [36merrors[0m=[35m["ClaudeCodeProvider: ClaudeCodeProvider.extract_knowledge failed: module 'claude_agent_sdk' has no attribute 'extract_knowledge'"][0m [36mmodule[0m=[35mprovider_chain[0m [36moperation[0m=[35mextract_knowledge[0m [36mprovider_count[0m=[35m1[0m
[[31m[1merror    [0m] [1mClaudeCodeProvider.extract_knowledge failed: module 'claude_agent_sdk' has no attribute 'extract_knowledge'[0m [[0m[1m[34mpdf_pipeline.services.claude_provider[0m][0m [36merror[0m=[35m"module 'claude_agent_sdk' has no attribute 'extract_knowledge'"[0m [36mmodule[0m=[35mclaude_provider[0m [36mprovider[0m=[35mClaudeCodeProvider[0m
[[31m[1merror    [0m] [1mAll providers failed for operation 'extract_knowledge'. Errors: ClaudeCodeProvider: ClaudeCodeProvider.extract_knowledge failed: module 'claude_agent_sdk' has no attribute 'extract_knowledge'[0m [[0m[1m[34mpdf_pipeline.services.provider_chain[0m][0m [36merrors[0m=[35m["ClaudeCodeProvider: ClaudeCodeProvider.extract_knowledge failed: module 'claude_agent_sdk' has no attribute 'extract_knowledge'"][0m [36mmodule[0m=[35mprovider_chain[0m [36moperation[0m=[35mextract_knowledge[0m [36mprovider_count[0m=[35m1[0m
[[31m[1merror    [0m] [1mAll providers failed for operation 'extract_knowledge'. Errors: ClaudeCodeProvider: ClaudeCodeProvider.extract_knowledge failed: module 'claude_agent_sdk' has no attribute 'extract_knowledge'[0m [[0m[1m[34mpdf_pipeline.services.provider_chain[0m][0m [36merrors[0m=[35m["ClaudeCodeProvider: ClaudeCodeProvider.extract_knowledge failed: module 'claude_agent_sdk' has no attribute 'extract_knowledge'"][0m [36mmodule[0m=[35mprovider_chain[0m [36moperation[0m=[35mextract_knowledge[0m [36mprovider_count[0m=[35m1[0m
[[31m[1merror    [0m] [1mAll providers failed for operation 'extract_knowledge'. Errors: ClaudeCodeProvider: ClaudeCodeProvider.extract_knowledge failed: module 'claude_agent_sdk' has no attribute 'extract_knowledge'[0m [[0m[1m[34mpdf_pipeline.services.provider_chain[0m][0m [36merrors[0m=[35m["ClaudeCodeProvider: ClaudeCodeProvider.extract_knowledge failed: module 'claude_agent_sdk' has no attribute 'extract_knowledge'"][0m [36mmodule[0m=[35mprovider_chain[0m [36moperation[0m=[35mextract_knowledge[0m [36mprovider_count[0m=[35m1[0m
entities=0 facts=0 claims=0 datapoints=0
[2026-03-31 22:39:25]   Phase 2: 完了
[2026-03-31 22:39:25]   Phase 3: emit_research_queue 開始
Queue file: .tmp/graph-queue/pdf-extraction/gq-20260331133925-2778e2bc.json
[2026-03-31 22:39:25]   Phase 3: 完了 → .tmp/graph-queue/pdf-extraction/gq-20260331133925-2778e2bc.json
[2026-03-31 22:39:25]   Phase 4a: entity_linker 開始
Warning: You are sending unauthenticated requests to the HF Hub. Please set a HF_TOKEN to enable higher rate limits and faster downloads.
[[33m[1mwarning  [0m] [1mWarning: You are sending unauthenticated requests to the HF Hub. Please set a HF_TOKEN to enable higher rate limits and faster downloads.[0m [[0m[1m[34mhuggingface_hub.utils._http[0m][0m
Loading weights:   0%|          | 0/391 [00:00<?, ?it/s]Loading weights: 100%|██████████| 391/391 [00:00<00:00, 25683.17it/s]
[1mXLMRobertaModel LOAD REPORT[0m from: intfloat/multilingual-e5-large
Key                     | Status     |  | 
------------------------+------------+--+-
embeddings.position_ids | UNEXPECTED |  | 

[3mNotes:
- UNEXPECTED[3m	:can be ignored when loading from different task/architecture; not ok if you expect identical arch.[0m
[2026-03-31 22:39:33]   Phase 4a: 完了
[2026-03-31 22:39:33]   Phase 4b: neo4j_loader 開始
[2026-03-31 22:39:33]   Phase 4b: 完了
[2026-03-31 22:39:33] --- [8/31] BofA Securities ISAT@IJ Indosat-Hutch Lukewarm quarter, but ...
[2026-03-31 22:39:33]   Phase 2: スキップ（extraction.json 既存）
[2026-03-31 22:39:33]   Phase 3: emit_research_queue 開始
Queue file: .tmp/graph-queue/pdf-extraction/gq-20260331133934-e2cafdd1.json
[2026-03-31 22:39:34]   Phase 3: 完了 → .tmp/graph-queue/pdf-extraction/gq-20260331133934-e2cafdd1.json
[2026-03-31 22:39:34]   Phase 4a: entity_linker 開始
Warning: You are sending unauthenticated requests to the HF Hub. Please set a HF_TOKEN to enable higher rate limits and faster downloads.
[[33m[1mwarning  [0m] [1mWarning: You are sending unauthenticated requests to the HF Hub. Please set a HF_TOKEN to enable higher rate limits and faster downloads.[0m [[0m[1m[34mhuggingface_hub.utils._http[0m][0m
Loading weights:   0%|          | 0/391 [00:00<?, ?it/s]Loading weights: 100%|██████████| 391/391 [00:00<00:00, 27192.39it/s]
[1mXLMRobertaModel LOAD REPORT[0m from: intfloat/multilingual-e5-large
Key                     | Status     |  | 
------------------------+------------+--+-
embeddings.position_ids | UNEXPECTED |  | 

[3mNotes:
- UNEXPECTED[3m	:can be ignored when loading from different task/architecture; not ok if you expect identical arch.[0m
[2026-03-31 22:39:41]   Phase 4a: 完了
[2026-03-31 22:39:41]   Phase 4b: neo4j_loader 開始
[2026-03-31 22:39:41]   Phase 4b: 完了
[2026-03-31 22:39:41] --- [9/31] BofA Securities ISAT@IJ Indosat-Hutch Stock run-up and stron...
[2026-03-31 22:39:41]   Phase 2: extract_knowledge 開始
[[31m[1merror    [0m] [1mClaudeCodeProvider.extract_knowledge failed: module 'claude_agent_sdk' has no attribute 'extract_knowledge'[0m [[0m[1m[34mpdf_pipeline.services.claude_provider[0m][0m [36merror[0m=[35m"module 'claude_agent_sdk' has no attribute 'extract_knowledge'"[0m [36mmodule[0m=[35mclaude_provider[0m [36mprovider[0m=[35mClaudeCodeProvider[0m
[[31m[1merror    [0m] [1mClaudeCodeProvider.extract_knowledge failed: module 'claude_agent_sdk' has no attribute 'extract_knowledge'[0m [[0m[1m[34mpdf_pipeline.services.claude_provider[0m][0m [36merror[0m=[35m"module 'claude_agent_sdk' has no attribute 'extract_knowledge'"[0m [36mmodule[0m=[35mclaude_provider[0m [36mprovider[0m=[35mClaudeCodeProvider[0m
[[31m[1merror    [0m] [1mClaudeCodeProvider.extract_knowledge failed: module 'claude_agent_sdk' has no attribute 'extract_knowledge'[0m [[0m[1m[34mpdf_pipeline.services.claude_provider[0m][0m [36merror[0m=[35m"module 'claude_agent_sdk' has no attribute 'extract_knowledge'"[0m [36mmodule[0m=[35mclaude_provider[0m [36mprovider[0m=[35mClaudeCodeProvider[0m
[[31m[1merror    [0m] [1mAll providers failed for operation 'extract_knowledge'. Errors: ClaudeCodeProvider: ClaudeCodeProvider.extract_knowledge failed: module 'claude_agent_sdk' has no attribute 'extract_knowledge'[0m [[0m[1m[34mpdf_pipeline.services.provider_chain[0m][0m [36merrors[0m=[35m["ClaudeCodeProvider: ClaudeCodeProvider.extract_knowledge failed: module 'claude_agent_sdk' has no attribute 'extract_knowledge'"][0m [36mmodule[0m=[35mprovider_chain[0m [36moperation[0m=[35mextract_knowledge[0m [36mprovider_count[0m=[35m1[0m
[[31m[1merror    [0m] [1mClaudeCodeProvider.extract_knowledge failed: module 'claude_agent_sdk' has no attribute 'extract_knowledge'[0m [[0m[1m[34mpdf_pipeline.services.claude_provider[0m][0m [36merror[0m=[35m"module 'claude_agent_sdk' has no attribute 'extract_knowledge'"[0m [36mmodule[0m=[35mclaude_provider[0m [36mprovider[0m=[35mClaudeCodeProvider[0m
[[31m[1merror    [0m] [1mClaudeCodeProvider.extract_knowledge failed: module 'claude_agent_sdk' has no attribute 'extract_knowledge'[0m [[0m[1m[34mpdf_pipeline.services.claude_provider[0m][0m [36merror[0m=[35m"module 'claude_agent_sdk' has no attribute 'extract_knowledge'"[0m [36mmodule[0m=[35mclaude_provider[0m [36mprovider[0m=[35mClaudeCodeProvider[0m
[[31m[1merror    [0m] [1mAll providers failed for operation 'extract_knowledge'. Errors: ClaudeCodeProvider: ClaudeCodeProvider.extract_knowledge failed: module 'claude_agent_sdk' has no attribute 'extract_knowledge'[0m [[0m[1m[34mpdf_pipeline.services.provider_chain[0m][0m [36merrors[0m=[35m["ClaudeCodeProvider: ClaudeCodeProvider.extract_knowledge failed: module 'claude_agent_sdk' has no attribute 'extract_knowledge'"][0m [36mmodule[0m=[35mprovider_chain[0m [36moperation[0m=[35mextract_knowledge[0m [36mprovider_count[0m=[35m1[0m
[[31m[1merror    [0m] [1mAll providers failed for operation 'extract_knowledge'. Errors: ClaudeCodeProvider: ClaudeCodeProvider.extract_knowledge failed: module 'claude_agent_sdk' has no attribute 'extract_knowledge'[0m [[0m[1m[34mpdf_pipeline.services.provider_chain[0m][0m [36merrors[0m=[35m["ClaudeCodeProvider: ClaudeCodeProvider.extract_knowledge failed: module 'claude_agent_sdk' has no attribute 'extract_knowledge'"][0m [36mmodule[0m=[35mprovider_chain[0m [36moperation[0m=[35mextract_knowledge[0m [36mprovider_count[0m=[35m1[0m
[[31m[1merror    [0m] [1mClaudeCodeProvider.extract_knowledge failed: module 'claude_agent_sdk' has no attribute 'extract_knowledge'[0m [[0m[1m[34mpdf_pipeline.services.claude_provider[0m][0m [36merror[0m=[35m"module 'claude_agent_sdk' has no attribute 'extract_knowledge'"[0m [36mmodule[0m=[35mclaude_provider[0m [36mprovider[0m=[35mClaudeCodeProvider[0m
[[31m[1merror    [0m] [1mAll providers failed for operation 'extract_knowledge'. Errors: ClaudeCodeProvider: ClaudeCodeProvider.extract_knowledge failed: module 'claude_agent_sdk' has no attribute 'extract_knowledge'[0m [[0m[1m[34mpdf_pipeline.services.provider_chain[0m][0m [36merrors[0m=[35m["ClaudeCodeProvider: ClaudeCodeProvider.extract_knowledge failed: module 'claude_agent_sdk' has no attribute 'extract_knowledge'"][0m [36mmodule[0m=[35mprovider_chain[0m [36moperation[0m=[35mextract_knowledge[0m [36mprovider_count[0m=[35m1[0m
[[31m[1merror    [0m] [1mAll providers failed for operation 'extract_knowledge'. Errors: ClaudeCodeProvider: ClaudeCodeProvider.extract_knowledge failed: module 'claude_agent_sdk' has no attribute 'extract_knowledge'[0m [[0m[1m[34mpdf_pipeline.services.provider_chain[0m][0m [36merrors[0m=[35m["ClaudeCodeProvider: ClaudeCodeProvider.extract_knowledge failed: module 'claude_agent_sdk' has no attribute 'extract_knowledge'"][0m [36mmodule[0m=[35mprovider_chain[0m [36moperation[0m=[35mextract_knowledge[0m [36mprovider_count[0m=[35m1[0m
[[31m[1merror    [0m] [1mClaudeCodeProvider.extract_knowledge failed: module 'claude_agent_sdk' has no attribute 'extract_knowledge'[0m [[0m[1m[34mpdf_pipeline.services.claude_provider[0m][0m [36merror[0m=[35m"module 'claude_agent_sdk' has no attribute 'extract_knowledge'"[0m [36mmodule[0m=[35mclaude_provider[0m [36mprovider[0m=[35mClaudeCodeProvider[0m
[[31m[1merror    [0m] [1mClaudeCodeProvider.extract_knowledge failed: module 'claude_agent_sdk' has no attribute 'extract_knowledge'[0m [[0m[1m[34mpdf_pipeline.services.claude_provider[0m][0m [36merror[0m=[35m"module 'claude_agent_sdk' has no attribute 'extract_knowledge'"[0m [36mmodule[0m=[35mclaude_provider[0m [36mprovider[0m=[35mClaudeCodeProvider[0m
[[31m[1merror    [0m] [1mAll providers failed for operation 'extract_knowledge'. Errors: ClaudeCodeProvider: ClaudeCodeProvider.extract_knowledge failed: module 'claude_agent_sdk' has no attribute 'extract_knowledge'[0m [[0m[1m[34mpdf_pipeline.services.provider_chain[0m][0m [36merrors[0m=[35m["ClaudeCodeProvider: ClaudeCodeProvider.extract_knowledge failed: module 'claude_agent_sdk' has no attribute 'extract_knowledge'"][0m [36mmodule[0m=[35mprovider_chain[0m [36moperation[0m=[35mextract_knowledge[0m [36mprovider_count[0m=[35m1[0m
[[31m[1merror    [0m] [1mClaudeCodeProvider.extract_knowledge failed: module 'claude_agent_sdk' has no attribute 'extract_knowledge'[0m [[0m[1m[34mpdf_pipeline.services.claude_provider[0m][0m [36merror[0m=[35m"module 'claude_agent_sdk' has no attribute 'extract_knowledge'"[0m [36mmodule[0m=[35mclaude_provider[0m [36mprovider[0m=[35mClaudeCodeProvider[0m
[[31m[1merror    [0m] [1mClaudeCodeProvider.extract_knowledge failed: module 'claude_agent_sdk' has no attribute 'extract_knowledge'[0m [[0m[1m[34mpdf_pipeline.services.claude_provider[0m][0m [36merror[0m=[35m"module 'claude_agent_sdk' has no attribute 'extract_knowledge'"[0m [36mmodule[0m=[35mclaude_provider[0m [36mprovider[0m=[35mClaudeCodeProvider[0m
[[31m[1merror    [0m] [1mAll providers failed for operation 'extract_knowledge'. Errors: ClaudeCodeProvider: ClaudeCodeProvider.extract_knowledge failed: module 'claude_agent_sdk' has no attribute 'extract_knowledge'[0m [[0m[1m[34mpdf_pipeline.services.provider_chain[0m][0m [36merrors[0m=[35m["ClaudeCodeProvider: ClaudeCodeProvider.extract_knowledge failed: module 'claude_agent_sdk' has no attribute 'extract_knowledge'"][0m [36mmodule[0m=[35mprovider_chain[0m [36moperation[0m=[35mextract_knowledge[0m [36mprovider_count[0m=[35m1[0m
[[31m[1merror    [0m] [1mAll providers failed for operation 'extract_knowledge'. Errors: ClaudeCodeProvider: ClaudeCodeProvider.extract_knowledge failed: module 'claude_agent_sdk' has no attribute 'extract_knowledge'[0m [[0m[1m[34mpdf_pipeline.services.provider_chain[0m][0m [36merrors[0m=[35m["ClaudeCodeProvider: ClaudeCodeProvider.extract_knowledge failed: module 'claude_agent_sdk' has no attribute 'extract_knowledge'"][0m [36mmodule[0m=[35mprovider_chain[0m [36moperation[0m=[35mextract_knowledge[0m [36mprovider_count[0m=[35m1[0m
[[31m[1merror    [0m] [1mClaudeCodeProvider.extract_knowledge failed: module 'claude_agent_sdk' has no attribute 'extract_knowledge'[0m [[0m[1m[34mpdf_pipeline.services.claude_provider[0m][0m [36merror[0m=[35m"module 'claude_agent_sdk' has no attribute 'extract_knowledge'"[0m [36mmodule[0m=[35mclaude_provider[0m [36mprovider[0m=[35mClaudeCodeProvider[0m
[[31m[1merror    [0m] [1mAll providers failed for operation 'extract_knowledge'. Errors: ClaudeCodeProvider: ClaudeCodeProvider.extract_knowledge failed: module 'claude_agent_sdk' has no attribute 'extract_knowledge'[0m [[0m[1m[34mpdf_pipeline.services.provider_chain[0m][0m [36merrors[0m=[35m["ClaudeCodeProvider: ClaudeCodeProvider.extract_knowledge failed: module 'claude_agent_sdk' has no attribute 'extract_knowledge'"][0m [36mmodule[0m=[35mprovider_chain[0m [36moperation[0m=[35mextract_knowledge[0m [36mprovider_count[0m=[35m1[0m
[[31m[1merror    [0m] [1mAll providers failed for operation 'extract_knowledge'. Errors: ClaudeCodeProvider: ClaudeCodeProvider.extract_knowledge failed: module 'claude_agent_sdk' has no attribute 'extract_knowledge'[0m [[0m[1m[34mpdf_pipeline.services.provider_chain[0m][0m [36merrors[0m=[35m["ClaudeCodeProvider: ClaudeCodeProvider.extract_knowledge failed: module 'claude_agent_sdk' has no attribute 'extract_knowledge'"][0m [36mmodule[0m=[35mprovider_chain[0m [36moperation[0m=[35mextract_knowledge[0m [36mprovider_count[0m=[35m1[0m
[[31m[1merror    [0m] [1mClaudeCodeProvider.extract_knowledge failed: module 'claude_agent_sdk' has no attribute 'extract_knowledge'[0m [[0m[1m[34mpdf_pipeline.services.claude_provider[0m][0m [36merror[0m=[35m"module 'claude_agent_sdk' has no attribute 'extract_knowledge'"[0m [36mmodule[0m=[35mclaude_provider[0m [36mprovider[0m=[35mClaudeCodeProvider[0m
[[31m[1merror    [0m] [1mClaudeCodeProvider.extract_knowledge failed: module 'claude_agent_sdk' has no attribute 'extract_knowledge'[0m [[0m[1m[34mpdf_pipeline.services.claude_provider[0m][0m [36merror[0m=[35m"module 'claude_agent_sdk' has no attribute 'extract_knowledge'"[0m [36mmodule[0m=[35mclaude_provider[0m [36mprovider[0m=[35mClaudeCodeProvider[0m
[[31m[1merror    [0m] [1mAll providers failed for operation 'extract_knowledge'. Errors: ClaudeCodeProvider: ClaudeCodeProvider.extract_knowledge failed: module 'claude_agent_sdk' has no attribute 'extract_knowledge'[0m [[0m[1m[34mpdf_pipeline.services.provider_chain[0m][0m [36merrors[0m=[35m["ClaudeCodeProvider: ClaudeCodeProvider.extract_knowledge failed: module 'claude_agent_sdk' has no attribute 'extract_knowledge'"][0m [36mmodule[0m=[35mprovider_chain[0m [36moperation[0m=[35mextract_knowledge[0m [36mprovider_count[0m=[35m1[0m
[[31m[1merror    [0m] [1mClaudeCodeProvider.extract_knowledge failed: module 'claude_agent_sdk' has no attribute 'extract_knowledge'[0m [[0m[1m[34mpdf_pipeline.services.claude_provider[0m][0m [36merror[0m=[35m"module 'claude_agent_sdk' has no attribute 'extract_knowledge'"[0m [36mmodule[0m=[35mclaude_provider[0m [36mprovider[0m=[35mClaudeCodeProvider[0m
[[31m[1merror    [0m] [1mClaudeCodeProvider.extract_knowledge failed: module 'claude_agent_sdk' has no attribute 'extract_knowledge'[0m [[0m[1m[34mpdf_pipeline.services.claude_provider[0m][0m [36merror[0m=[35m"module 'claude_agent_sdk' has no attribute 'extract_knowledge'"[0m [36mmodule[0m=[35mclaude_provider[0m [36mprovider[0m=[35mClaudeCodeProvider[0m
[[31m[1merror    [0m] [1mAll providers failed for operation 'extract_knowledge'. Errors: ClaudeCodeProvider: ClaudeCodeProvider.extract_knowledge failed: module 'claude_agent_sdk' has no attribute 'extract_knowledge'[0m [[0m[1m[34mpdf_pipeline.services.provider_chain[0m][0m [36merrors[0m=[35m["ClaudeCodeProvider: ClaudeCodeProvider.extract_knowledge failed: module 'claude_agent_sdk' has no attribute 'extract_knowledge'"][0m [36mmodule[0m=[35mprovider_chain[0m [36moperation[0m=[35mextract_knowledge[0m [36mprovider_count[0m=[35m1[0m
[[31m[1merror    [0m] [1mAll providers failed for operation 'extract_knowledge'. Errors: ClaudeCodeProvider: ClaudeCodeProvider.extract_knowledge failed: module 'claude_agent_sdk' has no attribute 'extract_knowledge'[0m [[0m[1m[34mpdf_pipeline.services.provider_chain[0m][0m [36merrors[0m=[35m["ClaudeCodeProvider: ClaudeCodeProvider.extract_knowledge failed: module 'claude_agent_sdk' has no attribute 'extract_knowledge'"][0m [36mmodule[0m=[35mprovider_chain[0m [36moperation[0m=[35mextract_knowledge[0m [36mprovider_count[0m=[35m1[0m
[[31m[1merror    [0m] [1mClaudeCodeProvider.extract_knowledge failed: module 'claude_agent_sdk' has no attribute 'extract_knowledge'[0m [[0m[1m[34mpdf_pipeline.services.claude_provider[0m][0m [36merror[0m=[35m"module 'claude_agent_sdk' has no attribute 'extract_knowledge'"[0m [36mmodule[0m=[35mclaude_provider[0m [36mprovider[0m=[35mClaudeCodeProvider[0m
[[31m[1merror    [0m] [1mAll providers failed for operation 'extract_knowledge'. Errors: ClaudeCodeProvider: ClaudeCodeProvider.extract_knowledge failed: module 'claude_agent_sdk' has no attribute 'extract_knowledge'[0m [[0m[1m[34mpdf_pipeline.services.provider_chain[0m][0m [36merrors[0m=[35m["ClaudeCodeProvider: ClaudeCodeProvider.extract_knowledge failed: module 'claude_agent_sdk' has no attribute 'extract_knowledge'"][0m [36mmodule[0m=[35mprovider_chain[0m [36moperation[0m=[35mextract_knowledge[0m [36mprovider_count[0m=[35m1[0m
[[31m[1merror    [0m] [1mAll providers failed for operation 'extract_knowledge'. Errors: ClaudeCodeProvider: ClaudeCodeProvider.extract_knowledge failed: module 'claude_agent_sdk' has no attribute 'extract_knowledge'[0m [[0m[1m[34mpdf_pipeline.services.provider_chain[0m][0m [36merrors[0m=[35m["ClaudeCodeProvider: ClaudeCodeProvider.extract_knowledge failed: module 'claude_agent_sdk' has no attribute 'extract_knowledge'"][0m [36mmodule[0m=[35mprovider_chain[0m [36moperation[0m=[35mextract_knowledge[0m [36mprovider_count[0m=[35m1[0m
[[31m[1merror    [0m] [1mAll providers failed for operation 'extract_knowledge'. Errors: ClaudeCodeProvider: ClaudeCodeProvider.extract_knowledge failed: module 'claude_agent_sdk' has no attribute 'extract_knowledge'[0m [[0m[1m[34mpdf_pipeline.services.provider_chain[0m][0m [36merrors[0m=[35m["ClaudeCodeProvider: ClaudeCodeProvider.extract_knowledge failed: module 'claude_agent_sdk' has no attribute 'extract_knowledge'"][0m [36mmodule[0m=[35mprovider_chain[0m [36moperation[0m=[35mextract_knowledge[0m [36mprovider_count[0m=[35m1[0m
entities=0 facts=0 claims=0 datapoints=0
[2026-03-31 22:39:42]   Phase 2: 完了
[2026-03-31 22:39:42]   Phase 3: emit_research_queue 開始
Queue file: .tmp/graph-queue/pdf-extraction/gq-20260331133942-67d71733.json
[2026-03-31 22:39:42]   Phase 3: 完了 → .tmp/graph-queue/pdf-extraction/gq-20260331133942-67d71733.json
[2026-03-31 22:39:42]   Phase 4a: entity_linker 開始
Warning: You are sending unauthenticated requests to the HF Hub. Please set a HF_TOKEN to enable higher rate limits and faster downloads.
[[33m[1mwarning  [0m] [1mWarning: You are sending unauthenticated requests to the HF Hub. Please set a HF_TOKEN to enable higher rate limits and faster downloads.[0m [[0m[1m[34mhuggingface_hub.utils._http[0m][0m
Loading weights:   0%|          | 0/391 [00:00<?, ?it/s]Loading weights: 100%|██████████| 391/391 [00:00<00:00, 27365.72it/s]
[1mXLMRobertaModel LOAD REPORT[0m from: intfloat/multilingual-e5-large
Key                     | Status     |  | 
------------------------+------------+--+-
embeddings.position_ids | UNEXPECTED |  | 

[3mNotes:
- UNEXPECTED[3m	:can be ignored when loading from different task/architecture; not ok if you expect identical arch.[0m
[2026-03-31 22:39:49]   Phase 4a: 完了
[2026-03-31 22:39:49]   Phase 4b: neo4j_loader 開始
[2026-03-31 22:39:50]   Phase 4b: 完了
[2026-03-31 22:39:50] --- [10/31] BofA Securities ISAT@IJ Telecom - ASEAN Indo Telcos 3Q previ...
[2026-03-31 22:39:50]   Phase 2: extract_knowledge 開始
[[31m[1merror    [0m] [1mClaudeCodeProvider.extract_knowledge failed: module 'claude_agent_sdk' has no attribute 'extract_knowledge'[0m [[0m[1m[34mpdf_pipeline.services.claude_provider[0m][0m [36merror[0m=[35m"module 'claude_agent_sdk' has no attribute 'extract_knowledge'"[0m [36mmodule[0m=[35mclaude_provider[0m [36mprovider[0m=[35mClaudeCodeProvider[0m
[[31m[1merror    [0m] [1mClaudeCodeProvider.extract_knowledge failed: module 'claude_agent_sdk' has no attribute 'extract_knowledge'[0m [[0m[1m[34mpdf_pipeline.services.claude_provider[0m][0m [36merror[0m=[35m"module 'claude_agent_sdk' has no attribute 'extract_knowledge'"[0m [36mmodule[0m=[35mclaude_provider[0m [36mprovider[0m=[35mClaudeCodeProvider[0m
[[31m[1merror    [0m] [1mClaudeCodeProvider.extract_knowledge failed: module 'claude_agent_sdk' has no attribute 'extract_knowledge'[0m [[0m[1m[34mpdf_pipeline.services.claude_provider[0m][0m [36merror[0m=[35m"module 'claude_agent_sdk' has no attribute 'extract_knowledge'"[0m [36mmodule[0m=[35mclaude_provider[0m [36mprovider[0m=[35mClaudeCodeProvider[0m
[[31m[1merror    [0m] [1mAll providers failed for operation 'extract_knowledge'. Errors: ClaudeCodeProvider: ClaudeCodeProvider.extract_knowledge failed: module 'claude_agent_sdk' has no attribute 'extract_knowledge'[0m [[0m[1m[34mpdf_pipeline.services.provider_chain[0m][0m [36merrors[0m=[35m["ClaudeCodeProvider: ClaudeCodeProvider.extract_knowledge failed: module 'claude_agent_sdk' has no attribute 'extract_knowledge'"][0m [36mmodule[0m=[35mprovider_chain[0m [36moperation[0m=[35mextract_knowledge[0m [36mprovider_count[0m=[35m1[0m
[[31m[1merror    [0m] [1mClaudeCodeProvider.extract_knowledge failed: module 'claude_agent_sdk' has no attribute 'extract_knowledge'[0m [[0m[1m[34mpdf_pipeline.services.claude_provider[0m][0m [36merror[0m=[35m"module 'claude_agent_sdk' has no attribute 'extract_knowledge'"[0m [36mmodule[0m=[35mclaude_provider[0m [36mprovider[0m=[35mClaudeCodeProvider[0m
[[31m[1merror    [0m] [1mClaudeCodeProvider.extract_knowledge failed: module 'claude_agent_sdk' has no attribute 'extract_knowledge'[0m [[0m[1m[34mpdf_pipeline.services.claude_provider[0m][0m [36merror[0m=[35m"module 'claude_agent_sdk' has no attribute 'extract_knowledge'"[0m [36mmodule[0m=[35mclaude_provider[0m [36mprovider[0m=[35mClaudeCodeProvider[0m
[[31m[1merror    [0m] [1mAll providers failed for operation 'extract_knowledge'. Errors: ClaudeCodeProvider: ClaudeCodeProvider.extract_knowledge failed: module 'claude_agent_sdk' has no attribute 'extract_knowledge'[0m [[0m[1m[34mpdf_pipeline.services.provider_chain[0m][0m [36merrors[0m=[35m["ClaudeCodeProvider: ClaudeCodeProvider.extract_knowledge failed: module 'claude_agent_sdk' has no attribute 'extract_knowledge'"][0m [36mmodule[0m=[35mprovider_chain[0m [36moperation[0m=[35mextract_knowledge[0m [36mprovider_count[0m=[35m1[0m
[[31m[1merror    [0m] [1mAll providers failed for operation 'extract_knowledge'. Errors: ClaudeCodeProvider: ClaudeCodeProvider.extract_knowledge failed: module 'claude_agent_sdk' has no attribute 'extract_knowledge'[0m [[0m[1m[34mpdf_pipeline.services.provider_chain[0m][0m [36merrors[0m=[35m["ClaudeCodeProvider: ClaudeCodeProvider.extract_knowledge failed: module 'claude_agent_sdk' has no attribute 'extract_knowledge'"][0m [36mmodule[0m=[35mprovider_chain[0m [36moperation[0m=[35mextract_knowledge[0m [36mprovider_count[0m=[35m1[0m
[[31m[1merror    [0m] [1mClaudeCodeProvider.extract_knowledge failed: module 'claude_agent_sdk' has no attribute 'extract_knowledge'[0m [[0m[1m[34mpdf_pipeline.services.claude_provider[0m][0m [36merror[0m=[35m"module 'claude_agent_sdk' has no attribute 'extract_knowledge'"[0m [36mmodule[0m=[35mclaude_provider[0m [36mprovider[0m=[35mClaudeCodeProvider[0m
[[31m[1merror    [0m] [1mAll providers failed for operation 'extract_knowledge'. Errors: ClaudeCodeProvider: ClaudeCodeProvider.extract_knowledge failed: module 'claude_agent_sdk' has no attribute 'extract_knowledge'[0m [[0m[1m[34mpdf_pipeline.services.provider_chain[0m][0m [36merrors[0m=[35m["ClaudeCodeProvider: ClaudeCodeProvider.extract_knowledge failed: module 'claude_agent_sdk' has no attribute 'extract_knowledge'"][0m [36mmodule[0m=[35mprovider_chain[0m [36moperation[0m=[35mextract_knowledge[0m [36mprovider_count[0m=[35m1[0m
[[31m[1merror    [0m] [1mAll providers failed for operation 'extract_knowledge'. Errors: ClaudeCodeProvider: ClaudeCodeProvider.extract_knowledge failed: module 'claude_agent_sdk' has no attribute 'extract_knowledge'[0m [[0m[1m[34mpdf_pipeline.services.provider_chain[0m][0m [36merrors[0m=[35m["ClaudeCodeProvider: ClaudeCodeProvider.extract_knowledge failed: module 'claude_agent_sdk' has no attribute 'extract_knowledge'"][0m [36mmodule[0m=[35mprovider_chain[0m [36moperation[0m=[35mextract_knowledge[0m [36mprovider_count[0m=[35m1[0m
[[31m[1merror    [0m] [1mClaudeCodeProvider.extract_knowledge failed: module 'claude_agent_sdk' has no attribute 'extract_knowledge'[0m [[0m[1m[34mpdf_pipeline.services.claude_provider[0m][0m [36merror[0m=[35m"module 'claude_agent_sdk' has no attribute 'extract_knowledge'"[0m [36mmodule[0m=[35mclaude_provider[0m [36mprovider[0m=[35mClaudeCodeProvider[0m
[[31m[1merror    [0m] [1mClaudeCodeProvider.extract_knowledge failed: module 'claude_agent_sdk' has no attribute 'extract_knowledge'[0m [[0m[1m[34mpdf_pipeline.services.claude_provider[0m][0m [36merror[0m=[35m"module 'claude_agent_sdk' has no attribute 'extract_knowledge'"[0m [36mmodule[0m=[35mclaude_provider[0m [36mprovider[0m=[35mClaudeCodeProvider[0m
[[31m[1merror    [0m] [1mAll providers failed for operation 'extract_knowledge'. Errors: ClaudeCodeProvider: ClaudeCodeProvider.extract_knowledge failed: module 'claude_agent_sdk' has no attribute 'extract_knowledge'[0m [[0m[1m[34mpdf_pipeline.services.provider_chain[0m][0m [36merrors[0m=[35m["ClaudeCodeProvider: ClaudeCodeProvider.extract_knowledge failed: module 'claude_agent_sdk' has no attribute 'extract_knowledge'"][0m [36mmodule[0m=[35mprovider_chain[0m [36moperation[0m=[35mextract_knowledge[0m [36mprovider_count[0m=[35m1[0m
[[31m[1merror    [0m] [1mClaudeCodeProvider.extract_knowledge failed: module 'claude_agent_sdk' has no attribute 'extract_knowledge'[0m [[0m[1m[34mpdf_pipeline.services.claude_provider[0m][0m [36merror[0m=[35m"module 'claude_agent_sdk' has no attribute 'extract_knowledge'"[0m [36mmodule[0m=[35mclaude_provider[0m [36mprovider[0m=[35mClaudeCodeProvider[0m
[[31m[1merror    [0m] [1mClaudeCodeProvider.extract_knowledge failed: module 'claude_agent_sdk' has no attribute 'extract_knowledge'[0m [[0m[1m[34mpdf_pipeline.services.claude_provider[0m][0m [36merror[0m=[35m"module 'claude_agent_sdk' has no attribute 'extract_knowledge'"[0m [36mmodule[0m=[35mclaude_provider[0m [36mprovider[0m=[35mClaudeCodeProvider[0m
[[31m[1merror    [0m] [1mAll providers failed for operation 'extract_knowledge'. Errors: ClaudeCodeProvider: ClaudeCodeProvider.extract_knowledge failed: module 'claude_agent_sdk' has no attribute 'extract_knowledge'[0m [[0m[1m[34mpdf_pipeline.services.provider_chain[0m][0m [36merrors[0m=[35m["ClaudeCodeProvider: ClaudeCodeProvider.extract_knowledge failed: module 'claude_agent_sdk' has no attribute 'extract_knowledge'"][0m [36mmodule[0m=[35mprovider_chain[0m [36moperation[0m=[35mextract_knowledge[0m [36mprovider_count[0m=[35m1[0m
[[31m[1merror    [0m] [1mAll providers failed for operation 'extract_knowledge'. Errors: ClaudeCodeProvider: ClaudeCodeProvider.extract_knowledge failed: module 'claude_agent_sdk' has no attribute 'extract_knowledge'[0m [[0m[1m[34mpdf_pipeline.services.provider_chain[0m][0m [36merrors[0m=[35m["ClaudeCodeProvider: ClaudeCodeProvider.extract_knowledge failed: module 'claude_agent_sdk' has no attribute 'extract_knowledge'"][0m [36mmodule[0m=[35mprovider_chain[0m [36moperation[0m=[35mextract_knowledge[0m [36mprovider_count[0m=[35m1[0m
[[31m[1merror    [0m] [1mClaudeCodeProvider.extract_knowledge failed: module 'claude_agent_sdk' has no attribute 'extract_knowledge'[0m [[0m[1m[34mpdf_pipeline.services.claude_provider[0m][0m [36merror[0m=[35m"module 'claude_agent_sdk' has no attribute 'extract_knowledge'"[0m [36mmodule[0m=[35mclaude_provider[0m [36mprovider[0m=[35mClaudeCodeProvider[0m
[[31m[1merror    [0m] [1mAll providers failed for operation 'extract_knowledge'. Errors: ClaudeCodeProvider: ClaudeCodeProvider.extract_knowledge failed: module 'claude_agent_sdk' has no attribute 'extract_knowledge'[0m [[0m[1m[34mpdf_pipeline.services.provider_chain[0m][0m [36merrors[0m=[35m["ClaudeCodeProvider: ClaudeCodeProvider.extract_knowledge failed: module 'claude_agent_sdk' has no attribute 'extract_knowledge'"][0m [36mmodule[0m=[35mprovider_chain[0m [36moperation[0m=[35mextract_knowledge[0m [36mprovider_count[0m=[35m1[0m
[[31m[1merror    [0m] [1mAll providers failed for operation 'extract_knowledge'. Errors: ClaudeCodeProvider: ClaudeCodeProvider.extract_knowledge failed: module 'claude_agent_sdk' has no attribute 'extract_knowledge'[0m [[0m[1m[34mpdf_pipeline.services.provider_chain[0m][0m [36merrors[0m=[35m["ClaudeCodeProvider: ClaudeCodeProvider.extract_knowledge failed: module 'claude_agent_sdk' has no attribute 'extract_knowledge'"][0m [36mmodule[0m=[35mprovider_chain[0m [36moperation[0m=[35mextract_knowledge[0m [36mprovider_count[0m=[35m1[0m
[[31m[1merror    [0m] [1mClaudeCodeProvider.extract_knowledge failed: module 'claude_agent_sdk' has no attribute 'extract_knowledge'[0m [[0m[1m[34mpdf_pipeline.services.claude_provider[0m][0m [36merror[0m=[35m"module 'claude_agent_sdk' has no attribute 'extract_knowledge'"[0m [36mmodule[0m=[35mclaude_provider[0m [36mprovider[0m=[35mClaudeCodeProvider[0m
[[31m[1merror    [0m] [1mClaudeCodeProvider.extract_knowledge failed: module 'claude_agent_sdk' has no attribute 'extract_knowledge'[0m [[0m[1m[34mpdf_pipeline.services.claude_provider[0m][0m [36merror[0m=[35m"module 'claude_agent_sdk' has no attribute 'extract_knowledge'"[0m [36mmodule[0m=[35mclaude_provider[0m [36mprovider[0m=[35mClaudeCodeProvider[0m
[[31m[1merror    [0m] [1mAll providers failed for operation 'extract_knowledge'. Errors: ClaudeCodeProvider: ClaudeCodeProvider.extract_knowledge failed: module 'claude_agent_sdk' has no attribute 'extract_knowledge'[0m [[0m[1m[34mpdf_pipeline.services.provider_chain[0m][0m [36merrors[0m=[35m["ClaudeCodeProvider: ClaudeCodeProvider.extract_knowledge failed: module 'claude_agent_sdk' has no attribute 'extract_knowledge'"][0m [36mmodule[0m=[35mprovider_chain[0m [36moperation[0m=[35mextract_knowledge[0m [36mprovider_count[0m=[35m1[0m
[[31m[1merror    [0m] [1mClaudeCodeProvider.extract_knowledge failed: module 'claude_agent_sdk' has no attribute 'extract_knowledge'[0m [[0m[1m[34mpdf_pipeline.services.claude_provider[0m][0m [36merror[0m=[35m"module 'claude_agent_sdk' has no attribute 'extract_knowledge'"[0m [36mmodule[0m=[35mclaude_provider[0m [36mprovider[0m=[35mClaudeCodeProvider[0m
[[31m[1merror    [0m] [1mClaudeCodeProvider.extract_knowledge failed: module 'claude_agent_sdk' has no attribute 'extract_knowledge'[0m [[0m[1m[34mpdf_pipeline.services.claude_provider[0m][0m [36merror[0m=[35m"module 'claude_agent_sdk' has no attribute 'extract_knowledge'"[0m [36mmodule[0m=[35mclaude_provider[0m [36mprovider[0m=[35mClaudeCodeProvider[0m
[[31m[1merror    [0m] [1mAll providers failed for operation 'extract_knowledge'. Errors: ClaudeCodeProvider: ClaudeCodeProvider.extract_knowledge failed: module 'claude_agent_sdk' has no attribute 'extract_knowledge'[0m [[0m[1m[34mpdf_pipeline.services.provider_chain[0m][0m [36merrors[0m=[35m["ClaudeCodeProvider: ClaudeCodeProvider.extract_knowledge failed: module 'claude_agent_sdk' has no attribute 'extract_knowledge'"][0m [36mmodule[0m=[35mprovider_chain[0m [36moperation[0m=[35mextract_knowledge[0m [36mprovider_count[0m=[35m1[0m
[[31m[1merror    [0m] [1mAll providers failed for operation 'extract_knowledge'. Errors: ClaudeCodeProvider: ClaudeCodeProvider.extract_knowledge failed: module 'claude_agent_sdk' has no attribute 'extract_knowledge'[0m [[0m[1m[34mpdf_pipeline.services.provider_chain[0m][0m [36merrors[0m=[35m["ClaudeCodeProvider: ClaudeCodeProvider.extract_knowledge failed: module 'claude_agent_sdk' has no attribute 'extract_knowledge'"][0m [36mmodule[0m=[35mprovider_chain[0m [36moperation[0m=[35mextract_knowledge[0m [36mprovider_count[0m=[35m1[0m
[[31m[1merror    [0m] [1mClaudeCodeProvider.extract_knowledge failed: module 'claude_agent_sdk' has no attribute 'extract_knowledge'[0m [[0m[1m[34mpdf_pipeline.services.claude_provider[0m][0m [36merror[0m=[35m"module 'claude_agent_sdk' has no attribute 'extract_knowledge'"[0m [36mmodule[0m=[35mclaude_provider[0m [36mprovider[0m=[35mClaudeCodeProvider[0m
[[31m[1merror    [0m] [1mAll providers failed for operation 'extract_knowledge'. Errors: ClaudeCodeProvider: ClaudeCodeProvider.extract_knowledge failed: module 'claude_agent_sdk' has no attribute 'extract_knowledge'[0m [[0m[1m[34mpdf_pipeline.services.provider_chain[0m][0m [36merrors[0m=[35m["ClaudeCodeProvider: ClaudeCodeProvider.extract_knowledge failed: module 'claude_agent_sdk' has no attribute 'extract_knowledge'"][0m [36mmodule[0m=[35mprovider_chain[0m [36moperation[0m=[35mextract_knowledge[0m [36mprovider_count[0m=[35m1[0m
[[31m[1merror    [0m] [1mAll providers failed for operation 'extract_knowledge'. Errors: ClaudeCodeProvider: ClaudeCodeProvider.extract_knowledge failed: module 'claude_agent_sdk' has no attribute 'extract_knowledge'[0m [[0m[1m[34mpdf_pipeline.services.provider_chain[0m][0m [36merrors[0m=[35m["ClaudeCodeProvider: ClaudeCodeProvider.extract_knowledge failed: module 'claude_agent_sdk' has no attribute 'extract_knowledge'"][0m [36mmodule[0m=[35mprovider_chain[0m [36moperation[0m=[35mextract_knowledge[0m [36mprovider_count[0m=[35m1[0m
[[31m[1merror    [0m] [1mClaudeCodeProvider.extract_knowledge failed: module 'claude_agent_sdk' has no attribute 'extract_knowledge'[0m [[0m[1m[34mpdf_pipeline.services.claude_provider[0m][0m [36merror[0m=[35m"module 'claude_agent_sdk' has no attribute 'extract_knowledge'"[0m [36mmodule[0m=[35mclaude_provider[0m [36mprovider[0m=[35mClaudeCodeProvider[0m
[[31m[1merror    [0m] [1mClaudeCodeProvider.extract_knowledge failed: module 'claude_agent_sdk' has no attribute 'extract_knowledge'[0m [[0m[1m[34mpdf_pipeline.services.claude_provider[0m][0m [36merror[0m=[35m"module 'claude_agent_sdk' has no attribute 'extract_knowledge'"[0m [36mmodule[0m=[35mclaude_provider[0m [36mprovider[0m=[35mClaudeCodeProvider[0m
[[31m[1merror    [0m] [1mAll providers failed for operation 'extract_knowledge'. Errors: ClaudeCodeProvider: ClaudeCodeProvider.extract_knowledge failed: module 'claude_agent_sdk' has no attribute 'extract_knowledge'[0m [[0m[1m[34mpdf_pipeline.services.provider_chain[0m][0m [36merrors[0m=[35m["ClaudeCodeProvider: ClaudeCodeProvider.extract_knowledge failed: module 'claude_agent_sdk' has no attribute 'extract_knowledge'"][0m [36mmodule[0m=[35mprovider_chain[0m [36moperation[0m=[35mextract_knowledge[0m [36mprovider_count[0m=[35m1[0m
[[31m[1merror    [0m] [1mClaudeCodeProvider.extract_knowledge failed: module 'claude_agent_sdk' has no attribute 'extract_knowledge'[0m [[0m[1m[34mpdf_pipeline.services.claude_provider[0m][0m [36merror[0m=[35m"module 'claude_agent_sdk' has no attribute 'extract_knowledge'"[0m [36mmodule[0m=[35mclaude_provider[0m [36mprovider[0m=[35mClaudeCodeProvider[0m
[[31m[1merror    [0m] [1mAll providers failed for operation 'extract_knowledge'. Errors: ClaudeCodeProvider: ClaudeCodeProvider.extract_knowledge failed: module 'claude_agent_sdk' has no attribute 'extract_knowledge'[0m [[0m[1m[34mpdf_pipeline.services.provider_chain[0m][0m [36merrors[0m=[35m["ClaudeCodeProvider: ClaudeCodeProvider.extract_knowledge failed: module 'claude_agent_sdk' has no attribute 'extract_knowledge'"][0m [36mmodule[0m=[35mprovider_chain[0m [36moperation[0m=[35mextract_knowledge[0m [36mprovider_count[0m=[35m1[0m
[[31m[1merror    [0m] [1mAll providers failed for operation 'extract_knowledge'. Errors: ClaudeCodeProvider: ClaudeCodeProvider.extract_knowledge failed: module 'claude_agent_sdk' has no attribute 'extract_knowledge'[0m [[0m[1m[34mpdf_pipeline.services.provider_chain[0m][0m [36merrors[0m=[35m["ClaudeCodeProvider: ClaudeCodeProvider.extract_knowledge failed: module 'claude_agent_sdk' has no attribute 'extract_knowledge'"][0m [36mmodule[0m=[35mprovider_chain[0m [36moperation[0m=[35mextract_knowledge[0m [36mprovider_count[0m=[35m1[0m
[[31m[1merror    [0m] [1mAll providers failed for operation 'extract_knowledge'. Errors: ClaudeCodeProvider: ClaudeCodeProvider.extract_knowledge failed: module 'claude_agent_sdk' has no attribute 'extract_knowledge'[0m [[0m[1m[34mpdf_pipeline.services.provider_chain[0m][0m [36merrors[0m=[35m["ClaudeCodeProvider: ClaudeCodeProvider.extract_knowledge failed: module 'claude_agent_sdk' has no attribute 'extract_knowledge'"][0m [36mmodule[0m=[35mprovider_chain[0m [36moperation[0m=[35mextract_knowledge[0m [36mprovider_count[0m=[35m1[0m
entities=0 facts=0 claims=0 datapoints=0
[2026-03-31 22:39:50]   Phase 2: 完了
[2026-03-31 22:39:50]   Phase 3: emit_research_queue 開始
Queue file: .tmp/graph-queue/pdf-extraction/gq-20260331133950-d2a5abe7.json
[2026-03-31 22:39:50]   Phase 3: 完了 → .tmp/graph-queue/pdf-extraction/gq-20260331133950-d2a5abe7.json
[2026-03-31 22:39:50]   Phase 4a: entity_linker 開始
Warning: You are sending unauthenticated requests to the HF Hub. Please set a HF_TOKEN to enable higher rate limits and faster downloads.
[[33m[1mwarning  [0m] [1mWarning: You are sending unauthenticated requests to the HF Hub. Please set a HF_TOKEN to enable higher rate limits and faster downloads.[0m [[0m[1m[34mhuggingface_hub.utils._http[0m][0m
Loading weights:   0%|          | 0/391 [00:00<?, ?it/s]Loading weights: 100%|██████████| 391/391 [00:00<00:00, 23160.84it/s]
[1mXLMRobertaModel LOAD REPORT[0m from: intfloat/multilingual-e5-large
Key                     | Status     |  | 
------------------------+------------+--+-
embeddings.position_ids | UNEXPECTED |  | 

[3mNotes:
- UNEXPECTED[3m	:can be ignored when loading from different task/architecture; not ok if you expect identical arch.[0m
[2026-03-31 22:39:59]   Phase 4a: 完了
[2026-03-31 22:39:59]   Phase 4b: neo4j_loader 開始
[2026-03-31 22:39:59]   Phase 4b: 完了
[2026-03-31 22:39:59] --- [11/31] Citi ISAT@IJ Indosat (ISAT.JK) A Strong FY25 Finish and a Po...
[2026-03-31 22:39:59]   Phase 2: extract_knowledge 開始
[[31m[1merror    [0m] [1mClaudeCodeProvider.extract_knowledge failed: module 'claude_agent_sdk' has no attribute 'extract_knowledge'[0m [[0m[1m[34mpdf_pipeline.services.claude_provider[0m][0m [36merror[0m=[35m"module 'claude_agent_sdk' has no attribute 'extract_knowledge'"[0m [36mmodule[0m=[35mclaude_provider[0m [36mprovider[0m=[35mClaudeCodeProvider[0m
[[31m[1merror    [0m] [1mClaudeCodeProvider.extract_knowledge failed: module 'claude_agent_sdk' has no attribute 'extract_knowledge'[0m [[0m[1m[34mpdf_pipeline.services.claude_provider[0m][0m [36merror[0m=[35m"module 'claude_agent_sdk' has no attribute 'extract_knowledge'"[0m [36mmodule[0m=[35mclaude_provider[0m [36mprovider[0m=[35mClaudeCodeProvider[0m
[[31m[1merror    [0m] [1mClaudeCodeProvider.extract_knowledge failed: module 'claude_agent_sdk' has no attribute 'extract_knowledge'[0m [[0m[1m[34mpdf_pipeline.services.claude_provider[0m][0m [36merror[0m=[35m"module 'claude_agent_sdk' has no attribute 'extract_knowledge'"[0m [36mmodule[0m=[35mclaude_provider[0m [36mprovider[0m=[35mClaudeCodeProvider[0m
[[31m[1merror    [0m] [1mAll providers failed for operation 'extract_knowledge'. Errors: ClaudeCodeProvider: ClaudeCodeProvider.extract_knowledge failed: module 'claude_agent_sdk' has no attribute 'extract_knowledge'[0m [[0m[1m[34mpdf_pipeline.services.provider_chain[0m][0m [36merrors[0m=[35m["ClaudeCodeProvider: ClaudeCodeProvider.extract_knowledge failed: module 'claude_agent_sdk' has no attribute 'extract_knowledge'"][0m [36mmodule[0m=[35mprovider_chain[0m [36moperation[0m=[35mextract_knowledge[0m [36mprovider_count[0m=[35m1[0m
[[31m[1merror    [0m] [1mClaudeCodeProvider.extract_knowledge failed: module 'claude_agent_sdk' has no attribute 'extract_knowledge'[0m [[0m[1m[34mpdf_pipeline.services.claude_provider[0m][0m [36merror[0m=[35m"module 'claude_agent_sdk' has no attribute 'extract_knowledge'"[0m [36mmodule[0m=[35mclaude_provider[0m [36mprovider[0m=[35mClaudeCodeProvider[0m
[[31m[1merror    [0m] [1mClaudeCodeProvider.extract_knowledge failed: module 'claude_agent_sdk' has no attribute 'extract_knowledge'[0m [[0m[1m[34mpdf_pipeline.services.claude_provider[0m][0m [36merror[0m=[35m"module 'claude_agent_sdk' has no attribute 'extract_knowledge'"[0m [36mmodule[0m=[35mclaude_provider[0m [36mprovider[0m=[35mClaudeCodeProvider[0m
[[31m[1merror    [0m] [1mAll providers failed for operation 'extract_knowledge'. Errors: ClaudeCodeProvider: ClaudeCodeProvider.extract_knowledge failed: module 'claude_agent_sdk' has no attribute 'extract_knowledge'[0m [[0m[1m[34mpdf_pipeline.services.provider_chain[0m][0m [36merrors[0m=[35m["ClaudeCodeProvider: ClaudeCodeProvider.extract_knowledge failed: module 'claude_agent_sdk' has no attribute 'extract_knowledge'"][0m [36mmodule[0m=[35mprovider_chain[0m [36moperation[0m=[35mextract_knowledge[0m [36mprovider_count[0m=[35m1[0m
[[31m[1merror    [0m] [1mAll providers failed for operation 'extract_knowledge'. Errors: ClaudeCodeProvider: ClaudeCodeProvider.extract_knowledge failed: module 'claude_agent_sdk' has no attribute 'extract_knowledge'[0m [[0m[1m[34mpdf_pipeline.services.provider_chain[0m][0m [36merrors[0m=[35m["ClaudeCodeProvider: ClaudeCodeProvider.extract_knowledge failed: module 'claude_agent_sdk' has no attribute 'extract_knowledge'"][0m [36mmodule[0m=[35mprovider_chain[0m [36moperation[0m=[35mextract_knowledge[0m [36mprovider_count[0m=[35m1[0m
[[31m[1merror    [0m] [1mClaudeCodeProvider.extract_knowledge failed: module 'claude_agent_sdk' has no attribute 'extract_knowledge'[0m [[0m[1m[34mpdf_pipeline.services.claude_provider[0m][0m [36merror[0m=[35m"module 'claude_agent_sdk' has no attribute 'extract_knowledge'"[0m [36mmodule[0m=[35mclaude_provider[0m [36mprovider[0m=[35mClaudeCodeProvider[0m
[[31m[1merror    [0m] [1mAll providers failed for operation 'extract_knowledge'. Errors: ClaudeCodeProvider: ClaudeCodeProvider.extract_knowledge failed: module 'claude_agent_sdk' has no attribute 'extract_knowledge'[0m [[0m[1m[34mpdf_pipeline.services.provider_chain[0m][0m [36merrors[0m=[35m["ClaudeCodeProvider: ClaudeCodeProvider.extract_knowledge failed: module 'claude_agent_sdk' has no attribute 'extract_knowledge'"][0m [36mmodule[0m=[35mprovider_chain[0m [36moperation[0m=[35mextract_knowledge[0m [36mprovider_count[0m=[35m1[0m
[[31m[1merror    [0m] [1mAll providers failed for operation 'extract_knowledge'. Errors: ClaudeCodeProvider: ClaudeCodeProvider.extract_knowledge failed: module 'claude_agent_sdk' has no attribute 'extract_knowledge'[0m [[0m[1m[34mpdf_pipeline.services.provider_chain[0m][0m [36merrors[0m=[35m["ClaudeCodeProvider: ClaudeCodeProvider.extract_knowledge failed: module 'claude_agent_sdk' has no attribute 'extract_knowledge'"][0m [36mmodule[0m=[35mprovider_chain[0m [36moperation[0m=[35mextract_knowledge[0m [36mprovider_count[0m=[35m1[0m
[[31m[1merror    [0m] [1mClaudeCodeProvider.extract_knowledge failed: module 'claude_agent_sdk' has no attribute 'extract_knowledge'[0m [[0m[1m[34mpdf_pipeline.services.claude_provider[0m][0m [36merror[0m=[35m"module 'claude_agent_sdk' has no attribute 'extract_knowledge'"[0m [36mmodule[0m=[35mclaude_provider[0m [36mprovider[0m=[35mClaudeCodeProvider[0m
[[31m[1merror    [0m] [1mClaudeCodeProvider.extract_knowledge failed: module 'claude_agent_sdk' has no attribute 'extract_knowledge'[0m [[0m[1m[34mpdf_pipeline.services.claude_provider[0m][0m [36merror[0m=[35m"module 'claude_agent_sdk' has no attribute 'extract_knowledge'"[0m [36mmodule[0m=[35mclaude_provider[0m [36mprovider[0m=[35mClaudeCodeProvider[0m
[[31m[1merror    [0m] [1mAll providers failed for operation 'extract_knowledge'. Errors: ClaudeCodeProvider: ClaudeCodeProvider.extract_knowledge failed: module 'claude_agent_sdk' has no attribute 'extract_knowledge'[0m [[0m[1m[34mpdf_pipeline.services.provider_chain[0m][0m [36merrors[0m=[35m["ClaudeCodeProvider: ClaudeCodeProvider.extract_knowledge failed: module 'claude_agent_sdk' has no attribute 'extract_knowledge'"][0m [36mmodule[0m=[35mprovider_chain[0m [36moperation[0m=[35mextract_knowledge[0m [36mprovider_count[0m=[35m1[0m
[[31m[1merror    [0m] [1mAll providers failed for operation 'extract_knowledge'. Errors: ClaudeCodeProvider: ClaudeCodeProvider.extract_knowledge failed: module 'claude_agent_sdk' has no attribute 'extract_knowledge'[0m [[0m[1m[34mpdf_pipeline.services.provider_chain[0m][0m [36merrors[0m=[35m["ClaudeCodeProvider: ClaudeCodeProvider.extract_knowledge failed: module 'claude_agent_sdk' has no attribute 'extract_knowledge'"][0m [36mmodule[0m=[35mprovider_chain[0m [36moperation[0m=[35mextract_knowledge[0m [36mprovider_count[0m=[35m1[0m
[[31m[1merror    [0m] [1mAll providers failed for operation 'extract_knowledge'. Errors: ClaudeCodeProvider: ClaudeCodeProvider.extract_knowledge failed: module 'claude_agent_sdk' has no attribute 'extract_knowledge'[0m [[0m[1m[34mpdf_pipeline.services.provider_chain[0m][0m [36merrors[0m=[35m["ClaudeCodeProvider: ClaudeCodeProvider.extract_knowledge failed: module 'claude_agent_sdk' has no attribute 'extract_knowledge'"][0m [36mmodule[0m=[35mprovider_chain[0m [36moperation[0m=[35mextract_knowledge[0m [36mprovider_count[0m=[35m1[0m
entities=0 facts=0 claims=0 datapoints=0
[2026-03-31 22:40:00]   Phase 2: 完了
[2026-03-31 22:40:00]   Phase 3: emit_research_queue 開始
Queue file: .tmp/graph-queue/pdf-extraction/gq-20260331134000-6ec9eb4f.json
[2026-03-31 22:40:00]   Phase 3: 完了 → .tmp/graph-queue/pdf-extraction/gq-20260331134000-6ec9eb4f.json
[2026-03-31 22:40:00]   Phase 4a: entity_linker 開始
Warning: You are sending unauthenticated requests to the HF Hub. Please set a HF_TOKEN to enable higher rate limits and faster downloads.
[[33m[1mwarning  [0m] [1mWarning: You are sending unauthenticated requests to the HF Hub. Please set a HF_TOKEN to enable higher rate limits and faster downloads.[0m [[0m[1m[34mhuggingface_hub.utils._http[0m][0m
Loading weights:   0%|          | 0/391 [00:00<?, ?it/s]Loading weights: 100%|██████████| 391/391 [00:00<00:00, 28127.48it/s]
[1mXLMRobertaModel LOAD REPORT[0m from: intfloat/multilingual-e5-large
Key                     | Status     |  | 
------------------------+------------+--+-
embeddings.position_ids | UNEXPECTED |  | 

[3mNotes:
- UNEXPECTED[3m	:can be ignored when loading from different task/architecture; not ok if you expect identical arch.[0m
[2026-03-31 22:40:07]   Phase 4a: 完了
[2026-03-31 22:40:07]   Phase 4b: neo4j_loader 開始
[2026-03-31 22:40:07]   Phase 4b: 完了
[2026-03-31 22:40:07] --- [12/31] Citi ISAT@IJ Indosat (ISAT.JK) Challenging Near-term Revenue...
[2026-03-31 22:40:07]   Phase 2: extract_knowledge 開始
[[31m[1merror    [0m] [1mClaudeCodeProvider.extract_knowledge failed: module 'claude_agent_sdk' has no attribute 'extract_knowledge'[0m [[0m[1m[34mpdf_pipeline.services.claude_provider[0m][0m [36merror[0m=[35m"module 'claude_agent_sdk' has no attribute 'extract_knowledge'"[0m [36mmodule[0m=[35mclaude_provider[0m [36mprovider[0m=[35mClaudeCodeProvider[0m
[[31m[1merror    [0m] [1mClaudeCodeProvider.extract_knowledge failed: module 'claude_agent_sdk' has no attribute 'extract_knowledge'[0m [[0m[1m[34mpdf_pipeline.services.claude_provider[0m][0m [36merror[0m=[35m"module 'claude_agent_sdk' has no attribute 'extract_knowledge'"[0m [36mmodule[0m=[35mclaude_provider[0m [36mprovider[0m=[35mClaudeCodeProvider[0m
[[31m[1merror    [0m] [1mClaudeCodeProvider.extract_knowledge failed: module 'claude_agent_sdk' has no attribute 'extract_knowledge'[0m [[0m[1m[34mpdf_pipeline.services.claude_provider[0m][0m [36merror[0m=[35m"module 'claude_agent_sdk' has no attribute 'extract_knowledge'"[0m [36mmodule[0m=[35mclaude_provider[0m [36mprovider[0m=[35mClaudeCodeProvider[0m
[[31m[1merror    [0m] [1mAll providers failed for operation 'extract_knowledge'. Errors: ClaudeCodeProvider: ClaudeCodeProvider.extract_knowledge failed: module 'claude_agent_sdk' has no attribute 'extract_knowledge'[0m [[0m[1m[34mpdf_pipeline.services.provider_chain[0m][0m [36merrors[0m=[35m["ClaudeCodeProvider: ClaudeCodeProvider.extract_knowledge failed: module 'claude_agent_sdk' has no attribute 'extract_knowledge'"][0m [36mmodule[0m=[35mprovider_chain[0m [36moperation[0m=[35mextract_knowledge[0m [36mprovider_count[0m=[35m1[0m
[[31m[1merror    [0m] [1mClaudeCodeProvider.extract_knowledge failed: module 'claude_agent_sdk' has no attribute 'extract_knowledge'[0m [[0m[1m[34mpdf_pipeline.services.claude_provider[0m][0m [36merror[0m=[35m"module 'claude_agent_sdk' has no attribute 'extract_knowledge'"[0m [36mmodule[0m=[35mclaude_provider[0m [36mprovider[0m=[35mClaudeCodeProvider[0m
[[31m[1merror    [0m] [1mClaudeCodeProvider.extract_knowledge failed: module 'claude_agent_sdk' has no attribute 'extract_knowledge'[0m [[0m[1m[34mpdf_pipeline.services.claude_provider[0m][0m [36merror[0m=[35m"module 'claude_agent_sdk' has no attribute 'extract_knowledge'"[0m [36mmodule[0m=[35mclaude_provider[0m [36mprovider[0m=[35mClaudeCodeProvider[0m
[[31m[1merror    [0m] [1mAll providers failed for operation 'extract_knowledge'. Errors: ClaudeCodeProvider: ClaudeCodeProvider.extract_knowledge failed: module 'claude_agent_sdk' has no attribute 'extract_knowledge'[0m [[0m[1m[34mpdf_pipeline.services.provider_chain[0m][0m [36merrors[0m=[35m["ClaudeCodeProvider: ClaudeCodeProvider.extract_knowledge failed: module 'claude_agent_sdk' has no attribute 'extract_knowledge'"][0m [36mmodule[0m=[35mprovider_chain[0m [36moperation[0m=[35mextract_knowledge[0m [36mprovider_count[0m=[35m1[0m
[[31m[1merror    [0m] [1mAll providers failed for operation 'extract_knowledge'. Errors: ClaudeCodeProvider: ClaudeCodeProvider.extract_knowledge failed: module 'claude_agent_sdk' has no attribute 'extract_knowledge'[0m [[0m[1m[34mpdf_pipeline.services.provider_chain[0m][0m [36merrors[0m=[35m["ClaudeCodeProvider: ClaudeCodeProvider.extract_knowledge failed: module 'claude_agent_sdk' has no attribute 'extract_knowledge'"][0m [36mmodule[0m=[35mprovider_chain[0m [36moperation[0m=[35mextract_knowledge[0m [36mprovider_count[0m=[35m1[0m
[[31m[1merror    [0m] [1mClaudeCodeProvider.extract_knowledge failed: module 'claude_agent_sdk' has no attribute 'extract_knowledge'[0m [[0m[1m[34mpdf_pipeline.services.claude_provider[0m][0m [36merror[0m=[35m"module 'claude_agent_sdk' has no attribute 'extract_knowledge'"[0m [36mmodule[0m=[35mclaude_provider[0m [36mprovider[0m=[35mClaudeCodeProvider[0m
[[31m[1merror    [0m] [1mAll providers failed for operation 'extract_knowledge'. Errors: ClaudeCodeProvider: ClaudeCodeProvider.extract_knowledge failed: module 'claude_agent_sdk' has no attribute 'extract_knowledge'[0m [[0m[1m[34mpdf_pipeline.services.provider_chain[0m][0m [36merrors[0m=[35m["ClaudeCodeProvider: ClaudeCodeProvider.extract_knowledge failed: module 'claude_agent_sdk' has no attribute 'extract_knowledge'"][0m [36mmodule[0m=[35mprovider_chain[0m [36moperation[0m=[35mextract_knowledge[0m [36mprovider_count[0m=[35m1[0m
[[31m[1merror    [0m] [1mAll providers failed for operation 'extract_knowledge'. Errors: ClaudeCodeProvider: ClaudeCodeProvider.extract_knowledge failed: module 'claude_agent_sdk' has no attribute 'extract_knowledge'[0m [[0m[1m[34mpdf_pipeline.services.provider_chain[0m][0m [36merrors[0m=[35m["ClaudeCodeProvider: ClaudeCodeProvider.extract_knowledge failed: module 'claude_agent_sdk' has no attribute 'extract_knowledge'"][0m [36mmodule[0m=[35mprovider_chain[0m [36moperation[0m=[35mextract_knowledge[0m [36mprovider_count[0m=[35m1[0m
[[31m[1merror    [0m] [1mClaudeCodeProvider.extract_knowledge failed: module 'claude_agent_sdk' has no attribute 'extract_knowledge'[0m [[0m[1m[34mpdf_pipeline.services.claude_provider[0m][0m [36merror[0m=[35m"module 'claude_agent_sdk' has no attribute 'extract_knowledge'"[0m [36mmodule[0m=[35mclaude_provider[0m [36mprovider[0m=[35mClaudeCodeProvider[0m
[[31m[1merror    [0m] [1mClaudeCodeProvider.extract_knowledge failed: module 'claude_agent_sdk' has no attribute 'extract_knowledge'[0m [[0m[1m[34mpdf_pipeline.services.claude_provider[0m][0m [36merror[0m=[35m"module 'claude_agent_sdk' has no attribute 'extract_knowledge'"[0m [36mmodule[0m=[35mclaude_provider[0m [36mprovider[0m=[35mClaudeCodeProvider[0m
[[31m[1merror    [0m] [1mAll providers failed for operation 'extract_knowledge'. Errors: ClaudeCodeProvider: ClaudeCodeProvider.extract_knowledge failed: module 'claude_agent_sdk' has no attribute 'extract_knowledge'[0m [[0m[1m[34mpdf_pipeline.services.provider_chain[0m][0m [36merrors[0m=[35m["ClaudeCodeProvider: ClaudeCodeProvider.extract_knowledge failed: module 'claude_agent_sdk' has no attribute 'extract_knowledge'"][0m [36mmodule[0m=[35mprovider_chain[0m [36moperation[0m=[35mextract_knowledge[0m [36mprovider_count[0m=[35m1[0m
[[31m[1merror    [0m] [1mClaudeCodeProvider.extract_knowledge failed: module 'claude_agent_sdk' has no attribute 'extract_knowledge'[0m [[0m[1m[34mpdf_pipeline.services.claude_provider[0m][0m [36merror[0m=[35m"module 'claude_agent_sdk' has no attribute 'extract_knowledge'"[0m [36mmodule[0m=[35mclaude_provider[0m [36mprovider[0m=[35mClaudeCodeProvider[0m
[[31m[1merror    [0m] [1mClaudeCodeProvider.extract_knowledge failed: module 'claude_agent_sdk' has no attribute 'extract_knowledge'[0m [[0m[1m[34mpdf_pipeline.services.claude_provider[0m][0m [36merror[0m=[35m"module 'claude_agent_sdk' has no attribute 'extract_knowledge'"[0m [36mmodule[0m=[35mclaude_provider[0m [36mprovider[0m=[35mClaudeCodeProvider[0m
[[31m[1merror    [0m] [1mAll providers failed for operation 'extract_knowledge'. Errors: ClaudeCodeProvider: ClaudeCodeProvider.extract_knowledge failed: module 'claude_agent_sdk' has no attribute 'extract_knowledge'[0m [[0m[1m[34mpdf_pipeline.services.provider_chain[0m][0m [36merrors[0m=[35m["ClaudeCodeProvider: ClaudeCodeProvider.extract_knowledge failed: module 'claude_agent_sdk' has no attribute 'extract_knowledge'"][0m [36mmodule[0m=[35mprovider_chain[0m [36moperation[0m=[35mextract_knowledge[0m [36mprovider_count[0m=[35m1[0m
[[31m[1merror    [0m] [1mAll providers failed for operation 'extract_knowledge'. Errors: ClaudeCodeProvider: ClaudeCodeProvider.extract_knowledge failed: module 'claude_agent_sdk' has no attribute 'extract_knowledge'[0m [[0m[1m[34mpdf_pipeline.services.provider_chain[0m][0m [36merrors[0m=[35m["ClaudeCodeProvider: ClaudeCodeProvider.extract_knowledge failed: module 'claude_agent_sdk' has no attribute 'extract_knowledge'"][0m [36mmodule[0m=[35mprovider_chain[0m [36moperation[0m=[35mextract_knowledge[0m [36mprovider_count[0m=[35m1[0m
[[31m[1merror    [0m] [1mClaudeCodeProvider.extract_knowledge failed: module 'claude_agent_sdk' has no attribute 'extract_knowledge'[0m [[0m[1m[34mpdf_pipeline.services.claude_provider[0m][0m [36merror[0m=[35m"module 'claude_agent_sdk' has no attribute 'extract_knowledge'"[0m [36mmodule[0m=[35mclaude_provider[0m [36mprovider[0m=[35mClaudeCodeProvider[0m
[[31m[1merror    [0m] [1mAll providers failed for operation 'extract_knowledge'. Errors: ClaudeCodeProvider: ClaudeCodeProvider.extract_knowledge failed: module 'claude_agent_sdk' has no attribute 'extract_knowledge'[0m [[0m[1m[34mpdf_pipeline.services.provider_chain[0m][0m [36merrors[0m=[35m["ClaudeCodeProvider: ClaudeCodeProvider.extract_knowledge failed: module 'claude_agent_sdk' has no attribute 'extract_knowledge'"][0m [36mmodule[0m=[35mprovider_chain[0m [36moperation[0m=[35mextract_knowledge[0m [36mprovider_count[0m=[35m1[0m
[[31m[1merror    [0m] [1mAll providers failed for operation 'extract_knowledge'. Errors: ClaudeCodeProvider: ClaudeCodeProvider.extract_knowledge failed: module 'claude_agent_sdk' has no attribute 'extract_knowledge'[0m [[0m[1m[34mpdf_pipeline.services.provider_chain[0m][0m [36merrors[0m=[35m["ClaudeCodeProvider: ClaudeCodeProvider.extract_knowledge failed: module 'claude_agent_sdk' has no attribute 'extract_knowledge'"][0m [36mmodule[0m=[35mprovider_chain[0m [36moperation[0m=[35mextract_knowledge[0m [36mprovider_count[0m=[35m1[0m
[[31m[1merror    [0m] [1mClaudeCodeProvider.extract_knowledge failed: module 'claude_agent_sdk' has no attribute 'extract_knowledge'[0m [[0m[1m[34mpdf_pipeline.services.claude_provider[0m][0m [36merror[0m=[35m"module 'claude_agent_sdk' has no attribute 'extract_knowledge'"[0m [36mmodule[0m=[35mclaude_provider[0m [36mprovider[0m=[35mClaudeCodeProvider[0m
[[31m[1merror    [0m] [1mClaudeCodeProvider.extract_knowledge failed: module 'claude_agent_sdk' has no attribute 'extract_knowledge'[0m [[0m[1m[34mpdf_pipeline.services.claude_provider[0m][0m [36merror[0m=[35m"module 'claude_agent_sdk' has no attribute 'extract_knowledge'"[0m [36mmodule[0m=[35mclaude_provider[0m [36mprovider[0m=[35mClaudeCodeProvider[0m
[[31m[1merror    [0m] [1mAll providers failed for operation 'extract_knowledge'. Errors: ClaudeCodeProvider: ClaudeCodeProvider.extract_knowledge failed: module 'claude_agent_sdk' has no attribute 'extract_knowledge'[0m [[0m[1m[34mpdf_pipeline.services.provider_chain[0m][0m [36merrors[0m=[35m["ClaudeCodeProvider: ClaudeCodeProvider.extract_knowledge failed: module 'claude_agent_sdk' has no attribute 'extract_knowledge'"][0m [36mmodule[0m=[35mprovider_chain[0m [36moperation[0m=[35mextract_knowledge[0m [36mprovider_count[0m=[35m1[0m
[[31m[1merror    [0m] [1mClaudeCodeProvider.extract_knowledge failed: module 'claude_agent_sdk' has no attribute 'extract_knowledge'[0m [[0m[1m[34mpdf_pipeline.services.claude_provider[0m][0m [36merror[0m=[35m"module 'claude_agent_sdk' has no attribute 'extract_knowledge'"[0m [36mmodule[0m=[35mclaude_provider[0m [36mprovider[0m=[35mClaudeCodeProvider[0m
[[31m[1merror    [0m] [1mClaudeCodeProvider.extract_knowledge failed: module 'claude_agent_sdk' has no attribute 'extract_knowledge'[0m [[0m[1m[34mpdf_pipeline.services.claude_provider[0m][0m [36merror[0m=[35m"module 'claude_agent_sdk' has no attribute 'extract_knowledge'"[0m [36mmodule[0m=[35mclaude_provider[0m [36mprovider[0m=[35mClaudeCodeProvider[0m
[[31m[1merror    [0m] [1mAll providers failed for operation 'extract_knowledge'. Errors: ClaudeCodeProvider: ClaudeCodeProvider.extract_knowledge failed: module 'claude_agent_sdk' has no attribute 'extract_knowledge'[0m [[0m[1m[34mpdf_pipeline.services.provider_chain[0m][0m [36merrors[0m=[35m["ClaudeCodeProvider: ClaudeCodeProvider.extract_knowledge failed: module 'claude_agent_sdk' has no attribute 'extract_knowledge'"][0m [36mmodule[0m=[35mprovider_chain[0m [36moperation[0m=[35mextract_knowledge[0m [36mprovider_count[0m=[35m1[0m
[[31m[1merror    [0m] [1mAll providers failed for operation 'extract_knowledge'. Errors: ClaudeCodeProvider: ClaudeCodeProvider.extract_knowledge failed: module 'claude_agent_sdk' has no attribute 'extract_knowledge'[0m [[0m[1m[34mpdf_pipeline.services.provider_chain[0m][0m [36merrors[0m=[35m["ClaudeCodeProvider: ClaudeCodeProvider.extract_knowledge failed: module 'claude_agent_sdk' has no attribute 'extract_knowledge'"][0m [36mmodule[0m=[35mprovider_chain[0m [36moperation[0m=[35mextract_knowledge[0m [36mprovider_count[0m=[35m1[0m
[[31m[1merror    [0m] [1mClaudeCodeProvider.extract_knowledge failed: module 'claude_agent_sdk' has no attribute 'extract_knowledge'[0m [[0m[1m[34mpdf_pipeline.services.claude_provider[0m][0m [36merror[0m=[35m"module 'claude_agent_sdk' has no attribute 'extract_knowledge'"[0m [36mmodule[0m=[35mclaude_provider[0m [36mprovider[0m=[35mClaudeCodeProvider[0m
[[31m[1merror    [0m] [1mAll providers failed for operation 'extract_knowledge'. Errors: ClaudeCodeProvider: ClaudeCodeProvider.extract_knowledge failed: module 'claude_agent_sdk' has no attribute 'extract_knowledge'[0m [[0m[1m[34mpdf_pipeline.services.provider_chain[0m][0m [36merrors[0m=[35m["ClaudeCodeProvider: ClaudeCodeProvider.extract_knowledge failed: module 'claude_agent_sdk' has no attribute 'extract_knowledge'"][0m [36mmodule[0m=[35mprovider_chain[0m [36moperation[0m=[35mextract_knowledge[0m [36mprovider_count[0m=[35m1[0m
[[31m[1merror    [0m] [1mAll providers failed for operation 'extract_knowledge'. Errors: ClaudeCodeProvider: ClaudeCodeProvider.extract_knowledge failed: module 'claude_agent_sdk' has no attribute 'extract_knowledge'[0m [[0m[1m[34mpdf_pipeline.services.provider_chain[0m][0m [36merrors[0m=[35m["ClaudeCodeProvider: ClaudeCodeProvider.extract_knowledge failed: module 'claude_agent_sdk' has no attribute 'extract_knowledge'"][0m [36mmodule[0m=[35mprovider_chain[0m [36moperation[0m=[35mextract_knowledge[0m [36mprovider_count[0m=[35m1[0m
[[31m[1merror    [0m] [1mClaudeCodeProvider.extract_knowledge failed: module 'claude_agent_sdk' has no attribute 'extract_knowledge'[0m [[0m[1m[34mpdf_pipeline.services.claude_provider[0m][0m [36merror[0m=[35m"module 'claude_agent_sdk' has no attribute 'extract_knowledge'"[0m [36mmodule[0m=[35mclaude_provider[0m [36mprovider[0m=[35mClaudeCodeProvider[0m
[[31m[1merror    [0m] [1mClaudeCodeProvider.extract_knowledge failed: module 'claude_agent_sdk' has no attribute 'extract_knowledge'[0m [[0m[1m[34mpdf_pipeline.services.claude_provider[0m][0m [36merror[0m=[35m"module 'claude_agent_sdk' has no attribute 'extract_knowledge'"[0m [36mmodule[0m=[35mclaude_provider[0m [36mprovider[0m=[35mClaudeCodeProvider[0m
[[31m[1merror    [0m] [1mAll providers failed for operation 'extract_knowledge'. Errors: ClaudeCodeProvider: ClaudeCodeProvider.extract_knowledge failed: module 'claude_agent_sdk' has no attribute 'extract_knowledge'[0m [[0m[1m[34mpdf_pipeline.services.provider_chain[0m][0m [36merrors[0m=[35m["ClaudeCodeProvider: ClaudeCodeProvider.extract_knowledge failed: module 'claude_agent_sdk' has no attribute 'extract_knowledge'"][0m [36mmodule[0m=[35mprovider_chain[0m [36moperation[0m=[35mextract_knowledge[0m [36mprovider_count[0m=[35m1[0m
[[31m[1merror    [0m] [1mAll providers failed for operation 'extract_knowledge'. Errors: ClaudeCodeProvider: ClaudeCodeProvider.extract_knowledge failed: module 'claude_agent_sdk' has no attribute 'extract_knowledge'[0m [[0m[1m[34mpdf_pipeline.services.provider_chain[0m][0m [36merrors[0m=[35m["ClaudeCodeProvider: ClaudeCodeProvider.extract_knowledge failed: module 'claude_agent_sdk' has no attribute 'extract_knowledge'"][0m [36mmodule[0m=[35mprovider_chain[0m [36moperation[0m=[35mextract_knowledge[0m [36mprovider_count[0m=[35m1[0m
[[31m[1merror    [0m] [1mAll providers failed for operation 'extract_knowledge'. Errors: ClaudeCodeProvider: ClaudeCodeProvider.extract_knowledge failed: module 'claude_agent_sdk' has no attribute 'extract_knowledge'[0m [[0m[1m[34mpdf_pipeline.services.provider_chain[0m][0m [36merrors[0m=[35m["ClaudeCodeProvider: ClaudeCodeProvider.extract_knowledge failed: module 'claude_agent_sdk' has no attribute 'extract_knowledge'"][0m [36mmodule[0m=[35mprovider_chain[0m [36moperation[0m=[35mextract_knowledge[0m [36mprovider_count[0m=[35m1[0m
entities=0 facts=0 claims=0 datapoints=0
[2026-03-31 22:40:08]   Phase 2: 完了
[2026-03-31 22:40:08]   Phase 3: emit_research_queue 開始
Queue file: .tmp/graph-queue/pdf-extraction/gq-20260331134008-ace9294b.json
[2026-03-31 22:40:08]   Phase 3: 完了 → .tmp/graph-queue/pdf-extraction/gq-20260331134008-ace9294b.json
[2026-03-31 22:40:08]   Phase 4a: entity_linker 開始
Warning: You are sending unauthenticated requests to the HF Hub. Please set a HF_TOKEN to enable higher rate limits and faster downloads.
[[33m[1mwarning  [0m] [1mWarning: You are sending unauthenticated requests to the HF Hub. Please set a HF_TOKEN to enable higher rate limits and faster downloads.[0m [[0m[1m[34mhuggingface_hub.utils._http[0m][0m
Loading weights:   0%|          | 0/391 [00:00<?, ?it/s]Loading weights: 100%|██████████| 391/391 [00:00<00:00, 25704.90it/s]
[1mXLMRobertaModel LOAD REPORT[0m from: intfloat/multilingual-e5-large
Key                     | Status     |  | 
------------------------+------------+--+-
embeddings.position_ids | UNEXPECTED |  | 

[3mNotes:
- UNEXPECTED[3m	:can be ignored when loading from different task/architecture; not ok if you expect identical arch.[0m
[2026-03-31 22:40:15]   Phase 4a: 完了
[2026-03-31 22:40:15]   Phase 4b: neo4j_loader 開始
[2026-03-31 22:40:16]   Phase 4b: 完了
[2026-03-31 22:40:16] --- [13/31] HSBC ISAT@IJ Indosat Ooredoo Hutchison (ISAT IJ) Buy 3Q mixe...
[2026-03-31 22:40:16]   Phase 2: extract_knowledge 開始
[[31m[1merror    [0m] [1mClaudeCodeProvider.extract_knowledge failed: module 'claude_agent_sdk' has no attribute 'extract_knowledge'[0m [[0m[1m[34mpdf_pipeline.services.claude_provider[0m][0m [36merror[0m=[35m"module 'claude_agent_sdk' has no attribute 'extract_knowledge'"[0m [36mmodule[0m=[35mclaude_provider[0m [36mprovider[0m=[35mClaudeCodeProvider[0m
[[31m[1merror    [0m] [1mClaudeCodeProvider.extract_knowledge failed: module 'claude_agent_sdk' has no attribute 'extract_knowledge'[0m [[0m[1m[34mpdf_pipeline.services.claude_provider[0m][0m [36merror[0m=[35m"module 'claude_agent_sdk' has no attribute 'extract_knowledge'"[0m [36mmodule[0m=[35mclaude_provider[0m [36mprovider[0m=[35mClaudeCodeProvider[0m
[[31m[1merror    [0m] [1mClaudeCodeProvider.extract_knowledge failed: module 'claude_agent_sdk' has no attribute 'extract_knowledge'[0m [[0m[1m[34mpdf_pipeline.services.claude_provider[0m][0m [36merror[0m=[35m"module 'claude_agent_sdk' has no attribute 'extract_knowledge'"[0m [36mmodule[0m=[35mclaude_provider[0m [36mprovider[0m=[35mClaudeCodeProvider[0m
[[31m[1merror    [0m] [1mAll providers failed for operation 'extract_knowledge'. Errors: ClaudeCodeProvider: ClaudeCodeProvider.extract_knowledge failed: module 'claude_agent_sdk' has no attribute 'extract_knowledge'[0m [[0m[1m[34mpdf_pipeline.services.provider_chain[0m][0m [36merrors[0m=[35m["ClaudeCodeProvider: ClaudeCodeProvider.extract_knowledge failed: module 'claude_agent_sdk' has no attribute 'extract_knowledge'"][0m [36mmodule[0m=[35mprovider_chain[0m [36moperation[0m=[35mextract_knowledge[0m [36mprovider_count[0m=[35m1[0m
[[31m[1merror    [0m] [1mClaudeCodeProvider.extract_knowledge failed: module 'claude_agent_sdk' has no attribute 'extract_knowledge'[0m [[0m[1m[34mpdf_pipeline.services.claude_provider[0m][0m [36merror[0m=[35m"module 'claude_agent_sdk' has no attribute 'extract_knowledge'"[0m [36mmodule[0m=[35mclaude_provider[0m [36mprovider[0m=[35mClaudeCodeProvider[0m
[[31m[1merror    [0m] [1mClaudeCodeProvider.extract_knowledge failed: module 'claude_agent_sdk' has no attribute 'extract_knowledge'[0m [[0m[1m[34mpdf_pipeline.services.claude_provider[0m][0m [36merror[0m=[35m"module 'claude_agent_sdk' has no attribute 'extract_knowledge'"[0m [36mmodule[0m=[35mclaude_provider[0m [36mprovider[0m=[35mClaudeCodeProvider[0m
[[31m[1merror    [0m] [1mAll providers failed for operation 'extract_knowledge'. Errors: ClaudeCodeProvider: ClaudeCodeProvider.extract_knowledge failed: module 'claude_agent_sdk' has no attribute 'extract_knowledge'[0m [[0m[1m[34mpdf_pipeline.services.provider_chain[0m][0m [36merrors[0m=[35m["ClaudeCodeProvider: ClaudeCodeProvider.extract_knowledge failed: module 'claude_agent_sdk' has no attribute 'extract_knowledge'"][0m [36mmodule[0m=[35mprovider_chain[0m [36moperation[0m=[35mextract_knowledge[0m [36mprovider_count[0m=[35m1[0m
[[31m[1merror    [0m] [1mAll providers failed for operation 'extract_knowledge'. Errors: ClaudeCodeProvider: ClaudeCodeProvider.extract_knowledge failed: module 'claude_agent_sdk' has no attribute 'extract_knowledge'[0m [[0m[1m[34mpdf_pipeline.services.provider_chain[0m][0m [36merrors[0m=[35m["ClaudeCodeProvider: ClaudeCodeProvider.extract_knowledge failed: module 'claude_agent_sdk' has no attribute 'extract_knowledge'"][0m [36mmodule[0m=[35mprovider_chain[0m [36moperation[0m=[35mextract_knowledge[0m [36mprovider_count[0m=[35m1[0m
[[31m[1merror    [0m] [1mClaudeCodeProvider.extract_knowledge failed: module 'claude_agent_sdk' has no attribute 'extract_knowledge'[0m [[0m[1m[34mpdf_pipeline.services.claude_provider[0m][0m [36merror[0m=[35m"module 'claude_agent_sdk' has no attribute 'extract_knowledge'"[0m [36mmodule[0m=[35mclaude_provider[0m [36mprovider[0m=[35mClaudeCodeProvider[0m
[[31m[1merror    [0m] [1mAll providers failed for operation 'extract_knowledge'. Errors: ClaudeCodeProvider: ClaudeCodeProvider.extract_knowledge failed: module 'claude_agent_sdk' has no attribute 'extract_knowledge'[0m [[0m[1m[34mpdf_pipeline.services.provider_chain[0m][0m [36merrors[0m=[35m["ClaudeCodeProvider: ClaudeCodeProvider.extract_knowledge failed: module 'claude_agent_sdk' has no attribute 'extract_knowledge'"][0m [36mmodule[0m=[35mprovider_chain[0m [36moperation[0m=[35mextract_knowledge[0m [36mprovider_count[0m=[35m1[0m
[[31m[1merror    [0m] [1mAll providers failed for operation 'extract_knowledge'. Errors: ClaudeCodeProvider: ClaudeCodeProvider.extract_knowledge failed: module 'claude_agent_sdk' has no attribute 'extract_knowledge'[0m [[0m[1m[34mpdf_pipeline.services.provider_chain[0m][0m [36merrors[0m=[35m["ClaudeCodeProvider: ClaudeCodeProvider.extract_knowledge failed: module 'claude_agent_sdk' has no attribute 'extract_knowledge'"][0m [36mmodule[0m=[35mprovider_chain[0m [36moperation[0m=[35mextract_knowledge[0m [36mprovider_count[0m=[35m1[0m
[[31m[1merror    [0m] [1mClaudeCodeProvider.extract_knowledge failed: module 'claude_agent_sdk' has no attribute 'extract_knowledge'[0m [[0m[1m[34mpdf_pipeline.services.claude_provider[0m][0m [36merror[0m=[35m"module 'claude_agent_sdk' has no attribute 'extract_knowledge'"[0m [36mmodule[0m=[35mclaude_provider[0m [36mprovider[0m=[35mClaudeCodeProvider[0m
[[31m[1merror    [0m] [1mClaudeCodeProvider.extract_knowledge failed: module 'claude_agent_sdk' has no attribute 'extract_knowledge'[0m [[0m[1m[34mpdf_pipeline.services.claude_provider[0m][0m [36merror[0m=[35m"module 'claude_agent_sdk' has no attribute 'extract_knowledge'"[0m [36mmodule[0m=[35mclaude_provider[0m [36mprovider[0m=[35mClaudeCodeProvider[0m
[[31m[1merror    [0m] [1mAll providers failed for operation 'extract_knowledge'. Errors: ClaudeCodeProvider: ClaudeCodeProvider.extract_knowledge failed: module 'claude_agent_sdk' has no attribute 'extract_knowledge'[0m [[0m[1m[34mpdf_pipeline.services.provider_chain[0m][0m [36merrors[0m=[35m["ClaudeCodeProvider: ClaudeCodeProvider.extract_knowledge failed: module 'claude_agent_sdk' has no attribute 'extract_knowledge'"][0m [36mmodule[0m=[35mprovider_chain[0m [36moperation[0m=[35mextract_knowledge[0m [36mprovider_count[0m=[35m1[0m
[[31m[1merror    [0m] [1mClaudeCodeProvider.extract_knowledge failed: module 'claude_agent_sdk' has no attribute 'extract_knowledge'[0m [[0m[1m[34mpdf_pipeline.services.claude_provider[0m][0m [36merror[0m=[35m"module 'claude_agent_sdk' has no attribute 'extract_knowledge'"[0m [36mmodule[0m=[35mclaude_provider[0m [36mprovider[0m=[35mClaudeCodeProvider[0m
[[31m[1merror    [0m] [1mClaudeCodeProvider.extract_knowledge failed: module 'claude_agent_sdk' has no attribute 'extract_knowledge'[0m [[0m[1m[34mpdf_pipeline.services.claude_provider[0m][0m [36merror[0m=[35m"module 'claude_agent_sdk' has no attribute 'extract_knowledge'"[0m [36mmodule[0m=[35mclaude_provider[0m [36mprovider[0m=[35mClaudeCodeProvider[0m
[[31m[1merror    [0m] [1mAll providers failed for operation 'extract_knowledge'. Errors: ClaudeCodeProvider: ClaudeCodeProvider.extract_knowledge failed: module 'claude_agent_sdk' has no attribute 'extract_knowledge'[0m [[0m[1m[34mpdf_pipeline.services.provider_chain[0m][0m [36merrors[0m=[35m["ClaudeCodeProvider: ClaudeCodeProvider.extract_knowledge failed: module 'claude_agent_sdk' has no attribute 'extract_knowledge'"][0m [36mmodule[0m=[35mprovider_chain[0m [36moperation[0m=[35mextract_knowledge[0m [36mprovider_count[0m=[35m1[0m
[[31m[1merror    [0m] [1mAll providers failed for operation 'extract_knowledge'. Errors: ClaudeCodeProvider: ClaudeCodeProvider.extract_knowledge failed: module 'claude_agent_sdk' has no attribute 'extract_knowledge'[0m [[0m[1m[34mpdf_pipeline.services.provider_chain[0m][0m [36merrors[0m=[35m["ClaudeCodeProvider: ClaudeCodeProvider.extract_knowledge failed: module 'claude_agent_sdk' has no attribute 'extract_knowledge'"][0m [36mmodule[0m=[35mprovider_chain[0m [36moperation[0m=[35mextract_knowledge[0m [36mprovider_count[0m=[35m1[0m
[[31m[1merror    [0m] [1mClaudeCodeProvider.extract_knowledge failed: module 'claude_agent_sdk' has no attribute 'extract_knowledge'[0m [[0m[1m[34mpdf_pipeline.services.claude_provider[0m][0m [36merror[0m=[35m"module 'claude_agent_sdk' has no attribute 'extract_knowledge'"[0m [36mmodule[0m=[35mclaude_provider[0m [36mprovider[0m=[35mClaudeCodeProvider[0m
[[31m[1merror    [0m] [1mAll providers failed for operation 'extract_knowledge'. Errors: ClaudeCodeProvider: ClaudeCodeProvider.extract_knowledge failed: module 'claude_agent_sdk' has no attribute 'extract_knowledge'[0m [[0m[1m[34mpdf_pipeline.services.provider_chain[0m][0m [36merrors[0m=[35m["ClaudeCodeProvider: ClaudeCodeProvider.extract_knowledge failed: module 'claude_agent_sdk' has no attribute 'extract_knowledge'"][0m [36mmodule[0m=[35mprovider_chain[0m [36moperation[0m=[35mextract_knowledge[0m [36mprovider_count[0m=[35m1[0m
[[31m[1merror    [0m] [1mAll providers failed for operation 'extract_knowledge'. Errors: ClaudeCodeProvider: ClaudeCodeProvider.extract_knowledge failed: module 'claude_agent_sdk' has no attribute 'extract_knowledge'[0m [[0m[1m[34mpdf_pipeline.services.provider_chain[0m][0m [36merrors[0m=[35m["ClaudeCodeProvider: ClaudeCodeProvider.extract_knowledge failed: module 'claude_agent_sdk' has no attribute 'extract_knowledge'"][0m [36mmodule[0m=[35mprovider_chain[0m [36moperation[0m=[35mextract_knowledge[0m [36mprovider_count[0m=[35m1[0m
[[31m[1merror    [0m] [1mClaudeCodeProvider.extract_knowledge failed: module 'claude_agent_sdk' has no attribute 'extract_knowledge'[0m [[0m[1m[34mpdf_pipeline.services.claude_provider[0m][0m [36merror[0m=[35m"module 'claude_agent_sdk' has no attribute 'extract_knowledge'"[0m [36mmodule[0m=[35mclaude_provider[0m [36mprovider[0m=[35mClaudeCodeProvider[0m
[[31m[1merror    [0m] [1mClaudeCodeProvider.extract_knowledge failed: module 'claude_agent_sdk' has no attribute 'extract_knowledge'[0m [[0m[1m[34mpdf_pipeline.services.claude_provider[0m][0m [36merror[0m=[35m"module 'claude_agent_sdk' has no attribute 'extract_knowledge'"[0m [36mmodule[0m=[35mclaude_provider[0m [36mprovider[0m=[35mClaudeCodeProvider[0m
[[31m[1merror    [0m] [1mAll providers failed for operation 'extract_knowledge'. Errors: ClaudeCodeProvider: ClaudeCodeProvider.extract_knowledge failed: module 'claude_agent_sdk' has no attribute 'extract_knowledge'[0m [[0m[1m[34mpdf_pipeline.services.provider_chain[0m][0m [36merrors[0m=[35m["ClaudeCodeProvider: ClaudeCodeProvider.extract_knowledge failed: module 'claude_agent_sdk' has no attribute 'extract_knowledge'"][0m [36mmodule[0m=[35mprovider_chain[0m [36moperation[0m=[35mextract_knowledge[0m [36mprovider_count[0m=[35m1[0m
[[31m[1merror    [0m] [1mClaudeCodeProvider.extract_knowledge failed: module 'claude_agent_sdk' has no attribute 'extract_knowledge'[0m [[0m[1m[34mpdf_pipeline.services.claude_provider[0m][0m [36merror[0m=[35m"module 'claude_agent_sdk' has no attribute 'extract_knowledge'"[0m [36mmodule[0m=[35mclaude_provider[0m [36mprovider[0m=[35mClaudeCodeProvider[0m
[[31m[1merror    [0m] [1mClaudeCodeProvider.extract_knowledge failed: module 'claude_agent_sdk' has no attribute 'extract_knowledge'[0m [[0m[1m[34mpdf_pipeline.services.claude_provider[0m][0m [36merror[0m=[35m"module 'claude_agent_sdk' has no attribute 'extract_knowledge'"[0m [36mmodule[0m=[35mclaude_provider[0m [36mprovider[0m=[35mClaudeCodeProvider[0m
[[31m[1merror    [0m] [1mAll providers failed for operation 'extract_knowledge'. Errors: ClaudeCodeProvider: ClaudeCodeProvider.extract_knowledge failed: module 'claude_agent_sdk' has no attribute 'extract_knowledge'[0m [[0m[1m[34mpdf_pipeline.services.provider_chain[0m][0m [36merrors[0m=[35m["ClaudeCodeProvider: ClaudeCodeProvider.extract_knowledge failed: module 'claude_agent_sdk' has no attribute 'extract_knowledge'"][0m [36mmodule[0m=[35mprovider_chain[0m [36moperation[0m=[35mextract_knowledge[0m [36mprovider_count[0m=[35m1[0m
[[31m[1merror    [0m] [1mAll providers failed for operation 'extract_knowledge'. Errors: ClaudeCodeProvider: ClaudeCodeProvider.extract_knowledge failed: module 'claude_agent_sdk' has no attribute 'extract_knowledge'[0m [[0m[1m[34mpdf_pipeline.services.provider_chain[0m][0m [36merrors[0m=[35m["ClaudeCodeProvider: ClaudeCodeProvider.extract_knowledge failed: module 'claude_agent_sdk' has no attribute 'extract_knowledge'"][0m [36mmodule[0m=[35mprovider_chain[0m [36moperation[0m=[35mextract_knowledge[0m [36mprovider_count[0m=[35m1[0m
[[31m[1merror    [0m] [1mClaudeCodeProvider.extract_knowledge failed: module 'claude_agent_sdk' has no attribute 'extract_knowledge'[0m [[0m[1m[34mpdf_pipeline.services.claude_provider[0m][0m [36merror[0m=[35m"module 'claude_agent_sdk' has no attribute 'extract_knowledge'"[0m [36mmodule[0m=[35mclaude_provider[0m [36mprovider[0m=[35mClaudeCodeProvider[0m
[[31m[1merror    [0m] [1mAll providers failed for operation 'extract_knowledge'. Errors: ClaudeCodeProvider: ClaudeCodeProvider.extract_knowledge failed: module 'claude_agent_sdk' has no attribute 'extract_knowledge'[0m [[0m[1m[34mpdf_pipeline.services.provider_chain[0m][0m [36merrors[0m=[35m["ClaudeCodeProvider: ClaudeCodeProvider.extract_knowledge failed: module 'claude_agent_sdk' has no attribute 'extract_knowledge'"][0m [36mmodule[0m=[35mprovider_chain[0m [36moperation[0m=[35mextract_knowledge[0m [36mprovider_count[0m=[35m1[0m
[[31m[1merror    [0m] [1mAll providers failed for operation 'extract_knowledge'. Errors: ClaudeCodeProvider: ClaudeCodeProvider.extract_knowledge failed: module 'claude_agent_sdk' has no attribute 'extract_knowledge'[0m [[0m[1m[34mpdf_pipeline.services.provider_chain[0m][0m [36merrors[0m=[35m["ClaudeCodeProvider: ClaudeCodeProvider.extract_knowledge failed: module 'claude_agent_sdk' has no attribute 'extract_knowledge'"][0m [36mmodule[0m=[35mprovider_chain[0m [36moperation[0m=[35mextract_knowledge[0m [36mprovider_count[0m=[35m1[0m
[[31m[1merror    [0m] [1mClaudeCodeProvider.extract_knowledge failed: module 'claude_agent_sdk' has no attribute 'extract_knowledge'[0m [[0m[1m[34mpdf_pipeline.services.claude_provider[0m][0m [36merror[0m=[35m"module 'claude_agent_sdk' has no attribute 'extract_knowledge'"[0m [36mmodule[0m=[35mclaude_provider[0m [36mprovider[0m=[35mClaudeCodeProvider[0m
[[31m[1merror    [0m] [1mClaudeCodeProvider.extract_knowledge failed: module 'claude_agent_sdk' has no attribute 'extract_knowledge'[0m [[0m[1m[34mpdf_pipeline.services.claude_provider[0m][0m [36merror[0m=[35m"module 'claude_agent_sdk' has no attribute 'extract_knowledge'"[0m [36mmodule[0m=[35mclaude_provider[0m [36mprovider[0m=[35mClaudeCodeProvider[0m
[[31m[1merror    [0m] [1mAll providers failed for operation 'extract_knowledge'. Errors: ClaudeCodeProvider: ClaudeCodeProvider.extract_knowledge failed: module 'claude_agent_sdk' has no attribute 'extract_knowledge'[0m [[0m[1m[34mpdf_pipeline.services.provider_chain[0m][0m [36merrors[0m=[35m["ClaudeCodeProvider: ClaudeCodeProvider.extract_knowledge failed: module 'claude_agent_sdk' has no attribute 'extract_knowledge'"][0m [36mmodule[0m=[35mprovider_chain[0m [36moperation[0m=[35mextract_knowledge[0m [36mprovider_count[0m=[35m1[0m
[[31m[1merror    [0m] [1mClaudeCodeProvider.extract_knowledge failed: module 'claude_agent_sdk' has no attribute 'extract_knowledge'[0m [[0m[1m[34mpdf_pipeline.services.claude_provider[0m][0m [36merror[0m=[35m"module 'claude_agent_sdk' has no attribute 'extract_knowledge'"[0m [36mmodule[0m=[35mclaude_provider[0m [36mprovider[0m=[35mClaudeCodeProvider[0m
[[31m[1merror    [0m] [1mClaudeCodeProvider.extract_knowledge failed: module 'claude_agent_sdk' has no attribute 'extract_knowledge'[0m [[0m[1m[34mpdf_pipeline.services.claude_provider[0m][0m [36merror[0m=[35m"module 'claude_agent_sdk' has no attribute 'extract_knowledge'"[0m [36mmodule[0m=[35mclaude_provider[0m [36mprovider[0m=[35mClaudeCodeProvider[0m
[[31m[1merror    [0m] [1mAll providers failed for operation 'extract_knowledge'. Errors: ClaudeCodeProvider: ClaudeCodeProvider.extract_knowledge failed: module 'claude_agent_sdk' has no attribute 'extract_knowledge'[0m [[0m[1m[34mpdf_pipeline.services.provider_chain[0m][0m [36merrors[0m=[35m["ClaudeCodeProvider: ClaudeCodeProvider.extract_knowledge failed: module 'claude_agent_sdk' has no attribute 'extract_knowledge'"][0m [36mmodule[0m=[35mprovider_chain[0m [36moperation[0m=[35mextract_knowledge[0m [36mprovider_count[0m=[35m1[0m
[[31m[1merror    [0m] [1mAll providers failed for operation 'extract_knowledge'. Errors: ClaudeCodeProvider: ClaudeCodeProvider.extract_knowledge failed: module 'claude_agent_sdk' has no attribute 'extract_knowledge'[0m [[0m[1m[34mpdf_pipeline.services.provider_chain[0m][0m [36merrors[0m=[35m["ClaudeCodeProvider: ClaudeCodeProvider.extract_knowledge failed: module 'claude_agent_sdk' has no attribute 'extract_knowledge'"][0m [36mmodule[0m=[35mprovider_chain[0m [36moperation[0m=[35mextract_knowledge[0m [36mprovider_count[0m=[35m1[0m
[[31m[1merror    [0m] [1mClaudeCodeProvider.extract_knowledge failed: module 'claude_agent_sdk' has no attribute 'extract_knowledge'[0m [[0m[1m[34mpdf_pipeline.services.claude_provider[0m][0m [36merror[0m=[35m"module 'claude_agent_sdk' has no attribute 'extract_knowledge'"[0m [36mmodule[0m=[35mclaude_provider[0m [36mprovider[0m=[35mClaudeCodeProvider[0m
[[31m[1merror    [0m] [1mAll providers failed for operation 'extract_knowledge'. Errors: ClaudeCodeProvider: ClaudeCodeProvider.extract_knowledge failed: module 'claude_agent_sdk' has no attribute 'extract_knowledge'[0m [[0m[1m[34mpdf_pipeline.services.provider_chain[0m][0m [36merrors[0m=[35m["ClaudeCodeProvider: ClaudeCodeProvider.extract_knowledge failed: module 'claude_agent_sdk' has no attribute 'extract_knowledge'"][0m [36mmodule[0m=[35mprovider_chain[0m [36moperation[0m=[35mextract_knowledge[0m [36mprovider_count[0m=[35m1[0m
[[31m[1merror    [0m] [1mAll providers failed for operation 'extract_knowledge'. Errors: ClaudeCodeProvider: ClaudeCodeProvider.extract_knowledge failed: module 'claude_agent_sdk' has no attribute 'extract_knowledge'[0m [[0m[1m[34mpdf_pipeline.services.provider_chain[0m][0m [36merrors[0m=[35m["ClaudeCodeProvider: ClaudeCodeProvider.extract_knowledge failed: module 'claude_agent_sdk' has no attribute 'extract_knowledge'"][0m [36mmodule[0m=[35mprovider_chain[0m [36moperation[0m=[35mextract_knowledge[0m [36mprovider_count[0m=[35m1[0m
[[31m[1merror    [0m] [1mClaudeCodeProvider.extract_knowledge failed: module 'claude_agent_sdk' has no attribute 'extract_knowledge'[0m [[0m[1m[34mpdf_pipeline.services.claude_provider[0m][0m [36merror[0m=[35m"module 'claude_agent_sdk' has no attribute 'extract_knowledge'"[0m [36mmodule[0m=[35mclaude_provider[0m [36mprovider[0m=[35mClaudeCodeProvider[0m
[[31m[1merror    [0m] [1mClaudeCodeProvider.extract_knowledge failed: module 'claude_agent_sdk' has no attribute 'extract_knowledge'[0m [[0m[1m[34mpdf_pipeline.services.claude_provider[0m][0m [36merror[0m=[35m"module 'claude_agent_sdk' has no attribute 'extract_knowledge'"[0m [36mmodule[0m=[35mclaude_provider[0m [36mprovider[0m=[35mClaudeCodeProvider[0m
[[31m[1merror    [0m] [1mAll providers failed for operation 'extract_knowledge'. Errors: ClaudeCodeProvider: ClaudeCodeProvider.extract_knowledge failed: module 'claude_agent_sdk' has no attribute 'extract_knowledge'[0m [[0m[1m[34mpdf_pipeline.services.provider_chain[0m][0m [36merrors[0m=[35m["ClaudeCodeProvider: ClaudeCodeProvider.extract_knowledge failed: module 'claude_agent_sdk' has no attribute 'extract_knowledge'"][0m [36mmodule[0m=[35mprovider_chain[0m [36moperation[0m=[35mextract_knowledge[0m [36mprovider_count[0m=[35m1[0m
[[31m[1merror    [0m] [1mClaudeCodeProvider.extract_knowledge failed: module 'claude_agent_sdk' has no attribute 'extract_knowledge'[0m [[0m[1m[34mpdf_pipeline.services.claude_provider[0m][0m [36merror[0m=[35m"module 'claude_agent_sdk' has no attribute 'extract_knowledge'"[0m [36mmodule[0m=[35mclaude_provider[0m [36mprovider[0m=[35mClaudeCodeProvider[0m
[[31m[1merror    [0m] [1mAll providers failed for operation 'extract_knowledge'. Errors: ClaudeCodeProvider: ClaudeCodeProvider.extract_knowledge failed: module 'claude_agent_sdk' has no attribute 'extract_knowledge'[0m [[0m[1m[34mpdf_pipeline.services.provider_chain[0m][0m [36merrors[0m=[35m["ClaudeCodeProvider: ClaudeCodeProvider.extract_knowledge failed: module 'claude_agent_sdk' has no attribute 'extract_knowledge'"][0m [36mmodule[0m=[35mprovider_chain[0m [36moperation[0m=[35mextract_knowledge[0m [36mprovider_count[0m=[35m1[0m
[[31m[1merror    [0m] [1mAll providers failed for operation 'extract_knowledge'. Errors: ClaudeCodeProvider: ClaudeCodeProvider.extract_knowledge failed: module 'claude_agent_sdk' has no attribute 'extract_knowledge'[0m [[0m[1m[34mpdf_pipeline.services.provider_chain[0m][0m [36merrors[0m=[35m["ClaudeCodeProvider: ClaudeCodeProvider.extract_knowledge failed: module 'claude_agent_sdk' has no attribute 'extract_knowledge'"][0m [36mmodule[0m=[35mprovider_chain[0m [36moperation[0m=[35mextract_knowledge[0m [36mprovider_count[0m=[35m1[0m
[[31m[1merror    [0m] [1mAll providers failed for operation 'extract_knowledge'. Errors: ClaudeCodeProvider: ClaudeCodeProvider.extract_knowledge failed: module 'claude_agent_sdk' has no attribute 'extract_knowledge'[0m [[0m[1m[34mpdf_pipeline.services.provider_chain[0m][0m [36merrors[0m=[35m["ClaudeCodeProvider: ClaudeCodeProvider.extract_knowledge failed: module 'claude_agent_sdk' has no attribute 'extract_knowledge'"][0m [36mmodule[0m=[35mprovider_chain[0m [36moperation[0m=[35mextract_knowledge[0m [36mprovider_count[0m=[35m1[0m
entities=0 facts=0 claims=0 datapoints=0
[2026-03-31 22:40:16]   Phase 2: 完了
[2026-03-31 22:40:16]   Phase 3: emit_research_queue 開始
Queue file: .tmp/graph-queue/pdf-extraction/gq-20260331134016-58a3a70c.json
[2026-03-31 22:40:16]   Phase 3: 完了 → .tmp/graph-queue/pdf-extraction/gq-20260331134016-58a3a70c.json
[2026-03-31 22:40:16]   Phase 4a: entity_linker 開始
Warning: You are sending unauthenticated requests to the HF Hub. Please set a HF_TOKEN to enable higher rate limits and faster downloads.
[[33m[1mwarning  [0m] [1mWarning: You are sending unauthenticated requests to the HF Hub. Please set a HF_TOKEN to enable higher rate limits and faster downloads.[0m [[0m[1m[34mhuggingface_hub.utils._http[0m][0m
Loading weights:   0%|          | 0/391 [00:00<?, ?it/s]Loading weights: 100%|██████████| 391/391 [00:00<00:00, 23448.28it/s]
[1mXLMRobertaModel LOAD REPORT[0m from: intfloat/multilingual-e5-large
Key                     | Status     |  | 
------------------------+------------+--+-
embeddings.position_ids | UNEXPECTED |  | 

[3mNotes:
- UNEXPECTED[3m	:can be ignored when loading from different task/architecture; not ok if you expect identical arch.[0m
[2026-03-31 22:40:30]   Phase 4a: 完了
[2026-03-31 22:40:30]   Phase 4b: neo4j_loader 開始
[2026-03-31 22:40:31]   Phase 4b: 完了
[2026-03-31 22:40:31] --- [14/31] HSBC ISAT@IJ Indosat Ooredoo Hutchison (ISAT IJ) Buy 4Q ARPU...
[2026-03-31 22:40:31]   Phase 2: extract_knowledge 開始
[[31m[1merror    [0m] [1mClaudeCodeProvider.extract_knowledge failed: module 'claude_agent_sdk' has no attribute 'extract_knowledge'[0m [[0m[1m[34mpdf_pipeline.services.claude_provider[0m][0m [36merror[0m=[35m"module 'claude_agent_sdk' has no attribute 'extract_knowledge'"[0m [36mmodule[0m=[35mclaude_provider[0m [36mprovider[0m=[35mClaudeCodeProvider[0m
[[31m[1merror    [0m] [1mClaudeCodeProvider.extract_knowledge failed: module 'claude_agent_sdk' has no attribute 'extract_knowledge'[0m [[0m[1m[34mpdf_pipeline.services.claude_provider[0m][0m [36merror[0m=[35m"module 'claude_agent_sdk' has no attribute 'extract_knowledge'"[0m [36mmodule[0m=[35mclaude_provider[0m [36mprovider[0m=[35mClaudeCodeProvider[0m
[[31m[1merror    [0m] [1mClaudeCodeProvider.extract_knowledge failed: module 'claude_agent_sdk' has no attribute 'extract_knowledge'[0m [[0m[1m[34mpdf_pipeline.services.claude_provider[0m][0m [36merror[0m=[35m"module 'claude_agent_sdk' has no attribute 'extract_knowledge'"[0m [36mmodule[0m=[35mclaude_provider[0m [36mprovider[0m=[35mClaudeCodeProvider[0m
[[31m[1merror    [0m] [1mAll providers failed for operation 'extract_knowledge'. Errors: ClaudeCodeProvider: ClaudeCodeProvider.extract_knowledge failed: module 'claude_agent_sdk' has no attribute 'extract_knowledge'[0m [[0m[1m[34mpdf_pipeline.services.provider_chain[0m][0m [36merrors[0m=[35m["ClaudeCodeProvider: ClaudeCodeProvider.extract_knowledge failed: module 'claude_agent_sdk' has no attribute 'extract_knowledge'"][0m [36mmodule[0m=[35mprovider_chain[0m [36moperation[0m=[35mextract_knowledge[0m [36mprovider_count[0m=[35m1[0m
[[31m[1merror    [0m] [1mClaudeCodeProvider.extract_knowledge failed: module 'claude_agent_sdk' has no attribute 'extract_knowledge'[0m [[0m[1m[34mpdf_pipeline.services.claude_provider[0m][0m [36merror[0m=[35m"module 'claude_agent_sdk' has no attribute 'extract_knowledge'"[0m [36mmodule[0m=[35mclaude_provider[0m [36mprovider[0m=[35mClaudeCodeProvider[0m
[[31m[1merror    [0m] [1mClaudeCodeProvider.extract_knowledge failed: module 'claude_agent_sdk' has no attribute 'extract_knowledge'[0m [[0m[1m[34mpdf_pipeline.services.claude_provider[0m][0m [36merror[0m=[35m"module 'claude_agent_sdk' has no attribute 'extract_knowledge'"[0m [36mmodule[0m=[35mclaude_provider[0m [36mprovider[0m=[35mClaudeCodeProvider[0m
[[31m[1merror    [0m] [1mAll providers failed for operation 'extract_knowledge'. Errors: ClaudeCodeProvider: ClaudeCodeProvider.extract_knowledge failed: module 'claude_agent_sdk' has no attribute 'extract_knowledge'[0m [[0m[1m[34mpdf_pipeline.services.provider_chain[0m][0m [36merrors[0m=[35m["ClaudeCodeProvider: ClaudeCodeProvider.extract_knowledge failed: module 'claude_agent_sdk' has no attribute 'extract_knowledge'"][0m [36mmodule[0m=[35mprovider_chain[0m [36moperation[0m=[35mextract_knowledge[0m [36mprovider_count[0m=[35m1[0m
[[31m[1merror    [0m] [1mAll providers failed for operation 'extract_knowledge'. Errors: ClaudeCodeProvider: ClaudeCodeProvider.extract_knowledge failed: module 'claude_agent_sdk' has no attribute 'extract_knowledge'[0m [[0m[1m[34mpdf_pipeline.services.provider_chain[0m][0m [36merrors[0m=[35m["ClaudeCodeProvider: ClaudeCodeProvider.extract_knowledge failed: module 'claude_agent_sdk' has no attribute 'extract_knowledge'"][0m [36mmodule[0m=[35mprovider_chain[0m [36moperation[0m=[35mextract_knowledge[0m [36mprovider_count[0m=[35m1[0m
[[31m[1merror    [0m] [1mClaudeCodeProvider.extract_knowledge failed: module 'claude_agent_sdk' has no attribute 'extract_knowledge'[0m [[0m[1m[34mpdf_pipeline.services.claude_provider[0m][0m [36merror[0m=[35m"module 'claude_agent_sdk' has no attribute 'extract_knowledge'"[0m [36mmodule[0m=[35mclaude_provider[0m [36mprovider[0m=[35mClaudeCodeProvider[0m
[[31m[1merror    [0m] [1mAll providers failed for operation 'extract_knowledge'. Errors: ClaudeCodeProvider: ClaudeCodeProvider.extract_knowledge failed: module 'claude_agent_sdk' has no attribute 'extract_knowledge'[0m [[0m[1m[34mpdf_pipeline.services.provider_chain[0m][0m [36merrors[0m=[35m["ClaudeCodeProvider: ClaudeCodeProvider.extract_knowledge failed: module 'claude_agent_sdk' has no attribute 'extract_knowledge'"][0m [36mmodule[0m=[35mprovider_chain[0m [36moperation[0m=[35mextract_knowledge[0m [36mprovider_count[0m=[35m1[0m
[[31m[1merror    [0m] [1mAll providers failed for operation 'extract_knowledge'. Errors: ClaudeCodeProvider: ClaudeCodeProvider.extract_knowledge failed: module 'claude_agent_sdk' has no attribute 'extract_knowledge'[0m [[0m[1m[34mpdf_pipeline.services.provider_chain[0m][0m [36merrors[0m=[35m["ClaudeCodeProvider: ClaudeCodeProvider.extract_knowledge failed: module 'claude_agent_sdk' has no attribute 'extract_knowledge'"][0m [36mmodule[0m=[35mprovider_chain[0m [36moperation[0m=[35mextract_knowledge[0m [36mprovider_count[0m=[35m1[0m
[[31m[1merror    [0m] [1mClaudeCodeProvider.extract_knowledge failed: module 'claude_agent_sdk' has no attribute 'extract_knowledge'[0m [[0m[1m[34mpdf_pipeline.services.claude_provider[0m][0m [36merror[0m=[35m"module 'claude_agent_sdk' has no attribute 'extract_knowledge'"[0m [36mmodule[0m=[35mclaude_provider[0m [36mprovider[0m=[35mClaudeCodeProvider[0m
[[31m[1merror    [0m] [1mClaudeCodeProvider.extract_knowledge failed: module 'claude_agent_sdk' has no attribute 'extract_knowledge'[0m [[0m[1m[34mpdf_pipeline.services.claude_provider[0m][0m [36merror[0m=[35m"module 'claude_agent_sdk' has no attribute 'extract_knowledge'"[0m [36mmodule[0m=[35mclaude_provider[0m [36mprovider[0m=[35mClaudeCodeProvider[0m
[[31m[1merror    [0m] [1mAll providers failed for operation 'extract_knowledge'. Errors: ClaudeCodeProvider: ClaudeCodeProvider.extract_knowledge failed: module 'claude_agent_sdk' has no attribute 'extract_knowledge'[0m [[0m[1m[34mpdf_pipeline.services.provider_chain[0m][0m [36merrors[0m=[35m["ClaudeCodeProvider: ClaudeCodeProvider.extract_knowledge failed: module 'claude_agent_sdk' has no attribute 'extract_knowledge'"][0m [36mmodule[0m=[35mprovider_chain[0m [36moperation[0m=[35mextract_knowledge[0m [36mprovider_count[0m=[35m1[0m
[[31m[1merror    [0m] [1mClaudeCodeProvider.extract_knowledge failed: module 'claude_agent_sdk' has no attribute 'extract_knowledge'[0m [[0m[1m[34mpdf_pipeline.services.claude_provider[0m][0m [36merror[0m=[35m"module 'claude_agent_sdk' has no attribute 'extract_knowledge'"[0m [36mmodule[0m=[35mclaude_provider[0m [36mprovider[0m=[35mClaudeCodeProvider[0m
[[31m[1merror    [0m] [1mClaudeCodeProvider.extract_knowledge failed: module 'claude_agent_sdk' has no attribute 'extract_knowledge'[0m [[0m[1m[34mpdf_pipeline.services.claude_provider[0m][0m [36merror[0m=[35m"module 'claude_agent_sdk' has no attribute 'extract_knowledge'"[0m [36mmodule[0m=[35mclaude_provider[0m [36mprovider[0m=[35mClaudeCodeProvider[0m
[[31m[1merror    [0m] [1mAll providers failed for operation 'extract_knowledge'. Errors: ClaudeCodeProvider: ClaudeCodeProvider.extract_knowledge failed: module 'claude_agent_sdk' has no attribute 'extract_knowledge'[0m [[0m[1m[34mpdf_pipeline.services.provider_chain[0m][0m [36merrors[0m=[35m["ClaudeCodeProvider: ClaudeCodeProvider.extract_knowledge failed: module 'claude_agent_sdk' has no attribute 'extract_knowledge'"][0m [36mmodule[0m=[35mprovider_chain[0m [36moperation[0m=[35mextract_knowledge[0m [36mprovider_count[0m=[35m1[0m
[[31m[1merror    [0m] [1mAll providers failed for operation 'extract_knowledge'. Errors: ClaudeCodeProvider: ClaudeCodeProvider.extract_knowledge failed: module 'claude_agent_sdk' has no attribute 'extract_knowledge'[0m [[0m[1m[34mpdf_pipeline.services.provider_chain[0m][0m [36merrors[0m=[35m["ClaudeCodeProvider: ClaudeCodeProvider.extract_knowledge failed: module 'claude_agent_sdk' has no attribute 'extract_knowledge'"][0m [36mmodule[0m=[35mprovider_chain[0m [36moperation[0m=[35mextract_knowledge[0m [36mprovider_count[0m=[35m1[0m
[[31m[1merror    [0m] [1mClaudeCodeProvider.extract_knowledge failed: module 'claude_agent_sdk' has no attribute 'extract_knowledge'[0m [[0m[1m[34mpdf_pipeline.services.claude_provider[0m][0m [36merror[0m=[35m"module 'claude_agent_sdk' has no attribute 'extract_knowledge'"[0m [36mmodule[0m=[35mclaude_provider[0m [36mprovider[0m=[35mClaudeCodeProvider[0m
[[31m[1merror    [0m] [1mAll providers failed for operation 'extract_knowledge'. Errors: ClaudeCodeProvider: ClaudeCodeProvider.extract_knowledge failed: module 'claude_agent_sdk' has no attribute 'extract_knowledge'[0m [[0m[1m[34mpdf_pipeline.services.provider_chain[0m][0m [36merrors[0m=[35m["ClaudeCodeProvider: ClaudeCodeProvider.extract_knowledge failed: module 'claude_agent_sdk' has no attribute 'extract_knowledge'"][0m [36mmodule[0m=[35mprovider_chain[0m [36moperation[0m=[35mextract_knowledge[0m [36mprovider_count[0m=[35m1[0m
[[31m[1merror    [0m] [1mAll providers failed for operation 'extract_knowledge'. Errors: ClaudeCodeProvider: ClaudeCodeProvider.extract_knowledge failed: module 'claude_agent_sdk' has no attribute 'extract_knowledge'[0m [[0m[1m[34mpdf_pipeline.services.provider_chain[0m][0m [36merrors[0m=[35m["ClaudeCodeProvider: ClaudeCodeProvider.extract_knowledge failed: module 'claude_agent_sdk' has no attribute 'extract_knowledge'"][0m [36mmodule[0m=[35mprovider_chain[0m [36moperation[0m=[35mextract_knowledge[0m [36mprovider_count[0m=[35m1[0m
[[31m[1merror    [0m] [1mClaudeCodeProvider.extract_knowledge failed: module 'claude_agent_sdk' has no attribute 'extract_knowledge'[0m [[0m[1m[34mpdf_pipeline.services.claude_provider[0m][0m [36merror[0m=[35m"module 'claude_agent_sdk' has no attribute 'extract_knowledge'"[0m [36mmodule[0m=[35mclaude_provider[0m [36mprovider[0m=[35mClaudeCodeProvider[0m
[[31m[1merror    [0m] [1mClaudeCodeProvider.extract_knowledge failed: module 'claude_agent_sdk' has no attribute 'extract_knowledge'[0m [[0m[1m[34mpdf_pipeline.services.claude_provider[0m][0m [36merror[0m=[35m"module 'claude_agent_sdk' has no attribute 'extract_knowledge'"[0m [36mmodule[0m=[35mclaude_provider[0m [36mprovider[0m=[35mClaudeCodeProvider[0m
[[31m[1merror    [0m] [1mAll providers failed for operation 'extract_knowledge'. Errors: ClaudeCodeProvider: ClaudeCodeProvider.extract_knowledge failed: module 'claude_agent_sdk' has no attribute 'extract_knowledge'[0m [[0m[1m[34mpdf_pipeline.services.provider_chain[0m][0m [36merrors[0m=[35m["ClaudeCodeProvider: ClaudeCodeProvider.extract_knowledge failed: module 'claude_agent_sdk' has no attribute 'extract_knowledge'"][0m [36mmodule[0m=[35mprovider_chain[0m [36moperation[0m=[35mextract_knowledge[0m [36mprovider_count[0m=[35m1[0m
[[31m[1merror    [0m] [1mClaudeCodeProvider.extract_knowledge failed: module 'claude_agent_sdk' has no attribute 'extract_knowledge'[0m [[0m[1m[34mpdf_pipeline.services.claude_provider[0m][0m [36merror[0m=[35m"module 'claude_agent_sdk' has no attribute 'extract_knowledge'"[0m [36mmodule[0m=[35mclaude_provider[0m [36mprovider[0m=[35mClaudeCodeProvider[0m
[[31m[1merror    [0m] [1mClaudeCodeProvider.extract_knowledge failed: module 'claude_agent_sdk' has no attribute 'extract_knowledge'[0m [[0m[1m[34mpdf_pipeline.services.claude_provider[0m][0m [36merror[0m=[35m"module 'claude_agent_sdk' has no attribute 'extract_knowledge'"[0m [36mmodule[0m=[35mclaude_provider[0m [36mprovider[0m=[35mClaudeCodeProvider[0m
[[31m[1merror    [0m] [1mAll providers failed for operation 'extract_knowledge'. Errors: ClaudeCodeProvider: ClaudeCodeProvider.extract_knowledge failed: module 'claude_agent_sdk' has no attribute 'extract_knowledge'[0m [[0m[1m[34mpdf_pipeline.services.provider_chain[0m][0m [36merrors[0m=[35m["ClaudeCodeProvider: ClaudeCodeProvider.extract_knowledge failed: module 'claude_agent_sdk' has no attribute 'extract_knowledge'"][0m [36mmodule[0m=[35mprovider_chain[0m [36moperation[0m=[35mextract_knowledge[0m [36mprovider_count[0m=[35m1[0m
[[31m[1merror    [0m] [1mAll providers failed for operation 'extract_knowledge'. Errors: ClaudeCodeProvider: ClaudeCodeProvider.extract_knowledge failed: module 'claude_agent_sdk' has no attribute 'extract_knowledge'[0m [[0m[1m[34mpdf_pipeline.services.provider_chain[0m][0m [36merrors[0m=[35m["ClaudeCodeProvider: ClaudeCodeProvider.extract_knowledge failed: module 'claude_agent_sdk' has no attribute 'extract_knowledge'"][0m [36mmodule[0m=[35mprovider_chain[0m [36moperation[0m=[35mextract_knowledge[0m [36mprovider_count[0m=[35m1[0m
[[31m[1merror    [0m] [1mClaudeCodeProvider.extract_knowledge failed: module 'claude_agent_sdk' has no attribute 'extract_knowledge'[0m [[0m[1m[34mpdf_pipeline.services.claude_provider[0m][0m [36merror[0m=[35m"module 'claude_agent_sdk' has no attribute 'extract_knowledge'"[0m [36mmodule[0m=[35mclaude_provider[0m [36mprovider[0m=[35mClaudeCodeProvider[0m
[[31m[1merror    [0m] [1mAll providers failed for operation 'extract_knowledge'. Errors: ClaudeCodeProvider: ClaudeCodeProvider.extract_knowledge failed: module 'claude_agent_sdk' has no attribute 'extract_knowledge'[0m [[0m[1m[34mpdf_pipeline.services.provider_chain[0m][0m [36merrors[0m=[35m["ClaudeCodeProvider: ClaudeCodeProvider.extract_knowledge failed: module 'claude_agent_sdk' has no attribute 'extract_knowledge'"][0m [36mmodule[0m=[35mprovider_chain[0m [36moperation[0m=[35mextract_knowledge[0m [36mprovider_count[0m=[35m1[0m
[[31m[1merror    [0m] [1mAll providers failed for operation 'extract_knowledge'. Errors: ClaudeCodeProvider: ClaudeCodeProvider.extract_knowledge failed: module 'claude_agent_sdk' has no attribute 'extract_knowledge'[0m [[0m[1m[34mpdf_pipeline.services.provider_chain[0m][0m [36merrors[0m=[35m["ClaudeCodeProvider: ClaudeCodeProvider.extract_knowledge failed: module 'claude_agent_sdk' has no attribute 'extract_knowledge'"][0m [36mmodule[0m=[35mprovider_chain[0m [36moperation[0m=[35mextract_knowledge[0m [36mprovider_count[0m=[35m1[0m
[[31m[1merror    [0m] [1mClaudeCodeProvider.extract_knowledge failed: module 'claude_agent_sdk' has no attribute 'extract_knowledge'[0m [[0m[1m[34mpdf_pipeline.services.claude_provider[0m][0m [36merror[0m=[35m"module 'claude_agent_sdk' has no attribute 'extract_knowledge'"[0m [36mmodule[0m=[35mclaude_provider[0m [36mprovider[0m=[35mClaudeCodeProvider[0m
[[31m[1merror    [0m] [1mClaudeCodeProvider.extract_knowledge failed: module 'claude_agent_sdk' has no attribute 'extract_knowledge'[0m [[0m[1m[34mpdf_pipeline.services.claude_provider[0m][0m [36merror[0m=[35m"module 'claude_agent_sdk' has no attribute 'extract_knowledge'"[0m [36mmodule[0m=[35mclaude_provider[0m [36mprovider[0m=[35mClaudeCodeProvider[0m
[[31m[1merror    [0m] [1mAll providers failed for operation 'extract_knowledge'. Errors: ClaudeCodeProvider: ClaudeCodeProvider.extract_knowledge failed: module 'claude_agent_sdk' has no attribute 'extract_knowledge'[0m [[0m[1m[34mpdf_pipeline.services.provider_chain[0m][0m [36merrors[0m=[35m["ClaudeCodeProvider: ClaudeCodeProvider.extract_knowledge failed: module 'claude_agent_sdk' has no attribute 'extract_knowledge'"][0m [36mmodule[0m=[35mprovider_chain[0m [36moperation[0m=[35mextract_knowledge[0m [36mprovider_count[0m=[35m1[0m
[[31m[1merror    [0m] [1mClaudeCodeProvider.extract_knowledge failed: module 'claude_agent_sdk' has no attribute 'extract_knowledge'[0m [[0m[1m[34mpdf_pipeline.services.claude_provider[0m][0m [36merror[0m=[35m"module 'claude_agent_sdk' has no attribute 'extract_knowledge'"[0m [36mmodule[0m=[35mclaude_provider[0m [36mprovider[0m=[35mClaudeCodeProvider[0m
[[31m[1merror    [0m] [1mClaudeCodeProvider.extract_knowledge failed: module 'claude_agent_sdk' has no attribute 'extract_knowledge'[0m [[0m[1m[34mpdf_pipeline.services.claude_provider[0m][0m [36merror[0m=[35m"module 'claude_agent_sdk' has no attribute 'extract_knowledge'"[0m [36mmodule[0m=[35mclaude_provider[0m [36mprovider[0m=[35mClaudeCodeProvider[0m
[[31m[1merror    [0m] [1mAll providers failed for operation 'extract_knowledge'. Errors: ClaudeCodeProvider: ClaudeCodeProvider.extract_knowledge failed: module 'claude_agent_sdk' has no attribute 'extract_knowledge'[0m [[0m[1m[34mpdf_pipeline.services.provider_chain[0m][0m [36merrors[0m=[35m["ClaudeCodeProvider: ClaudeCodeProvider.extract_knowledge failed: module 'claude_agent_sdk' has no attribute 'extract_knowledge'"][0m [36mmodule[0m=[35mprovider_chain[0m [36moperation[0m=[35mextract_knowledge[0m [36mprovider_count[0m=[35m1[0m
[[31m[1merror    [0m] [1mAll providers failed for operation 'extract_knowledge'. Errors: ClaudeCodeProvider: ClaudeCodeProvider.extract_knowledge failed: module 'claude_agent_sdk' has no attribute 'extract_knowledge'[0m [[0m[1m[34mpdf_pipeline.services.provider_chain[0m][0m [36merrors[0m=[35m["ClaudeCodeProvider: ClaudeCodeProvider.extract_knowledge failed: module 'claude_agent_sdk' has no attribute 'extract_knowledge'"][0m [36mmodule[0m=[35mprovider_chain[0m [36moperation[0m=[35mextract_knowledge[0m [36mprovider_count[0m=[35m1[0m
[[31m[1merror    [0m] [1mClaudeCodeProvider.extract_knowledge failed: module 'claude_agent_sdk' has no attribute 'extract_knowledge'[0m [[0m[1m[34mpdf_pipeline.services.claude_provider[0m][0m [36merror[0m=[35m"module 'claude_agent_sdk' has no attribute 'extract_knowledge'"[0m [36mmodule[0m=[35mclaude_provider[0m [36mprovider[0m=[35mClaudeCodeProvider[0m
[[31m[1merror    [0m] [1mAll providers failed for operation 'extract_knowledge'. Errors: ClaudeCodeProvider: ClaudeCodeProvider.extract_knowledge failed: module 'claude_agent_sdk' has no attribute 'extract_knowledge'[0m [[0m[1m[34mpdf_pipeline.services.provider_chain[0m][0m [36merrors[0m=[35m["ClaudeCodeProvider: ClaudeCodeProvider.extract_knowledge failed: module 'claude_agent_sdk' has no attribute 'extract_knowledge'"][0m [36mmodule[0m=[35mprovider_chain[0m [36moperation[0m=[35mextract_knowledge[0m [36mprovider_count[0m=[35m1[0m
[[31m[1merror    [0m] [1mAll providers failed for operation 'extract_knowledge'. Errors: ClaudeCodeProvider: ClaudeCodeProvider.extract_knowledge failed: module 'claude_agent_sdk' has no attribute 'extract_knowledge'[0m [[0m[1m[34mpdf_pipeline.services.provider_chain[0m][0m [36merrors[0m=[35m["ClaudeCodeProvider: ClaudeCodeProvider.extract_knowledge failed: module 'claude_agent_sdk' has no attribute 'extract_knowledge'"][0m [36mmodule[0m=[35mprovider_chain[0m [36moperation[0m=[35mextract_knowledge[0m [36mprovider_count[0m=[35m1[0m
[[31m[1merror    [0m] [1mAll providers failed for operation 'extract_knowledge'. Errors: ClaudeCodeProvider: ClaudeCodeProvider.extract_knowledge failed: module 'claude_agent_sdk' has no attribute 'extract_knowledge'[0m [[0m[1m[34mpdf_pipeline.services.provider_chain[0m][0m [36merrors[0m=[35m["ClaudeCodeProvider: ClaudeCodeProvider.extract_knowledge failed: module 'claude_agent_sdk' has no attribute 'extract_knowledge'"][0m [36mmodule[0m=[35mprovider_chain[0m [36moperation[0m=[35mextract_knowledge[0m [36mprovider_count[0m=[35m1[0m
entities=0 facts=0 claims=0 datapoints=0
[2026-03-31 22:40:31]   Phase 2: 完了
[2026-03-31 22:40:31]   Phase 3: emit_research_queue 開始
Queue file: .tmp/graph-queue/pdf-extraction/gq-20260331134031-73328071.json
[2026-03-31 22:40:31]   Phase 3: 完了 → .tmp/graph-queue/pdf-extraction/gq-20260331134031-73328071.json
[2026-03-31 22:40:31]   Phase 4a: entity_linker 開始
Warning: You are sending unauthenticated requests to the HF Hub. Please set a HF_TOKEN to enable higher rate limits and faster downloads.
[[33m[1mwarning  [0m] [1mWarning: You are sending unauthenticated requests to the HF Hub. Please set a HF_TOKEN to enable higher rate limits and faster downloads.[0m [[0m[1m[34mhuggingface_hub.utils._http[0m][0m
Loading weights:   0%|          | 0/391 [00:00<?, ?it/s]Loading weights: 100%|██████████| 391/391 [00:00<00:00, 24156.68it/s]
[1mXLMRobertaModel LOAD REPORT[0m from: intfloat/multilingual-e5-large
Key                     | Status     |  | 
------------------------+------------+--+-
embeddings.position_ids | UNEXPECTED |  | 

[3mNotes:
- UNEXPECTED[3m	:can be ignored when loading from different task/architecture; not ok if you expect identical arch.[0m
[2026-03-31 22:40:38]   Phase 4a: 完了
[2026-03-31 22:40:38]   Phase 4b: neo4j_loader 開始
[2026-03-31 22:40:39]   Phase 4b: 完了
[2026-03-31 22:40:39] --- [15/31] HSBC ISAT@IJ Indosat Ooredoo Hutchison (ISAT IJ) Buy Mobile ...
[2026-03-31 22:40:39]   Phase 2: extract_knowledge 開始
[[31m[1merror    [0m] [1mClaudeCodeProvider.extract_knowledge failed: module 'claude_agent_sdk' has no attribute 'extract_knowledge'[0m [[0m[1m[34mpdf_pipeline.services.claude_provider[0m][0m [36merror[0m=[35m"module 'claude_agent_sdk' has no attribute 'extract_knowledge'"[0m [36mmodule[0m=[35mclaude_provider[0m [36mprovider[0m=[35mClaudeCodeProvider[0m
[[31m[1merror    [0m] [1mClaudeCodeProvider.extract_knowledge failed: module 'claude_agent_sdk' has no attribute 'extract_knowledge'[0m [[0m[1m[34mpdf_pipeline.services.claude_provider[0m][0m [36merror[0m=[35m"module 'claude_agent_sdk' has no attribute 'extract_knowledge'"[0m [36mmodule[0m=[35mclaude_provider[0m [36mprovider[0m=[35mClaudeCodeProvider[0m
[[31m[1merror    [0m] [1mClaudeCodeProvider.extract_knowledge failed: module 'claude_agent_sdk' has no attribute 'extract_knowledge'[0m [[0m[1m[34mpdf_pipeline.services.claude_provider[0m][0m [36merror[0m=[35m"module 'claude_agent_sdk' has no attribute 'extract_knowledge'"[0m [36mmodule[0m=[35mclaude_provider[0m [36mprovider[0m=[35mClaudeCodeProvider[0m
[[31m[1merror    [0m] [1mAll providers failed for operation 'extract_knowledge'. Errors: ClaudeCodeProvider: ClaudeCodeProvider.extract_knowledge failed: module 'claude_agent_sdk' has no attribute 'extract_knowledge'[0m [[0m[1m[34mpdf_pipeline.services.provider_chain[0m][0m [36merrors[0m=[35m["ClaudeCodeProvider: ClaudeCodeProvider.extract_knowledge failed: module 'claude_agent_sdk' has no attribute 'extract_knowledge'"][0m [36mmodule[0m=[35mprovider_chain[0m [36moperation[0m=[35mextract_knowledge[0m [36mprovider_count[0m=[35m1[0m
[[31m[1merror    [0m] [1mClaudeCodeProvider.extract_knowledge failed: module 'claude_agent_sdk' has no attribute 'extract_knowledge'[0m [[0m[1m[34mpdf_pipeline.services.claude_provider[0m][0m [36merror[0m=[35m"module 'claude_agent_sdk' has no attribute 'extract_knowledge'"[0m [36mmodule[0m=[35mclaude_provider[0m [36mprovider[0m=[35mClaudeCodeProvider[0m
[[31m[1merror    [0m] [1mClaudeCodeProvider.extract_knowledge failed: module 'claude_agent_sdk' has no attribute 'extract_knowledge'[0m [[0m[1m[34mpdf_pipeline.services.claude_provider[0m][0m [36merror[0m=[35m"module 'claude_agent_sdk' has no attribute 'extract_knowledge'"[0m [36mmodule[0m=[35mclaude_provider[0m [36mprovider[0m=[35mClaudeCodeProvider[0m
[[31m[1merror    [0m] [1mAll providers failed for operation 'extract_knowledge'. Errors: ClaudeCodeProvider: ClaudeCodeProvider.extract_knowledge failed: module 'claude_agent_sdk' has no attribute 'extract_knowledge'[0m [[0m[1m[34mpdf_pipeline.services.provider_chain[0m][0m [36merrors[0m=[35m["ClaudeCodeProvider: ClaudeCodeProvider.extract_knowledge failed: module 'claude_agent_sdk' has no attribute 'extract_knowledge'"][0m [36mmodule[0m=[35mprovider_chain[0m [36moperation[0m=[35mextract_knowledge[0m [36mprovider_count[0m=[35m1[0m
[[31m[1merror    [0m] [1mAll providers failed for operation 'extract_knowledge'. Errors: ClaudeCodeProvider: ClaudeCodeProvider.extract_knowledge failed: module 'claude_agent_sdk' has no attribute 'extract_knowledge'[0m [[0m[1m[34mpdf_pipeline.services.provider_chain[0m][0m [36merrors[0m=[35m["ClaudeCodeProvider: ClaudeCodeProvider.extract_knowledge failed: module 'claude_agent_sdk' has no attribute 'extract_knowledge'"][0m [36mmodule[0m=[35mprovider_chain[0m [36moperation[0m=[35mextract_knowledge[0m [36mprovider_count[0m=[35m1[0m
[[31m[1merror    [0m] [1mClaudeCodeProvider.extract_knowledge failed: module 'claude_agent_sdk' has no attribute 'extract_knowledge'[0m [[0m[1m[34mpdf_pipeline.services.claude_provider[0m][0m [36merror[0m=[35m"module 'claude_agent_sdk' has no attribute 'extract_knowledge'"[0m [36mmodule[0m=[35mclaude_provider[0m [36mprovider[0m=[35mClaudeCodeProvider[0m
[[31m[1merror    [0m] [1mAll providers failed for operation 'extract_knowledge'. Errors: ClaudeCodeProvider: ClaudeCodeProvider.extract_knowledge failed: module 'claude_agent_sdk' has no attribute 'extract_knowledge'[0m [[0m[1m[34mpdf_pipeline.services.provider_chain[0m][0m [36merrors[0m=[35m["ClaudeCodeProvider: ClaudeCodeProvider.extract_knowledge failed: module 'claude_agent_sdk' has no attribute 'extract_knowledge'"][0m [36mmodule[0m=[35mprovider_chain[0m [36moperation[0m=[35mextract_knowledge[0m [36mprovider_count[0m=[35m1[0m
[[31m[1merror    [0m] [1mAll providers failed for operation 'extract_knowledge'. Errors: ClaudeCodeProvider: ClaudeCodeProvider.extract_knowledge failed: module 'claude_agent_sdk' has no attribute 'extract_knowledge'[0m [[0m[1m[34mpdf_pipeline.services.provider_chain[0m][0m [36merrors[0m=[35m["ClaudeCodeProvider: ClaudeCodeProvider.extract_knowledge failed: module 'claude_agent_sdk' has no attribute 'extract_knowledge'"][0m [36mmodule[0m=[35mprovider_chain[0m [36moperation[0m=[35mextract_knowledge[0m [36mprovider_count[0m=[35m1[0m
[[31m[1merror    [0m] [1mClaudeCodeProvider.extract_knowledge failed: module 'claude_agent_sdk' has no attribute 'extract_knowledge'[0m [[0m[1m[34mpdf_pipeline.services.claude_provider[0m][0m [36merror[0m=[35m"module 'claude_agent_sdk' has no attribute 'extract_knowledge'"[0m [36mmodule[0m=[35mclaude_provider[0m [36mprovider[0m=[35mClaudeCodeProvider[0m
[[31m[1merror    [0m] [1mClaudeCodeProvider.extract_knowledge failed: module 'claude_agent_sdk' has no attribute 'extract_knowledge'[0m [[0m[1m[34mpdf_pipeline.services.claude_provider[0m][0m [36merror[0m=[35m"module 'claude_agent_sdk' has no attribute 'extract_knowledge'"[0m [36mmodule[0m=[35mclaude_provider[0m [36mprovider[0m=[35mClaudeCodeProvider[0m
[[31m[1merror    [0m] [1mAll providers failed for operation 'extract_knowledge'. Errors: ClaudeCodeProvider: ClaudeCodeProvider.extract_knowledge failed: module 'claude_agent_sdk' has no attribute 'extract_knowledge'[0m [[0m[1m[34mpdf_pipeline.services.provider_chain[0m][0m [36merrors[0m=[35m["ClaudeCodeProvider: ClaudeCodeProvider.extract_knowledge failed: module 'claude_agent_sdk' has no attribute 'extract_knowledge'"][0m [36mmodule[0m=[35mprovider_chain[0m [36moperation[0m=[35mextract_knowledge[0m [36mprovider_count[0m=[35m1[0m
[[31m[1merror    [0m] [1mClaudeCodeProvider.extract_knowledge failed: module 'claude_agent_sdk' has no attribute 'extract_knowledge'[0m [[0m[1m[34mpdf_pipeline.services.claude_provider[0m][0m [36merror[0m=[35m"module 'claude_agent_sdk' has no attribute 'extract_knowledge'"[0m [36mmodule[0m=[35mclaude_provider[0m [36mprovider[0m=[35mClaudeCodeProvider[0m
[[31m[1merror    [0m] [1mClaudeCodeProvider.extract_knowledge failed: module 'claude_agent_sdk' has no attribute 'extract_knowledge'[0m [[0m[1m[34mpdf_pipeline.services.claude_provider[0m][0m [36merror[0m=[35m"module 'claude_agent_sdk' has no attribute 'extract_knowledge'"[0m [36mmodule[0m=[35mclaude_provider[0m [36mprovider[0m=[35mClaudeCodeProvider[0m
[[31m[1merror    [0m] [1mAll providers failed for operation 'extract_knowledge'. Errors: ClaudeCodeProvider: ClaudeCodeProvider.extract_knowledge failed: module 'claude_agent_sdk' has no attribute 'extract_knowledge'[0m [[0m[1m[34mpdf_pipeline.services.provider_chain[0m][0m [36merrors[0m=[35m["ClaudeCodeProvider: ClaudeCodeProvider.extract_knowledge failed: module 'claude_agent_sdk' has no attribute 'extract_knowledge'"][0m [36mmodule[0m=[35mprovider_chain[0m [36moperation[0m=[35mextract_knowledge[0m [36mprovider_count[0m=[35m1[0m
[[31m[1merror    [0m] [1mAll providers failed for operation 'extract_knowledge'. Errors: ClaudeCodeProvider: ClaudeCodeProvider.extract_knowledge failed: module 'claude_agent_sdk' has no attribute 'extract_knowledge'[0m [[0m[1m[34mpdf_pipeline.services.provider_chain[0m][0m [36merrors[0m=[35m["ClaudeCodeProvider: ClaudeCodeProvider.extract_knowledge failed: module 'claude_agent_sdk' has no attribute 'extract_knowledge'"][0m [36mmodule[0m=[35mprovider_chain[0m [36moperation[0m=[35mextract_knowledge[0m [36mprovider_count[0m=[35m1[0m
[[31m[1merror    [0m] [1mClaudeCodeProvider.extract_knowledge failed: module 'claude_agent_sdk' has no attribute 'extract_knowledge'[0m [[0m[1m[34mpdf_pipeline.services.claude_provider[0m][0m [36merror[0m=[35m"module 'claude_agent_sdk' has no attribute 'extract_knowledge'"[0m [36mmodule[0m=[35mclaude_provider[0m [36mprovider[0m=[35mClaudeCodeProvider[0m
[[31m[1merror    [0m] [1mAll providers failed for operation 'extract_knowledge'. Errors: ClaudeCodeProvider: ClaudeCodeProvider.extract_knowledge failed: module 'claude_agent_sdk' has no attribute 'extract_knowledge'[0m [[0m[1m[34mpdf_pipeline.services.provider_chain[0m][0m [36merrors[0m=[35m["ClaudeCodeProvider: ClaudeCodeProvider.extract_knowledge failed: module 'claude_agent_sdk' has no attribute 'extract_knowledge'"][0m [36mmodule[0m=[35mprovider_chain[0m [36moperation[0m=[35mextract_knowledge[0m [36mprovider_count[0m=[35m1[0m
[[31m[1merror    [0m] [1mAll providers failed for operation 'extract_knowledge'. Errors: ClaudeCodeProvider: ClaudeCodeProvider.extract_knowledge failed: module 'claude_agent_sdk' has no attribute 'extract_knowledge'[0m [[0m[1m[34mpdf_pipeline.services.provider_chain[0m][0m [36merrors[0m=[35m["ClaudeCodeProvider: ClaudeCodeProvider.extract_knowledge failed: module 'claude_agent_sdk' has no attribute 'extract_knowledge'"][0m [36mmodule[0m=[35mprovider_chain[0m [36moperation[0m=[35mextract_knowledge[0m [36mprovider_count[0m=[35m1[0m
[[31m[1merror    [0m] [1mAll providers failed for operation 'extract_knowledge'. Errors: ClaudeCodeProvider: ClaudeCodeProvider.extract_knowledge failed: module 'claude_agent_sdk' has no attribute 'extract_knowledge'[0m [[0m[1m[34mpdf_pipeline.services.provider_chain[0m][0m [36merrors[0m=[35m["ClaudeCodeProvider: ClaudeCodeProvider.extract_knowledge failed: module 'claude_agent_sdk' has no attribute 'extract_knowledge'"][0m [36mmodule[0m=[35mprovider_chain[0m [36moperation[0m=[35mextract_knowledge[0m [36mprovider_count[0m=[35m1[0m
entities=0 facts=0 claims=0 datapoints=0
[2026-03-31 22:40:39]   Phase 2: 完了
[2026-03-31 22:40:39]   Phase 3: emit_research_queue 開始
Queue file: .tmp/graph-queue/pdf-extraction/gq-20260331134040-af37813c.json
[2026-03-31 22:40:40]   Phase 3: 完了 → .tmp/graph-queue/pdf-extraction/gq-20260331134040-af37813c.json
[2026-03-31 22:40:40]   Phase 4a: entity_linker 開始
Warning: You are sending unauthenticated requests to the HF Hub. Please set a HF_TOKEN to enable higher rate limits and faster downloads.
[[33m[1mwarning  [0m] [1mWarning: You are sending unauthenticated requests to the HF Hub. Please set a HF_TOKEN to enable higher rate limits and faster downloads.[0m [[0m[1m[34mhuggingface_hub.utils._http[0m][0m
Loading weights:   0%|          | 0/391 [00:00<?, ?it/s]Loading weights: 100%|██████████| 391/391 [00:00<00:00, 22666.59it/s]
[1mXLMRobertaModel LOAD REPORT[0m from: intfloat/multilingual-e5-large
Key                     | Status     |  | 
------------------------+------------+--+-
embeddings.position_ids | UNEXPECTED |  | 

[3mNotes:
- UNEXPECTED[3m	:can be ignored when loading from different task/architecture; not ok if you expect identical arch.[0m
[2026-03-31 22:40:47]   Phase 4a: 完了
[2026-03-31 22:40:47]   Phase 4b: neo4j_loader 開始
[2026-03-31 22:40:47]   Phase 4b: 完了
[2026-03-31 22:40:47] --- [16/31] Indosat Profit Rebound Set to Beat 2026 Guidance Equity Outl...
[2026-03-31 22:40:47]   Phase 2: extract_knowledge 開始
[[31m[1merror    [0m] [1mClaudeCodeProvider.extract_knowledge failed: module 'claude_agent_sdk' has no attribute 'extract_knowledge'[0m [[0m[1m[34mpdf_pipeline.services.claude_provider[0m][0m [36merror[0m=[35m"module 'claude_agent_sdk' has no attribute 'extract_knowledge'"[0m [36mmodule[0m=[35mclaude_provider[0m [36mprovider[0m=[35mClaudeCodeProvider[0m
[[31m[1merror    [0m] [1mClaudeCodeProvider.extract_knowledge failed: module 'claude_agent_sdk' has no attribute 'extract_knowledge'[0m [[0m[1m[34mpdf_pipeline.services.claude_provider[0m][0m [36merror[0m=[35m"module 'claude_agent_sdk' has no attribute 'extract_knowledge'"[0m [36mmodule[0m=[35mclaude_provider[0m [36mprovider[0m=[35mClaudeCodeProvider[0m
[[31m[1merror    [0m] [1mClaudeCodeProvider.extract_knowledge failed: module 'claude_agent_sdk' has no attribute 'extract_knowledge'[0m [[0m[1m[34mpdf_pipeline.services.claude_provider[0m][0m [36merror[0m=[35m"module 'claude_agent_sdk' has no attribute 'extract_knowledge'"[0m [36mmodule[0m=[35mclaude_provider[0m [36mprovider[0m=[35mClaudeCodeProvider[0m
[[31m[1merror    [0m] [1mAll providers failed for operation 'extract_knowledge'. Errors: ClaudeCodeProvider: ClaudeCodeProvider.extract_knowledge failed: module 'claude_agent_sdk' has no attribute 'extract_knowledge'[0m [[0m[1m[34mpdf_pipeline.services.provider_chain[0m][0m [36merrors[0m=[35m["ClaudeCodeProvider: ClaudeCodeProvider.extract_knowledge failed: module 'claude_agent_sdk' has no attribute 'extract_knowledge'"][0m [36mmodule[0m=[35mprovider_chain[0m [36moperation[0m=[35mextract_knowledge[0m [36mprovider_count[0m=[35m1[0m
[[31m[1merror    [0m] [1mClaudeCodeProvider.extract_knowledge failed: module 'claude_agent_sdk' has no attribute 'extract_knowledge'[0m [[0m[1m[34mpdf_pipeline.services.claude_provider[0m][0m [36merror[0m=[35m"module 'claude_agent_sdk' has no attribute 'extract_knowledge'"[0m [36mmodule[0m=[35mclaude_provider[0m [36mprovider[0m=[35mClaudeCodeProvider[0m
[[31m[1merror    [0m] [1mClaudeCodeProvider.extract_knowledge failed: module 'claude_agent_sdk' has no attribute 'extract_knowledge'[0m [[0m[1m[34mpdf_pipeline.services.claude_provider[0m][0m [36merror[0m=[35m"module 'claude_agent_sdk' has no attribute 'extract_knowledge'"[0m [36mmodule[0m=[35mclaude_provider[0m [36mprovider[0m=[35mClaudeCodeProvider[0m
[[31m[1merror    [0m] [1mAll providers failed for operation 'extract_knowledge'. Errors: ClaudeCodeProvider: ClaudeCodeProvider.extract_knowledge failed: module 'claude_agent_sdk' has no attribute 'extract_knowledge'[0m [[0m[1m[34mpdf_pipeline.services.provider_chain[0m][0m [36merrors[0m=[35m["ClaudeCodeProvider: ClaudeCodeProvider.extract_knowledge failed: module 'claude_agent_sdk' has no attribute 'extract_knowledge'"][0m [36mmodule[0m=[35mprovider_chain[0m [36moperation[0m=[35mextract_knowledge[0m [36mprovider_count[0m=[35m1[0m
[[31m[1merror    [0m] [1mAll providers failed for operation 'extract_knowledge'. Errors: ClaudeCodeProvider: ClaudeCodeProvider.extract_knowledge failed: module 'claude_agent_sdk' has no attribute 'extract_knowledge'[0m [[0m[1m[34mpdf_pipeline.services.provider_chain[0m][0m [36merrors[0m=[35m["ClaudeCodeProvider: ClaudeCodeProvider.extract_knowledge failed: module 'claude_agent_sdk' has no attribute 'extract_knowledge'"][0m [36mmodule[0m=[35mprovider_chain[0m [36moperation[0m=[35mextract_knowledge[0m [36mprovider_count[0m=[35m1[0m
[[31m[1merror    [0m] [1mClaudeCodeProvider.extract_knowledge failed: module 'claude_agent_sdk' has no attribute 'extract_knowledge'[0m [[0m[1m[34mpdf_pipeline.services.claude_provider[0m][0m [36merror[0m=[35m"module 'claude_agent_sdk' has no attribute 'extract_knowledge'"[0m [36mmodule[0m=[35mclaude_provider[0m [36mprovider[0m=[35mClaudeCodeProvider[0m
[[31m[1merror    [0m] [1mAll providers failed for operation 'extract_knowledge'. Errors: ClaudeCodeProvider: ClaudeCodeProvider.extract_knowledge failed: module 'claude_agent_sdk' has no attribute 'extract_knowledge'[0m [[0m[1m[34mpdf_pipeline.services.provider_chain[0m][0m [36merrors[0m=[35m["ClaudeCodeProvider: ClaudeCodeProvider.extract_knowledge failed: module 'claude_agent_sdk' has no attribute 'extract_knowledge'"][0m [36mmodule[0m=[35mprovider_chain[0m [36moperation[0m=[35mextract_knowledge[0m [36mprovider_count[0m=[35m1[0m
[[31m[1merror    [0m] [1mAll providers failed for operation 'extract_knowledge'. Errors: ClaudeCodeProvider: ClaudeCodeProvider.extract_knowledge failed: module 'claude_agent_sdk' has no attribute 'extract_knowledge'[0m [[0m[1m[34mpdf_pipeline.services.provider_chain[0m][0m [36merrors[0m=[35m["ClaudeCodeProvider: ClaudeCodeProvider.extract_knowledge failed: module 'claude_agent_sdk' has no attribute 'extract_knowledge'"][0m [36mmodule[0m=[35mprovider_chain[0m [36moperation[0m=[35mextract_knowledge[0m [36mprovider_count[0m=[35m1[0m
[[31m[1merror    [0m] [1mClaudeCodeProvider.extract_knowledge failed: module 'claude_agent_sdk' has no attribute 'extract_knowledge'[0m [[0m[1m[34mpdf_pipeline.services.claude_provider[0m][0m [36merror[0m=[35m"module 'claude_agent_sdk' has no attribute 'extract_knowledge'"[0m [36mmodule[0m=[35mclaude_provider[0m [36mprovider[0m=[35mClaudeCodeProvider[0m
[[31m[1merror    [0m] [1mClaudeCodeProvider.extract_knowledge failed: module 'claude_agent_sdk' has no attribute 'extract_knowledge'[0m [[0m[1m[34mpdf_pipeline.services.claude_provider[0m][0m [36merror[0m=[35m"module 'claude_agent_sdk' has no attribute 'extract_knowledge'"[0m [36mmodule[0m=[35mclaude_provider[0m [36mprovider[0m=[35mClaudeCodeProvider[0m
[[31m[1merror    [0m] [1mAll providers failed for operation 'extract_knowledge'. Errors: ClaudeCodeProvider: ClaudeCodeProvider.extract_knowledge failed: module 'claude_agent_sdk' has no attribute 'extract_knowledge'[0m [[0m[1m[34mpdf_pipeline.services.provider_chain[0m][0m [36merrors[0m=[35m["ClaudeCodeProvider: ClaudeCodeProvider.extract_knowledge failed: module 'claude_agent_sdk' has no attribute 'extract_knowledge'"][0m [36mmodule[0m=[35mprovider_chain[0m [36moperation[0m=[35mextract_knowledge[0m [36mprovider_count[0m=[35m1[0m
[[31m[1merror    [0m] [1mClaudeCodeProvider.extract_knowledge failed: module 'claude_agent_sdk' has no attribute 'extract_knowledge'[0m [[0m[1m[34mpdf_pipeline.services.claude_provider[0m][0m [36merror[0m=[35m"module 'claude_agent_sdk' has no attribute 'extract_knowledge'"[0m [36mmodule[0m=[35mclaude_provider[0m [36mprovider[0m=[35mClaudeCodeProvider[0m
[[31m[1merror    [0m] [1mClaudeCodeProvider.extract_knowledge failed: module 'claude_agent_sdk' has no attribute 'extract_knowledge'[0m [[0m[1m[34mpdf_pipeline.services.claude_provider[0m][0m [36merror[0m=[35m"module 'claude_agent_sdk' has no attribute 'extract_knowledge'"[0m [36mmodule[0m=[35mclaude_provider[0m [36mprovider[0m=[35mClaudeCodeProvider[0m
[[31m[1merror    [0m] [1mAll providers failed for operation 'extract_knowledge'. Errors: ClaudeCodeProvider: ClaudeCodeProvider.extract_knowledge failed: module 'claude_agent_sdk' has no attribute 'extract_knowledge'[0m [[0m[1m[34mpdf_pipeline.services.provider_chain[0m][0m [36merrors[0m=[35m["ClaudeCodeProvider: ClaudeCodeProvider.extract_knowledge failed: module 'claude_agent_sdk' has no attribute 'extract_knowledge'"][0m [36mmodule[0m=[35mprovider_chain[0m [36moperation[0m=[35mextract_knowledge[0m [36mprovider_count[0m=[35m1[0m
[[31m[1merror    [0m] [1mAll providers failed for operation 'extract_knowledge'. Errors: ClaudeCodeProvider: ClaudeCodeProvider.extract_knowledge failed: module 'claude_agent_sdk' has no attribute 'extract_knowledge'[0m [[0m[1m[34mpdf_pipeline.services.provider_chain[0m][0m [36merrors[0m=[35m["ClaudeCodeProvider: ClaudeCodeProvider.extract_knowledge failed: module 'claude_agent_sdk' has no attribute 'extract_knowledge'"][0m [36mmodule[0m=[35mprovider_chain[0m [36moperation[0m=[35mextract_knowledge[0m [36mprovider_count[0m=[35m1[0m
[[31m[1merror    [0m] [1mClaudeCodeProvider.extract_knowledge failed: module 'claude_agent_sdk' has no attribute 'extract_knowledge'[0m [[0m[1m[34mpdf_pipeline.services.claude_provider[0m][0m [36merror[0m=[35m"module 'claude_agent_sdk' has no attribute 'extract_knowledge'"[0m [36mmodule[0m=[35mclaude_provider[0m [36mprovider[0m=[35mClaudeCodeProvider[0m
[[31m[1merror    [0m] [1mAll providers failed for operation 'extract_knowledge'. Errors: ClaudeCodeProvider: ClaudeCodeProvider.extract_knowledge failed: module 'claude_agent_sdk' has no attribute 'extract_knowledge'[0m [[0m[1m[34mpdf_pipeline.services.provider_chain[0m][0m [36merrors[0m=[35m["ClaudeCodeProvider: ClaudeCodeProvider.extract_knowledge failed: module 'claude_agent_sdk' has no attribute 'extract_knowledge'"][0m [36mmodule[0m=[35mprovider_chain[0m [36moperation[0m=[35mextract_knowledge[0m [36mprovider_count[0m=[35m1[0m
[[31m[1merror    [0m] [1mAll providers failed for operation 'extract_knowledge'. Errors: ClaudeCodeProvider: ClaudeCodeProvider.extract_knowledge failed: module 'claude_agent_sdk' has no attribute 'extract_knowledge'[0m [[0m[1m[34mpdf_pipeline.services.provider_chain[0m][0m [36merrors[0m=[35m["ClaudeCodeProvider: ClaudeCodeProvider.extract_knowledge failed: module 'claude_agent_sdk' has no attribute 'extract_knowledge'"][0m [36mmodule[0m=[35mprovider_chain[0m [36moperation[0m=[35mextract_knowledge[0m [36mprovider_count[0m=[35m1[0m
[[31m[1merror    [0m] [1mClaudeCodeProvider.extract_knowledge failed: module 'claude_agent_sdk' has no attribute 'extract_knowledge'[0m [[0m[1m[34mpdf_pipeline.services.claude_provider[0m][0m [36merror[0m=[35m"module 'claude_agent_sdk' has no attribute 'extract_knowledge'"[0m [36mmodule[0m=[35mclaude_provider[0m [36mprovider[0m=[35mClaudeCodeProvider[0m
[[31m[1merror    [0m] [1mClaudeCodeProvider.extract_knowledge failed: module 'claude_agent_sdk' has no attribute 'extract_knowledge'[0m [[0m[1m[34mpdf_pipeline.services.claude_provider[0m][0m [36merror[0m=[35m"module 'claude_agent_sdk' has no attribute 'extract_knowledge'"[0m [36mmodule[0m=[35mclaude_provider[0m [36mprovider[0m=[35mClaudeCodeProvider[0m
[[31m[1merror    [0m] [1mAll providers failed for operation 'extract_knowledge'. Errors: ClaudeCodeProvider: ClaudeCodeProvider.extract_knowledge failed: module 'claude_agent_sdk' has no attribute 'extract_knowledge'[0m [[0m[1m[34mpdf_pipeline.services.provider_chain[0m][0m [36merrors[0m=[35m["ClaudeCodeProvider: ClaudeCodeProvider.extract_knowledge failed: module 'claude_agent_sdk' has no attribute 'extract_knowledge'"][0m [36mmodule[0m=[35mprovider_chain[0m [36moperation[0m=[35mextract_knowledge[0m [36mprovider_count[0m=[35m1[0m
[[31m[1merror    [0m] [1mClaudeCodeProvider.extract_knowledge failed: module 'claude_agent_sdk' has no attribute 'extract_knowledge'[0m [[0m[1m[34mpdf_pipeline.services.claude_provider[0m][0m [36merror[0m=[35m"module 'claude_agent_sdk' has no attribute 'extract_knowledge'"[0m [36mmodule[0m=[35mclaude_provider[0m [36mprovider[0m=[35mClaudeCodeProvider[0m
[[31m[1merror    [0m] [1mClaudeCodeProvider.extract_knowledge failed: module 'claude_agent_sdk' has no attribute 'extract_knowledge'[0m [[0m[1m[34mpdf_pipeline.services.claude_provider[0m][0m [36merror[0m=[35m"module 'claude_agent_sdk' has no attribute 'extract_knowledge'"[0m [36mmodule[0m=[35mclaude_provider[0m [36mprovider[0m=[35mClaudeCodeProvider[0m
[[31m[1merror    [0m] [1mAll providers failed for operation 'extract_knowledge'. Errors: ClaudeCodeProvider: ClaudeCodeProvider.extract_knowledge failed: module 'claude_agent_sdk' has no attribute 'extract_knowledge'[0m [[0m[1m[34mpdf_pipeline.services.provider_chain[0m][0m [36merrors[0m=[35m["ClaudeCodeProvider: ClaudeCodeProvider.extract_knowledge failed: module 'claude_agent_sdk' has no attribute 'extract_knowledge'"][0m [36mmodule[0m=[35mprovider_chain[0m [36moperation[0m=[35mextract_knowledge[0m [36mprovider_count[0m=[35m1[0m
[[31m[1merror    [0m] [1mAll providers failed for operation 'extract_knowledge'. Errors: ClaudeCodeProvider: ClaudeCodeProvider.extract_knowledge failed: module 'claude_agent_sdk' has no attribute 'extract_knowledge'[0m [[0m[1m[34mpdf_pipeline.services.provider_chain[0m][0m [36merrors[0m=[35m["ClaudeCodeProvider: ClaudeCodeProvider.extract_knowledge failed: module 'claude_agent_sdk' has no attribute 'extract_knowledge'"][0m [36mmodule[0m=[35mprovider_chain[0m [36moperation[0m=[35mextract_knowledge[0m [36mprovider_count[0m=[35m1[0m
[[31m[1merror    [0m] [1mClaudeCodeProvider.extract_knowledge failed: module 'claude_agent_sdk' has no attribute 'extract_knowledge'[0m [[0m[1m[34mpdf_pipeline.services.claude_provider[0m][0m [36merror[0m=[35m"module 'claude_agent_sdk' has no attribute 'extract_knowledge'"[0m [36mmodule[0m=[35mclaude_provider[0m [36mprovider[0m=[35mClaudeCodeProvider[0m
[[31m[1merror    [0m] [1mAll providers failed for operation 'extract_knowledge'. Errors: ClaudeCodeProvider: ClaudeCodeProvider.extract_knowledge failed: module 'claude_agent_sdk' has no attribute 'extract_knowledge'[0m [[0m[1m[34mpdf_pipeline.services.provider_chain[0m][0m [36merrors[0m=[35m["ClaudeCodeProvider: ClaudeCodeProvider.extract_knowledge failed: module 'claude_agent_sdk' has no attribute 'extract_knowledge'"][0m [36mmodule[0m=[35mprovider_chain[0m [36moperation[0m=[35mextract_knowledge[0m [36mprovider_count[0m=[35m1[0m
[[31m[1merror    [0m] [1mAll providers failed for operation 'extract_knowledge'. Errors: ClaudeCodeProvider: ClaudeCodeProvider.extract_knowledge failed: module 'claude_agent_sdk' has no attribute 'extract_knowledge'[0m [[0m[1m[34mpdf_pipeline.services.provider_chain[0m][0m [36merrors[0m=[35m["ClaudeCodeProvider: ClaudeCodeProvider.extract_knowledge failed: module 'claude_agent_sdk' has no attribute 'extract_knowledge'"][0m [36mmodule[0m=[35mprovider_chain[0m [36moperation[0m=[35mextract_knowledge[0m [36mprovider_count[0m=[35m1[0m
[[31m[1merror    [0m] [1mClaudeCodeProvider.extract_knowledge failed: module 'claude_agent_sdk' has no attribute 'extract_knowledge'[0m [[0m[1m[34mpdf_pipeline.services.claude_provider[0m][0m [36merror[0m=[35m"module 'claude_agent_sdk' has no attribute 'extract_knowledge'"[0m [36mmodule[0m=[35mclaude_provider[0m [36mprovider[0m=[35mClaudeCodeProvider[0m
[[31m[1merror    [0m] [1mClaudeCodeProvider.extract_knowledge failed: module 'claude_agent_sdk' has no attribute 'extract_knowledge'[0m [[0m[1m[34mpdf_pipeline.services.claude_provider[0m][0m [36merror[0m=[35m"module 'claude_agent_sdk' has no attribute 'extract_knowledge'"[0m [36mmodule[0m=[35mclaude_provider[0m [36mprovider[0m=[35mClaudeCodeProvider[0m
[[31m[1merror    [0m] [1mAll providers failed for operation 'extract_knowledge'. Errors: ClaudeCodeProvider: ClaudeCodeProvider.extract_knowledge failed: module 'claude_agent_sdk' has no attribute 'extract_knowledge'[0m [[0m[1m[34mpdf_pipeline.services.provider_chain[0m][0m [36merrors[0m=[35m["ClaudeCodeProvider: ClaudeCodeProvider.extract_knowledge failed: module 'claude_agent_sdk' has no attribute 'extract_knowledge'"][0m [36mmodule[0m=[35mprovider_chain[0m [36moperation[0m=[35mextract_knowledge[0m [36mprovider_count[0m=[35m1[0m
[[31m[1merror    [0m] [1mClaudeCodeProvider.extract_knowledge failed: module 'claude_agent_sdk' has no attribute 'extract_knowledge'[0m [[0m[1m[34mpdf_pipeline.services.claude_provider[0m][0m [36merror[0m=[35m"module 'claude_agent_sdk' has no attribute 'extract_knowledge'"[0m [36mmodule[0m=[35mclaude_provider[0m [36mprovider[0m=[35mClaudeCodeProvider[0m
[[31m[1merror    [0m] [1mClaudeCodeProvider.extract_knowledge failed: module 'claude_agent_sdk' has no attribute 'extract_knowledge'[0m [[0m[1m[34mpdf_pipeline.services.claude_provider[0m][0m [36merror[0m=[35m"module 'claude_agent_sdk' has no attribute 'extract_knowledge'"[0m [36mmodule[0m=[35mclaude_provider[0m [36mprovider[0m=[35mClaudeCodeProvider[0m
[[31m[1merror    [0m] [1mAll providers failed for operation 'extract_knowledge'. Errors: ClaudeCodeProvider: ClaudeCodeProvider.extract_knowledge failed: module 'claude_agent_sdk' has no attribute 'extract_knowledge'[0m [[0m[1m[34mpdf_pipeline.services.provider_chain[0m][0m [36merrors[0m=[35m["ClaudeCodeProvider: ClaudeCodeProvider.extract_knowledge failed: module 'claude_agent_sdk' has no attribute 'extract_knowledge'"][0m [36mmodule[0m=[35mprovider_chain[0m [36moperation[0m=[35mextract_knowledge[0m [36mprovider_count[0m=[35m1[0m
[[31m[1merror    [0m] [1mAll providers failed for operation 'extract_knowledge'. Errors: ClaudeCodeProvider: ClaudeCodeProvider.extract_knowledge failed: module 'claude_agent_sdk' has no attribute 'extract_knowledge'[0m [[0m[1m[34mpdf_pipeline.services.provider_chain[0m][0m [36merrors[0m=[35m["ClaudeCodeProvider: ClaudeCodeProvider.extract_knowledge failed: module 'claude_agent_sdk' has no attribute 'extract_knowledge'"][0m [36mmodule[0m=[35mprovider_chain[0m [36moperation[0m=[35mextract_knowledge[0m [36mprovider_count[0m=[35m1[0m
[[31m[1merror    [0m] [1mClaudeCodeProvider.extract_knowledge failed: module 'claude_agent_sdk' has no attribute 'extract_knowledge'[0m [[0m[1m[34mpdf_pipeline.services.claude_provider[0m][0m [36merror[0m=[35m"module 'claude_agent_sdk' has no attribute 'extract_knowledge'"[0m [36mmodule[0m=[35mclaude_provider[0m [36mprovider[0m=[35mClaudeCodeProvider[0m
[[31m[1merror    [0m] [1mAll providers failed for operation 'extract_knowledge'. Errors: ClaudeCodeProvider: ClaudeCodeProvider.extract_knowledge failed: module 'claude_agent_sdk' has no attribute 'extract_knowledge'[0m [[0m[1m[34mpdf_pipeline.services.provider_chain[0m][0m [36merrors[0m=[35m["ClaudeCodeProvider: ClaudeCodeProvider.extract_knowledge failed: module 'claude_agent_sdk' has no attribute 'extract_knowledge'"][0m [36mmodule[0m=[35mprovider_chain[0m [36moperation[0m=[35mextract_knowledge[0m [36mprovider_count[0m=[35m1[0m
[[31m[1merror    [0m] [1mAll providers failed for operation 'extract_knowledge'. Errors: ClaudeCodeProvider: ClaudeCodeProvider.extract_knowledge failed: module 'claude_agent_sdk' has no attribute 'extract_knowledge'[0m [[0m[1m[34mpdf_pipeline.services.provider_chain[0m][0m [36merrors[0m=[35m["ClaudeCodeProvider: ClaudeCodeProvider.extract_knowledge failed: module 'claude_agent_sdk' has no attribute 'extract_knowledge'"][0m [36mmodule[0m=[35mprovider_chain[0m [36moperation[0m=[35mextract_knowledge[0m [36mprovider_count[0m=[35m1[0m
[[31m[1merror    [0m] [1mClaudeCodeProvider.extract_knowledge failed: module 'claude_agent_sdk' has no attribute 'extract_knowledge'[0m [[0m[1m[34mpdf_pipeline.services.claude_provider[0m][0m [36merror[0m=[35m"module 'claude_agent_sdk' has no attribute 'extract_knowledge'"[0m [36mmodule[0m=[35mclaude_provider[0m [36mprovider[0m=[35mClaudeCodeProvider[0m
[[31m[1merror    [0m] [1mClaudeCodeProvider.extract_knowledge failed: module 'claude_agent_sdk' has no attribute 'extract_knowledge'[0m [[0m[1m[34mpdf_pipeline.services.claude_provider[0m][0m [36merror[0m=[35m"module 'claude_agent_sdk' has no attribute 'extract_knowledge'"[0m [36mmodule[0m=[35mclaude_provider[0m [36mprovider[0m=[35mClaudeCodeProvider[0m
[[31m[1merror    [0m] [1mAll providers failed for operation 'extract_knowledge'. Errors: ClaudeCodeProvider: ClaudeCodeProvider.extract_knowledge failed: module 'claude_agent_sdk' has no attribute 'extract_knowledge'[0m [[0m[1m[34mpdf_pipeline.services.provider_chain[0m][0m [36merrors[0m=[35m["ClaudeCodeProvider: ClaudeCodeProvider.extract_knowledge failed: module 'claude_agent_sdk' has no attribute 'extract_knowledge'"][0m [36mmodule[0m=[35mprovider_chain[0m [36moperation[0m=[35mextract_knowledge[0m [36mprovider_count[0m=[35m1[0m
[[31m[1merror    [0m] [1mClaudeCodeProvider.extract_knowledge failed: module 'claude_agent_sdk' has no attribute 'extract_knowledge'[0m [[0m[1m[34mpdf_pipeline.services.claude_provider[0m][0m [36merror[0m=[35m"module 'claude_agent_sdk' has no attribute 'extract_knowledge'"[0m [36mmodule[0m=[35mclaude_provider[0m [36mprovider[0m=[35mClaudeCodeProvider[0m
[[31m[1merror    [0m] [1mClaudeCodeProvider.extract_knowledge failed: module 'claude_agent_sdk' has no attribute 'extract_knowledge'[0m [[0m[1m[34mpdf_pipeline.services.claude_provider[0m][0m [36merror[0m=[35m"module 'claude_agent_sdk' has no attribute 'extract_knowledge'"[0m [36mmodule[0m=[35mclaude_provider[0m [36mprovider[0m=[35mClaudeCodeProvider[0m
[[31m[1merror    [0m] [1mAll providers failed for operation 'extract_knowledge'. Errors: ClaudeCodeProvider: ClaudeCodeProvider.extract_knowledge failed: module 'claude_agent_sdk' has no attribute 'extract_knowledge'[0m [[0m[1m[34mpdf_pipeline.services.provider_chain[0m][0m [36merrors[0m=[35m["ClaudeCodeProvider: ClaudeCodeProvider.extract_knowledge failed: module 'claude_agent_sdk' has no attribute 'extract_knowledge'"][0m [36mmodule[0m=[35mprovider_chain[0m [36moperation[0m=[35mextract_knowledge[0m [36mprovider_count[0m=[35m1[0m
[[31m[1merror    [0m] [1mAll providers failed for operation 'extract_knowledge'. Errors: ClaudeCodeProvider: ClaudeCodeProvider.extract_knowledge failed: module 'claude_agent_sdk' has no attribute 'extract_knowledge'[0m [[0m[1m[34mpdf_pipeline.services.provider_chain[0m][0m [36merrors[0m=[35m["ClaudeCodeProvider: ClaudeCodeProvider.extract_knowledge failed: module 'claude_agent_sdk' has no attribute 'extract_knowledge'"][0m [36mmodule[0m=[35mprovider_chain[0m [36moperation[0m=[35mextract_knowledge[0m [36mprovider_count[0m=[35m1[0m
[[31m[1merror    [0m] [1mClaudeCodeProvider.extract_knowledge failed: module 'claude_agent_sdk' has no attribute 'extract_knowledge'[0m [[0m[1m[34mpdf_pipeline.services.claude_provider[0m][0m [36merror[0m=[35m"module 'claude_agent_sdk' has no attribute 'extract_knowledge'"[0m [36mmodule[0m=[35mclaude_provider[0m [36mprovider[0m=[35mClaudeCodeProvider[0m
[[31m[1merror    [0m] [1mAll providers failed for operation 'extract_knowledge'. Errors: ClaudeCodeProvider: ClaudeCodeProvider.extract_knowledge failed: module 'claude_agent_sdk' has no attribute 'extract_knowledge'[0m [[0m[1m[34mpdf_pipeline.services.provider_chain[0m][0m [36merrors[0m=[35m["ClaudeCodeProvider: ClaudeCodeProvider.extract_knowledge failed: module 'claude_agent_sdk' has no attribute 'extract_knowledge'"][0m [36mmodule[0m=[35mprovider_chain[0m [36moperation[0m=[35mextract_knowledge[0m [36mprovider_count[0m=[35m1[0m
[[31m[1merror    [0m] [1mAll providers failed for operation 'extract_knowledge'. Errors: ClaudeCodeProvider: ClaudeCodeProvider.extract_knowledge failed: module 'claude_agent_sdk' has no attribute 'extract_knowledge'[0m [[0m[1m[34mpdf_pipeline.services.provider_chain[0m][0m [36merrors[0m=[35m["ClaudeCodeProvider: ClaudeCodeProvider.extract_knowledge failed: module 'claude_agent_sdk' has no attribute 'extract_knowledge'"][0m [36mmodule[0m=[35mprovider_chain[0m [36moperation[0m=[35mextract_knowledge[0m [36mprovider_count[0m=[35m1[0m
[[31m[1merror    [0m] [1mClaudeCodeProvider.extract_knowledge failed: module 'claude_agent_sdk' has no attribute 'extract_knowledge'[0m [[0m[1m[34mpdf_pipeline.services.claude_provider[0m][0m [36merror[0m=[35m"module 'claude_agent_sdk' has no attribute 'extract_knowledge'"[0m [36mmodule[0m=[35mclaude_provider[0m [36mprovider[0m=[35mClaudeCodeProvider[0m
[[31m[1merror    [0m] [1mClaudeCodeProvider.extract_knowledge failed: module 'claude_agent_sdk' has no attribute 'extract_knowledge'[0m [[0m[1m[34mpdf_pipeline.services.claude_provider[0m][0m [36merror[0m=[35m"module 'claude_agent_sdk' has no attribute 'extract_knowledge'"[0m [36mmodule[0m=[35mclaude_provider[0m [36mprovider[0m=[35mClaudeCodeProvider[0m
[[31m[1merror    [0m] [1mAll providers failed for operation 'extract_knowledge'. Errors: ClaudeCodeProvider: ClaudeCodeProvider.extract_knowledge failed: module 'claude_agent_sdk' has no attribute 'extract_knowledge'[0m [[0m[1m[34mpdf_pipeline.services.provider_chain[0m][0m [36merrors[0m=[35m["ClaudeCodeProvider: ClaudeCodeProvider.extract_knowledge failed: module 'claude_agent_sdk' has no attribute 'extract_knowledge'"][0m [36mmodule[0m=[35mprovider_chain[0m [36moperation[0m=[35mextract_knowledge[0m [36mprovider_count[0m=[35m1[0m
[[31m[1merror    [0m] [1mClaudeCodeProvider.extract_knowledge failed: module 'claude_agent_sdk' has no attribute 'extract_knowledge'[0m [[0m[1m[34mpdf_pipeline.services.claude_provider[0m][0m [36merror[0m=[35m"module 'claude_agent_sdk' has no attribute 'extract_knowledge'"[0m [36mmodule[0m=[35mclaude_provider[0m [36mprovider[0m=[35mClaudeCodeProvider[0m
[[31m[1merror    [0m] [1mClaudeCodeProvider.extract_knowledge failed: module 'claude_agent_sdk' has no attribute 'extract_knowledge'[0m [[0m[1m[34mpdf_pipeline.services.claude_provider[0m][0m [36merror[0m=[35m"module 'claude_agent_sdk' has no attribute 'extract_knowledge'"[0m [36mmodule[0m=[35mclaude_provider[0m [36mprovider[0m=[35mClaudeCodeProvider[0m
[[31m[1merror    [0m] [1mAll providers failed for operation 'extract_knowledge'. Errors: ClaudeCodeProvider: ClaudeCodeProvider.extract_knowledge failed: module 'claude_agent_sdk' has no attribute 'extract_knowledge'[0m [[0m[1m[34mpdf_pipeline.services.provider_chain[0m][0m [36merrors[0m=[35m["ClaudeCodeProvider: ClaudeCodeProvider.extract_knowledge failed: module 'claude_agent_sdk' has no attribute 'extract_knowledge'"][0m [36mmodule[0m=[35mprovider_chain[0m [36moperation[0m=[35mextract_knowledge[0m [36mprovider_count[0m=[35m1[0m
[[31m[1merror    [0m] [1mAll providers failed for operation 'extract_knowledge'. Errors: ClaudeCodeProvider: ClaudeCodeProvider.extract_knowledge failed: module 'claude_agent_sdk' has no attribute 'extract_knowledge'[0m [[0m[1m[34mpdf_pipeline.services.provider_chain[0m][0m [36merrors[0m=[35m["ClaudeCodeProvider: ClaudeCodeProvider.extract_knowledge failed: module 'claude_agent_sdk' has no attribute 'extract_knowledge'"][0m [36mmodule[0m=[35mprovider_chain[0m [36moperation[0m=[35mextract_knowledge[0m [36mprovider_count[0m=[35m1[0m
[[31m[1merror    [0m] [1mClaudeCodeProvider.extract_knowledge failed: module 'claude_agent_sdk' has no attribute 'extract_knowledge'[0m [[0m[1m[34mpdf_pipeline.services.claude_provider[0m][0m [36merror[0m=[35m"module 'claude_agent_sdk' has no attribute 'extract_knowledge'"[0m [36mmodule[0m=[35mclaude_provider[0m [36mprovider[0m=[35mClaudeCodeProvider[0m
[[31m[1merror    [0m] [1mAll providers failed for operation 'extract_knowledge'. Errors: ClaudeCodeProvider: ClaudeCodeProvider.extract_knowledge failed: module 'claude_agent_sdk' has no attribute 'extract_knowledge'[0m [[0m[1m[34mpdf_pipeline.services.provider_chain[0m][0m [36merrors[0m=[35m["ClaudeCodeProvider: ClaudeCodeProvider.extract_knowledge failed: module 'claude_agent_sdk' has no attribute 'extract_knowledge'"][0m [36mmodule[0m=[35mprovider_chain[0m [36moperation[0m=[35mextract_knowledge[0m [36mprovider_count[0m=[35m1[0m
[[31m[1merror    [0m] [1mAll providers failed for operation 'extract_knowledge'. Errors: ClaudeCodeProvider: ClaudeCodeProvider.extract_knowledge failed: module 'claude_agent_sdk' has no attribute 'extract_knowledge'[0m [[0m[1m[34mpdf_pipeline.services.provider_chain[0m][0m [36merrors[0m=[35m["ClaudeCodeProvider: ClaudeCodeProvider.extract_knowledge failed: module 'claude_agent_sdk' has no attribute 'extract_knowledge'"][0m [36mmodule[0m=[35mprovider_chain[0m [36moperation[0m=[35mextract_knowledge[0m [36mprovider_count[0m=[35m1[0m
[[31m[1merror    [0m] [1mClaudeCodeProvider.extract_knowledge failed: module 'claude_agent_sdk' has no attribute 'extract_knowledge'[0m [[0m[1m[34mpdf_pipeline.services.claude_provider[0m][0m [36merror[0m=[35m"module 'claude_agent_sdk' has no attribute 'extract_knowledge'"[0m [36mmodule[0m=[35mclaude_provider[0m [36mprovider[0m=[35mClaudeCodeProvider[0m
[[31m[1merror    [0m] [1mClaudeCodeProvider.extract_knowledge failed: module 'claude_agent_sdk' has no attribute 'extract_knowledge'[0m [[0m[1m[34mpdf_pipeline.services.claude_provider[0m][0m [36merror[0m=[35m"module 'claude_agent_sdk' has no attribute 'extract_knowledge'"[0m [36mmodule[0m=[35mclaude_provider[0m [36mprovider[0m=[35mClaudeCodeProvider[0m
[[31m[1merror    [0m] [1mAll providers failed for operation 'extract_knowledge'. Errors: ClaudeCodeProvider: ClaudeCodeProvider.extract_knowledge failed: module 'claude_agent_sdk' has no attribute 'extract_knowledge'[0m [[0m[1m[34mpdf_pipeline.services.provider_chain[0m][0m [36merrors[0m=[35m["ClaudeCodeProvider: ClaudeCodeProvider.extract_knowledge failed: module 'claude_agent_sdk' has no attribute 'extract_knowledge'"][0m [36mmodule[0m=[35mprovider_chain[0m [36moperation[0m=[35mextract_knowledge[0m [36mprovider_count[0m=[35m1[0m
[[31m[1merror    [0m] [1mClaudeCodeProvider.extract_knowledge failed: module 'claude_agent_sdk' has no attribute 'extract_knowledge'[0m [[0m[1m[34mpdf_pipeline.services.claude_provider[0m][0m [36merror[0m=[35m"module 'claude_agent_sdk' has no attribute 'extract_knowledge'"[0m [36mmodule[0m=[35mclaude_provider[0m [36mprovider[0m=[35mClaudeCodeProvider[0m
[[31m[1merror    [0m] [1mClaudeCodeProvider.extract_knowledge failed: module 'claude_agent_sdk' has no attribute 'extract_knowledge'[0m [[0m[1m[34mpdf_pipeline.services.claude_provider[0m][0m [36merror[0m=[35m"module 'claude_agent_sdk' has no attribute 'extract_knowledge'"[0m [36mmodule[0m=[35mclaude_provider[0m [36mprovider[0m=[35mClaudeCodeProvider[0m
[[31m[1merror    [0m] [1mAll providers failed for operation 'extract_knowledge'. Errors: ClaudeCodeProvider: ClaudeCodeProvider.extract_knowledge failed: module 'claude_agent_sdk' has no attribute 'extract_knowledge'[0m [[0m[1m[34mpdf_pipeline.services.provider_chain[0m][0m [36merrors[0m=[35m["ClaudeCodeProvider: ClaudeCodeProvider.extract_knowledge failed: module 'claude_agent_sdk' has no attribute 'extract_knowledge'"][0m [36mmodule[0m=[35mprovider_chain[0m [36moperation[0m=[35mextract_knowledge[0m [36mprovider_count[0m=[35m1[0m
[[31m[1merror    [0m] [1mAll providers failed for operation 'extract_knowledge'. Errors: ClaudeCodeProvider: ClaudeCodeProvider.extract_knowledge failed: module 'claude_agent_sdk' has no attribute 'extract_knowledge'[0m [[0m[1m[34mpdf_pipeline.services.provider_chain[0m][0m [36merrors[0m=[35m["ClaudeCodeProvider: ClaudeCodeProvider.extract_knowledge failed: module 'claude_agent_sdk' has no attribute 'extract_knowledge'"][0m [36mmodule[0m=[35mprovider_chain[0m [36moperation[0m=[35mextract_knowledge[0m [36mprovider_count[0m=[35m1[0m
[[31m[1merror    [0m] [1mClaudeCodeProvider.extract_knowledge failed: module 'claude_agent_sdk' has no attribute 'extract_knowledge'[0m [[0m[1m[34mpdf_pipeline.services.claude_provider[0m][0m [36merror[0m=[35m"module 'claude_agent_sdk' has no attribute 'extract_knowledge'"[0m [36mmodule[0m=[35mclaude_provider[0m [36mprovider[0m=[35mClaudeCodeProvider[0m
[[31m[1merror    [0m] [1mAll providers failed for operation 'extract_knowledge'. Errors: ClaudeCodeProvider: ClaudeCodeProvider.extract_knowledge failed: module 'claude_agent_sdk' has no attribute 'extract_knowledge'[0m [[0m[1m[34mpdf_pipeline.services.provider_chain[0m][0m [36merrors[0m=[35m["ClaudeCodeProvider: ClaudeCodeProvider.extract_knowledge failed: module 'claude_agent_sdk' has no attribute 'extract_knowledge'"][0m [36mmodule[0m=[35mprovider_chain[0m [36moperation[0m=[35mextract_knowledge[0m [36mprovider_count[0m=[35m1[0m
[[31m[1merror    [0m] [1mAll providers failed for operation 'extract_knowledge'. Errors: ClaudeCodeProvider: ClaudeCodeProvider.extract_knowledge failed: module 'claude_agent_sdk' has no attribute 'extract_knowledge'[0m [[0m[1m[34mpdf_pipeline.services.provider_chain[0m][0m [36merrors[0m=[35m["ClaudeCodeProvider: ClaudeCodeProvider.extract_knowledge failed: module 'claude_agent_sdk' has no attribute 'extract_knowledge'"][0m [36mmodule[0m=[35mprovider_chain[0m [36moperation[0m=[35mextract_knowledge[0m [36mprovider_count[0m=[35m1[0m
[[31m[1merror    [0m] [1mClaudeCodeProvider.extract_knowledge failed: module 'claude_agent_sdk' has no attribute 'extract_knowledge'[0m [[0m[1m[34mpdf_pipeline.services.claude_provider[0m][0m [36merror[0m=[35m"module 'claude_agent_sdk' has no attribute 'extract_knowledge'"[0m [36mmodule[0m=[35mclaude_provider[0m [36mprovider[0m=[35mClaudeCodeProvider[0m
[[31m[1merror    [0m] [1mClaudeCodeProvider.extract_knowledge failed: module 'claude_agent_sdk' has no attribute 'extract_knowledge'[0m [[0m[1m[34mpdf_pipeline.services.claude_provider[0m][0m [36merror[0m=[35m"module 'claude_agent_sdk' has no attribute 'extract_knowledge'"[0m [36mmodule[0m=[35mclaude_provider[0m [36mprovider[0m=[35mClaudeCodeProvider[0m
[[31m[1merror    [0m] [1mAll providers failed for operation 'extract_knowledge'. Errors: ClaudeCodeProvider: ClaudeCodeProvider.extract_knowledge failed: module 'claude_agent_sdk' has no attribute 'extract_knowledge'[0m [[0m[1m[34mpdf_pipeline.services.provider_chain[0m][0m [36merrors[0m=[35m["ClaudeCodeProvider: ClaudeCodeProvider.extract_knowledge failed: module 'claude_agent_sdk' has no attribute 'extract_knowledge'"][0m [36mmodule[0m=[35mprovider_chain[0m [36moperation[0m=[35mextract_knowledge[0m [36mprovider_count[0m=[35m1[0m
[[31m[1merror    [0m] [1mClaudeCodeProvider.extract_knowledge failed: module 'claude_agent_sdk' has no attribute 'extract_knowledge'[0m [[0m[1m[34mpdf_pipeline.services.claude_provider[0m][0m [36merror[0m=[35m"module 'claude_agent_sdk' has no attribute 'extract_knowledge'"[0m [36mmodule[0m=[35mclaude_provider[0m [36mprovider[0m=[35mClaudeCodeProvider[0m
[[31m[1merror    [0m] [1mAll providers failed for operation 'extract_knowledge'. Errors: ClaudeCodeProvider: ClaudeCodeProvider.extract_knowledge failed: module 'claude_agent_sdk' has no attribute 'extract_knowledge'[0m [[0m[1m[34mpdf_pipeline.services.provider_chain[0m][0m [36merrors[0m=[35m["ClaudeCodeProvider: ClaudeCodeProvider.extract_knowledge failed: module 'claude_agent_sdk' has no attribute 'extract_knowledge'"][0m [36mmodule[0m=[35mprovider_chain[0m [36moperation[0m=[35mextract_knowledge[0m [36mprovider_count[0m=[35m1[0m
[[31m[1merror    [0m] [1mAll providers failed for operation 'extract_knowledge'. Errors: ClaudeCodeProvider: ClaudeCodeProvider.extract_knowledge failed: module 'claude_agent_sdk' has no attribute 'extract_knowledge'[0m [[0m[1m[34mpdf_pipeline.services.provider_chain[0m][0m [36merrors[0m=[35m["ClaudeCodeProvider: ClaudeCodeProvider.extract_knowledge failed: module 'claude_agent_sdk' has no attribute 'extract_knowledge'"][0m [36mmodule[0m=[35mprovider_chain[0m [36moperation[0m=[35mextract_knowledge[0m [36mprovider_count[0m=[35m1[0m
[[31m[1merror    [0m] [1mAll providers failed for operation 'extract_knowledge'. Errors: ClaudeCodeProvider: ClaudeCodeProvider.extract_knowledge failed: module 'claude_agent_sdk' has no attribute 'extract_knowledge'[0m [[0m[1m[34mpdf_pipeline.services.provider_chain[0m][0m [36merrors[0m=[35m["ClaudeCodeProvider: ClaudeCodeProvider.extract_knowledge failed: module 'claude_agent_sdk' has no attribute 'extract_knowledge'"][0m [36mmodule[0m=[35mprovider_chain[0m [36moperation[0m=[35mextract_knowledge[0m [36mprovider_count[0m=[35m1[0m
entities=0 facts=0 claims=0 datapoints=0
[2026-03-31 22:40:47]   Phase 2: 完了
[2026-03-31 22:40:47]   Phase 3: emit_research_queue 開始
Queue file: .tmp/graph-queue/pdf-extraction/gq-20260331134048-6b70f5d1.json
[2026-03-31 22:40:48]   Phase 3: 完了 → .tmp/graph-queue/pdf-extraction/gq-20260331134048-6b70f5d1.json
[2026-03-31 22:40:48]   Phase 4a: entity_linker 開始
Warning: You are sending unauthenticated requests to the HF Hub. Please set a HF_TOKEN to enable higher rate limits and faster downloads.
[[33m[1mwarning  [0m] [1mWarning: You are sending unauthenticated requests to the HF Hub. Please set a HF_TOKEN to enable higher rate limits and faster downloads.[0m [[0m[1m[34mhuggingface_hub.utils._http[0m][0m
Loading weights:   0%|          | 0/391 [00:00<?, ?it/s]Loading weights: 100%|██████████| 391/391 [00:00<00:00, 24036.65it/s]
[1mXLMRobertaModel LOAD REPORT[0m from: intfloat/multilingual-e5-large
Key                     | Status     |  | 
------------------------+------------+--+-
embeddings.position_ids | UNEXPECTED |  | 

[3mNotes:
- UNEXPECTED[3m	:can be ignored when loading from different task/architecture; not ok if you expect identical arch.[0m
[2026-03-31 22:40:55]   Phase 4a: 完了
[2026-03-31 22:40:55]   Phase 4b: neo4j_loader 開始
[2026-03-31 22:40:55]   Phase 4b: 完了
[2026-03-31 22:40:55] --- [17/31] JP Morgan ISAT@IJ Indosat Tbk PT ARPU and revenue growth com...
[2026-03-31 22:40:55]   Phase 2: スキップ（extraction.json 既存）
[2026-03-31 22:40:55]   Phase 3: emit_research_queue 開始
Queue file: .tmp/graph-queue/pdf-extraction/gq-20260331134055-a9fe22ce.json
[2026-03-31 22:40:55]   Phase 3: 完了 → .tmp/graph-queue/pdf-extraction/gq-20260331134055-a9fe22ce.json
[2026-03-31 22:40:55]   Phase 4a: entity_linker 開始
Warning: You are sending unauthenticated requests to the HF Hub. Please set a HF_TOKEN to enable higher rate limits and faster downloads.
[[33m[1mwarning  [0m] [1mWarning: You are sending unauthenticated requests to the HF Hub. Please set a HF_TOKEN to enable higher rate limits and faster downloads.[0m [[0m[1m[34mhuggingface_hub.utils._http[0m][0m
Loading weights:   0%|          | 0/391 [00:00<?, ?it/s]Loading weights: 100%|██████████| 391/391 [00:00<00:00, 26824.99it/s]
[1mXLMRobertaModel LOAD REPORT[0m from: intfloat/multilingual-e5-large
Key                     | Status     |  | 
------------------------+------------+--+-
embeddings.position_ids | UNEXPECTED |  | 

[3mNotes:
- UNEXPECTED[3m	:can be ignored when loading from different task/architecture; not ok if you expect identical arch.[0m
[2026-03-31 22:41:03]   Phase 4a: 完了
[2026-03-31 22:41:03]   Phase 4b: neo4j_loader 開始
[2026-03-31 22:41:03]   Phase 4b: 完了
[2026-03-31 22:41:03] --- [18/31] JP Morgan ISAT@IJ Indosat Tbk PT ~10% qoq growth in ARPU dro...
[2026-03-31 22:41:03]   Phase 2: extract_knowledge 開始
[[31m[1merror    [0m] [1mClaudeCodeProvider.extract_knowledge failed: module 'claude_agent_sdk' has no attribute 'extract_knowledge'[0m [[0m[1m[34mpdf_pipeline.services.claude_provider[0m][0m [36merror[0m=[35m"module 'claude_agent_sdk' has no attribute 'extract_knowledge'"[0m [36mmodule[0m=[35mclaude_provider[0m [36mprovider[0m=[35mClaudeCodeProvider[0m
[[31m[1merror    [0m] [1mClaudeCodeProvider.extract_knowledge failed: module 'claude_agent_sdk' has no attribute 'extract_knowledge'[0m [[0m[1m[34mpdf_pipeline.services.claude_provider[0m][0m [36merror[0m=[35m"module 'claude_agent_sdk' has no attribute 'extract_knowledge'"[0m [36mmodule[0m=[35mclaude_provider[0m [36mprovider[0m=[35mClaudeCodeProvider[0m
[[31m[1merror    [0m] [1mClaudeCodeProvider.extract_knowledge failed: module 'claude_agent_sdk' has no attribute 'extract_knowledge'[0m [[0m[1m[34mpdf_pipeline.services.claude_provider[0m][0m [36merror[0m=[35m"module 'claude_agent_sdk' has no attribute 'extract_knowledge'"[0m [36mmodule[0m=[35mclaude_provider[0m [36mprovider[0m=[35mClaudeCodeProvider[0m
[[31m[1merror    [0m] [1mAll providers failed for operation 'extract_knowledge'. Errors: ClaudeCodeProvider: ClaudeCodeProvider.extract_knowledge failed: module 'claude_agent_sdk' has no attribute 'extract_knowledge'[0m [[0m[1m[34mpdf_pipeline.services.provider_chain[0m][0m [36merrors[0m=[35m["ClaudeCodeProvider: ClaudeCodeProvider.extract_knowledge failed: module 'claude_agent_sdk' has no attribute 'extract_knowledge'"][0m [36mmodule[0m=[35mprovider_chain[0m [36moperation[0m=[35mextract_knowledge[0m [36mprovider_count[0m=[35m1[0m
[[31m[1merror    [0m] [1mClaudeCodeProvider.extract_knowledge failed: module 'claude_agent_sdk' has no attribute 'extract_knowledge'[0m [[0m[1m[34mpdf_pipeline.services.claude_provider[0m][0m [36merror[0m=[35m"module 'claude_agent_sdk' has no attribute 'extract_knowledge'"[0m [36mmodule[0m=[35mclaude_provider[0m [36mprovider[0m=[35mClaudeCodeProvider[0m
[[31m[1merror    [0m] [1mClaudeCodeProvider.extract_knowledge failed: module 'claude_agent_sdk' has no attribute 'extract_knowledge'[0m [[0m[1m[34mpdf_pipeline.services.claude_provider[0m][0m [36merror[0m=[35m"module 'claude_agent_sdk' has no attribute 'extract_knowledge'"[0m [36mmodule[0m=[35mclaude_provider[0m [36mprovider[0m=[35mClaudeCodeProvider[0m
[[31m[1merror    [0m] [1mAll providers failed for operation 'extract_knowledge'. Errors: ClaudeCodeProvider: ClaudeCodeProvider.extract_knowledge failed: module 'claude_agent_sdk' has no attribute 'extract_knowledge'[0m [[0m[1m[34mpdf_pipeline.services.provider_chain[0m][0m [36merrors[0m=[35m["ClaudeCodeProvider: ClaudeCodeProvider.extract_knowledge failed: module 'claude_agent_sdk' has no attribute 'extract_knowledge'"][0m [36mmodule[0m=[35mprovider_chain[0m [36moperation[0m=[35mextract_knowledge[0m [36mprovider_count[0m=[35m1[0m
[[31m[1merror    [0m] [1mAll providers failed for operation 'extract_knowledge'. Errors: ClaudeCodeProvider: ClaudeCodeProvider.extract_knowledge failed: module 'claude_agent_sdk' has no attribute 'extract_knowledge'[0m [[0m[1m[34mpdf_pipeline.services.provider_chain[0m][0m [36merrors[0m=[35m["ClaudeCodeProvider: ClaudeCodeProvider.extract_knowledge failed: module 'claude_agent_sdk' has no attribute 'extract_knowledge'"][0m [36mmodule[0m=[35mprovider_chain[0m [36moperation[0m=[35mextract_knowledge[0m [36mprovider_count[0m=[35m1[0m
[[31m[1merror    [0m] [1mClaudeCodeProvider.extract_knowledge failed: module 'claude_agent_sdk' has no attribute 'extract_knowledge'[0m [[0m[1m[34mpdf_pipeline.services.claude_provider[0m][0m [36merror[0m=[35m"module 'claude_agent_sdk' has no attribute 'extract_knowledge'"[0m [36mmodule[0m=[35mclaude_provider[0m [36mprovider[0m=[35mClaudeCodeProvider[0m
[[31m[1merror    [0m] [1mAll providers failed for operation 'extract_knowledge'. Errors: ClaudeCodeProvider: ClaudeCodeProvider.extract_knowledge failed: module 'claude_agent_sdk' has no attribute 'extract_knowledge'[0m [[0m[1m[34mpdf_pipeline.services.provider_chain[0m][0m [36merrors[0m=[35m["ClaudeCodeProvider: ClaudeCodeProvider.extract_knowledge failed: module 'claude_agent_sdk' has no attribute 'extract_knowledge'"][0m [36mmodule[0m=[35mprovider_chain[0m [36moperation[0m=[35mextract_knowledge[0m [36mprovider_count[0m=[35m1[0m
[[31m[1merror    [0m] [1mAll providers failed for operation 'extract_knowledge'. Errors: ClaudeCodeProvider: ClaudeCodeProvider.extract_knowledge failed: module 'claude_agent_sdk' has no attribute 'extract_knowledge'[0m [[0m[1m[34mpdf_pipeline.services.provider_chain[0m][0m [36merrors[0m=[35m["ClaudeCodeProvider: ClaudeCodeProvider.extract_knowledge failed: module 'claude_agent_sdk' has no attribute 'extract_knowledge'"][0m [36mmodule[0m=[35mprovider_chain[0m [36moperation[0m=[35mextract_knowledge[0m [36mprovider_count[0m=[35m1[0m
[[31m[1merror    [0m] [1mClaudeCodeProvider.extract_knowledge failed: module 'claude_agent_sdk' has no attribute 'extract_knowledge'[0m [[0m[1m[34mpdf_pipeline.services.claude_provider[0m][0m [36merror[0m=[35m"module 'claude_agent_sdk' has no attribute 'extract_knowledge'"[0m [36mmodule[0m=[35mclaude_provider[0m [36mprovider[0m=[35mClaudeCodeProvider[0m
[[31m[1merror    [0m] [1mClaudeCodeProvider.extract_knowledge failed: module 'claude_agent_sdk' has no attribute 'extract_knowledge'[0m [[0m[1m[34mpdf_pipeline.services.claude_provider[0m][0m [36merror[0m=[35m"module 'claude_agent_sdk' has no attribute 'extract_knowledge'"[0m [36mmodule[0m=[35mclaude_provider[0m [36mprovider[0m=[35mClaudeCodeProvider[0m
[[31m[1merror    [0m] [1mAll providers failed for operation 'extract_knowledge'. Errors: ClaudeCodeProvider: ClaudeCodeProvider.extract_knowledge failed: module 'claude_agent_sdk' has no attribute 'extract_knowledge'[0m [[0m[1m[34mpdf_pipeline.services.provider_chain[0m][0m [36merrors[0m=[35m["ClaudeCodeProvider: ClaudeCodeProvider.extract_knowledge failed: module 'claude_agent_sdk' has no attribute 'extract_knowledge'"][0m [36mmodule[0m=[35mprovider_chain[0m [36moperation[0m=[35mextract_knowledge[0m [36mprovider_count[0m=[35m1[0m
[[31m[1merror    [0m] [1mClaudeCodeProvider.extract_knowledge failed: module 'claude_agent_sdk' has no attribute 'extract_knowledge'[0m [[0m[1m[34mpdf_pipeline.services.claude_provider[0m][0m [36merror[0m=[35m"module 'claude_agent_sdk' has no attribute 'extract_knowledge'"[0m [36mmodule[0m=[35mclaude_provider[0m [36mprovider[0m=[35mClaudeCodeProvider[0m
[[31m[1merror    [0m] [1mClaudeCodeProvider.extract_knowledge failed: module 'claude_agent_sdk' has no attribute 'extract_knowledge'[0m [[0m[1m[34mpdf_pipeline.services.claude_provider[0m][0m [36merror[0m=[35m"module 'claude_agent_sdk' has no attribute 'extract_knowledge'"[0m [36mmodule[0m=[35mclaude_provider[0m [36mprovider[0m=[35mClaudeCodeProvider[0m
[[31m[1merror    [0m] [1mAll providers failed for operation 'extract_knowledge'. Errors: ClaudeCodeProvider: ClaudeCodeProvider.extract_knowledge failed: module 'claude_agent_sdk' has no attribute 'extract_knowledge'[0m [[0m[1m[34mpdf_pipeline.services.provider_chain[0m][0m [36merrors[0m=[35m["ClaudeCodeProvider: ClaudeCodeProvider.extract_knowledge failed: module 'claude_agent_sdk' has no attribute 'extract_knowledge'"][0m [36mmodule[0m=[35mprovider_chain[0m [36moperation[0m=[35mextract_knowledge[0m [36mprovider_count[0m=[35m1[0m
[[31m[1merror    [0m] [1mAll providers failed for operation 'extract_knowledge'. Errors: ClaudeCodeProvider: ClaudeCodeProvider.extract_knowledge failed: module 'claude_agent_sdk' has no attribute 'extract_knowledge'[0m [[0m[1m[34mpdf_pipeline.services.provider_chain[0m][0m [36merrors[0m=[35m["ClaudeCodeProvider: ClaudeCodeProvider.extract_knowledge failed: module 'claude_agent_sdk' has no attribute 'extract_knowledge'"][0m [36mmodule[0m=[35mprovider_chain[0m [36moperation[0m=[35mextract_knowledge[0m [36mprovider_count[0m=[35m1[0m
[[31m[1merror    [0m] [1mClaudeCodeProvider.extract_knowledge failed: module 'claude_agent_sdk' has no attribute 'extract_knowledge'[0m [[0m[1m[34mpdf_pipeline.services.claude_provider[0m][0m [36merror[0m=[35m"module 'claude_agent_sdk' has no attribute 'extract_knowledge'"[0m [36mmodule[0m=[35mclaude_provider[0m [36mprovider[0m=[35mClaudeCodeProvider[0m
[[31m[1merror    [0m] [1mAll providers failed for operation 'extract_knowledge'. Errors: ClaudeCodeProvider: ClaudeCodeProvider.extract_knowledge failed: module 'claude_agent_sdk' has no attribute 'extract_knowledge'[0m [[0m[1m[34mpdf_pipeline.services.provider_chain[0m][0m [36merrors[0m=[35m["ClaudeCodeProvider: ClaudeCodeProvider.extract_knowledge failed: module 'claude_agent_sdk' has no attribute 'extract_knowledge'"][0m [36mmodule[0m=[35mprovider_chain[0m [36moperation[0m=[35mextract_knowledge[0m [36mprovider_count[0m=[35m1[0m
[[31m[1merror    [0m] [1mAll providers failed for operation 'extract_knowledge'. Errors: ClaudeCodeProvider: ClaudeCodeProvider.extract_knowledge failed: module 'claude_agent_sdk' has no attribute 'extract_knowledge'[0m [[0m[1m[34mpdf_pipeline.services.provider_chain[0m][0m [36merrors[0m=[35m["ClaudeCodeProvider: ClaudeCodeProvider.extract_knowledge failed: module 'claude_agent_sdk' has no attribute 'extract_knowledge'"][0m [36mmodule[0m=[35mprovider_chain[0m [36moperation[0m=[35mextract_knowledge[0m [36mprovider_count[0m=[35m1[0m
[[31m[1merror    [0m] [1mClaudeCodeProvider.extract_knowledge failed: module 'claude_agent_sdk' has no attribute 'extract_knowledge'[0m [[0m[1m[34mpdf_pipeline.services.claude_provider[0m][0m [36merror[0m=[35m"module 'claude_agent_sdk' has no attribute 'extract_knowledge'"[0m [36mmodule[0m=[35mclaude_provider[0m [36mprovider[0m=[35mClaudeCodeProvider[0m
[[31m[1merror    [0m] [1mAll providers failed for operation 'extract_knowledge'. Errors: ClaudeCodeProvider: ClaudeCodeProvider.extract_knowledge failed: module 'claude_agent_sdk' has no attribute 'extract_knowledge'[0m [[0m[1m[34mpdf_pipeline.services.provider_chain[0m][0m [36merrors[0m=[35m["ClaudeCodeProvider: ClaudeCodeProvider.extract_knowledge failed: module 'claude_agent_sdk' has no attribute 'extract_knowledge'"][0m [36mmodule[0m=[35mprovider_chain[0m [36moperation[0m=[35mextract_knowledge[0m [36mprovider_count[0m=[35m1[0m
[[31m[1merror    [0m] [1mAll providers failed for operation 'extract_knowledge'. Errors: ClaudeCodeProvider: ClaudeCodeProvider.extract_knowledge failed: module 'claude_agent_sdk' has no attribute 'extract_knowledge'[0m [[0m[1m[34mpdf_pipeline.services.provider_chain[0m][0m [36merrors[0m=[35m["ClaudeCodeProvider: ClaudeCodeProvider.extract_knowledge failed: module 'claude_agent_sdk' has no attribute 'extract_knowledge'"][0m [36mmodule[0m=[35mprovider_chain[0m [36moperation[0m=[35mextract_knowledge[0m [36mprovider_count[0m=[35m1[0m
entities=0 facts=0 claims=0 datapoints=0
[2026-03-31 22:41:03]   Phase 2: 完了
[2026-03-31 22:41:03]   Phase 3: emit_research_queue 開始
Queue file: .tmp/graph-queue/pdf-extraction/gq-20260331134104-84a30b5a.json
[2026-03-31 22:41:04]   Phase 3: 完了 → .tmp/graph-queue/pdf-extraction/gq-20260331134104-84a30b5a.json
[2026-03-31 22:41:04]   Phase 4a: entity_linker 開始
Warning: You are sending unauthenticated requests to the HF Hub. Please set a HF_TOKEN to enable higher rate limits and faster downloads.
[[33m[1mwarning  [0m] [1mWarning: You are sending unauthenticated requests to the HF Hub. Please set a HF_TOKEN to enable higher rate limits and faster downloads.[0m [[0m[1m[34mhuggingface_hub.utils._http[0m][0m
Loading weights:   0%|          | 0/391 [00:00<?, ?it/s]Loading weights: 100%|██████████| 391/391 [00:00<00:00, 23728.18it/s]
[1mXLMRobertaModel LOAD REPORT[0m from: intfloat/multilingual-e5-large
Key                     | Status     |  | 
------------------------+------------+--+-
embeddings.position_ids | UNEXPECTED |  | 

[3mNotes:
- UNEXPECTED[3m	:can be ignored when loading from different task/architecture; not ok if you expect identical arch.[0m
[2026-03-31 22:41:11]   Phase 4a: 完了
[2026-03-31 22:41:11]   Phase 4b: neo4j_loader 開始
[2026-03-31 22:41:11]   Phase 4b: 完了
[2026-03-31 22:41:11] --- [19/31] Jefferies ISAT@IJ ISAT IJ 4Q25 Results Strong Earnings Beat_...
[2026-03-31 22:41:11]   Phase 2: extract_knowledge 開始
[[31m[1merror    [0m] [1mClaudeCodeProvider.extract_knowledge failed: module 'claude_agent_sdk' has no attribute 'extract_knowledge'[0m [[0m[1m[34mpdf_pipeline.services.claude_provider[0m][0m [36merror[0m=[35m"module 'claude_agent_sdk' has no attribute 'extract_knowledge'"[0m [36mmodule[0m=[35mclaude_provider[0m [36mprovider[0m=[35mClaudeCodeProvider[0m
[[31m[1merror    [0m] [1mClaudeCodeProvider.extract_knowledge failed: module 'claude_agent_sdk' has no attribute 'extract_knowledge'[0m [[0m[1m[34mpdf_pipeline.services.claude_provider[0m][0m [36merror[0m=[35m"module 'claude_agent_sdk' has no attribute 'extract_knowledge'"[0m [36mmodule[0m=[35mclaude_provider[0m [36mprovider[0m=[35mClaudeCodeProvider[0m
[[31m[1merror    [0m] [1mClaudeCodeProvider.extract_knowledge failed: module 'claude_agent_sdk' has no attribute 'extract_knowledge'[0m [[0m[1m[34mpdf_pipeline.services.claude_provider[0m][0m [36merror[0m=[35m"module 'claude_agent_sdk' has no attribute 'extract_knowledge'"[0m [36mmodule[0m=[35mclaude_provider[0m [36mprovider[0m=[35mClaudeCodeProvider[0m
[[31m[1merror    [0m] [1mAll providers failed for operation 'extract_knowledge'. Errors: ClaudeCodeProvider: ClaudeCodeProvider.extract_knowledge failed: module 'claude_agent_sdk' has no attribute 'extract_knowledge'[0m [[0m[1m[34mpdf_pipeline.services.provider_chain[0m][0m [36merrors[0m=[35m["ClaudeCodeProvider: ClaudeCodeProvider.extract_knowledge failed: module 'claude_agent_sdk' has no attribute 'extract_knowledge'"][0m [36mmodule[0m=[35mprovider_chain[0m [36moperation[0m=[35mextract_knowledge[0m [36mprovider_count[0m=[35m1[0m
[[31m[1merror    [0m] [1mClaudeCodeProvider.extract_knowledge failed: module 'claude_agent_sdk' has no attribute 'extract_knowledge'[0m [[0m[1m[34mpdf_pipeline.services.claude_provider[0m][0m [36merror[0m=[35m"module 'claude_agent_sdk' has no attribute 'extract_knowledge'"[0m [36mmodule[0m=[35mclaude_provider[0m [36mprovider[0m=[35mClaudeCodeProvider[0m
[[31m[1merror    [0m] [1mClaudeCodeProvider.extract_knowledge failed: module 'claude_agent_sdk' has no attribute 'extract_knowledge'[0m [[0m[1m[34mpdf_pipeline.services.claude_provider[0m][0m [36merror[0m=[35m"module 'claude_agent_sdk' has no attribute 'extract_knowledge'"[0m [36mmodule[0m=[35mclaude_provider[0m [36mprovider[0m=[35mClaudeCodeProvider[0m
[[31m[1merror    [0m] [1mAll providers failed for operation 'extract_knowledge'. Errors: ClaudeCodeProvider: ClaudeCodeProvider.extract_knowledge failed: module 'claude_agent_sdk' has no attribute 'extract_knowledge'[0m [[0m[1m[34mpdf_pipeline.services.provider_chain[0m][0m [36merrors[0m=[35m["ClaudeCodeProvider: ClaudeCodeProvider.extract_knowledge failed: module 'claude_agent_sdk' has no attribute 'extract_knowledge'"][0m [36mmodule[0m=[35mprovider_chain[0m [36moperation[0m=[35mextract_knowledge[0m [36mprovider_count[0m=[35m1[0m
[[31m[1merror    [0m] [1mAll providers failed for operation 'extract_knowledge'. Errors: ClaudeCodeProvider: ClaudeCodeProvider.extract_knowledge failed: module 'claude_agent_sdk' has no attribute 'extract_knowledge'[0m [[0m[1m[34mpdf_pipeline.services.provider_chain[0m][0m [36merrors[0m=[35m["ClaudeCodeProvider: ClaudeCodeProvider.extract_knowledge failed: module 'claude_agent_sdk' has no attribute 'extract_knowledge'"][0m [36mmodule[0m=[35mprovider_chain[0m [36moperation[0m=[35mextract_knowledge[0m [36mprovider_count[0m=[35m1[0m
[[31m[1merror    [0m] [1mClaudeCodeProvider.extract_knowledge failed: module 'claude_agent_sdk' has no attribute 'extract_knowledge'[0m [[0m[1m[34mpdf_pipeline.services.claude_provider[0m][0m [36merror[0m=[35m"module 'claude_agent_sdk' has no attribute 'extract_knowledge'"[0m [36mmodule[0m=[35mclaude_provider[0m [36mprovider[0m=[35mClaudeCodeProvider[0m
[[31m[1merror    [0m] [1mAll providers failed for operation 'extract_knowledge'. Errors: ClaudeCodeProvider: ClaudeCodeProvider.extract_knowledge failed: module 'claude_agent_sdk' has no attribute 'extract_knowledge'[0m [[0m[1m[34mpdf_pipeline.services.provider_chain[0m][0m [36merrors[0m=[35m["ClaudeCodeProvider: ClaudeCodeProvider.extract_knowledge failed: module 'claude_agent_sdk' has no attribute 'extract_knowledge'"][0m [36mmodule[0m=[35mprovider_chain[0m [36moperation[0m=[35mextract_knowledge[0m [36mprovider_count[0m=[35m1[0m
[[31m[1merror    [0m] [1mAll providers failed for operation 'extract_knowledge'. Errors: ClaudeCodeProvider: ClaudeCodeProvider.extract_knowledge failed: module 'claude_agent_sdk' has no attribute 'extract_knowledge'[0m [[0m[1m[34mpdf_pipeline.services.provider_chain[0m][0m [36merrors[0m=[35m["ClaudeCodeProvider: ClaudeCodeProvider.extract_knowledge failed: module 'claude_agent_sdk' has no attribute 'extract_knowledge'"][0m [36mmodule[0m=[35mprovider_chain[0m [36moperation[0m=[35mextract_knowledge[0m [36mprovider_count[0m=[35m1[0m
[[31m[1merror    [0m] [1mClaudeCodeProvider.extract_knowledge failed: module 'claude_agent_sdk' has no attribute 'extract_knowledge'[0m [[0m[1m[34mpdf_pipeline.services.claude_provider[0m][0m [36merror[0m=[35m"module 'claude_agent_sdk' has no attribute 'extract_knowledge'"[0m [36mmodule[0m=[35mclaude_provider[0m [36mprovider[0m=[35mClaudeCodeProvider[0m
[[31m[1merror    [0m] [1mClaudeCodeProvider.extract_knowledge failed: module 'claude_agent_sdk' has no attribute 'extract_knowledge'[0m [[0m[1m[34mpdf_pipeline.services.claude_provider[0m][0m [36merror[0m=[35m"module 'claude_agent_sdk' has no attribute 'extract_knowledge'"[0m [36mmodule[0m=[35mclaude_provider[0m [36mprovider[0m=[35mClaudeCodeProvider[0m
[[31m[1merror    [0m] [1mAll providers failed for operation 'extract_knowledge'. Errors: ClaudeCodeProvider: ClaudeCodeProvider.extract_knowledge failed: module 'claude_agent_sdk' has no attribute 'extract_knowledge'[0m [[0m[1m[34mpdf_pipeline.services.provider_chain[0m][0m [36merrors[0m=[35m["ClaudeCodeProvider: ClaudeCodeProvider.extract_knowledge failed: module 'claude_agent_sdk' has no attribute 'extract_knowledge'"][0m [36mmodule[0m=[35mprovider_chain[0m [36moperation[0m=[35mextract_knowledge[0m [36mprovider_count[0m=[35m1[0m
[[31m[1merror    [0m] [1mAll providers failed for operation 'extract_knowledge'. Errors: ClaudeCodeProvider: ClaudeCodeProvider.extract_knowledge failed: module 'claude_agent_sdk' has no attribute 'extract_knowledge'[0m [[0m[1m[34mpdf_pipeline.services.provider_chain[0m][0m [36merrors[0m=[35m["ClaudeCodeProvider: ClaudeCodeProvider.extract_knowledge failed: module 'claude_agent_sdk' has no attribute 'extract_knowledge'"][0m [36mmodule[0m=[35mprovider_chain[0m [36moperation[0m=[35mextract_knowledge[0m [36mprovider_count[0m=[35m1[0m
[[31m[1merror    [0m] [1mAll providers failed for operation 'extract_knowledge'. Errors: ClaudeCodeProvider: ClaudeCodeProvider.extract_knowledge failed: module 'claude_agent_sdk' has no attribute 'extract_knowledge'[0m [[0m[1m[34mpdf_pipeline.services.provider_chain[0m][0m [36merrors[0m=[35m["ClaudeCodeProvider: ClaudeCodeProvider.extract_knowledge failed: module 'claude_agent_sdk' has no attribute 'extract_knowledge'"][0m [36mmodule[0m=[35mprovider_chain[0m [36moperation[0m=[35mextract_knowledge[0m [36mprovider_count[0m=[35m1[0m
entities=0 facts=0 claims=0 datapoints=0
[2026-03-31 22:41:12]   Phase 2: 完了
[2026-03-31 22:41:12]   Phase 3: emit_research_queue 開始
Queue file: .tmp/graph-queue/pdf-extraction/gq-20260331134112-3c6f7b5e.json
[2026-03-31 22:41:12]   Phase 3: 完了 → .tmp/graph-queue/pdf-extraction/gq-20260331134112-3c6f7b5e.json
[2026-03-31 22:41:12]   Phase 4a: entity_linker 開始
Warning: You are sending unauthenticated requests to the HF Hub. Please set a HF_TOKEN to enable higher rate limits and faster downloads.
[[33m[1mwarning  [0m] [1mWarning: You are sending unauthenticated requests to the HF Hub. Please set a HF_TOKEN to enable higher rate limits and faster downloads.[0m [[0m[1m[34mhuggingface_hub.utils._http[0m][0m
Loading weights:   0%|          | 0/391 [00:00<?, ?it/s]Loading weights: 100%|██████████| 391/391 [00:00<00:00, 25700.07it/s]
[1mXLMRobertaModel LOAD REPORT[0m from: intfloat/multilingual-e5-large
Key                     | Status     |  | 
------------------------+------------+--+-
embeddings.position_ids | UNEXPECTED |  | 

[3mNotes:
- UNEXPECTED[3m	:can be ignored when loading from different task/architecture; not ok if you expect identical arch.[0m
[2026-03-31 22:41:19]   Phase 4a: 完了
[2026-03-31 22:41:19]   Phase 4b: neo4j_loader 開始
[2026-03-31 22:41:19]   Phase 4b: 完了
[2026-03-31 22:41:19] --- [20/31] Jefferies ISAT@IJ ISAT IJ Mandiri Investment Forum 2026 Key ...
[2026-03-31 22:41:19]   Phase 2: extract_knowledge 開始
[[31m[1merror    [0m] [1mClaudeCodeProvider.extract_knowledge failed: module 'claude_agent_sdk' has no attribute 'extract_knowledge'[0m [[0m[1m[34mpdf_pipeline.services.claude_provider[0m][0m [36merror[0m=[35m"module 'claude_agent_sdk' has no attribute 'extract_knowledge'"[0m [36mmodule[0m=[35mclaude_provider[0m [36mprovider[0m=[35mClaudeCodeProvider[0m
[[31m[1merror    [0m] [1mClaudeCodeProvider.extract_knowledge failed: module 'claude_agent_sdk' has no attribute 'extract_knowledge'[0m [[0m[1m[34mpdf_pipeline.services.claude_provider[0m][0m [36merror[0m=[35m"module 'claude_agent_sdk' has no attribute 'extract_knowledge'"[0m [36mmodule[0m=[35mclaude_provider[0m [36mprovider[0m=[35mClaudeCodeProvider[0m
[[31m[1merror    [0m] [1mClaudeCodeProvider.extract_knowledge failed: module 'claude_agent_sdk' has no attribute 'extract_knowledge'[0m [[0m[1m[34mpdf_pipeline.services.claude_provider[0m][0m [36merror[0m=[35m"module 'claude_agent_sdk' has no attribute 'extract_knowledge'"[0m [36mmodule[0m=[35mclaude_provider[0m [36mprovider[0m=[35mClaudeCodeProvider[0m
[[31m[1merror    [0m] [1mAll providers failed for operation 'extract_knowledge'. Errors: ClaudeCodeProvider: ClaudeCodeProvider.extract_knowledge failed: module 'claude_agent_sdk' has no attribute 'extract_knowledge'[0m [[0m[1m[34mpdf_pipeline.services.provider_chain[0m][0m [36merrors[0m=[35m["ClaudeCodeProvider: ClaudeCodeProvider.extract_knowledge failed: module 'claude_agent_sdk' has no attribute 'extract_knowledge'"][0m [36mmodule[0m=[35mprovider_chain[0m [36moperation[0m=[35mextract_knowledge[0m [36mprovider_count[0m=[35m1[0m
[[31m[1merror    [0m] [1mClaudeCodeProvider.extract_knowledge failed: module 'claude_agent_sdk' has no attribute 'extract_knowledge'[0m [[0m[1m[34mpdf_pipeline.services.claude_provider[0m][0m [36merror[0m=[35m"module 'claude_agent_sdk' has no attribute 'extract_knowledge'"[0m [36mmodule[0m=[35mclaude_provider[0m [36mprovider[0m=[35mClaudeCodeProvider[0m
[[31m[1merror    [0m] [1mClaudeCodeProvider.extract_knowledge failed: module 'claude_agent_sdk' has no attribute 'extract_knowledge'[0m [[0m[1m[34mpdf_pipeline.services.claude_provider[0m][0m [36merror[0m=[35m"module 'claude_agent_sdk' has no attribute 'extract_knowledge'"[0m [36mmodule[0m=[35mclaude_provider[0m [36mprovider[0m=[35mClaudeCodeProvider[0m
[[31m[1merror    [0m] [1mAll providers failed for operation 'extract_knowledge'. Errors: ClaudeCodeProvider: ClaudeCodeProvider.extract_knowledge failed: module 'claude_agent_sdk' has no attribute 'extract_knowledge'[0m [[0m[1m[34mpdf_pipeline.services.provider_chain[0m][0m [36merrors[0m=[35m["ClaudeCodeProvider: ClaudeCodeProvider.extract_knowledge failed: module 'claude_agent_sdk' has no attribute 'extract_knowledge'"][0m [36mmodule[0m=[35mprovider_chain[0m [36moperation[0m=[35mextract_knowledge[0m [36mprovider_count[0m=[35m1[0m
[[31m[1merror    [0m] [1mAll providers failed for operation 'extract_knowledge'. Errors: ClaudeCodeProvider: ClaudeCodeProvider.extract_knowledge failed: module 'claude_agent_sdk' has no attribute 'extract_knowledge'[0m [[0m[1m[34mpdf_pipeline.services.provider_chain[0m][0m [36merrors[0m=[35m["ClaudeCodeProvider: ClaudeCodeProvider.extract_knowledge failed: module 'claude_agent_sdk' has no attribute 'extract_knowledge'"][0m [36mmodule[0m=[35mprovider_chain[0m [36moperation[0m=[35mextract_knowledge[0m [36mprovider_count[0m=[35m1[0m
[[31m[1merror    [0m] [1mClaudeCodeProvider.extract_knowledge failed: module 'claude_agent_sdk' has no attribute 'extract_knowledge'[0m [[0m[1m[34mpdf_pipeline.services.claude_provider[0m][0m [36merror[0m=[35m"module 'claude_agent_sdk' has no attribute 'extract_knowledge'"[0m [36mmodule[0m=[35mclaude_provider[0m [36mprovider[0m=[35mClaudeCodeProvider[0m
[[31m[1merror    [0m] [1mAll providers failed for operation 'extract_knowledge'. Errors: ClaudeCodeProvider: ClaudeCodeProvider.extract_knowledge failed: module 'claude_agent_sdk' has no attribute 'extract_knowledge'[0m [[0m[1m[34mpdf_pipeline.services.provider_chain[0m][0m [36merrors[0m=[35m["ClaudeCodeProvider: ClaudeCodeProvider.extract_knowledge failed: module 'claude_agent_sdk' has no attribute 'extract_knowledge'"][0m [36mmodule[0m=[35mprovider_chain[0m [36moperation[0m=[35mextract_knowledge[0m [36mprovider_count[0m=[35m1[0m
[[31m[1merror    [0m] [1mAll providers failed for operation 'extract_knowledge'. Errors: ClaudeCodeProvider: ClaudeCodeProvider.extract_knowledge failed: module 'claude_agent_sdk' has no attribute 'extract_knowledge'[0m [[0m[1m[34mpdf_pipeline.services.provider_chain[0m][0m [36merrors[0m=[35m["ClaudeCodeProvider: ClaudeCodeProvider.extract_knowledge failed: module 'claude_agent_sdk' has no attribute 'extract_knowledge'"][0m [36mmodule[0m=[35mprovider_chain[0m [36moperation[0m=[35mextract_knowledge[0m [36mprovider_count[0m=[35m1[0m
[[31m[1merror    [0m] [1mClaudeCodeProvider.extract_knowledge failed: module 'claude_agent_sdk' has no attribute 'extract_knowledge'[0m [[0m[1m[34mpdf_pipeline.services.claude_provider[0m][0m [36merror[0m=[35m"module 'claude_agent_sdk' has no attribute 'extract_knowledge'"[0m [36mmodule[0m=[35mclaude_provider[0m [36mprovider[0m=[35mClaudeCodeProvider[0m
[[31m[1merror    [0m] [1mClaudeCodeProvider.extract_knowledge failed: module 'claude_agent_sdk' has no attribute 'extract_knowledge'[0m [[0m[1m[34mpdf_pipeline.services.claude_provider[0m][0m [36merror[0m=[35m"module 'claude_agent_sdk' has no attribute 'extract_knowledge'"[0m [36mmodule[0m=[35mclaude_provider[0m [36mprovider[0m=[35mClaudeCodeProvider[0m
[[31m[1merror    [0m] [1mAll providers failed for operation 'extract_knowledge'. Errors: ClaudeCodeProvider: ClaudeCodeProvider.extract_knowledge failed: module 'claude_agent_sdk' has no attribute 'extract_knowledge'[0m [[0m[1m[34mpdf_pipeline.services.provider_chain[0m][0m [36merrors[0m=[35m["ClaudeCodeProvider: ClaudeCodeProvider.extract_knowledge failed: module 'claude_agent_sdk' has no attribute 'extract_knowledge'"][0m [36mmodule[0m=[35mprovider_chain[0m [36moperation[0m=[35mextract_knowledge[0m [36mprovider_count[0m=[35m1[0m
[[31m[1merror    [0m] [1mClaudeCodeProvider.extract_knowledge failed: module 'claude_agent_sdk' has no attribute 'extract_knowledge'[0m [[0m[1m[34mpdf_pipeline.services.claude_provider[0m][0m [36merror[0m=[35m"module 'claude_agent_sdk' has no attribute 'extract_knowledge'"[0m [36mmodule[0m=[35mclaude_provider[0m [36mprovider[0m=[35mClaudeCodeProvider[0m
[[31m[1merror    [0m] [1mAll providers failed for operation 'extract_knowledge'. Errors: ClaudeCodeProvider: ClaudeCodeProvider.extract_knowledge failed: module 'claude_agent_sdk' has no attribute 'extract_knowledge'[0m [[0m[1m[34mpdf_pipeline.services.provider_chain[0m][0m [36merrors[0m=[35m["ClaudeCodeProvider: ClaudeCodeProvider.extract_knowledge failed: module 'claude_agent_sdk' has no attribute 'extract_knowledge'"][0m [36mmodule[0m=[35mprovider_chain[0m [36moperation[0m=[35mextract_knowledge[0m [36mprovider_count[0m=[35m1[0m
[[31m[1merror    [0m] [1mAll providers failed for operation 'extract_knowledge'. Errors: ClaudeCodeProvider: ClaudeCodeProvider.extract_knowledge failed: module 'claude_agent_sdk' has no attribute 'extract_knowledge'[0m [[0m[1m[34mpdf_pipeline.services.provider_chain[0m][0m [36merrors[0m=[35m["ClaudeCodeProvider: ClaudeCodeProvider.extract_knowledge failed: module 'claude_agent_sdk' has no attribute 'extract_knowledge'"][0m [36mmodule[0m=[35mprovider_chain[0m [36moperation[0m=[35mextract_knowledge[0m [36mprovider_count[0m=[35m1[0m
[[31m[1merror    [0m] [1mAll providers failed for operation 'extract_knowledge'. Errors: ClaudeCodeProvider: ClaudeCodeProvider.extract_knowledge failed: module 'claude_agent_sdk' has no attribute 'extract_knowledge'[0m [[0m[1m[34mpdf_pipeline.services.provider_chain[0m][0m [36merrors[0m=[35m["ClaudeCodeProvider: ClaudeCodeProvider.extract_knowledge failed: module 'claude_agent_sdk' has no attribute 'extract_knowledge'"][0m [36mmodule[0m=[35mprovider_chain[0m [36moperation[0m=[35mextract_knowledge[0m [36mprovider_count[0m=[35m1[0m
entities=0 facts=0 claims=0 datapoints=0
[2026-03-31 22:41:20]   Phase 2: 完了
[2026-03-31 22:41:20]   Phase 3: emit_research_queue 開始
Queue file: .tmp/graph-queue/pdf-extraction/gq-20260331134120-37d2dd21.json
[2026-03-31 22:41:20]   Phase 3: 完了 → .tmp/graph-queue/pdf-extraction/gq-20260331134120-37d2dd21.json
[2026-03-31 22:41:20]   Phase 4a: entity_linker 開始
Warning: You are sending unauthenticated requests to the HF Hub. Please set a HF_TOKEN to enable higher rate limits and faster downloads.
[[33m[1mwarning  [0m] [1mWarning: You are sending unauthenticated requests to the HF Hub. Please set a HF_TOKEN to enable higher rate limits and faster downloads.[0m [[0m[1m[34mhuggingface_hub.utils._http[0m][0m
Loading weights:   0%|          | 0/391 [00:00<?, ?it/s]Loading weights: 100%|██████████| 391/391 [00:00<00:00, 25454.35it/s]
[1mXLMRobertaModel LOAD REPORT[0m from: intfloat/multilingual-e5-large
Key                     | Status     |  | 
------------------------+------------+--+-
embeddings.position_ids | UNEXPECTED |  | 

[3mNotes:
- UNEXPECTED[3m	:can be ignored when loading from different task/architecture; not ok if you expect identical arch.[0m
[2026-03-31 22:41:27]   Phase 4a: 完了
[2026-03-31 22:41:27]   Phase 4b: neo4j_loader 開始
[2026-03-31 22:41:28]   Phase 4b: 完了
[2026-03-31 22:41:28] --- [21/31] Maybank IBG ISAT@IJ Indosat Ooredoo Hutchison - Benefiting f...
[2026-03-31 22:41:28]   Phase 2: extract_knowledge 開始
[[31m[1merror    [0m] [1mClaudeCodeProvider.extract_knowledge failed: module 'claude_agent_sdk' has no attribute 'extract_knowledge'[0m [[0m[1m[34mpdf_pipeline.services.claude_provider[0m][0m [36merror[0m=[35m"module 'claude_agent_sdk' has no attribute 'extract_knowledge'"[0m [36mmodule[0m=[35mclaude_provider[0m [36mprovider[0m=[35mClaudeCodeProvider[0m
[[31m[1merror    [0m] [1mClaudeCodeProvider.extract_knowledge failed: module 'claude_agent_sdk' has no attribute 'extract_knowledge'[0m [[0m[1m[34mpdf_pipeline.services.claude_provider[0m][0m [36merror[0m=[35m"module 'claude_agent_sdk' has no attribute 'extract_knowledge'"[0m [36mmodule[0m=[35mclaude_provider[0m [36mprovider[0m=[35mClaudeCodeProvider[0m
[[31m[1merror    [0m] [1mClaudeCodeProvider.extract_knowledge failed: module 'claude_agent_sdk' has no attribute 'extract_knowledge'[0m [[0m[1m[34mpdf_pipeline.services.claude_provider[0m][0m [36merror[0m=[35m"module 'claude_agent_sdk' has no attribute 'extract_knowledge'"[0m [36mmodule[0m=[35mclaude_provider[0m [36mprovider[0m=[35mClaudeCodeProvider[0m
[[31m[1merror    [0m] [1mAll providers failed for operation 'extract_knowledge'. Errors: ClaudeCodeProvider: ClaudeCodeProvider.extract_knowledge failed: module 'claude_agent_sdk' has no attribute 'extract_knowledge'[0m [[0m[1m[34mpdf_pipeline.services.provider_chain[0m][0m [36merrors[0m=[35m["ClaudeCodeProvider: ClaudeCodeProvider.extract_knowledge failed: module 'claude_agent_sdk' has no attribute 'extract_knowledge'"][0m [36mmodule[0m=[35mprovider_chain[0m [36moperation[0m=[35mextract_knowledge[0m [36mprovider_count[0m=[35m1[0m
[[31m[1merror    [0m] [1mClaudeCodeProvider.extract_knowledge failed: module 'claude_agent_sdk' has no attribute 'extract_knowledge'[0m [[0m[1m[34mpdf_pipeline.services.claude_provider[0m][0m [36merror[0m=[35m"module 'claude_agent_sdk' has no attribute 'extract_knowledge'"[0m [36mmodule[0m=[35mclaude_provider[0m [36mprovider[0m=[35mClaudeCodeProvider[0m
[[31m[1merror    [0m] [1mClaudeCodeProvider.extract_knowledge failed: module 'claude_agent_sdk' has no attribute 'extract_knowledge'[0m [[0m[1m[34mpdf_pipeline.services.claude_provider[0m][0m [36merror[0m=[35m"module 'claude_agent_sdk' has no attribute 'extract_knowledge'"[0m [36mmodule[0m=[35mclaude_provider[0m [36mprovider[0m=[35mClaudeCodeProvider[0m
[[31m[1merror    [0m] [1mAll providers failed for operation 'extract_knowledge'. Errors: ClaudeCodeProvider: ClaudeCodeProvider.extract_knowledge failed: module 'claude_agent_sdk' has no attribute 'extract_knowledge'[0m [[0m[1m[34mpdf_pipeline.services.provider_chain[0m][0m [36merrors[0m=[35m["ClaudeCodeProvider: ClaudeCodeProvider.extract_knowledge failed: module 'claude_agent_sdk' has no attribute 'extract_knowledge'"][0m [36mmodule[0m=[35mprovider_chain[0m [36moperation[0m=[35mextract_knowledge[0m [36mprovider_count[0m=[35m1[0m
[[31m[1merror    [0m] [1mAll providers failed for operation 'extract_knowledge'. Errors: ClaudeCodeProvider: ClaudeCodeProvider.extract_knowledge failed: module 'claude_agent_sdk' has no attribute 'extract_knowledge'[0m [[0m[1m[34mpdf_pipeline.services.provider_chain[0m][0m [36merrors[0m=[35m["ClaudeCodeProvider: ClaudeCodeProvider.extract_knowledge failed: module 'claude_agent_sdk' has no attribute 'extract_knowledge'"][0m [36mmodule[0m=[35mprovider_chain[0m [36moperation[0m=[35mextract_knowledge[0m [36mprovider_count[0m=[35m1[0m
[[31m[1merror    [0m] [1mClaudeCodeProvider.extract_knowledge failed: module 'claude_agent_sdk' has no attribute 'extract_knowledge'[0m [[0m[1m[34mpdf_pipeline.services.claude_provider[0m][0m [36merror[0m=[35m"module 'claude_agent_sdk' has no attribute 'extract_knowledge'"[0m [36mmodule[0m=[35mclaude_provider[0m [36mprovider[0m=[35mClaudeCodeProvider[0m
[[31m[1merror    [0m] [1mAll providers failed for operation 'extract_knowledge'. Errors: ClaudeCodeProvider: ClaudeCodeProvider.extract_knowledge failed: module 'claude_agent_sdk' has no attribute 'extract_knowledge'[0m [[0m[1m[34mpdf_pipeline.services.provider_chain[0m][0m [36merrors[0m=[35m["ClaudeCodeProvider: ClaudeCodeProvider.extract_knowledge failed: module 'claude_agent_sdk' has no attribute 'extract_knowledge'"][0m [36mmodule[0m=[35mprovider_chain[0m [36moperation[0m=[35mextract_knowledge[0m [36mprovider_count[0m=[35m1[0m
[[31m[1merror    [0m] [1mAll providers failed for operation 'extract_knowledge'. Errors: ClaudeCodeProvider: ClaudeCodeProvider.extract_knowledge failed: module 'claude_agent_sdk' has no attribute 'extract_knowledge'[0m [[0m[1m[34mpdf_pipeline.services.provider_chain[0m][0m [36merrors[0m=[35m["ClaudeCodeProvider: ClaudeCodeProvider.extract_knowledge failed: module 'claude_agent_sdk' has no attribute 'extract_knowledge'"][0m [36mmodule[0m=[35mprovider_chain[0m [36moperation[0m=[35mextract_knowledge[0m [36mprovider_count[0m=[35m1[0m
[[31m[1merror    [0m] [1mClaudeCodeProvider.extract_knowledge failed: module 'claude_agent_sdk' has no attribute 'extract_knowledge'[0m [[0m[1m[34mpdf_pipeline.services.claude_provider[0m][0m [36merror[0m=[35m"module 'claude_agent_sdk' has no attribute 'extract_knowledge'"[0m [36mmodule[0m=[35mclaude_provider[0m [36mprovider[0m=[35mClaudeCodeProvider[0m
[[31m[1merror    [0m] [1mClaudeCodeProvider.extract_knowledge failed: module 'claude_agent_sdk' has no attribute 'extract_knowledge'[0m [[0m[1m[34mpdf_pipeline.services.claude_provider[0m][0m [36merror[0m=[35m"module 'claude_agent_sdk' has no attribute 'extract_knowledge'"[0m [36mmodule[0m=[35mclaude_provider[0m [36mprovider[0m=[35mClaudeCodeProvider[0m
[[31m[1merror    [0m] [1mAll providers failed for operation 'extract_knowledge'. Errors: ClaudeCodeProvider: ClaudeCodeProvider.extract_knowledge failed: module 'claude_agent_sdk' has no attribute 'extract_knowledge'[0m [[0m[1m[34mpdf_pipeline.services.provider_chain[0m][0m [36merrors[0m=[35m["ClaudeCodeProvider: ClaudeCodeProvider.extract_knowledge failed: module 'claude_agent_sdk' has no attribute 'extract_knowledge'"][0m [36mmodule[0m=[35mprovider_chain[0m [36moperation[0m=[35mextract_knowledge[0m [36mprovider_count[0m=[35m1[0m
[[31m[1merror    [0m] [1mClaudeCodeProvider.extract_knowledge failed: module 'claude_agent_sdk' has no attribute 'extract_knowledge'[0m [[0m[1m[34mpdf_pipeline.services.claude_provider[0m][0m [36merror[0m=[35m"module 'claude_agent_sdk' has no attribute 'extract_knowledge'"[0m [36mmodule[0m=[35mclaude_provider[0m [36mprovider[0m=[35mClaudeCodeProvider[0m
[[31m[1merror    [0m] [1mClaudeCodeProvider.extract_knowledge failed: module 'claude_agent_sdk' has no attribute 'extract_knowledge'[0m [[0m[1m[34mpdf_pipeline.services.claude_provider[0m][0m [36merror[0m=[35m"module 'claude_agent_sdk' has no attribute 'extract_knowledge'"[0m [36mmodule[0m=[35mclaude_provider[0m [36mprovider[0m=[35mClaudeCodeProvider[0m
[[31m[1merror    [0m] [1mAll providers failed for operation 'extract_knowledge'. Errors: ClaudeCodeProvider: ClaudeCodeProvider.extract_knowledge failed: module 'claude_agent_sdk' has no attribute 'extract_knowledge'[0m [[0m[1m[34mpdf_pipeline.services.provider_chain[0m][0m [36merrors[0m=[35m["ClaudeCodeProvider: ClaudeCodeProvider.extract_knowledge failed: module 'claude_agent_sdk' has no attribute 'extract_knowledge'"][0m [36mmodule[0m=[35mprovider_chain[0m [36moperation[0m=[35mextract_knowledge[0m [36mprovider_count[0m=[35m1[0m
[[31m[1merror    [0m] [1mAll providers failed for operation 'extract_knowledge'. Errors: ClaudeCodeProvider: ClaudeCodeProvider.extract_knowledge failed: module 'claude_agent_sdk' has no attribute 'extract_knowledge'[0m [[0m[1m[34mpdf_pipeline.services.provider_chain[0m][0m [36merrors[0m=[35m["ClaudeCodeProvider: ClaudeCodeProvider.extract_knowledge failed: module 'claude_agent_sdk' has no attribute 'extract_knowledge'"][0m [36mmodule[0m=[35mprovider_chain[0m [36moperation[0m=[35mextract_knowledge[0m [36mprovider_count[0m=[35m1[0m
[[31m[1merror    [0m] [1mClaudeCodeProvider.extract_knowledge failed: module 'claude_agent_sdk' has no attribute 'extract_knowledge'[0m [[0m[1m[34mpdf_pipeline.services.claude_provider[0m][0m [36merror[0m=[35m"module 'claude_agent_sdk' has no attribute 'extract_knowledge'"[0m [36mmodule[0m=[35mclaude_provider[0m [36mprovider[0m=[35mClaudeCodeProvider[0m
[[31m[1merror    [0m] [1mAll providers failed for operation 'extract_knowledge'. Errors: ClaudeCodeProvider: ClaudeCodeProvider.extract_knowledge failed: module 'claude_agent_sdk' has no attribute 'extract_knowledge'[0m [[0m[1m[34mpdf_pipeline.services.provider_chain[0m][0m [36merrors[0m=[35m["ClaudeCodeProvider: ClaudeCodeProvider.extract_knowledge failed: module 'claude_agent_sdk' has no attribute 'extract_knowledge'"][0m [36mmodule[0m=[35mprovider_chain[0m [36moperation[0m=[35mextract_knowledge[0m [36mprovider_count[0m=[35m1[0m
[[31m[1merror    [0m] [1mAll providers failed for operation 'extract_knowledge'. Errors: ClaudeCodeProvider: ClaudeCodeProvider.extract_knowledge failed: module 'claude_agent_sdk' has no attribute 'extract_knowledge'[0m [[0m[1m[34mpdf_pipeline.services.provider_chain[0m][0m [36merrors[0m=[35m["ClaudeCodeProvider: ClaudeCodeProvider.extract_knowledge failed: module 'claude_agent_sdk' has no attribute 'extract_knowledge'"][0m [36mmodule[0m=[35mprovider_chain[0m [36moperation[0m=[35mextract_knowledge[0m [36mprovider_count[0m=[35m1[0m
[[31m[1merror    [0m] [1mClaudeCodeProvider.extract_knowledge failed: module 'claude_agent_sdk' has no attribute 'extract_knowledge'[0m [[0m[1m[34mpdf_pipeline.services.claude_provider[0m][0m [36merror[0m=[35m"module 'claude_agent_sdk' has no attribute 'extract_knowledge'"[0m [36mmodule[0m=[35mclaude_provider[0m [36mprovider[0m=[35mClaudeCodeProvider[0m
[[31m[1merror    [0m] [1mClaudeCodeProvider.extract_knowledge failed: module 'claude_agent_sdk' has no attribute 'extract_knowledge'[0m [[0m[1m[34mpdf_pipeline.services.claude_provider[0m][0m [36merror[0m=[35m"module 'claude_agent_sdk' has no attribute 'extract_knowledge'"[0m [36mmodule[0m=[35mclaude_provider[0m [36mprovider[0m=[35mClaudeCodeProvider[0m
[[31m[1merror    [0m] [1mAll providers failed for operation 'extract_knowledge'. Errors: ClaudeCodeProvider: ClaudeCodeProvider.extract_knowledge failed: module 'claude_agent_sdk' has no attribute 'extract_knowledge'[0m [[0m[1m[34mpdf_pipeline.services.provider_chain[0m][0m [36merrors[0m=[35m["ClaudeCodeProvider: ClaudeCodeProvider.extract_knowledge failed: module 'claude_agent_sdk' has no attribute 'extract_knowledge'"][0m [36mmodule[0m=[35mprovider_chain[0m [36moperation[0m=[35mextract_knowledge[0m [36mprovider_count[0m=[35m1[0m
[[31m[1merror    [0m] [1mClaudeCodeProvider.extract_knowledge failed: module 'claude_agent_sdk' has no attribute 'extract_knowledge'[0m [[0m[1m[34mpdf_pipeline.services.claude_provider[0m][0m [36merror[0m=[35m"module 'claude_agent_sdk' has no attribute 'extract_knowledge'"[0m [36mmodule[0m=[35mclaude_provider[0m [36mprovider[0m=[35mClaudeCodeProvider[0m
[[31m[1merror    [0m] [1mAll providers failed for operation 'extract_knowledge'. Errors: ClaudeCodeProvider: ClaudeCodeProvider.extract_knowledge failed: module 'claude_agent_sdk' has no attribute 'extract_knowledge'[0m [[0m[1m[34mpdf_pipeline.services.provider_chain[0m][0m [36merrors[0m=[35m["ClaudeCodeProvider: ClaudeCodeProvider.extract_knowledge failed: module 'claude_agent_sdk' has no attribute 'extract_knowledge'"][0m [36mmodule[0m=[35mprovider_chain[0m [36moperation[0m=[35mextract_knowledge[0m [36mprovider_count[0m=[35m1[0m
[[31m[1merror    [0m] [1mAll providers failed for operation 'extract_knowledge'. Errors: ClaudeCodeProvider: ClaudeCodeProvider.extract_knowledge failed: module 'claude_agent_sdk' has no attribute 'extract_knowledge'[0m [[0m[1m[34mpdf_pipeline.services.provider_chain[0m][0m [36merrors[0m=[35m["ClaudeCodeProvider: ClaudeCodeProvider.extract_knowledge failed: module 'claude_agent_sdk' has no attribute 'extract_knowledge'"][0m [36mmodule[0m=[35mprovider_chain[0m [36moperation[0m=[35mextract_knowledge[0m [36mprovider_count[0m=[35m1[0m
[[31m[1merror    [0m] [1mAll providers failed for operation 'extract_knowledge'. Errors: ClaudeCodeProvider: ClaudeCodeProvider.extract_knowledge failed: module 'claude_agent_sdk' has no attribute 'extract_knowledge'[0m [[0m[1m[34mpdf_pipeline.services.provider_chain[0m][0m [36merrors[0m=[35m["ClaudeCodeProvider: ClaudeCodeProvider.extract_knowledge failed: module 'claude_agent_sdk' has no attribute 'extract_knowledge'"][0m [36mmodule[0m=[35mprovider_chain[0m [36moperation[0m=[35mextract_knowledge[0m [36mprovider_count[0m=[35m1[0m
entities=0 facts=0 claims=0 datapoints=0
[2026-03-31 22:41:28]   Phase 2: 完了
[2026-03-31 22:41:28]   Phase 3: emit_research_queue 開始
Queue file: .tmp/graph-queue/pdf-extraction/gq-20260331134128-6a9f6ed4.json
[2026-03-31 22:41:28]   Phase 3: 完了 → .tmp/graph-queue/pdf-extraction/gq-20260331134128-6a9f6ed4.json
[2026-03-31 22:41:28]   Phase 4a: entity_linker 開始
Warning: You are sending unauthenticated requests to the HF Hub. Please set a HF_TOKEN to enable higher rate limits and faster downloads.
[[33m[1mwarning  [0m] [1mWarning: You are sending unauthenticated requests to the HF Hub. Please set a HF_TOKEN to enable higher rate limits and faster downloads.[0m [[0m[1m[34mhuggingface_hub.utils._http[0m][0m
Loading weights:   0%|          | 0/391 [00:00<?, ?it/s]Loading weights: 100%|██████████| 391/391 [00:00<00:00, 25030.87it/s]
[1mXLMRobertaModel LOAD REPORT[0m from: intfloat/multilingual-e5-large
Key                     | Status     |  | 
------------------------+------------+--+-
embeddings.position_ids | UNEXPECTED |  | 

[3mNotes:
- UNEXPECTED[3m	:can be ignored when loading from different task/architecture; not ok if you expect identical arch.[0m
[2026-03-31 22:41:36]   Phase 4a: 完了
[2026-03-31 22:41:36]   Phase 4b: neo4j_loader 開始
[2026-03-31 22:41:36]   Phase 4b: 完了
[2026-03-31 22:41:36] --- [22/31] Morgan Stanley ISAT@IJ Indosat Risk Reward Update_27fdd8dd...
[2026-03-31 22:41:36]   Phase 2: extract_knowledge 開始
[[31m[1merror    [0m] [1mClaudeCodeProvider.extract_knowledge failed: module 'claude_agent_sdk' has no attribute 'extract_knowledge'[0m [[0m[1m[34mpdf_pipeline.services.claude_provider[0m][0m [36merror[0m=[35m"module 'claude_agent_sdk' has no attribute 'extract_knowledge'"[0m [36mmodule[0m=[35mclaude_provider[0m [36mprovider[0m=[35mClaudeCodeProvider[0m
[[31m[1merror    [0m] [1mClaudeCodeProvider.extract_knowledge failed: module 'claude_agent_sdk' has no attribute 'extract_knowledge'[0m [[0m[1m[34mpdf_pipeline.services.claude_provider[0m][0m [36merror[0m=[35m"module 'claude_agent_sdk' has no attribute 'extract_knowledge'"[0m [36mmodule[0m=[35mclaude_provider[0m [36mprovider[0m=[35mClaudeCodeProvider[0m
[[31m[1merror    [0m] [1mClaudeCodeProvider.extract_knowledge failed: module 'claude_agent_sdk' has no attribute 'extract_knowledge'[0m [[0m[1m[34mpdf_pipeline.services.claude_provider[0m][0m [36merror[0m=[35m"module 'claude_agent_sdk' has no attribute 'extract_knowledge'"[0m [36mmodule[0m=[35mclaude_provider[0m [36mprovider[0m=[35mClaudeCodeProvider[0m
[[31m[1merror    [0m] [1mAll providers failed for operation 'extract_knowledge'. Errors: ClaudeCodeProvider: ClaudeCodeProvider.extract_knowledge failed: module 'claude_agent_sdk' has no attribute 'extract_knowledge'[0m [[0m[1m[34mpdf_pipeline.services.provider_chain[0m][0m [36merrors[0m=[35m["ClaudeCodeProvider: ClaudeCodeProvider.extract_knowledge failed: module 'claude_agent_sdk' has no attribute 'extract_knowledge'"][0m [36mmodule[0m=[35mprovider_chain[0m [36moperation[0m=[35mextract_knowledge[0m [36mprovider_count[0m=[35m1[0m
[[31m[1merror    [0m] [1mClaudeCodeProvider.extract_knowledge failed: module 'claude_agent_sdk' has no attribute 'extract_knowledge'[0m [[0m[1m[34mpdf_pipeline.services.claude_provider[0m][0m [36merror[0m=[35m"module 'claude_agent_sdk' has no attribute 'extract_knowledge'"[0m [36mmodule[0m=[35mclaude_provider[0m [36mprovider[0m=[35mClaudeCodeProvider[0m
[[31m[1merror    [0m] [1mClaudeCodeProvider.extract_knowledge failed: module 'claude_agent_sdk' has no attribute 'extract_knowledge'[0m [[0m[1m[34mpdf_pipeline.services.claude_provider[0m][0m [36merror[0m=[35m"module 'claude_agent_sdk' has no attribute 'extract_knowledge'"[0m [36mmodule[0m=[35mclaude_provider[0m [36mprovider[0m=[35mClaudeCodeProvider[0m
[[31m[1merror    [0m] [1mAll providers failed for operation 'extract_knowledge'. Errors: ClaudeCodeProvider: ClaudeCodeProvider.extract_knowledge failed: module 'claude_agent_sdk' has no attribute 'extract_knowledge'[0m [[0m[1m[34mpdf_pipeline.services.provider_chain[0m][0m [36merrors[0m=[35m["ClaudeCodeProvider: ClaudeCodeProvider.extract_knowledge failed: module 'claude_agent_sdk' has no attribute 'extract_knowledge'"][0m [36mmodule[0m=[35mprovider_chain[0m [36moperation[0m=[35mextract_knowledge[0m [36mprovider_count[0m=[35m1[0m
[[31m[1merror    [0m] [1mAll providers failed for operation 'extract_knowledge'. Errors: ClaudeCodeProvider: ClaudeCodeProvider.extract_knowledge failed: module 'claude_agent_sdk' has no attribute 'extract_knowledge'[0m [[0m[1m[34mpdf_pipeline.services.provider_chain[0m][0m [36merrors[0m=[35m["ClaudeCodeProvider: ClaudeCodeProvider.extract_knowledge failed: module 'claude_agent_sdk' has no attribute 'extract_knowledge'"][0m [36mmodule[0m=[35mprovider_chain[0m [36moperation[0m=[35mextract_knowledge[0m [36mprovider_count[0m=[35m1[0m
[[31m[1merror    [0m] [1mClaudeCodeProvider.extract_knowledge failed: module 'claude_agent_sdk' has no attribute 'extract_knowledge'[0m [[0m[1m[34mpdf_pipeline.services.claude_provider[0m][0m [36merror[0m=[35m"module 'claude_agent_sdk' has no attribute 'extract_knowledge'"[0m [36mmodule[0m=[35mclaude_provider[0m [36mprovider[0m=[35mClaudeCodeProvider[0m
[[31m[1merror    [0m] [1mAll providers failed for operation 'extract_knowledge'. Errors: ClaudeCodeProvider: ClaudeCodeProvider.extract_knowledge failed: module 'claude_agent_sdk' has no attribute 'extract_knowledge'[0m [[0m[1m[34mpdf_pipeline.services.provider_chain[0m][0m [36merrors[0m=[35m["ClaudeCodeProvider: ClaudeCodeProvider.extract_knowledge failed: module 'claude_agent_sdk' has no attribute 'extract_knowledge'"][0m [36mmodule[0m=[35mprovider_chain[0m [36moperation[0m=[35mextract_knowledge[0m [36mprovider_count[0m=[35m1[0m
[[31m[1merror    [0m] [1mAll providers failed for operation 'extract_knowledge'. Errors: ClaudeCodeProvider: ClaudeCodeProvider.extract_knowledge failed: module 'claude_agent_sdk' has no attribute 'extract_knowledge'[0m [[0m[1m[34mpdf_pipeline.services.provider_chain[0m][0m [36merrors[0m=[35m["ClaudeCodeProvider: ClaudeCodeProvider.extract_knowledge failed: module 'claude_agent_sdk' has no attribute 'extract_knowledge'"][0m [36mmodule[0m=[35mprovider_chain[0m [36moperation[0m=[35mextract_knowledge[0m [36mprovider_count[0m=[35m1[0m
[[31m[1merror    [0m] [1mClaudeCodeProvider.extract_knowledge failed: module 'claude_agent_sdk' has no attribute 'extract_knowledge'[0m [[0m[1m[34mpdf_pipeline.services.claude_provider[0m][0m [36merror[0m=[35m"module 'claude_agent_sdk' has no attribute 'extract_knowledge'"[0m [36mmodule[0m=[35mclaude_provider[0m [36mprovider[0m=[35mClaudeCodeProvider[0m
[[31m[1merror    [0m] [1mClaudeCodeProvider.extract_knowledge failed: module 'claude_agent_sdk' has no attribute 'extract_knowledge'[0m [[0m[1m[34mpdf_pipeline.services.claude_provider[0m][0m [36merror[0m=[35m"module 'claude_agent_sdk' has no attribute 'extract_knowledge'"[0m [36mmodule[0m=[35mclaude_provider[0m [36mprovider[0m=[35mClaudeCodeProvider[0m
[[31m[1merror    [0m] [1mAll providers failed for operation 'extract_knowledge'. Errors: ClaudeCodeProvider: ClaudeCodeProvider.extract_knowledge failed: module 'claude_agent_sdk' has no attribute 'extract_knowledge'[0m [[0m[1m[34mpdf_pipeline.services.provider_chain[0m][0m [36merrors[0m=[35m["ClaudeCodeProvider: ClaudeCodeProvider.extract_knowledge failed: module 'claude_agent_sdk' has no attribute 'extract_knowledge'"][0m [36mmodule[0m=[35mprovider_chain[0m [36moperation[0m=[35mextract_knowledge[0m [36mprovider_count[0m=[35m1[0m
[[31m[1merror    [0m] [1mClaudeCodeProvider.extract_knowledge failed: module 'claude_agent_sdk' has no attribute 'extract_knowledge'[0m [[0m[1m[34mpdf_pipeline.services.claude_provider[0m][0m [36merror[0m=[35m"module 'claude_agent_sdk' has no attribute 'extract_knowledge'"[0m [36mmodule[0m=[35mclaude_provider[0m [36mprovider[0m=[35mClaudeCodeProvider[0m
[[31m[1merror    [0m] [1mClaudeCodeProvider.extract_knowledge failed: module 'claude_agent_sdk' has no attribute 'extract_knowledge'[0m [[0m[1m[34mpdf_pipeline.services.claude_provider[0m][0m [36merror[0m=[35m"module 'claude_agent_sdk' has no attribute 'extract_knowledge'"[0m [36mmodule[0m=[35mclaude_provider[0m [36mprovider[0m=[35mClaudeCodeProvider[0m
[[31m[1merror    [0m] [1mAll providers failed for operation 'extract_knowledge'. Errors: ClaudeCodeProvider: ClaudeCodeProvider.extract_knowledge failed: module 'claude_agent_sdk' has no attribute 'extract_knowledge'[0m [[0m[1m[34mpdf_pipeline.services.provider_chain[0m][0m [36merrors[0m=[35m["ClaudeCodeProvider: ClaudeCodeProvider.extract_knowledge failed: module 'claude_agent_sdk' has no attribute 'extract_knowledge'"][0m [36mmodule[0m=[35mprovider_chain[0m [36moperation[0m=[35mextract_knowledge[0m [36mprovider_count[0m=[35m1[0m
[[31m[1merror    [0m] [1mAll providers failed for operation 'extract_knowledge'. Errors: ClaudeCodeProvider: ClaudeCodeProvider.extract_knowledge failed: module 'claude_agent_sdk' has no attribute 'extract_knowledge'[0m [[0m[1m[34mpdf_pipeline.services.provider_chain[0m][0m [36merrors[0m=[35m["ClaudeCodeProvider: ClaudeCodeProvider.extract_knowledge failed: module 'claude_agent_sdk' has no attribute 'extract_knowledge'"][0m [36mmodule[0m=[35mprovider_chain[0m [36moperation[0m=[35mextract_knowledge[0m [36mprovider_count[0m=[35m1[0m
[[31m[1merror    [0m] [1mClaudeCodeProvider.extract_knowledge failed: module 'claude_agent_sdk' has no attribute 'extract_knowledge'[0m [[0m[1m[34mpdf_pipeline.services.claude_provider[0m][0m [36merror[0m=[35m"module 'claude_agent_sdk' has no attribute 'extract_knowledge'"[0m [36mmodule[0m=[35mclaude_provider[0m [36mprovider[0m=[35mClaudeCodeProvider[0m
[[31m[1merror    [0m] [1mAll providers failed for operation 'extract_knowledge'. Errors: ClaudeCodeProvider: ClaudeCodeProvider.extract_knowledge failed: module 'claude_agent_sdk' has no attribute 'extract_knowledge'[0m [[0m[1m[34mpdf_pipeline.services.provider_chain[0m][0m [36merrors[0m=[35m["ClaudeCodeProvider: ClaudeCodeProvider.extract_knowledge failed: module 'claude_agent_sdk' has no attribute 'extract_knowledge'"][0m [36mmodule[0m=[35mprovider_chain[0m [36moperation[0m=[35mextract_knowledge[0m [36mprovider_count[0m=[35m1[0m
[[31m[1merror    [0m] [1mAll providers failed for operation 'extract_knowledge'. Errors: ClaudeCodeProvider: ClaudeCodeProvider.extract_knowledge failed: module 'claude_agent_sdk' has no attribute 'extract_knowledge'[0m [[0m[1m[34mpdf_pipeline.services.provider_chain[0m][0m [36merrors[0m=[35m["ClaudeCodeProvider: ClaudeCodeProvider.extract_knowledge failed: module 'claude_agent_sdk' has no attribute 'extract_knowledge'"][0m [36mmodule[0m=[35mprovider_chain[0m [36moperation[0m=[35mextract_knowledge[0m [36mprovider_count[0m=[35m1[0m
[[31m[1merror    [0m] [1mClaudeCodeProvider.extract_knowledge failed: module 'claude_agent_sdk' has no attribute 'extract_knowledge'[0m [[0m[1m[34mpdf_pipeline.services.claude_provider[0m][0m [36merror[0m=[35m"module 'claude_agent_sdk' has no attribute 'extract_knowledge'"[0m [36mmodule[0m=[35mclaude_provider[0m [36mprovider[0m=[35mClaudeCodeProvider[0m
[[31m[1merror    [0m] [1mClaudeCodeProvider.extract_knowledge failed: module 'claude_agent_sdk' has no attribute 'extract_knowledge'[0m [[0m[1m[34mpdf_pipeline.services.claude_provider[0m][0m [36merror[0m=[35m"module 'claude_agent_sdk' has no attribute 'extract_knowledge'"[0m [36mmodule[0m=[35mclaude_provider[0m [36mprovider[0m=[35mClaudeCodeProvider[0m
[[31m[1merror    [0m] [1mAll providers failed for operation 'extract_knowledge'. Errors: ClaudeCodeProvider: ClaudeCodeProvider.extract_knowledge failed: module 'claude_agent_sdk' has no attribute 'extract_knowledge'[0m [[0m[1m[34mpdf_pipeline.services.provider_chain[0m][0m [36merrors[0m=[35m["ClaudeCodeProvider: ClaudeCodeProvider.extract_knowledge failed: module 'claude_agent_sdk' has no attribute 'extract_knowledge'"][0m [36mmodule[0m=[35mprovider_chain[0m [36moperation[0m=[35mextract_knowledge[0m [36mprovider_count[0m=[35m1[0m
[[31m[1merror    [0m] [1mClaudeCodeProvider.extract_knowledge failed: module 'claude_agent_sdk' has no attribute 'extract_knowledge'[0m [[0m[1m[34mpdf_pipeline.services.claude_provider[0m][0m [36merror[0m=[35m"module 'claude_agent_sdk' has no attribute 'extract_knowledge'"[0m [36mmodule[0m=[35mclaude_provider[0m [36mprovider[0m=[35mClaudeCodeProvider[0m
[[31m[1merror    [0m] [1mClaudeCodeProvider.extract_knowledge failed: module 'claude_agent_sdk' has no attribute 'extract_knowledge'[0m [[0m[1m[34mpdf_pipeline.services.claude_provider[0m][0m [36merror[0m=[35m"module 'claude_agent_sdk' has no attribute 'extract_knowledge'"[0m [36mmodule[0m=[35mclaude_provider[0m [36mprovider[0m=[35mClaudeCodeProvider[0m
[[31m[1merror    [0m] [1mAll providers failed for operation 'extract_knowledge'. Errors: ClaudeCodeProvider: ClaudeCodeProvider.extract_knowledge failed: module 'claude_agent_sdk' has no attribute 'extract_knowledge'[0m [[0m[1m[34mpdf_pipeline.services.provider_chain[0m][0m [36merrors[0m=[35m["ClaudeCodeProvider: ClaudeCodeProvider.extract_knowledge failed: module 'claude_agent_sdk' has no attribute 'extract_knowledge'"][0m [36mmodule[0m=[35mprovider_chain[0m [36moperation[0m=[35mextract_knowledge[0m [36mprovider_count[0m=[35m1[0m
[[31m[1merror    [0m] [1mAll providers failed for operation 'extract_knowledge'. Errors: ClaudeCodeProvider: ClaudeCodeProvider.extract_knowledge failed: module 'claude_agent_sdk' has no attribute 'extract_knowledge'[0m [[0m[1m[34mpdf_pipeline.services.provider_chain[0m][0m [36merrors[0m=[35m["ClaudeCodeProvider: ClaudeCodeProvider.extract_knowledge failed: module 'claude_agent_sdk' has no attribute 'extract_knowledge'"][0m [36mmodule[0m=[35mprovider_chain[0m [36moperation[0m=[35mextract_knowledge[0m [36mprovider_count[0m=[35m1[0m
[[31m[1merror    [0m] [1mClaudeCodeProvider.extract_knowledge failed: module 'claude_agent_sdk' has no attribute 'extract_knowledge'[0m [[0m[1m[34mpdf_pipeline.services.claude_provider[0m][0m [36merror[0m=[35m"module 'claude_agent_sdk' has no attribute 'extract_knowledge'"[0m [36mmodule[0m=[35mclaude_provider[0m [36mprovider[0m=[35mClaudeCodeProvider[0m
[[31m[1merror    [0m] [1mAll providers failed for operation 'extract_knowledge'. Errors: ClaudeCodeProvider: ClaudeCodeProvider.extract_knowledge failed: module 'claude_agent_sdk' has no attribute 'extract_knowledge'[0m [[0m[1m[34mpdf_pipeline.services.provider_chain[0m][0m [36merrors[0m=[35m["ClaudeCodeProvider: ClaudeCodeProvider.extract_knowledge failed: module 'claude_agent_sdk' has no attribute 'extract_knowledge'"][0m [36mmodule[0m=[35mprovider_chain[0m [36moperation[0m=[35mextract_knowledge[0m [36mprovider_count[0m=[35m1[0m
[[31m[1merror    [0m] [1mAll providers failed for operation 'extract_knowledge'. Errors: ClaudeCodeProvider: ClaudeCodeProvider.extract_knowledge failed: module 'claude_agent_sdk' has no attribute 'extract_knowledge'[0m [[0m[1m[34mpdf_pipeline.services.provider_chain[0m][0m [36merrors[0m=[35m["ClaudeCodeProvider: ClaudeCodeProvider.extract_knowledge failed: module 'claude_agent_sdk' has no attribute 'extract_knowledge'"][0m [36mmodule[0m=[35mprovider_chain[0m [36moperation[0m=[35mextract_knowledge[0m [36mprovider_count[0m=[35m1[0m
[[31m[1merror    [0m] [1mClaudeCodeProvider.extract_knowledge failed: module 'claude_agent_sdk' has no attribute 'extract_knowledge'[0m [[0m[1m[34mpdf_pipeline.services.claude_provider[0m][0m [36merror[0m=[35m"module 'claude_agent_sdk' has no attribute 'extract_knowledge'"[0m [36mmodule[0m=[35mclaude_provider[0m [36mprovider[0m=[35mClaudeCodeProvider[0m
[[31m[1merror    [0m] [1mClaudeCodeProvider.extract_knowledge failed: module 'claude_agent_sdk' has no attribute 'extract_knowledge'[0m [[0m[1m[34mpdf_pipeline.services.claude_provider[0m][0m [36merror[0m=[35m"module 'claude_agent_sdk' has no attribute 'extract_knowledge'"[0m [36mmodule[0m=[35mclaude_provider[0m [36mprovider[0m=[35mClaudeCodeProvider[0m
[[31m[1merror    [0m] [1mAll providers failed for operation 'extract_knowledge'. Errors: ClaudeCodeProvider: ClaudeCodeProvider.extract_knowledge failed: module 'claude_agent_sdk' has no attribute 'extract_knowledge'[0m [[0m[1m[34mpdf_pipeline.services.provider_chain[0m][0m [36merrors[0m=[35m["ClaudeCodeProvider: ClaudeCodeProvider.extract_knowledge failed: module 'claude_agent_sdk' has no attribute 'extract_knowledge'"][0m [36mmodule[0m=[35mprovider_chain[0m [36moperation[0m=[35mextract_knowledge[0m [36mprovider_count[0m=[35m1[0m
[[31m[1merror    [0m] [1mClaudeCodeProvider.extract_knowledge failed: module 'claude_agent_sdk' has no attribute 'extract_knowledge'[0m [[0m[1m[34mpdf_pipeline.services.claude_provider[0m][0m [36merror[0m=[35m"module 'claude_agent_sdk' has no attribute 'extract_knowledge'"[0m [36mmodule[0m=[35mclaude_provider[0m [36mprovider[0m=[35mClaudeCodeProvider[0m
[[31m[1merror    [0m] [1mClaudeCodeProvider.extract_knowledge failed: module 'claude_agent_sdk' has no attribute 'extract_knowledge'[0m [[0m[1m[34mpdf_pipeline.services.claude_provider[0m][0m [36merror[0m=[35m"module 'claude_agent_sdk' has no attribute 'extract_knowledge'"[0m [36mmodule[0m=[35mclaude_provider[0m [36mprovider[0m=[35mClaudeCodeProvider[0m
[[31m[1merror    [0m] [1mAll providers failed for operation 'extract_knowledge'. Errors: ClaudeCodeProvider: ClaudeCodeProvider.extract_knowledge failed: module 'claude_agent_sdk' has no attribute 'extract_knowledge'[0m [[0m[1m[34mpdf_pipeline.services.provider_chain[0m][0m [36merrors[0m=[35m["ClaudeCodeProvider: ClaudeCodeProvider.extract_knowledge failed: module 'claude_agent_sdk' has no attribute 'extract_knowledge'"][0m [36mmodule[0m=[35mprovider_chain[0m [36moperation[0m=[35mextract_knowledge[0m [36mprovider_count[0m=[35m1[0m
[[31m[1merror    [0m] [1mAll providers failed for operation 'extract_knowledge'. Errors: ClaudeCodeProvider: ClaudeCodeProvider.extract_knowledge failed: module 'claude_agent_sdk' has no attribute 'extract_knowledge'[0m [[0m[1m[34mpdf_pipeline.services.provider_chain[0m][0m [36merrors[0m=[35m["ClaudeCodeProvider: ClaudeCodeProvider.extract_knowledge failed: module 'claude_agent_sdk' has no attribute 'extract_knowledge'"][0m [36mmodule[0m=[35mprovider_chain[0m [36moperation[0m=[35mextract_knowledge[0m [36mprovider_count[0m=[35m1[0m
[[31m[1merror    [0m] [1mAll providers failed for operation 'extract_knowledge'. Errors: ClaudeCodeProvider: ClaudeCodeProvider.extract_knowledge failed: module 'claude_agent_sdk' has no attribute 'extract_knowledge'[0m [[0m[1m[34mpdf_pipeline.services.provider_chain[0m][0m [36merrors[0m=[35m["ClaudeCodeProvider: ClaudeCodeProvider.extract_knowledge failed: module 'claude_agent_sdk' has no attribute 'extract_knowledge'"][0m [36mmodule[0m=[35mprovider_chain[0m [36moperation[0m=[35mextract_knowledge[0m [36mprovider_count[0m=[35m1[0m
[[31m[1merror    [0m] [1mAll providers failed for operation 'extract_knowledge'. Errors: ClaudeCodeProvider: ClaudeCodeProvider.extract_knowledge failed: module 'claude_agent_sdk' has no attribute 'extract_knowledge'[0m [[0m[1m[34mpdf_pipeline.services.provider_chain[0m][0m [36merrors[0m=[35m["ClaudeCodeProvider: ClaudeCodeProvider.extract_knowledge failed: module 'claude_agent_sdk' has no attribute 'extract_knowledge'"][0m [36mmodule[0m=[35mprovider_chain[0m [36moperation[0m=[35mextract_knowledge[0m [36mprovider_count[0m=[35m1[0m
entities=0 facts=0 claims=0 datapoints=0
[2026-03-31 22:41:36]   Phase 2: 完了
[2026-03-31 22:41:36]   Phase 3: emit_research_queue 開始
Queue file: .tmp/graph-queue/pdf-extraction/gq-20260331134137-7f529df8.json
[2026-03-31 22:41:37]   Phase 3: 完了 → .tmp/graph-queue/pdf-extraction/gq-20260331134137-7f529df8.json
[2026-03-31 22:41:37]   Phase 4a: entity_linker 開始
Warning: You are sending unauthenticated requests to the HF Hub. Please set a HF_TOKEN to enable higher rate limits and faster downloads.
[[33m[1mwarning  [0m] [1mWarning: You are sending unauthenticated requests to the HF Hub. Please set a HF_TOKEN to enable higher rate limits and faster downloads.[0m [[0m[1m[34mhuggingface_hub.utils._http[0m][0m
Loading weights:   0%|          | 0/391 [00:00<?, ?it/s]Loading weights: 100%|██████████| 391/391 [00:00<00:00, 23659.71it/s]
[1mXLMRobertaModel LOAD REPORT[0m from: intfloat/multilingual-e5-large
Key                     | Status     |  | 
------------------------+------------+--+-
embeddings.position_ids | UNEXPECTED |  | 

[3mNotes:
- UNEXPECTED[3m	:can be ignored when loading from different task/architecture; not ok if you expect identical arch.[0m
[2026-03-31 22:41:44]   Phase 4a: 完了
[2026-03-31 22:41:44]   Phase 4b: neo4j_loader 開始
[2026-03-31 22:41:44]   Phase 4b: 完了
[2026-03-31 22:41:44] --- [23/31] Morgan Stanley ISAT@IJ Indosat Soft Growth Outlook_63f337e0...
[2026-03-31 22:41:44]   Phase 2: extract_knowledge 開始
[[31m[1merror    [0m] [1mClaudeCodeProvider.extract_knowledge failed: module 'claude_agent_sdk' has no attribute 'extract_knowledge'[0m [[0m[1m[34mpdf_pipeline.services.claude_provider[0m][0m [36merror[0m=[35m"module 'claude_agent_sdk' has no attribute 'extract_knowledge'"[0m [36mmodule[0m=[35mclaude_provider[0m [36mprovider[0m=[35mClaudeCodeProvider[0m
[[31m[1merror    [0m] [1mClaudeCodeProvider.extract_knowledge failed: module 'claude_agent_sdk' has no attribute 'extract_knowledge'[0m [[0m[1m[34mpdf_pipeline.services.claude_provider[0m][0m [36merror[0m=[35m"module 'claude_agent_sdk' has no attribute 'extract_knowledge'"[0m [36mmodule[0m=[35mclaude_provider[0m [36mprovider[0m=[35mClaudeCodeProvider[0m
[[31m[1merror    [0m] [1mClaudeCodeProvider.extract_knowledge failed: module 'claude_agent_sdk' has no attribute 'extract_knowledge'[0m [[0m[1m[34mpdf_pipeline.services.claude_provider[0m][0m [36merror[0m=[35m"module 'claude_agent_sdk' has no attribute 'extract_knowledge'"[0m [36mmodule[0m=[35mclaude_provider[0m [36mprovider[0m=[35mClaudeCodeProvider[0m
[[31m[1merror    [0m] [1mAll providers failed for operation 'extract_knowledge'. Errors: ClaudeCodeProvider: ClaudeCodeProvider.extract_knowledge failed: module 'claude_agent_sdk' has no attribute 'extract_knowledge'[0m [[0m[1m[34mpdf_pipeline.services.provider_chain[0m][0m [36merrors[0m=[35m["ClaudeCodeProvider: ClaudeCodeProvider.extract_knowledge failed: module 'claude_agent_sdk' has no attribute 'extract_knowledge'"][0m [36mmodule[0m=[35mprovider_chain[0m [36moperation[0m=[35mextract_knowledge[0m [36mprovider_count[0m=[35m1[0m
[[31m[1merror    [0m] [1mClaudeCodeProvider.extract_knowledge failed: module 'claude_agent_sdk' has no attribute 'extract_knowledge'[0m [[0m[1m[34mpdf_pipeline.services.claude_provider[0m][0m [36merror[0m=[35m"module 'claude_agent_sdk' has no attribute 'extract_knowledge'"[0m [36mmodule[0m=[35mclaude_provider[0m [36mprovider[0m=[35mClaudeCodeProvider[0m
[[31m[1merror    [0m] [1mClaudeCodeProvider.extract_knowledge failed: module 'claude_agent_sdk' has no attribute 'extract_knowledge'[0m [[0m[1m[34mpdf_pipeline.services.claude_provider[0m][0m [36merror[0m=[35m"module 'claude_agent_sdk' has no attribute 'extract_knowledge'"[0m [36mmodule[0m=[35mclaude_provider[0m [36mprovider[0m=[35mClaudeCodeProvider[0m
[[31m[1merror    [0m] [1mAll providers failed for operation 'extract_knowledge'. Errors: ClaudeCodeProvider: ClaudeCodeProvider.extract_knowledge failed: module 'claude_agent_sdk' has no attribute 'extract_knowledge'[0m [[0m[1m[34mpdf_pipeline.services.provider_chain[0m][0m [36merrors[0m=[35m["ClaudeCodeProvider: ClaudeCodeProvider.extract_knowledge failed: module 'claude_agent_sdk' has no attribute 'extract_knowledge'"][0m [36mmodule[0m=[35mprovider_chain[0m [36moperation[0m=[35mextract_knowledge[0m [36mprovider_count[0m=[35m1[0m
[[31m[1merror    [0m] [1mAll providers failed for operation 'extract_knowledge'. Errors: ClaudeCodeProvider: ClaudeCodeProvider.extract_knowledge failed: module 'claude_agent_sdk' has no attribute 'extract_knowledge'[0m [[0m[1m[34mpdf_pipeline.services.provider_chain[0m][0m [36merrors[0m=[35m["ClaudeCodeProvider: ClaudeCodeProvider.extract_knowledge failed: module 'claude_agent_sdk' has no attribute 'extract_knowledge'"][0m [36mmodule[0m=[35mprovider_chain[0m [36moperation[0m=[35mextract_knowledge[0m [36mprovider_count[0m=[35m1[0m
[[31m[1merror    [0m] [1mClaudeCodeProvider.extract_knowledge failed: module 'claude_agent_sdk' has no attribute 'extract_knowledge'[0m [[0m[1m[34mpdf_pipeline.services.claude_provider[0m][0m [36merror[0m=[35m"module 'claude_agent_sdk' has no attribute 'extract_knowledge'"[0m [36mmodule[0m=[35mclaude_provider[0m [36mprovider[0m=[35mClaudeCodeProvider[0m
[[31m[1merror    [0m] [1mAll providers failed for operation 'extract_knowledge'. Errors: ClaudeCodeProvider: ClaudeCodeProvider.extract_knowledge failed: module 'claude_agent_sdk' has no attribute 'extract_knowledge'[0m [[0m[1m[34mpdf_pipeline.services.provider_chain[0m][0m [36merrors[0m=[35m["ClaudeCodeProvider: ClaudeCodeProvider.extract_knowledge failed: module 'claude_agent_sdk' has no attribute 'extract_knowledge'"][0m [36mmodule[0m=[35mprovider_chain[0m [36moperation[0m=[35mextract_knowledge[0m [36mprovider_count[0m=[35m1[0m
[[31m[1merror    [0m] [1mAll providers failed for operation 'extract_knowledge'. Errors: ClaudeCodeProvider: ClaudeCodeProvider.extract_knowledge failed: module 'claude_agent_sdk' has no attribute 'extract_knowledge'[0m [[0m[1m[34mpdf_pipeline.services.provider_chain[0m][0m [36merrors[0m=[35m["ClaudeCodeProvider: ClaudeCodeProvider.extract_knowledge failed: module 'claude_agent_sdk' has no attribute 'extract_knowledge'"][0m [36mmodule[0m=[35mprovider_chain[0m [36moperation[0m=[35mextract_knowledge[0m [36mprovider_count[0m=[35m1[0m
[[31m[1merror    [0m] [1mClaudeCodeProvider.extract_knowledge failed: module 'claude_agent_sdk' has no attribute 'extract_knowledge'[0m [[0m[1m[34mpdf_pipeline.services.claude_provider[0m][0m [36merror[0m=[35m"module 'claude_agent_sdk' has no attribute 'extract_knowledge'"[0m [36mmodule[0m=[35mclaude_provider[0m [36mprovider[0m=[35mClaudeCodeProvider[0m
[[31m[1merror    [0m] [1mClaudeCodeProvider.extract_knowledge failed: module 'claude_agent_sdk' has no attribute 'extract_knowledge'[0m [[0m[1m[34mpdf_pipeline.services.claude_provider[0m][0m [36merror[0m=[35m"module 'claude_agent_sdk' has no attribute 'extract_knowledge'"[0m [36mmodule[0m=[35mclaude_provider[0m [36mprovider[0m=[35mClaudeCodeProvider[0m
[[31m[1merror    [0m] [1mAll providers failed for operation 'extract_knowledge'. Errors: ClaudeCodeProvider: ClaudeCodeProvider.extract_knowledge failed: module 'claude_agent_sdk' has no attribute 'extract_knowledge'[0m [[0m[1m[34mpdf_pipeline.services.provider_chain[0m][0m [36merrors[0m=[35m["ClaudeCodeProvider: ClaudeCodeProvider.extract_knowledge failed: module 'claude_agent_sdk' has no attribute 'extract_knowledge'"][0m [36mmodule[0m=[35mprovider_chain[0m [36moperation[0m=[35mextract_knowledge[0m [36mprovider_count[0m=[35m1[0m
[[31m[1merror    [0m] [1mClaudeCodeProvider.extract_knowledge failed: module 'claude_agent_sdk' has no attribute 'extract_knowledge'[0m [[0m[1m[34mpdf_pipeline.services.claude_provider[0m][0m [36merror[0m=[35m"module 'claude_agent_sdk' has no attribute 'extract_knowledge'"[0m [36mmodule[0m=[35mclaude_provider[0m [36mprovider[0m=[35mClaudeCodeProvider[0m
[[31m[1merror    [0m] [1mClaudeCodeProvider.extract_knowledge failed: module 'claude_agent_sdk' has no attribute 'extract_knowledge'[0m [[0m[1m[34mpdf_pipeline.services.claude_provider[0m][0m [36merror[0m=[35m"module 'claude_agent_sdk' has no attribute 'extract_knowledge'"[0m [36mmodule[0m=[35mclaude_provider[0m [36mprovider[0m=[35mClaudeCodeProvider[0m
[[31m[1merror    [0m] [1mAll providers failed for operation 'extract_knowledge'. Errors: ClaudeCodeProvider: ClaudeCodeProvider.extract_knowledge failed: module 'claude_agent_sdk' has no attribute 'extract_knowledge'[0m [[0m[1m[34mpdf_pipeline.services.provider_chain[0m][0m [36merrors[0m=[35m["ClaudeCodeProvider: ClaudeCodeProvider.extract_knowledge failed: module 'claude_agent_sdk' has no attribute 'extract_knowledge'"][0m [36mmodule[0m=[35mprovider_chain[0m [36moperation[0m=[35mextract_knowledge[0m [36mprovider_count[0m=[35m1[0m
[[31m[1merror    [0m] [1mAll providers failed for operation 'extract_knowledge'. Errors: ClaudeCodeProvider: ClaudeCodeProvider.extract_knowledge failed: module 'claude_agent_sdk' has no attribute 'extract_knowledge'[0m [[0m[1m[34mpdf_pipeline.services.provider_chain[0m][0m [36merrors[0m=[35m["ClaudeCodeProvider: ClaudeCodeProvider.extract_knowledge failed: module 'claude_agent_sdk' has no attribute 'extract_knowledge'"][0m [36mmodule[0m=[35mprovider_chain[0m [36moperation[0m=[35mextract_knowledge[0m [36mprovider_count[0m=[35m1[0m
[[31m[1merror    [0m] [1mClaudeCodeProvider.extract_knowledge failed: module 'claude_agent_sdk' has no attribute 'extract_knowledge'[0m [[0m[1m[34mpdf_pipeline.services.claude_provider[0m][0m [36merror[0m=[35m"module 'claude_agent_sdk' has no attribute 'extract_knowledge'"[0m [36mmodule[0m=[35mclaude_provider[0m [36mprovider[0m=[35mClaudeCodeProvider[0m
[[31m[1merror    [0m] [1mAll providers failed for operation 'extract_knowledge'. Errors: ClaudeCodeProvider: ClaudeCodeProvider.extract_knowledge failed: module 'claude_agent_sdk' has no attribute 'extract_knowledge'[0m [[0m[1m[34mpdf_pipeline.services.provider_chain[0m][0m [36merrors[0m=[35m["ClaudeCodeProvider: ClaudeCodeProvider.extract_knowledge failed: module 'claude_agent_sdk' has no attribute 'extract_knowledge'"][0m [36mmodule[0m=[35mprovider_chain[0m [36moperation[0m=[35mextract_knowledge[0m [36mprovider_count[0m=[35m1[0m
[[31m[1merror    [0m] [1mAll providers failed for operation 'extract_knowledge'. Errors: ClaudeCodeProvider: ClaudeCodeProvider.extract_knowledge failed: module 'claude_agent_sdk' has no attribute 'extract_knowledge'[0m [[0m[1m[34mpdf_pipeline.services.provider_chain[0m][0m [36merrors[0m=[35m["ClaudeCodeProvider: ClaudeCodeProvider.extract_knowledge failed: module 'claude_agent_sdk' has no attribute 'extract_knowledge'"][0m [36mmodule[0m=[35mprovider_chain[0m [36moperation[0m=[35mextract_knowledge[0m [36mprovider_count[0m=[35m1[0m
[[31m[1merror    [0m] [1mClaudeCodeProvider.extract_knowledge failed: module 'claude_agent_sdk' has no attribute 'extract_knowledge'[0m [[0m[1m[34mpdf_pipeline.services.claude_provider[0m][0m [36merror[0m=[35m"module 'claude_agent_sdk' has no attribute 'extract_knowledge'"[0m [36mmodule[0m=[35mclaude_provider[0m [36mprovider[0m=[35mClaudeCodeProvider[0m
[[31m[1merror    [0m] [1mClaudeCodeProvider.extract_knowledge failed: module 'claude_agent_sdk' has no attribute 'extract_knowledge'[0m [[0m[1m[34mpdf_pipeline.services.claude_provider[0m][0m [36merror[0m=[35m"module 'claude_agent_sdk' has no attribute 'extract_knowledge'"[0m [36mmodule[0m=[35mclaude_provider[0m [36mprovider[0m=[35mClaudeCodeProvider[0m
[[31m[1merror    [0m] [1mAll providers failed for operation 'extract_knowledge'. Errors: ClaudeCodeProvider: ClaudeCodeProvider.extract_knowledge failed: module 'claude_agent_sdk' has no attribute 'extract_knowledge'[0m [[0m[1m[34mpdf_pipeline.services.provider_chain[0m][0m [36merrors[0m=[35m["ClaudeCodeProvider: ClaudeCodeProvider.extract_knowledge failed: module 'claude_agent_sdk' has no attribute 'extract_knowledge'"][0m [36mmodule[0m=[35mprovider_chain[0m [36moperation[0m=[35mextract_knowledge[0m [36mprovider_count[0m=[35m1[0m
[[31m[1merror    [0m] [1mClaudeCodeProvider.extract_knowledge failed: module 'claude_agent_sdk' has no attribute 'extract_knowledge'[0m [[0m[1m[34mpdf_pipeline.services.claude_provider[0m][0m [36merror[0m=[35m"module 'claude_agent_sdk' has no attribute 'extract_knowledge'"[0m [36mmodule[0m=[35mclaude_provider[0m [36mprovider[0m=[35mClaudeCodeProvider[0m
[[31m[1merror    [0m] [1mClaudeCodeProvider.extract_knowledge failed: module 'claude_agent_sdk' has no attribute 'extract_knowledge'[0m [[0m[1m[34mpdf_pipeline.services.claude_provider[0m][0m [36merror[0m=[35m"module 'claude_agent_sdk' has no attribute 'extract_knowledge'"[0m [36mmodule[0m=[35mclaude_provider[0m [36mprovider[0m=[35mClaudeCodeProvider[0m
[[31m[1merror    [0m] [1mAll providers failed for operation 'extract_knowledge'. Errors: ClaudeCodeProvider: ClaudeCodeProvider.extract_knowledge failed: module 'claude_agent_sdk' has no attribute 'extract_knowledge'[0m [[0m[1m[34mpdf_pipeline.services.provider_chain[0m][0m [36merrors[0m=[35m["ClaudeCodeProvider: ClaudeCodeProvider.extract_knowledge failed: module 'claude_agent_sdk' has no attribute 'extract_knowledge'"][0m [36mmodule[0m=[35mprovider_chain[0m [36moperation[0m=[35mextract_knowledge[0m [36mprovider_count[0m=[35m1[0m
[[31m[1merror    [0m] [1mAll providers failed for operation 'extract_knowledge'. Errors: ClaudeCodeProvider: ClaudeCodeProvider.extract_knowledge failed: module 'claude_agent_sdk' has no attribute 'extract_knowledge'[0m [[0m[1m[34mpdf_pipeline.services.provider_chain[0m][0m [36merrors[0m=[35m["ClaudeCodeProvider: ClaudeCodeProvider.extract_knowledge failed: module 'claude_agent_sdk' has no attribute 'extract_knowledge'"][0m [36mmodule[0m=[35mprovider_chain[0m [36moperation[0m=[35mextract_knowledge[0m [36mprovider_count[0m=[35m1[0m
[[31m[1merror    [0m] [1mAll providers failed for operation 'extract_knowledge'. Errors: ClaudeCodeProvider: ClaudeCodeProvider.extract_knowledge failed: module 'claude_agent_sdk' has no attribute 'extract_knowledge'[0m [[0m[1m[34mpdf_pipeline.services.provider_chain[0m][0m [36merrors[0m=[35m["ClaudeCodeProvider: ClaudeCodeProvider.extract_knowledge failed: module 'claude_agent_sdk' has no attribute 'extract_knowledge'"][0m [36mmodule[0m=[35mprovider_chain[0m [36moperation[0m=[35mextract_knowledge[0m [36mprovider_count[0m=[35m1[0m
[[31m[1merror    [0m] [1mAll providers failed for operation 'extract_knowledge'. Errors: ClaudeCodeProvider: ClaudeCodeProvider.extract_knowledge failed: module 'claude_agent_sdk' has no attribute 'extract_knowledge'[0m [[0m[1m[34mpdf_pipeline.services.provider_chain[0m][0m [36merrors[0m=[35m["ClaudeCodeProvider: ClaudeCodeProvider.extract_knowledge failed: module 'claude_agent_sdk' has no attribute 'extract_knowledge'"][0m [36mmodule[0m=[35mprovider_chain[0m [36moperation[0m=[35mextract_knowledge[0m [36mprovider_count[0m=[35m1[0m
entities=0 facts=0 claims=0 datapoints=0
[2026-03-31 22:41:45]   Phase 2: 完了
[2026-03-31 22:41:45]   Phase 3: emit_research_queue 開始
Queue file: .tmp/graph-queue/pdf-extraction/gq-20260331134145-1d244e8d.json
[2026-03-31 22:41:45]   Phase 3: 完了 → .tmp/graph-queue/pdf-extraction/gq-20260331134145-1d244e8d.json
[2026-03-31 22:41:45]   Phase 4a: entity_linker 開始
Warning: You are sending unauthenticated requests to the HF Hub. Please set a HF_TOKEN to enable higher rate limits and faster downloads.
[[33m[1mwarning  [0m] [1mWarning: You are sending unauthenticated requests to the HF Hub. Please set a HF_TOKEN to enable higher rate limits and faster downloads.[0m [[0m[1m[34mhuggingface_hub.utils._http[0m][0m
Loading weights:   0%|          | 0/391 [00:00<?, ?it/s]Loading weights: 100%|██████████| 391/391 [00:00<00:00, 22982.33it/s]
[1mXLMRobertaModel LOAD REPORT[0m from: intfloat/multilingual-e5-large
Key                     | Status     |  | 
------------------------+------------+--+-
embeddings.position_ids | UNEXPECTED |  | 

[3mNotes:
- UNEXPECTED[3m	:can be ignored when loading from different task/architecture; not ok if you expect identical arch.[0m
[2026-03-31 22:41:52]   Phase 4a: 完了
[2026-03-31 22:41:52]   Phase 4b: neo4j_loader 開始
[2026-03-31 22:41:52]   Phase 4b: 完了
[2026-03-31 22:41:52] --- [24/31] Nomura ISAT@IJ Quick Note - Indosat (ISAT IJ) (Buy) - 1H25 r...
[2026-03-31 22:41:52]   Phase 2: extract_knowledge 開始
[[31m[1merror    [0m] [1mClaudeCodeProvider.extract_knowledge failed: module 'claude_agent_sdk' has no attribute 'extract_knowledge'[0m [[0m[1m[34mpdf_pipeline.services.claude_provider[0m][0m [36merror[0m=[35m"module 'claude_agent_sdk' has no attribute 'extract_knowledge'"[0m [36mmodule[0m=[35mclaude_provider[0m [36mprovider[0m=[35mClaudeCodeProvider[0m
[[31m[1merror    [0m] [1mClaudeCodeProvider.extract_knowledge failed: module 'claude_agent_sdk' has no attribute 'extract_knowledge'[0m [[0m[1m[34mpdf_pipeline.services.claude_provider[0m][0m [36merror[0m=[35m"module 'claude_agent_sdk' has no attribute 'extract_knowledge'"[0m [36mmodule[0m=[35mclaude_provider[0m [36mprovider[0m=[35mClaudeCodeProvider[0m
[[31m[1merror    [0m] [1mClaudeCodeProvider.extract_knowledge failed: module 'claude_agent_sdk' has no attribute 'extract_knowledge'[0m [[0m[1m[34mpdf_pipeline.services.claude_provider[0m][0m [36merror[0m=[35m"module 'claude_agent_sdk' has no attribute 'extract_knowledge'"[0m [36mmodule[0m=[35mclaude_provider[0m [36mprovider[0m=[35mClaudeCodeProvider[0m
[[31m[1merror    [0m] [1mAll providers failed for operation 'extract_knowledge'. Errors: ClaudeCodeProvider: ClaudeCodeProvider.extract_knowledge failed: module 'claude_agent_sdk' has no attribute 'extract_knowledge'[0m [[0m[1m[34mpdf_pipeline.services.provider_chain[0m][0m [36merrors[0m=[35m["ClaudeCodeProvider: ClaudeCodeProvider.extract_knowledge failed: module 'claude_agent_sdk' has no attribute 'extract_knowledge'"][0m [36mmodule[0m=[35mprovider_chain[0m [36moperation[0m=[35mextract_knowledge[0m [36mprovider_count[0m=[35m1[0m
[[31m[1merror    [0m] [1mClaudeCodeProvider.extract_knowledge failed: module 'claude_agent_sdk' has no attribute 'extract_knowledge'[0m [[0m[1m[34mpdf_pipeline.services.claude_provider[0m][0m [36merror[0m=[35m"module 'claude_agent_sdk' has no attribute 'extract_knowledge'"[0m [36mmodule[0m=[35mclaude_provider[0m [36mprovider[0m=[35mClaudeCodeProvider[0m
[[31m[1merror    [0m] [1mClaudeCodeProvider.extract_knowledge failed: module 'claude_agent_sdk' has no attribute 'extract_knowledge'[0m [[0m[1m[34mpdf_pipeline.services.claude_provider[0m][0m [36merror[0m=[35m"module 'claude_agent_sdk' has no attribute 'extract_knowledge'"[0m [36mmodule[0m=[35mclaude_provider[0m [36mprovider[0m=[35mClaudeCodeProvider[0m
[[31m[1merror    [0m] [1mAll providers failed for operation 'extract_knowledge'. Errors: ClaudeCodeProvider: ClaudeCodeProvider.extract_knowledge failed: module 'claude_agent_sdk' has no attribute 'extract_knowledge'[0m [[0m[1m[34mpdf_pipeline.services.provider_chain[0m][0m [36merrors[0m=[35m["ClaudeCodeProvider: ClaudeCodeProvider.extract_knowledge failed: module 'claude_agent_sdk' has no attribute 'extract_knowledge'"][0m [36mmodule[0m=[35mprovider_chain[0m [36moperation[0m=[35mextract_knowledge[0m [36mprovider_count[0m=[35m1[0m
[[31m[1merror    [0m] [1mAll providers failed for operation 'extract_knowledge'. Errors: ClaudeCodeProvider: ClaudeCodeProvider.extract_knowledge failed: module 'claude_agent_sdk' has no attribute 'extract_knowledge'[0m [[0m[1m[34mpdf_pipeline.services.provider_chain[0m][0m [36merrors[0m=[35m["ClaudeCodeProvider: ClaudeCodeProvider.extract_knowledge failed: module 'claude_agent_sdk' has no attribute 'extract_knowledge'"][0m [36mmodule[0m=[35mprovider_chain[0m [36moperation[0m=[35mextract_knowledge[0m [36mprovider_count[0m=[35m1[0m
[[31m[1merror    [0m] [1mClaudeCodeProvider.extract_knowledge failed: module 'claude_agent_sdk' has no attribute 'extract_knowledge'[0m [[0m[1m[34mpdf_pipeline.services.claude_provider[0m][0m [36merror[0m=[35m"module 'claude_agent_sdk' has no attribute 'extract_knowledge'"[0m [36mmodule[0m=[35mclaude_provider[0m [36mprovider[0m=[35mClaudeCodeProvider[0m
[[31m[1merror    [0m] [1mAll providers failed for operation 'extract_knowledge'. Errors: ClaudeCodeProvider: ClaudeCodeProvider.extract_knowledge failed: module 'claude_agent_sdk' has no attribute 'extract_knowledge'[0m [[0m[1m[34mpdf_pipeline.services.provider_chain[0m][0m [36merrors[0m=[35m["ClaudeCodeProvider: ClaudeCodeProvider.extract_knowledge failed: module 'claude_agent_sdk' has no attribute 'extract_knowledge'"][0m [36mmodule[0m=[35mprovider_chain[0m [36moperation[0m=[35mextract_knowledge[0m [36mprovider_count[0m=[35m1[0m
[[31m[1merror    [0m] [1mAll providers failed for operation 'extract_knowledge'. Errors: ClaudeCodeProvider: ClaudeCodeProvider.extract_knowledge failed: module 'claude_agent_sdk' has no attribute 'extract_knowledge'[0m [[0m[1m[34mpdf_pipeline.services.provider_chain[0m][0m [36merrors[0m=[35m["ClaudeCodeProvider: ClaudeCodeProvider.extract_knowledge failed: module 'claude_agent_sdk' has no attribute 'extract_knowledge'"][0m [36mmodule[0m=[35mprovider_chain[0m [36moperation[0m=[35mextract_knowledge[0m [36mprovider_count[0m=[35m1[0m
[[31m[1merror    [0m] [1mClaudeCodeProvider.extract_knowledge failed: module 'claude_agent_sdk' has no attribute 'extract_knowledge'[0m [[0m[1m[34mpdf_pipeline.services.claude_provider[0m][0m [36merror[0m=[35m"module 'claude_agent_sdk' has no attribute 'extract_knowledge'"[0m [36mmodule[0m=[35mclaude_provider[0m [36mprovider[0m=[35mClaudeCodeProvider[0m
[[31m[1merror    [0m] [1mClaudeCodeProvider.extract_knowledge failed: module 'claude_agent_sdk' has no attribute 'extract_knowledge'[0m [[0m[1m[34mpdf_pipeline.services.claude_provider[0m][0m [36merror[0m=[35m"module 'claude_agent_sdk' has no attribute 'extract_knowledge'"[0m [36mmodule[0m=[35mclaude_provider[0m [36mprovider[0m=[35mClaudeCodeProvider[0m
[[31m[1merror    [0m] [1mAll providers failed for operation 'extract_knowledge'. Errors: ClaudeCodeProvider: ClaudeCodeProvider.extract_knowledge failed: module 'claude_agent_sdk' has no attribute 'extract_knowledge'[0m [[0m[1m[34mpdf_pipeline.services.provider_chain[0m][0m [36merrors[0m=[35m["ClaudeCodeProvider: ClaudeCodeProvider.extract_knowledge failed: module 'claude_agent_sdk' has no attribute 'extract_knowledge'"][0m [36mmodule[0m=[35mprovider_chain[0m [36moperation[0m=[35mextract_knowledge[0m [36mprovider_count[0m=[35m1[0m
[[31m[1merror    [0m] [1mAll providers failed for operation 'extract_knowledge'. Errors: ClaudeCodeProvider: ClaudeCodeProvider.extract_knowledge failed: module 'claude_agent_sdk' has no attribute 'extract_knowledge'[0m [[0m[1m[34mpdf_pipeline.services.provider_chain[0m][0m [36merrors[0m=[35m["ClaudeCodeProvider: ClaudeCodeProvider.extract_knowledge failed: module 'claude_agent_sdk' has no attribute 'extract_knowledge'"][0m [36mmodule[0m=[35mprovider_chain[0m [36moperation[0m=[35mextract_knowledge[0m [36mprovider_count[0m=[35m1[0m
[[31m[1merror    [0m] [1mAll providers failed for operation 'extract_knowledge'. Errors: ClaudeCodeProvider: ClaudeCodeProvider.extract_knowledge failed: module 'claude_agent_sdk' has no attribute 'extract_knowledge'[0m [[0m[1m[34mpdf_pipeline.services.provider_chain[0m][0m [36merrors[0m=[35m["ClaudeCodeProvider: ClaudeCodeProvider.extract_knowledge failed: module 'claude_agent_sdk' has no attribute 'extract_knowledge'"][0m [36mmodule[0m=[35mprovider_chain[0m [36moperation[0m=[35mextract_knowledge[0m [36mprovider_count[0m=[35m1[0m
entities=0 facts=0 claims=0 datapoints=0
[2026-03-31 22:41:53]   Phase 2: 完了
[2026-03-31 22:41:53]   Phase 3: emit_research_queue 開始
Queue file: .tmp/graph-queue/pdf-extraction/gq-20260331134153-93449015.json
[2026-03-31 22:41:53]   Phase 3: 完了 → .tmp/graph-queue/pdf-extraction/gq-20260331134153-93449015.json
[2026-03-31 22:41:53]   Phase 4a: entity_linker 開始
Warning: You are sending unauthenticated requests to the HF Hub. Please set a HF_TOKEN to enable higher rate limits and faster downloads.
[[33m[1mwarning  [0m] [1mWarning: You are sending unauthenticated requests to the HF Hub. Please set a HF_TOKEN to enable higher rate limits and faster downloads.[0m [[0m[1m[34mhuggingface_hub.utils._http[0m][0m
Loading weights:   0%|          | 0/391 [00:00<?, ?it/s]Loading weights: 100%|██████████| 391/391 [00:00<00:00, 25789.79it/s]
[1mXLMRobertaModel LOAD REPORT[0m from: intfloat/multilingual-e5-large
Key                     | Status     |  | 
------------------------+------------+--+-
embeddings.position_ids | UNEXPECTED |  | 

[3mNotes:
- UNEXPECTED[3m	:can be ignored when loading from different task/architecture; not ok if you expect identical arch.[0m
[2026-03-31 22:42:10]   Phase 4a: 完了
[2026-03-31 22:42:10]   Phase 4b: neo4j_loader 開始
[2026-03-31 22:42:10]   Phase 4b: 完了
[2026-03-31 22:42:10] --- [25/31] Nomura ISAT@IJ Quick Note - Indosat (ISAT IJ) (Buy) - 1Q25 r...
[2026-03-31 22:42:10]   Phase 2: extract_knowledge 開始
[[31m[1merror    [0m] [1mClaudeCodeProvider.extract_knowledge failed: module 'claude_agent_sdk' has no attribute 'extract_knowledge'[0m [[0m[1m[34mpdf_pipeline.services.claude_provider[0m][0m [36merror[0m=[35m"module 'claude_agent_sdk' has no attribute 'extract_knowledge'"[0m [36mmodule[0m=[35mclaude_provider[0m [36mprovider[0m=[35mClaudeCodeProvider[0m
[[31m[1merror    [0m] [1mClaudeCodeProvider.extract_knowledge failed: module 'claude_agent_sdk' has no attribute 'extract_knowledge'[0m [[0m[1m[34mpdf_pipeline.services.claude_provider[0m][0m [36merror[0m=[35m"module 'claude_agent_sdk' has no attribute 'extract_knowledge'"[0m [36mmodule[0m=[35mclaude_provider[0m [36mprovider[0m=[35mClaudeCodeProvider[0m
[[31m[1merror    [0m] [1mClaudeCodeProvider.extract_knowledge failed: module 'claude_agent_sdk' has no attribute 'extract_knowledge'[0m [[0m[1m[34mpdf_pipeline.services.claude_provider[0m][0m [36merror[0m=[35m"module 'claude_agent_sdk' has no attribute 'extract_knowledge'"[0m [36mmodule[0m=[35mclaude_provider[0m [36mprovider[0m=[35mClaudeCodeProvider[0m
[[31m[1merror    [0m] [1mAll providers failed for operation 'extract_knowledge'. Errors: ClaudeCodeProvider: ClaudeCodeProvider.extract_knowledge failed: module 'claude_agent_sdk' has no attribute 'extract_knowledge'[0m [[0m[1m[34mpdf_pipeline.services.provider_chain[0m][0m [36merrors[0m=[35m["ClaudeCodeProvider: ClaudeCodeProvider.extract_knowledge failed: module 'claude_agent_sdk' has no attribute 'extract_knowledge'"][0m [36mmodule[0m=[35mprovider_chain[0m [36moperation[0m=[35mextract_knowledge[0m [36mprovider_count[0m=[35m1[0m
[[31m[1merror    [0m] [1mClaudeCodeProvider.extract_knowledge failed: module 'claude_agent_sdk' has no attribute 'extract_knowledge'[0m [[0m[1m[34mpdf_pipeline.services.claude_provider[0m][0m [36merror[0m=[35m"module 'claude_agent_sdk' has no attribute 'extract_knowledge'"[0m [36mmodule[0m=[35mclaude_provider[0m [36mprovider[0m=[35mClaudeCodeProvider[0m
[[31m[1merror    [0m] [1mClaudeCodeProvider.extract_knowledge failed: module 'claude_agent_sdk' has no attribute 'extract_knowledge'[0m [[0m[1m[34mpdf_pipeline.services.claude_provider[0m][0m [36merror[0m=[35m"module 'claude_agent_sdk' has no attribute 'extract_knowledge'"[0m [36mmodule[0m=[35mclaude_provider[0m [36mprovider[0m=[35mClaudeCodeProvider[0m
[[31m[1merror    [0m] [1mAll providers failed for operation 'extract_knowledge'. Errors: ClaudeCodeProvider: ClaudeCodeProvider.extract_knowledge failed: module 'claude_agent_sdk' has no attribute 'extract_knowledge'[0m [[0m[1m[34mpdf_pipeline.services.provider_chain[0m][0m [36merrors[0m=[35m["ClaudeCodeProvider: ClaudeCodeProvider.extract_knowledge failed: module 'claude_agent_sdk' has no attribute 'extract_knowledge'"][0m [36mmodule[0m=[35mprovider_chain[0m [36moperation[0m=[35mextract_knowledge[0m [36mprovider_count[0m=[35m1[0m
[[31m[1merror    [0m] [1mAll providers failed for operation 'extract_knowledge'. Errors: ClaudeCodeProvider: ClaudeCodeProvider.extract_knowledge failed: module 'claude_agent_sdk' has no attribute 'extract_knowledge'[0m [[0m[1m[34mpdf_pipeline.services.provider_chain[0m][0m [36merrors[0m=[35m["ClaudeCodeProvider: ClaudeCodeProvider.extract_knowledge failed: module 'claude_agent_sdk' has no attribute 'extract_knowledge'"][0m [36mmodule[0m=[35mprovider_chain[0m [36moperation[0m=[35mextract_knowledge[0m [36mprovider_count[0m=[35m1[0m
[[31m[1merror    [0m] [1mClaudeCodeProvider.extract_knowledge failed: module 'claude_agent_sdk' has no attribute 'extract_knowledge'[0m [[0m[1m[34mpdf_pipeline.services.claude_provider[0m][0m [36merror[0m=[35m"module 'claude_agent_sdk' has no attribute 'extract_knowledge'"[0m [36mmodule[0m=[35mclaude_provider[0m [36mprovider[0m=[35mClaudeCodeProvider[0m
[[31m[1merror    [0m] [1mAll providers failed for operation 'extract_knowledge'. Errors: ClaudeCodeProvider: ClaudeCodeProvider.extract_knowledge failed: module 'claude_agent_sdk' has no attribute 'extract_knowledge'[0m [[0m[1m[34mpdf_pipeline.services.provider_chain[0m][0m [36merrors[0m=[35m["ClaudeCodeProvider: ClaudeCodeProvider.extract_knowledge failed: module 'claude_agent_sdk' has no attribute 'extract_knowledge'"][0m [36mmodule[0m=[35mprovider_chain[0m [36moperation[0m=[35mextract_knowledge[0m [36mprovider_count[0m=[35m1[0m
[[31m[1merror    [0m] [1mAll providers failed for operation 'extract_knowledge'. Errors: ClaudeCodeProvider: ClaudeCodeProvider.extract_knowledge failed: module 'claude_agent_sdk' has no attribute 'extract_knowledge'[0m [[0m[1m[34mpdf_pipeline.services.provider_chain[0m][0m [36merrors[0m=[35m["ClaudeCodeProvider: ClaudeCodeProvider.extract_knowledge failed: module 'claude_agent_sdk' has no attribute 'extract_knowledge'"][0m [36mmodule[0m=[35mprovider_chain[0m [36moperation[0m=[35mextract_knowledge[0m [36mprovider_count[0m=[35m1[0m
[[31m[1merror    [0m] [1mClaudeCodeProvider.extract_knowledge failed: module 'claude_agent_sdk' has no attribute 'extract_knowledge'[0m [[0m[1m[34mpdf_pipeline.services.claude_provider[0m][0m [36merror[0m=[35m"module 'claude_agent_sdk' has no attribute 'extract_knowledge'"[0m [36mmodule[0m=[35mclaude_provider[0m [36mprovider[0m=[35mClaudeCodeProvider[0m
[[31m[1merror    [0m] [1mAll providers failed for operation 'extract_knowledge'. Errors: ClaudeCodeProvider: ClaudeCodeProvider.extract_knowledge failed: module 'claude_agent_sdk' has no attribute 'extract_knowledge'[0m [[0m[1m[34mpdf_pipeline.services.provider_chain[0m][0m [36merrors[0m=[35m["ClaudeCodeProvider: ClaudeCodeProvider.extract_knowledge failed: module 'claude_agent_sdk' has no attribute 'extract_knowledge'"][0m [36mmodule[0m=[35mprovider_chain[0m [36moperation[0m=[35mextract_knowledge[0m [36mprovider_count[0m=[35m1[0m
[[31m[1merror    [0m] [1mAll providers failed for operation 'extract_knowledge'. Errors: ClaudeCodeProvider: ClaudeCodeProvider.extract_knowledge failed: module 'claude_agent_sdk' has no attribute 'extract_knowledge'[0m [[0m[1m[34mpdf_pipeline.services.provider_chain[0m][0m [36merrors[0m=[35m["ClaudeCodeProvider: ClaudeCodeProvider.extract_knowledge failed: module 'claude_agent_sdk' has no attribute 'extract_knowledge'"][0m [36mmodule[0m=[35mprovider_chain[0m [36moperation[0m=[35mextract_knowledge[0m [36mprovider_count[0m=[35m1[0m
entities=0 facts=0 claims=0 datapoints=0
[2026-03-31 22:42:11]   Phase 2: 完了
[2026-03-31 22:42:11]   Phase 3: emit_research_queue 開始
Queue file: .tmp/graph-queue/pdf-extraction/gq-20260331134211-61570409.json
[2026-03-31 22:42:11]   Phase 3: 完了 → .tmp/graph-queue/pdf-extraction/gq-20260331134211-61570409.json
[2026-03-31 22:42:11]   Phase 4a: entity_linker 開始
Loading weights:   0%|          | 0/391 [00:00<?, ?it/s]Loading weights: 100%|██████████| 391/391 [00:00<00:00, 26092.20it/s]
[1mXLMRobertaModel LOAD REPORT[0m from: intfloat/multilingual-e5-large
Key                     | Status     |  | 
------------------------+------------+--+-
embeddings.position_ids | UNEXPECTED |  | 

[3mNotes:
- UNEXPECTED[3m	:can be ignored when loading from different task/architecture; not ok if you expect identical arch.[0m
Warning: You are sending unauthenticated requests to the HF Hub. Please set a HF_TOKEN to enable higher rate limits and faster downloads.
[[33m[1mwarning  [0m] [1mWarning: You are sending unauthenticated requests to the HF Hub. Please set a HF_TOKEN to enable higher rate limits and faster downloads.[0m [[0m[1m[34mhuggingface_hub.utils._http[0m][0m
[2026-03-31 22:42:18]   Phase 4a: 完了
[2026-03-31 22:42:18]   Phase 4b: neo4j_loader 開始
[2026-03-31 22:42:18]   Phase 4b: 完了
[2026-03-31 22:42:18] --- [26/31] Nomura ISAT@IJ Quick Note - Indosat (ISAT IJ) (Buy) - 9M25 i...
[2026-03-31 22:42:18]   Phase 2: extract_knowledge 開始
[[31m[1merror    [0m] [1mClaudeCodeProvider.extract_knowledge failed: module 'claude_agent_sdk' has no attribute 'extract_knowledge'[0m [[0m[1m[34mpdf_pipeline.services.claude_provider[0m][0m [36merror[0m=[35m"module 'claude_agent_sdk' has no attribute 'extract_knowledge'"[0m [36mmodule[0m=[35mclaude_provider[0m [36mprovider[0m=[35mClaudeCodeProvider[0m
[[31m[1merror    [0m] [1mClaudeCodeProvider.extract_knowledge failed: module 'claude_agent_sdk' has no attribute 'extract_knowledge'[0m [[0m[1m[34mpdf_pipeline.services.claude_provider[0m][0m [36merror[0m=[35m"module 'claude_agent_sdk' has no attribute 'extract_knowledge'"[0m [36mmodule[0m=[35mclaude_provider[0m [36mprovider[0m=[35mClaudeCodeProvider[0m
[[31m[1merror    [0m] [1mClaudeCodeProvider.extract_knowledge failed: module 'claude_agent_sdk' has no attribute 'extract_knowledge'[0m [[0m[1m[34mpdf_pipeline.services.claude_provider[0m][0m [36merror[0m=[35m"module 'claude_agent_sdk' has no attribute 'extract_knowledge'"[0m [36mmodule[0m=[35mclaude_provider[0m [36mprovider[0m=[35mClaudeCodeProvider[0m
[[31m[1merror    [0m] [1mAll providers failed for operation 'extract_knowledge'. Errors: ClaudeCodeProvider: ClaudeCodeProvider.extract_knowledge failed: module 'claude_agent_sdk' has no attribute 'extract_knowledge'[0m [[0m[1m[34mpdf_pipeline.services.provider_chain[0m][0m [36merrors[0m=[35m["ClaudeCodeProvider: ClaudeCodeProvider.extract_knowledge failed: module 'claude_agent_sdk' has no attribute 'extract_knowledge'"][0m [36mmodule[0m=[35mprovider_chain[0m [36moperation[0m=[35mextract_knowledge[0m [36mprovider_count[0m=[35m1[0m
[[31m[1merror    [0m] [1mClaudeCodeProvider.extract_knowledge failed: module 'claude_agent_sdk' has no attribute 'extract_knowledge'[0m [[0m[1m[34mpdf_pipeline.services.claude_provider[0m][0m [36merror[0m=[35m"module 'claude_agent_sdk' has no attribute 'extract_knowledge'"[0m [36mmodule[0m=[35mclaude_provider[0m [36mprovider[0m=[35mClaudeCodeProvider[0m
[[31m[1merror    [0m] [1mClaudeCodeProvider.extract_knowledge failed: module 'claude_agent_sdk' has no attribute 'extract_knowledge'[0m [[0m[1m[34mpdf_pipeline.services.claude_provider[0m][0m [36merror[0m=[35m"module 'claude_agent_sdk' has no attribute 'extract_knowledge'"[0m [36mmodule[0m=[35mclaude_provider[0m [36mprovider[0m=[35mClaudeCodeProvider[0m
[[31m[1merror    [0m] [1mAll providers failed for operation 'extract_knowledge'. Errors: ClaudeCodeProvider: ClaudeCodeProvider.extract_knowledge failed: module 'claude_agent_sdk' has no attribute 'extract_knowledge'[0m [[0m[1m[34mpdf_pipeline.services.provider_chain[0m][0m [36merrors[0m=[35m["ClaudeCodeProvider: ClaudeCodeProvider.extract_knowledge failed: module 'claude_agent_sdk' has no attribute 'extract_knowledge'"][0m [36mmodule[0m=[35mprovider_chain[0m [36moperation[0m=[35mextract_knowledge[0m [36mprovider_count[0m=[35m1[0m
[[31m[1merror    [0m] [1mAll providers failed for operation 'extract_knowledge'. Errors: ClaudeCodeProvider: ClaudeCodeProvider.extract_knowledge failed: module 'claude_agent_sdk' has no attribute 'extract_knowledge'[0m [[0m[1m[34mpdf_pipeline.services.provider_chain[0m][0m [36merrors[0m=[35m["ClaudeCodeProvider: ClaudeCodeProvider.extract_knowledge failed: module 'claude_agent_sdk' has no attribute 'extract_knowledge'"][0m [36mmodule[0m=[35mprovider_chain[0m [36moperation[0m=[35mextract_knowledge[0m [36mprovider_count[0m=[35m1[0m
[[31m[1merror    [0m] [1mClaudeCodeProvider.extract_knowledge failed: module 'claude_agent_sdk' has no attribute 'extract_knowledge'[0m [[0m[1m[34mpdf_pipeline.services.claude_provider[0m][0m [36merror[0m=[35m"module 'claude_agent_sdk' has no attribute 'extract_knowledge'"[0m [36mmodule[0m=[35mclaude_provider[0m [36mprovider[0m=[35mClaudeCodeProvider[0m
[[31m[1merror    [0m] [1mAll providers failed for operation 'extract_knowledge'. Errors: ClaudeCodeProvider: ClaudeCodeProvider.extract_knowledge failed: module 'claude_agent_sdk' has no attribute 'extract_knowledge'[0m [[0m[1m[34mpdf_pipeline.services.provider_chain[0m][0m [36merrors[0m=[35m["ClaudeCodeProvider: ClaudeCodeProvider.extract_knowledge failed: module 'claude_agent_sdk' has no attribute 'extract_knowledge'"][0m [36mmodule[0m=[35mprovider_chain[0m [36moperation[0m=[35mextract_knowledge[0m [36mprovider_count[0m=[35m1[0m
[[31m[1merror    [0m] [1mAll providers failed for operation 'extract_knowledge'. Errors: ClaudeCodeProvider: ClaudeCodeProvider.extract_knowledge failed: module 'claude_agent_sdk' has no attribute 'extract_knowledge'[0m [[0m[1m[34mpdf_pipeline.services.provider_chain[0m][0m [36merrors[0m=[35m["ClaudeCodeProvider: ClaudeCodeProvider.extract_knowledge failed: module 'claude_agent_sdk' has no attribute 'extract_knowledge'"][0m [36mmodule[0m=[35mprovider_chain[0m [36moperation[0m=[35mextract_knowledge[0m [36mprovider_count[0m=[35m1[0m
[[31m[1merror    [0m] [1mClaudeCodeProvider.extract_knowledge failed: module 'claude_agent_sdk' has no attribute 'extract_knowledge'[0m [[0m[1m[34mpdf_pipeline.services.claude_provider[0m][0m [36merror[0m=[35m"module 'claude_agent_sdk' has no attribute 'extract_knowledge'"[0m [36mmodule[0m=[35mclaude_provider[0m [36mprovider[0m=[35mClaudeCodeProvider[0m
[[31m[1merror    [0m] [1mClaudeCodeProvider.extract_knowledge failed: module 'claude_agent_sdk' has no attribute 'extract_knowledge'[0m [[0m[1m[34mpdf_pipeline.services.claude_provider[0m][0m [36merror[0m=[35m"module 'claude_agent_sdk' has no attribute 'extract_knowledge'"[0m [36mmodule[0m=[35mclaude_provider[0m [36mprovider[0m=[35mClaudeCodeProvider[0m
[[31m[1merror    [0m] [1mAll providers failed for operation 'extract_knowledge'. Errors: ClaudeCodeProvider: ClaudeCodeProvider.extract_knowledge failed: module 'claude_agent_sdk' has no attribute 'extract_knowledge'[0m [[0m[1m[34mpdf_pipeline.services.provider_chain[0m][0m [36merrors[0m=[35m["ClaudeCodeProvider: ClaudeCodeProvider.extract_knowledge failed: module 'claude_agent_sdk' has no attribute 'extract_knowledge'"][0m [36mmodule[0m=[35mprovider_chain[0m [36moperation[0m=[35mextract_knowledge[0m [36mprovider_count[0m=[35m1[0m
[[31m[1merror    [0m] [1mClaudeCodeProvider.extract_knowledge failed: module 'claude_agent_sdk' has no attribute 'extract_knowledge'[0m [[0m[1m[34mpdf_pipeline.services.claude_provider[0m][0m [36merror[0m=[35m"module 'claude_agent_sdk' has no attribute 'extract_knowledge'"[0m [36mmodule[0m=[35mclaude_provider[0m [36mprovider[0m=[35mClaudeCodeProvider[0m
[[31m[1merror    [0m] [1mClaudeCodeProvider.extract_knowledge failed: module 'claude_agent_sdk' has no attribute 'extract_knowledge'[0m [[0m[1m[34mpdf_pipeline.services.claude_provider[0m][0m [36merror[0m=[35m"module 'claude_agent_sdk' has no attribute 'extract_knowledge'"[0m [36mmodule[0m=[35mclaude_provider[0m [36mprovider[0m=[35mClaudeCodeProvider[0m
[[31m[1merror    [0m] [1mAll providers failed for operation 'extract_knowledge'. Errors: ClaudeCodeProvider: ClaudeCodeProvider.extract_knowledge failed: module 'claude_agent_sdk' has no attribute 'extract_knowledge'[0m [[0m[1m[34mpdf_pipeline.services.provider_chain[0m][0m [36merrors[0m=[35m["ClaudeCodeProvider: ClaudeCodeProvider.extract_knowledge failed: module 'claude_agent_sdk' has no attribute 'extract_knowledge'"][0m [36mmodule[0m=[35mprovider_chain[0m [36moperation[0m=[35mextract_knowledge[0m [36mprovider_count[0m=[35m1[0m
[[31m[1merror    [0m] [1mAll providers failed for operation 'extract_knowledge'. Errors: ClaudeCodeProvider: ClaudeCodeProvider.extract_knowledge failed: module 'claude_agent_sdk' has no attribute 'extract_knowledge'[0m [[0m[1m[34mpdf_pipeline.services.provider_chain[0m][0m [36merrors[0m=[35m["ClaudeCodeProvider: ClaudeCodeProvider.extract_knowledge failed: module 'claude_agent_sdk' has no attribute 'extract_knowledge'"][0m [36mmodule[0m=[35mprovider_chain[0m [36moperation[0m=[35mextract_knowledge[0m [36mprovider_count[0m=[35m1[0m
[[31m[1merror    [0m] [1mAll providers failed for operation 'extract_knowledge'. Errors: ClaudeCodeProvider: ClaudeCodeProvider.extract_knowledge failed: module 'claude_agent_sdk' has no attribute 'extract_knowledge'[0m [[0m[1m[34mpdf_pipeline.services.provider_chain[0m][0m [36merrors[0m=[35m["ClaudeCodeProvider: ClaudeCodeProvider.extract_knowledge failed: module 'claude_agent_sdk' has no attribute 'extract_knowledge'"][0m [36mmodule[0m=[35mprovider_chain[0m [36moperation[0m=[35mextract_knowledge[0m [36mprovider_count[0m=[35m1[0m
[[31m[1merror    [0m] [1mAll providers failed for operation 'extract_knowledge'. Errors: ClaudeCodeProvider: ClaudeCodeProvider.extract_knowledge failed: module 'claude_agent_sdk' has no attribute 'extract_knowledge'[0m [[0m[1m[34mpdf_pipeline.services.provider_chain[0m][0m [36merrors[0m=[35m["ClaudeCodeProvider: ClaudeCodeProvider.extract_knowledge failed: module 'claude_agent_sdk' has no attribute 'extract_knowledge'"][0m [36mmodule[0m=[35mprovider_chain[0m [36moperation[0m=[35mextract_knowledge[0m [36mprovider_count[0m=[35m1[0m
entities=0 facts=0 claims=0 datapoints=0
[2026-03-31 22:42:19]   Phase 2: 完了
[2026-03-31 22:42:19]   Phase 3: emit_research_queue 開始
Queue file: .tmp/graph-queue/pdf-extraction/gq-20260331134219-e333c101.json
[2026-03-31 22:42:19]   Phase 3: 完了 → .tmp/graph-queue/pdf-extraction/gq-20260331134219-e333c101.json
[2026-03-31 22:42:19]   Phase 4a: entity_linker 開始
Warning: You are sending unauthenticated requests to the HF Hub. Please set a HF_TOKEN to enable higher rate limits and faster downloads.
[[33m[1mwarning  [0m] [1mWarning: You are sending unauthenticated requests to the HF Hub. Please set a HF_TOKEN to enable higher rate limits and faster downloads.[0m [[0m[1m[34mhuggingface_hub.utils._http[0m][0m
Loading weights:   0%|          | 0/391 [00:00<?, ?it/s]Loading weights: 100%|██████████| 391/391 [00:00<00:00, 24642.72it/s]
[1mXLMRobertaModel LOAD REPORT[0m from: intfloat/multilingual-e5-large
Key                     | Status     |  | 
------------------------+------------+--+-
embeddings.position_ids | UNEXPECTED |  | 

[3mNotes:
- UNEXPECTED[3m	:can be ignored when loading from different task/architecture; not ok if you expect identical arch.[0m
[2026-03-31 22:42:27]   Phase 4a: 完了
[2026-03-31 22:42:27]   Phase 4b: neo4j_loader 開始
[2026-03-31 22:42:28]   Phase 4b: 完了
[2026-03-31 22:42:28] --- [27/31] Nomura ISAT@IJ Quick Note - Indosat (ISAT IJ) (Buy) - FY25 r...
[2026-03-31 22:42:28]   Phase 2: extract_knowledge 開始
[[31m[1merror    [0m] [1mClaudeCodeProvider.extract_knowledge failed: module 'claude_agent_sdk' has no attribute 'extract_knowledge'[0m [[0m[1m[34mpdf_pipeline.services.claude_provider[0m][0m [36merror[0m=[35m"module 'claude_agent_sdk' has no attribute 'extract_knowledge'"[0m [36mmodule[0m=[35mclaude_provider[0m [36mprovider[0m=[35mClaudeCodeProvider[0m
[[31m[1merror    [0m] [1mClaudeCodeProvider.extract_knowledge failed: module 'claude_agent_sdk' has no attribute 'extract_knowledge'[0m [[0m[1m[34mpdf_pipeline.services.claude_provider[0m][0m [36merror[0m=[35m"module 'claude_agent_sdk' has no attribute 'extract_knowledge'"[0m [36mmodule[0m=[35mclaude_provider[0m [36mprovider[0m=[35mClaudeCodeProvider[0m
[[31m[1merror    [0m] [1mClaudeCodeProvider.extract_knowledge failed: module 'claude_agent_sdk' has no attribute 'extract_knowledge'[0m [[0m[1m[34mpdf_pipeline.services.claude_provider[0m][0m [36merror[0m=[35m"module 'claude_agent_sdk' has no attribute 'extract_knowledge'"[0m [36mmodule[0m=[35mclaude_provider[0m [36mprovider[0m=[35mClaudeCodeProvider[0m
[[31m[1merror    [0m] [1mAll providers failed for operation 'extract_knowledge'. Errors: ClaudeCodeProvider: ClaudeCodeProvider.extract_knowledge failed: module 'claude_agent_sdk' has no attribute 'extract_knowledge'[0m [[0m[1m[34mpdf_pipeline.services.provider_chain[0m][0m [36merrors[0m=[35m["ClaudeCodeProvider: ClaudeCodeProvider.extract_knowledge failed: module 'claude_agent_sdk' has no attribute 'extract_knowledge'"][0m [36mmodule[0m=[35mprovider_chain[0m [36moperation[0m=[35mextract_knowledge[0m [36mprovider_count[0m=[35m1[0m
[[31m[1merror    [0m] [1mClaudeCodeProvider.extract_knowledge failed: module 'claude_agent_sdk' has no attribute 'extract_knowledge'[0m [[0m[1m[34mpdf_pipeline.services.claude_provider[0m][0m [36merror[0m=[35m"module 'claude_agent_sdk' has no attribute 'extract_knowledge'"[0m [36mmodule[0m=[35mclaude_provider[0m [36mprovider[0m=[35mClaudeCodeProvider[0m
[[31m[1merror    [0m] [1mClaudeCodeProvider.extract_knowledge failed: module 'claude_agent_sdk' has no attribute 'extract_knowledge'[0m [[0m[1m[34mpdf_pipeline.services.claude_provider[0m][0m [36merror[0m=[35m"module 'claude_agent_sdk' has no attribute 'extract_knowledge'"[0m [36mmodule[0m=[35mclaude_provider[0m [36mprovider[0m=[35mClaudeCodeProvider[0m
[[31m[1merror    [0m] [1mAll providers failed for operation 'extract_knowledge'. Errors: ClaudeCodeProvider: ClaudeCodeProvider.extract_knowledge failed: module 'claude_agent_sdk' has no attribute 'extract_knowledge'[0m [[0m[1m[34mpdf_pipeline.services.provider_chain[0m][0m [36merrors[0m=[35m["ClaudeCodeProvider: ClaudeCodeProvider.extract_knowledge failed: module 'claude_agent_sdk' has no attribute 'extract_knowledge'"][0m [36mmodule[0m=[35mprovider_chain[0m [36moperation[0m=[35mextract_knowledge[0m [36mprovider_count[0m=[35m1[0m
[[31m[1merror    [0m] [1mAll providers failed for operation 'extract_knowledge'. Errors: ClaudeCodeProvider: ClaudeCodeProvider.extract_knowledge failed: module 'claude_agent_sdk' has no attribute 'extract_knowledge'[0m [[0m[1m[34mpdf_pipeline.services.provider_chain[0m][0m [36merrors[0m=[35m["ClaudeCodeProvider: ClaudeCodeProvider.extract_knowledge failed: module 'claude_agent_sdk' has no attribute 'extract_knowledge'"][0m [36mmodule[0m=[35mprovider_chain[0m [36moperation[0m=[35mextract_knowledge[0m [36mprovider_count[0m=[35m1[0m
[[31m[1merror    [0m] [1mClaudeCodeProvider.extract_knowledge failed: module 'claude_agent_sdk' has no attribute 'extract_knowledge'[0m [[0m[1m[34mpdf_pipeline.services.claude_provider[0m][0m [36merror[0m=[35m"module 'claude_agent_sdk' has no attribute 'extract_knowledge'"[0m [36mmodule[0m=[35mclaude_provider[0m [36mprovider[0m=[35mClaudeCodeProvider[0m
[[31m[1merror    [0m] [1mAll providers failed for operation 'extract_knowledge'. Errors: ClaudeCodeProvider: ClaudeCodeProvider.extract_knowledge failed: module 'claude_agent_sdk' has no attribute 'extract_knowledge'[0m [[0m[1m[34mpdf_pipeline.services.provider_chain[0m][0m [36merrors[0m=[35m["ClaudeCodeProvider: ClaudeCodeProvider.extract_knowledge failed: module 'claude_agent_sdk' has no attribute 'extract_knowledge'"][0m [36mmodule[0m=[35mprovider_chain[0m [36moperation[0m=[35mextract_knowledge[0m [36mprovider_count[0m=[35m1[0m
[[31m[1merror    [0m] [1mAll providers failed for operation 'extract_knowledge'. Errors: ClaudeCodeProvider: ClaudeCodeProvider.extract_knowledge failed: module 'claude_agent_sdk' has no attribute 'extract_knowledge'[0m [[0m[1m[34mpdf_pipeline.services.provider_chain[0m][0m [36merrors[0m=[35m["ClaudeCodeProvider: ClaudeCodeProvider.extract_knowledge failed: module 'claude_agent_sdk' has no attribute 'extract_knowledge'"][0m [36mmodule[0m=[35mprovider_chain[0m [36moperation[0m=[35mextract_knowledge[0m [36mprovider_count[0m=[35m1[0m
[[31m[1merror    [0m] [1mClaudeCodeProvider.extract_knowledge failed: module 'claude_agent_sdk' has no attribute 'extract_knowledge'[0m [[0m[1m[34mpdf_pipeline.services.claude_provider[0m][0m [36merror[0m=[35m"module 'claude_agent_sdk' has no attribute 'extract_knowledge'"[0m [36mmodule[0m=[35mclaude_provider[0m [36mprovider[0m=[35mClaudeCodeProvider[0m
[[31m[1merror    [0m] [1mClaudeCodeProvider.extract_knowledge failed: module 'claude_agent_sdk' has no attribute 'extract_knowledge'[0m [[0m[1m[34mpdf_pipeline.services.claude_provider[0m][0m [36merror[0m=[35m"module 'claude_agent_sdk' has no attribute 'extract_knowledge'"[0m [36mmodule[0m=[35mclaude_provider[0m [36mprovider[0m=[35mClaudeCodeProvider[0m
[[31m[1merror    [0m] [1mAll providers failed for operation 'extract_knowledge'. Errors: ClaudeCodeProvider: ClaudeCodeProvider.extract_knowledge failed: module 'claude_agent_sdk' has no attribute 'extract_knowledge'[0m [[0m[1m[34mpdf_pipeline.services.provider_chain[0m][0m [36merrors[0m=[35m["ClaudeCodeProvider: ClaudeCodeProvider.extract_knowledge failed: module 'claude_agent_sdk' has no attribute 'extract_knowledge'"][0m [36mmodule[0m=[35mprovider_chain[0m [36moperation[0m=[35mextract_knowledge[0m [36mprovider_count[0m=[35m1[0m
[[31m[1merror    [0m] [1mClaudeCodeProvider.extract_knowledge failed: module 'claude_agent_sdk' has no attribute 'extract_knowledge'[0m [[0m[1m[34mpdf_pipeline.services.claude_provider[0m][0m [36merror[0m=[35m"module 'claude_agent_sdk' has no attribute 'extract_knowledge'"[0m [36mmodule[0m=[35mclaude_provider[0m [36mprovider[0m=[35mClaudeCodeProvider[0m
[[31m[1merror    [0m] [1mAll providers failed for operation 'extract_knowledge'. Errors: ClaudeCodeProvider: ClaudeCodeProvider.extract_knowledge failed: module 'claude_agent_sdk' has no attribute 'extract_knowledge'[0m [[0m[1m[34mpdf_pipeline.services.provider_chain[0m][0m [36merrors[0m=[35m["ClaudeCodeProvider: ClaudeCodeProvider.extract_knowledge failed: module 'claude_agent_sdk' has no attribute 'extract_knowledge'"][0m [36mmodule[0m=[35mprovider_chain[0m [36moperation[0m=[35mextract_knowledge[0m [36mprovider_count[0m=[35m1[0m
[[31m[1merror    [0m] [1mAll providers failed for operation 'extract_knowledge'. Errors: ClaudeCodeProvider: ClaudeCodeProvider.extract_knowledge failed: module 'claude_agent_sdk' has no attribute 'extract_knowledge'[0m [[0m[1m[34mpdf_pipeline.services.provider_chain[0m][0m [36merrors[0m=[35m["ClaudeCodeProvider: ClaudeCodeProvider.extract_knowledge failed: module 'claude_agent_sdk' has no attribute 'extract_knowledge'"][0m [36mmodule[0m=[35mprovider_chain[0m [36moperation[0m=[35mextract_knowledge[0m [36mprovider_count[0m=[35m1[0m
[[31m[1merror    [0m] [1mAll providers failed for operation 'extract_knowledge'. Errors: ClaudeCodeProvider: ClaudeCodeProvider.extract_knowledge failed: module 'claude_agent_sdk' has no attribute 'extract_knowledge'[0m [[0m[1m[34mpdf_pipeline.services.provider_chain[0m][0m [36merrors[0m=[35m["ClaudeCodeProvider: ClaudeCodeProvider.extract_knowledge failed: module 'claude_agent_sdk' has no attribute 'extract_knowledge'"][0m [36mmodule[0m=[35mprovider_chain[0m [36moperation[0m=[35mextract_knowledge[0m [36mprovider_count[0m=[35m1[0m
entities=0 facts=0 claims=0 datapoints=0
[2026-03-31 22:42:28]   Phase 2: 完了
[2026-03-31 22:42:28]   Phase 3: emit_research_queue 開始
Queue file: .tmp/graph-queue/pdf-extraction/gq-20260331134228-ef69b163.json
[2026-03-31 22:42:28]   Phase 3: 完了 → .tmp/graph-queue/pdf-extraction/gq-20260331134228-ef69b163.json
[2026-03-31 22:42:28]   Phase 4a: entity_linker 開始
Warning: You are sending unauthenticated requests to the HF Hub. Please set a HF_TOKEN to enable higher rate limits and faster downloads.
[[33m[1mwarning  [0m] [1mWarning: You are sending unauthenticated requests to the HF Hub. Please set a HF_TOKEN to enable higher rate limits and faster downloads.[0m [[0m[1m[34mhuggingface_hub.utils._http[0m][0m
Loading weights:   0%|          | 0/391 [00:00<?, ?it/s]Loading weights: 100%|██████████| 391/391 [00:00<00:00, 25518.91it/s]
[1mXLMRobertaModel LOAD REPORT[0m from: intfloat/multilingual-e5-large
Key                     | Status     |  | 
------------------------+------------+--+-
embeddings.position_ids | UNEXPECTED |  | 

[3mNotes:
- UNEXPECTED[3m	:can be ignored when loading from different task/architecture; not ok if you expect identical arch.[0m
[2026-03-31 22:42:38]   Phase 4a: 完了
[2026-03-31 22:42:38]   Phase 4b: neo4j_loader 開始
[2026-03-31 22:42:38]   Phase 4b: 完了
[2026-03-31 22:42:38] --- [28/31] UBS ISAT@IJ First Read Indosat FibreCo JV set; pivot likely ...
[2026-03-31 22:42:38]   Phase 2: extract_knowledge 開始
[[31m[1merror    [0m] [1mClaudeCodeProvider.extract_knowledge failed: module 'claude_agent_sdk' has no attribute 'extract_knowledge'[0m [[0m[1m[34mpdf_pipeline.services.claude_provider[0m][0m [36merror[0m=[35m"module 'claude_agent_sdk' has no attribute 'extract_knowledge'"[0m [36mmodule[0m=[35mclaude_provider[0m [36mprovider[0m=[35mClaudeCodeProvider[0m
[[31m[1merror    [0m] [1mClaudeCodeProvider.extract_knowledge failed: module 'claude_agent_sdk' has no attribute 'extract_knowledge'[0m [[0m[1m[34mpdf_pipeline.services.claude_provider[0m][0m [36merror[0m=[35m"module 'claude_agent_sdk' has no attribute 'extract_knowledge'"[0m [36mmodule[0m=[35mclaude_provider[0m [36mprovider[0m=[35mClaudeCodeProvider[0m
[[31m[1merror    [0m] [1mClaudeCodeProvider.extract_knowledge failed: module 'claude_agent_sdk' has no attribute 'extract_knowledge'[0m [[0m[1m[34mpdf_pipeline.services.claude_provider[0m][0m [36merror[0m=[35m"module 'claude_agent_sdk' has no attribute 'extract_knowledge'"[0m [36mmodule[0m=[35mclaude_provider[0m [36mprovider[0m=[35mClaudeCodeProvider[0m
[[31m[1merror    [0m] [1mAll providers failed for operation 'extract_knowledge'. Errors: ClaudeCodeProvider: ClaudeCodeProvider.extract_knowledge failed: module 'claude_agent_sdk' has no attribute 'extract_knowledge'[0m [[0m[1m[34mpdf_pipeline.services.provider_chain[0m][0m [36merrors[0m=[35m["ClaudeCodeProvider: ClaudeCodeProvider.extract_knowledge failed: module 'claude_agent_sdk' has no attribute 'extract_knowledge'"][0m [36mmodule[0m=[35mprovider_chain[0m [36moperation[0m=[35mextract_knowledge[0m [36mprovider_count[0m=[35m1[0m
[[31m[1merror    [0m] [1mClaudeCodeProvider.extract_knowledge failed: module 'claude_agent_sdk' has no attribute 'extract_knowledge'[0m [[0m[1m[34mpdf_pipeline.services.claude_provider[0m][0m [36merror[0m=[35m"module 'claude_agent_sdk' has no attribute 'extract_knowledge'"[0m [36mmodule[0m=[35mclaude_provider[0m [36mprovider[0m=[35mClaudeCodeProvider[0m
[[31m[1merror    [0m] [1mClaudeCodeProvider.extract_knowledge failed: module 'claude_agent_sdk' has no attribute 'extract_knowledge'[0m [[0m[1m[34mpdf_pipeline.services.claude_provider[0m][0m [36merror[0m=[35m"module 'claude_agent_sdk' has no attribute 'extract_knowledge'"[0m [36mmodule[0m=[35mclaude_provider[0m [36mprovider[0m=[35mClaudeCodeProvider[0m
[[31m[1merror    [0m] [1mAll providers failed for operation 'extract_knowledge'. Errors: ClaudeCodeProvider: ClaudeCodeProvider.extract_knowledge failed: module 'claude_agent_sdk' has no attribute 'extract_knowledge'[0m [[0m[1m[34mpdf_pipeline.services.provider_chain[0m][0m [36merrors[0m=[35m["ClaudeCodeProvider: ClaudeCodeProvider.extract_knowledge failed: module 'claude_agent_sdk' has no attribute 'extract_knowledge'"][0m [36mmodule[0m=[35mprovider_chain[0m [36moperation[0m=[35mextract_knowledge[0m [36mprovider_count[0m=[35m1[0m
[[31m[1merror    [0m] [1mAll providers failed for operation 'extract_knowledge'. Errors: ClaudeCodeProvider: ClaudeCodeProvider.extract_knowledge failed: module 'claude_agent_sdk' has no attribute 'extract_knowledge'[0m [[0m[1m[34mpdf_pipeline.services.provider_chain[0m][0m [36merrors[0m=[35m["ClaudeCodeProvider: ClaudeCodeProvider.extract_knowledge failed: module 'claude_agent_sdk' has no attribute 'extract_knowledge'"][0m [36mmodule[0m=[35mprovider_chain[0m [36moperation[0m=[35mextract_knowledge[0m [36mprovider_count[0m=[35m1[0m
[[31m[1merror    [0m] [1mClaudeCodeProvider.extract_knowledge failed: module 'claude_agent_sdk' has no attribute 'extract_knowledge'[0m [[0m[1m[34mpdf_pipeline.services.claude_provider[0m][0m [36merror[0m=[35m"module 'claude_agent_sdk' has no attribute 'extract_knowledge'"[0m [36mmodule[0m=[35mclaude_provider[0m [36mprovider[0m=[35mClaudeCodeProvider[0m
[[31m[1merror    [0m] [1mAll providers failed for operation 'extract_knowledge'. Errors: ClaudeCodeProvider: ClaudeCodeProvider.extract_knowledge failed: module 'claude_agent_sdk' has no attribute 'extract_knowledge'[0m [[0m[1m[34mpdf_pipeline.services.provider_chain[0m][0m [36merrors[0m=[35m["ClaudeCodeProvider: ClaudeCodeProvider.extract_knowledge failed: module 'claude_agent_sdk' has no attribute 'extract_knowledge'"][0m [36mmodule[0m=[35mprovider_chain[0m [36moperation[0m=[35mextract_knowledge[0m [36mprovider_count[0m=[35m1[0m
[[31m[1merror    [0m] [1mAll providers failed for operation 'extract_knowledge'. Errors: ClaudeCodeProvider: ClaudeCodeProvider.extract_knowledge failed: module 'claude_agent_sdk' has no attribute 'extract_knowledge'[0m [[0m[1m[34mpdf_pipeline.services.provider_chain[0m][0m [36merrors[0m=[35m["ClaudeCodeProvider: ClaudeCodeProvider.extract_knowledge failed: module 'claude_agent_sdk' has no attribute 'extract_knowledge'"][0m [36mmodule[0m=[35mprovider_chain[0m [36moperation[0m=[35mextract_knowledge[0m [36mprovider_count[0m=[35m1[0m
[[31m[1merror    [0m] [1mClaudeCodeProvider.extract_knowledge failed: module 'claude_agent_sdk' has no attribute 'extract_knowledge'[0m [[0m[1m[34mpdf_pipeline.services.claude_provider[0m][0m [36merror[0m=[35m"module 'claude_agent_sdk' has no attribute 'extract_knowledge'"[0m [36mmodule[0m=[35mclaude_provider[0m [36mprovider[0m=[35mClaudeCodeProvider[0m
[[31m[1merror    [0m] [1mClaudeCodeProvider.extract_knowledge failed: module 'claude_agent_sdk' has no attribute 'extract_knowledge'[0m [[0m[1m[34mpdf_pipeline.services.claude_provider[0m][0m [36merror[0m=[35m"module 'claude_agent_sdk' has no attribute 'extract_knowledge'"[0m [36mmodule[0m=[35mclaude_provider[0m [36mprovider[0m=[35mClaudeCodeProvider[0m
[[31m[1merror    [0m] [1mAll providers failed for operation 'extract_knowledge'. Errors: ClaudeCodeProvider: ClaudeCodeProvider.extract_knowledge failed: module 'claude_agent_sdk' has no attribute 'extract_knowledge'[0m [[0m[1m[34mpdf_pipeline.services.provider_chain[0m][0m [36merrors[0m=[35m["ClaudeCodeProvider: ClaudeCodeProvider.extract_knowledge failed: module 'claude_agent_sdk' has no attribute 'extract_knowledge'"][0m [36mmodule[0m=[35mprovider_chain[0m [36moperation[0m=[35mextract_knowledge[0m [36mprovider_count[0m=[35m1[0m
[[31m[1merror    [0m] [1mClaudeCodeProvider.extract_knowledge failed: module 'claude_agent_sdk' has no attribute 'extract_knowledge'[0m [[0m[1m[34mpdf_pipeline.services.claude_provider[0m][0m [36merror[0m=[35m"module 'claude_agent_sdk' has no attribute 'extract_knowledge'"[0m [36mmodule[0m=[35mclaude_provider[0m [36mprovider[0m=[35mClaudeCodeProvider[0m
[[31m[1merror    [0m] [1mClaudeCodeProvider.extract_knowledge failed: module 'claude_agent_sdk' has no attribute 'extract_knowledge'[0m [[0m[1m[34mpdf_pipeline.services.claude_provider[0m][0m [36merror[0m=[35m"module 'claude_agent_sdk' has no attribute 'extract_knowledge'"[0m [36mmodule[0m=[35mclaude_provider[0m [36mprovider[0m=[35mClaudeCodeProvider[0m
[[31m[1merror    [0m] [1mAll providers failed for operation 'extract_knowledge'. Errors: ClaudeCodeProvider: ClaudeCodeProvider.extract_knowledge failed: module 'claude_agent_sdk' has no attribute 'extract_knowledge'[0m [[0m[1m[34mpdf_pipeline.services.provider_chain[0m][0m [36merrors[0m=[35m["ClaudeCodeProvider: ClaudeCodeProvider.extract_knowledge failed: module 'claude_agent_sdk' has no attribute 'extract_knowledge'"][0m [36mmodule[0m=[35mprovider_chain[0m [36moperation[0m=[35mextract_knowledge[0m [36mprovider_count[0m=[35m1[0m
[[31m[1merror    [0m] [1mAll providers failed for operation 'extract_knowledge'. Errors: ClaudeCodeProvider: ClaudeCodeProvider.extract_knowledge failed: module 'claude_agent_sdk' has no attribute 'extract_knowledge'[0m [[0m[1m[34mpdf_pipeline.services.provider_chain[0m][0m [36merrors[0m=[35m["ClaudeCodeProvider: ClaudeCodeProvider.extract_knowledge failed: module 'claude_agent_sdk' has no attribute 'extract_knowledge'"][0m [36mmodule[0m=[35mprovider_chain[0m [36moperation[0m=[35mextract_knowledge[0m [36mprovider_count[0m=[35m1[0m
[[31m[1merror    [0m] [1mClaudeCodeProvider.extract_knowledge failed: module 'claude_agent_sdk' has no attribute 'extract_knowledge'[0m [[0m[1m[34mpdf_pipeline.services.claude_provider[0m][0m [36merror[0m=[35m"module 'claude_agent_sdk' has no attribute 'extract_knowledge'"[0m [36mmodule[0m=[35mclaude_provider[0m [36mprovider[0m=[35mClaudeCodeProvider[0m
[[31m[1merror    [0m] [1mAll providers failed for operation 'extract_knowledge'. Errors: ClaudeCodeProvider: ClaudeCodeProvider.extract_knowledge failed: module 'claude_agent_sdk' has no attribute 'extract_knowledge'[0m [[0m[1m[34mpdf_pipeline.services.provider_chain[0m][0m [36merrors[0m=[35m["ClaudeCodeProvider: ClaudeCodeProvider.extract_knowledge failed: module 'claude_agent_sdk' has no attribute 'extract_knowledge'"][0m [36mmodule[0m=[35mprovider_chain[0m [36moperation[0m=[35mextract_knowledge[0m [36mprovider_count[0m=[35m1[0m
[[31m[1merror    [0m] [1mAll providers failed for operation 'extract_knowledge'. Errors: ClaudeCodeProvider: ClaudeCodeProvider.extract_knowledge failed: module 'claude_agent_sdk' has no attribute 'extract_knowledge'[0m [[0m[1m[34mpdf_pipeline.services.provider_chain[0m][0m [36merrors[0m=[35m["ClaudeCodeProvider: ClaudeCodeProvider.extract_knowledge failed: module 'claude_agent_sdk' has no attribute 'extract_knowledge'"][0m [36mmodule[0m=[35mprovider_chain[0m [36moperation[0m=[35mextract_knowledge[0m [36mprovider_count[0m=[35m1[0m
[[31m[1merror    [0m] [1mClaudeCodeProvider.extract_knowledge failed: module 'claude_agent_sdk' has no attribute 'extract_knowledge'[0m [[0m[1m[34mpdf_pipeline.services.claude_provider[0m][0m [36merror[0m=[35m"module 'claude_agent_sdk' has no attribute 'extract_knowledge'"[0m [36mmodule[0m=[35mclaude_provider[0m [36mprovider[0m=[35mClaudeCodeProvider[0m
[[31m[1merror    [0m] [1mClaudeCodeProvider.extract_knowledge failed: module 'claude_agent_sdk' has no attribute 'extract_knowledge'[0m [[0m[1m[34mpdf_pipeline.services.claude_provider[0m][0m [36merror[0m=[35m"module 'claude_agent_sdk' has no attribute 'extract_knowledge'"[0m [36mmodule[0m=[35mclaude_provider[0m [36mprovider[0m=[35mClaudeCodeProvider[0m
[[31m[1merror    [0m] [1mAll providers failed for operation 'extract_knowledge'. Errors: ClaudeCodeProvider: ClaudeCodeProvider.extract_knowledge failed: module 'claude_agent_sdk' has no attribute 'extract_knowledge'[0m [[0m[1m[34mpdf_pipeline.services.provider_chain[0m][0m [36merrors[0m=[35m["ClaudeCodeProvider: ClaudeCodeProvider.extract_knowledge failed: module 'claude_agent_sdk' has no attribute 'extract_knowledge'"][0m [36mmodule[0m=[35mprovider_chain[0m [36moperation[0m=[35mextract_knowledge[0m [36mprovider_count[0m=[35m1[0m
[[31m[1merror    [0m] [1mAll providers failed for operation 'extract_knowledge'. Errors: ClaudeCodeProvider: ClaudeCodeProvider.extract_knowledge failed: module 'claude_agent_sdk' has no attribute 'extract_knowledge'[0m [[0m[1m[34mpdf_pipeline.services.provider_chain[0m][0m [36merrors[0m=[35m["ClaudeCodeProvider: ClaudeCodeProvider.extract_knowledge failed: module 'claude_agent_sdk' has no attribute 'extract_knowledge'"][0m [36mmodule[0m=[35mprovider_chain[0m [36moperation[0m=[35mextract_knowledge[0m [36mprovider_count[0m=[35m1[0m
[[31m[1merror    [0m] [1mAll providers failed for operation 'extract_knowledge'. Errors: ClaudeCodeProvider: ClaudeCodeProvider.extract_knowledge failed: module 'claude_agent_sdk' has no attribute 'extract_knowledge'[0m [[0m[1m[34mpdf_pipeline.services.provider_chain[0m][0m [36merrors[0m=[35m["ClaudeCodeProvider: ClaudeCodeProvider.extract_knowledge failed: module 'claude_agent_sdk' has no attribute 'extract_knowledge'"][0m [36mmodule[0m=[35mprovider_chain[0m [36moperation[0m=[35mextract_knowledge[0m [36mprovider_count[0m=[35m1[0m
entities=0 facts=0 claims=0 datapoints=0
[2026-03-31 22:42:39]   Phase 2: 完了
[2026-03-31 22:42:39]   Phase 3: emit_research_queue 開始
Queue file: .tmp/graph-queue/pdf-extraction/gq-20260331134239-54038e06.json
[2026-03-31 22:42:39]   Phase 3: 完了 → .tmp/graph-queue/pdf-extraction/gq-20260331134239-54038e06.json
[2026-03-31 22:42:39]   Phase 4a: entity_linker 開始
Warning: You are sending unauthenticated requests to the HF Hub. Please set a HF_TOKEN to enable higher rate limits and faster downloads.
[[33m[1mwarning  [0m] [1mWarning: You are sending unauthenticated requests to the HF Hub. Please set a HF_TOKEN to enable higher rate limits and faster downloads.[0m [[0m[1m[34mhuggingface_hub.utils._http[0m][0m
Loading weights:   0%|          | 0/391 [00:00<?, ?it/s]Loading weights: 100%|██████████| 391/391 [00:00<00:00, 24275.04it/s]
[1mXLMRobertaModel LOAD REPORT[0m from: intfloat/multilingual-e5-large
Key                     | Status     |  | 
------------------------+------------+--+-
embeddings.position_ids | UNEXPECTED |  | 

[3mNotes:
- UNEXPECTED[3m	:can be ignored when loading from different task/architecture; not ok if you expect identical arch.[0m
[2026-03-31 22:42:48]   Phase 4a: 完了
[2026-03-31 22:42:48]   Phase 4b: neo4j_loader 開始
[2026-03-31 22:42:48]   Phase 4b: 完了
[2026-03-31 22:42:48] --- [29/31] UBS ISAT@IJ First Read Indosat Industry price repair sustain...
[2026-03-31 22:42:48]   Phase 2: extract_knowledge 開始
[[31m[1merror    [0m] [1mClaudeCodeProvider.extract_knowledge failed: module 'claude_agent_sdk' has no attribute 'extract_knowledge'[0m [[0m[1m[34mpdf_pipeline.services.claude_provider[0m][0m [36merror[0m=[35m"module 'claude_agent_sdk' has no attribute 'extract_knowledge'"[0m [36mmodule[0m=[35mclaude_provider[0m [36mprovider[0m=[35mClaudeCodeProvider[0m
[[31m[1merror    [0m] [1mClaudeCodeProvider.extract_knowledge failed: module 'claude_agent_sdk' has no attribute 'extract_knowledge'[0m [[0m[1m[34mpdf_pipeline.services.claude_provider[0m][0m [36merror[0m=[35m"module 'claude_agent_sdk' has no attribute 'extract_knowledge'"[0m [36mmodule[0m=[35mclaude_provider[0m [36mprovider[0m=[35mClaudeCodeProvider[0m
[[31m[1merror    [0m] [1mClaudeCodeProvider.extract_knowledge failed: module 'claude_agent_sdk' has no attribute 'extract_knowledge'[0m [[0m[1m[34mpdf_pipeline.services.claude_provider[0m][0m [36merror[0m=[35m"module 'claude_agent_sdk' has no attribute 'extract_knowledge'"[0m [36mmodule[0m=[35mclaude_provider[0m [36mprovider[0m=[35mClaudeCodeProvider[0m
[[31m[1merror    [0m] [1mAll providers failed for operation 'extract_knowledge'. Errors: ClaudeCodeProvider: ClaudeCodeProvider.extract_knowledge failed: module 'claude_agent_sdk' has no attribute 'extract_knowledge'[0m [[0m[1m[34mpdf_pipeline.services.provider_chain[0m][0m [36merrors[0m=[35m["ClaudeCodeProvider: ClaudeCodeProvider.extract_knowledge failed: module 'claude_agent_sdk' has no attribute 'extract_knowledge'"][0m [36mmodule[0m=[35mprovider_chain[0m [36moperation[0m=[35mextract_knowledge[0m [36mprovider_count[0m=[35m1[0m
[[31m[1merror    [0m] [1mClaudeCodeProvider.extract_knowledge failed: module 'claude_agent_sdk' has no attribute 'extract_knowledge'[0m [[0m[1m[34mpdf_pipeline.services.claude_provider[0m][0m [36merror[0m=[35m"module 'claude_agent_sdk' has no attribute 'extract_knowledge'"[0m [36mmodule[0m=[35mclaude_provider[0m [36mprovider[0m=[35mClaudeCodeProvider[0m
[[31m[1merror    [0m] [1mClaudeCodeProvider.extract_knowledge failed: module 'claude_agent_sdk' has no attribute 'extract_knowledge'[0m [[0m[1m[34mpdf_pipeline.services.claude_provider[0m][0m [36merror[0m=[35m"module 'claude_agent_sdk' has no attribute 'extract_knowledge'"[0m [36mmodule[0m=[35mclaude_provider[0m [36mprovider[0m=[35mClaudeCodeProvider[0m
[[31m[1merror    [0m] [1mAll providers failed for operation 'extract_knowledge'. Errors: ClaudeCodeProvider: ClaudeCodeProvider.extract_knowledge failed: module 'claude_agent_sdk' has no attribute 'extract_knowledge'[0m [[0m[1m[34mpdf_pipeline.services.provider_chain[0m][0m [36merrors[0m=[35m["ClaudeCodeProvider: ClaudeCodeProvider.extract_knowledge failed: module 'claude_agent_sdk' has no attribute 'extract_knowledge'"][0m [36mmodule[0m=[35mprovider_chain[0m [36moperation[0m=[35mextract_knowledge[0m [36mprovider_count[0m=[35m1[0m
[[31m[1merror    [0m] [1mAll providers failed for operation 'extract_knowledge'. Errors: ClaudeCodeProvider: ClaudeCodeProvider.extract_knowledge failed: module 'claude_agent_sdk' has no attribute 'extract_knowledge'[0m [[0m[1m[34mpdf_pipeline.services.provider_chain[0m][0m [36merrors[0m=[35m["ClaudeCodeProvider: ClaudeCodeProvider.extract_knowledge failed: module 'claude_agent_sdk' has no attribute 'extract_knowledge'"][0m [36mmodule[0m=[35mprovider_chain[0m [36moperation[0m=[35mextract_knowledge[0m [36mprovider_count[0m=[35m1[0m
[[31m[1merror    [0m] [1mClaudeCodeProvider.extract_knowledge failed: module 'claude_agent_sdk' has no attribute 'extract_knowledge'[0m [[0m[1m[34mpdf_pipeline.services.claude_provider[0m][0m [36merror[0m=[35m"module 'claude_agent_sdk' has no attribute 'extract_knowledge'"[0m [36mmodule[0m=[35mclaude_provider[0m [36mprovider[0m=[35mClaudeCodeProvider[0m
[[31m[1merror    [0m] [1mAll providers failed for operation 'extract_knowledge'. Errors: ClaudeCodeProvider: ClaudeCodeProvider.extract_knowledge failed: module 'claude_agent_sdk' has no attribute 'extract_knowledge'[0m [[0m[1m[34mpdf_pipeline.services.provider_chain[0m][0m [36merrors[0m=[35m["ClaudeCodeProvider: ClaudeCodeProvider.extract_knowledge failed: module 'claude_agent_sdk' has no attribute 'extract_knowledge'"][0m [36mmodule[0m=[35mprovider_chain[0m [36moperation[0m=[35mextract_knowledge[0m [36mprovider_count[0m=[35m1[0m
[[31m[1merror    [0m] [1mAll providers failed for operation 'extract_knowledge'. Errors: ClaudeCodeProvider: ClaudeCodeProvider.extract_knowledge failed: module 'claude_agent_sdk' has no attribute 'extract_knowledge'[0m [[0m[1m[34mpdf_pipeline.services.provider_chain[0m][0m [36merrors[0m=[35m["ClaudeCodeProvider: ClaudeCodeProvider.extract_knowledge failed: module 'claude_agent_sdk' has no attribute 'extract_knowledge'"][0m [36mmodule[0m=[35mprovider_chain[0m [36moperation[0m=[35mextract_knowledge[0m [36mprovider_count[0m=[35m1[0m
[[31m[1merror    [0m] [1mClaudeCodeProvider.extract_knowledge failed: module 'claude_agent_sdk' has no attribute 'extract_knowledge'[0m [[0m[1m[34mpdf_pipeline.services.claude_provider[0m][0m [36merror[0m=[35m"module 'claude_agent_sdk' has no attribute 'extract_knowledge'"[0m [36mmodule[0m=[35mclaude_provider[0m [36mprovider[0m=[35mClaudeCodeProvider[0m
[[31m[1merror    [0m] [1mClaudeCodeProvider.extract_knowledge failed: module 'claude_agent_sdk' has no attribute 'extract_knowledge'[0m [[0m[1m[34mpdf_pipeline.services.claude_provider[0m][0m [36merror[0m=[35m"module 'claude_agent_sdk' has no attribute 'extract_knowledge'"[0m [36mmodule[0m=[35mclaude_provider[0m [36mprovider[0m=[35mClaudeCodeProvider[0m
[[31m[1merror    [0m] [1mAll providers failed for operation 'extract_knowledge'. Errors: ClaudeCodeProvider: ClaudeCodeProvider.extract_knowledge failed: module 'claude_agent_sdk' has no attribute 'extract_knowledge'[0m [[0m[1m[34mpdf_pipeline.services.provider_chain[0m][0m [36merrors[0m=[35m["ClaudeCodeProvider: ClaudeCodeProvider.extract_knowledge failed: module 'claude_agent_sdk' has no attribute 'extract_knowledge'"][0m [36mmodule[0m=[35mprovider_chain[0m [36moperation[0m=[35mextract_knowledge[0m [36mprovider_count[0m=[35m1[0m
[[31m[1merror    [0m] [1mClaudeCodeProvider.extract_knowledge failed: module 'claude_agent_sdk' has no attribute 'extract_knowledge'[0m [[0m[1m[34mpdf_pipeline.services.claude_provider[0m][0m [36merror[0m=[35m"module 'claude_agent_sdk' has no attribute 'extract_knowledge'"[0m [36mmodule[0m=[35mclaude_provider[0m [36mprovider[0m=[35mClaudeCodeProvider[0m
[[31m[1merror    [0m] [1mClaudeCodeProvider.extract_knowledge failed: module 'claude_agent_sdk' has no attribute 'extract_knowledge'[0m [[0m[1m[34mpdf_pipeline.services.claude_provider[0m][0m [36merror[0m=[35m"module 'claude_agent_sdk' has no attribute 'extract_knowledge'"[0m [36mmodule[0m=[35mclaude_provider[0m [36mprovider[0m=[35mClaudeCodeProvider[0m
[[31m[1merror    [0m] [1mAll providers failed for operation 'extract_knowledge'. Errors: ClaudeCodeProvider: ClaudeCodeProvider.extract_knowledge failed: module 'claude_agent_sdk' has no attribute 'extract_knowledge'[0m [[0m[1m[34mpdf_pipeline.services.provider_chain[0m][0m [36merrors[0m=[35m["ClaudeCodeProvider: ClaudeCodeProvider.extract_knowledge failed: module 'claude_agent_sdk' has no attribute 'extract_knowledge'"][0m [36mmodule[0m=[35mprovider_chain[0m [36moperation[0m=[35mextract_knowledge[0m [36mprovider_count[0m=[35m1[0m
[[31m[1merror    [0m] [1mAll providers failed for operation 'extract_knowledge'. Errors: ClaudeCodeProvider: ClaudeCodeProvider.extract_knowledge failed: module 'claude_agent_sdk' has no attribute 'extract_knowledge'[0m [[0m[1m[34mpdf_pipeline.services.provider_chain[0m][0m [36merrors[0m=[35m["ClaudeCodeProvider: ClaudeCodeProvider.extract_knowledge failed: module 'claude_agent_sdk' has no attribute 'extract_knowledge'"][0m [36mmodule[0m=[35mprovider_chain[0m [36moperation[0m=[35mextract_knowledge[0m [36mprovider_count[0m=[35m1[0m
[[31m[1merror    [0m] [1mClaudeCodeProvider.extract_knowledge failed: module 'claude_agent_sdk' has no attribute 'extract_knowledge'[0m [[0m[1m[34mpdf_pipeline.services.claude_provider[0m][0m [36merror[0m=[35m"module 'claude_agent_sdk' has no attribute 'extract_knowledge'"[0m [36mmodule[0m=[35mclaude_provider[0m [36mprovider[0m=[35mClaudeCodeProvider[0m
[[31m[1merror    [0m] [1mAll providers failed for operation 'extract_knowledge'. Errors: ClaudeCodeProvider: ClaudeCodeProvider.extract_knowledge failed: module 'claude_agent_sdk' has no attribute 'extract_knowledge'[0m [[0m[1m[34mpdf_pipeline.services.provider_chain[0m][0m [36merrors[0m=[35m["ClaudeCodeProvider: ClaudeCodeProvider.extract_knowledge failed: module 'claude_agent_sdk' has no attribute 'extract_knowledge'"][0m [36mmodule[0m=[35mprovider_chain[0m [36moperation[0m=[35mextract_knowledge[0m [36mprovider_count[0m=[35m1[0m
[[31m[1merror    [0m] [1mAll providers failed for operation 'extract_knowledge'. Errors: ClaudeCodeProvider: ClaudeCodeProvider.extract_knowledge failed: module 'claude_agent_sdk' has no attribute 'extract_knowledge'[0m [[0m[1m[34mpdf_pipeline.services.provider_chain[0m][0m [36merrors[0m=[35m["ClaudeCodeProvider: ClaudeCodeProvider.extract_knowledge failed: module 'claude_agent_sdk' has no attribute 'extract_knowledge'"][0m [36mmodule[0m=[35mprovider_chain[0m [36moperation[0m=[35mextract_knowledge[0m [36mprovider_count[0m=[35m1[0m
[[31m[1merror    [0m] [1mClaudeCodeProvider.extract_knowledge failed: module 'claude_agent_sdk' has no attribute 'extract_knowledge'[0m [[0m[1m[34mpdf_pipeline.services.claude_provider[0m][0m [36merror[0m=[35m"module 'claude_agent_sdk' has no attribute 'extract_knowledge'"[0m [36mmodule[0m=[35mclaude_provider[0m [36mprovider[0m=[35mClaudeCodeProvider[0m
[[31m[1merror    [0m] [1mAll providers failed for operation 'extract_knowledge'. Errors: ClaudeCodeProvider: ClaudeCodeProvider.extract_knowledge failed: module 'claude_agent_sdk' has no attribute 'extract_knowledge'[0m [[0m[1m[34mpdf_pipeline.services.provider_chain[0m][0m [36merrors[0m=[35m["ClaudeCodeProvider: ClaudeCodeProvider.extract_knowledge failed: module 'claude_agent_sdk' has no attribute 'extract_knowledge'"][0m [36mmodule[0m=[35mprovider_chain[0m [36moperation[0m=[35mextract_knowledge[0m [36mprovider_count[0m=[35m1[0m
[[31m[1merror    [0m] [1mAll providers failed for operation 'extract_knowledge'. Errors: ClaudeCodeProvider: ClaudeCodeProvider.extract_knowledge failed: module 'claude_agent_sdk' has no attribute 'extract_knowledge'[0m [[0m[1m[34mpdf_pipeline.services.provider_chain[0m][0m [36merrors[0m=[35m["ClaudeCodeProvider: ClaudeCodeProvider.extract_knowledge failed: module 'claude_agent_sdk' has no attribute 'extract_knowledge'"][0m [36mmodule[0m=[35mprovider_chain[0m [36moperation[0m=[35mextract_knowledge[0m [36mprovider_count[0m=[35m1[0m
entities=0 facts=0 claims=0 datapoints=0
[2026-03-31 22:42:48]   Phase 2: 完了
[2026-03-31 22:42:48]   Phase 3: emit_research_queue 開始
Queue file: .tmp/graph-queue/pdf-extraction/gq-20260331134249-d00c9f71.json
[2026-03-31 22:42:49]   Phase 3: 完了 → .tmp/graph-queue/pdf-extraction/gq-20260331134249-d00c9f71.json
[2026-03-31 22:42:49]   Phase 4a: entity_linker 開始
Loading weights:   0%|          | 0/391 [00:00<?, ?it/s]Loading weights: 100%|██████████| 391/391 [00:00<00:00, 24680.92it/s]
[1mXLMRobertaModel LOAD REPORT[0m from: intfloat/multilingual-e5-large
Key                     | Status     |  | 
------------------------+------------+--+-
embeddings.position_ids | UNEXPECTED |  | 

[3mNotes:
- UNEXPECTED[3m	:can be ignored when loading from different task/architecture; not ok if you expect identical arch.[0m
Warning: You are sending unauthenticated requests to the HF Hub. Please set a HF_TOKEN to enable higher rate limits and faster downloads.
[[33m[1mwarning  [0m] [1mWarning: You are sending unauthenticated requests to the HF Hub. Please set a HF_TOKEN to enable higher rate limits and faster downloads.[0m [[0m[1m[34mhuggingface_hub.utils._http[0m][0m
[2026-03-31 22:42:57]   Phase 4a: 完了
[2026-03-31 22:42:57]   Phase 4b: neo4j_loader 開始
[2026-03-31 22:42:57]   Phase 4b: 完了
[2026-03-31 22:42:57] --- [30/31] UBS ISAT@IJ Indosat Assume at Buy; positioned for post-merge...
[2026-03-31 22:42:57]   Phase 2: extract_knowledge 開始
[[31m[1merror    [0m] [1mClaudeCodeProvider.extract_knowledge failed: module 'claude_agent_sdk' has no attribute 'extract_knowledge'[0m [[0m[1m[34mpdf_pipeline.services.claude_provider[0m][0m [36merror[0m=[35m"module 'claude_agent_sdk' has no attribute 'extract_knowledge'"[0m [36mmodule[0m=[35mclaude_provider[0m [36mprovider[0m=[35mClaudeCodeProvider[0m
[[31m[1merror    [0m] [1mClaudeCodeProvider.extract_knowledge failed: module 'claude_agent_sdk' has no attribute 'extract_knowledge'[0m [[0m[1m[34mpdf_pipeline.services.claude_provider[0m][0m [36merror[0m=[35m"module 'claude_agent_sdk' has no attribute 'extract_knowledge'"[0m [36mmodule[0m=[35mclaude_provider[0m [36mprovider[0m=[35mClaudeCodeProvider[0m
[[31m[1merror    [0m] [1mClaudeCodeProvider.extract_knowledge failed: module 'claude_agent_sdk' has no attribute 'extract_knowledge'[0m [[0m[1m[34mpdf_pipeline.services.claude_provider[0m][0m [36merror[0m=[35m"module 'claude_agent_sdk' has no attribute 'extract_knowledge'"[0m [36mmodule[0m=[35mclaude_provider[0m [36mprovider[0m=[35mClaudeCodeProvider[0m
[[31m[1merror    [0m] [1mAll providers failed for operation 'extract_knowledge'. Errors: ClaudeCodeProvider: ClaudeCodeProvider.extract_knowledge failed: module 'claude_agent_sdk' has no attribute 'extract_knowledge'[0m [[0m[1m[34mpdf_pipeline.services.provider_chain[0m][0m [36merrors[0m=[35m["ClaudeCodeProvider: ClaudeCodeProvider.extract_knowledge failed: module 'claude_agent_sdk' has no attribute 'extract_knowledge'"][0m [36mmodule[0m=[35mprovider_chain[0m [36moperation[0m=[35mextract_knowledge[0m [36mprovider_count[0m=[35m1[0m
[[31m[1merror    [0m] [1mClaudeCodeProvider.extract_knowledge failed: module 'claude_agent_sdk' has no attribute 'extract_knowledge'[0m [[0m[1m[34mpdf_pipeline.services.claude_provider[0m][0m [36merror[0m=[35m"module 'claude_agent_sdk' has no attribute 'extract_knowledge'"[0m [36mmodule[0m=[35mclaude_provider[0m [36mprovider[0m=[35mClaudeCodeProvider[0m
[[31m[1merror    [0m] [1mClaudeCodeProvider.extract_knowledge failed: module 'claude_agent_sdk' has no attribute 'extract_knowledge'[0m [[0m[1m[34mpdf_pipeline.services.claude_provider[0m][0m [36merror[0m=[35m"module 'claude_agent_sdk' has no attribute 'extract_knowledge'"[0m [36mmodule[0m=[35mclaude_provider[0m [36mprovider[0m=[35mClaudeCodeProvider[0m
[[31m[1merror    [0m] [1mAll providers failed for operation 'extract_knowledge'. Errors: ClaudeCodeProvider: ClaudeCodeProvider.extract_knowledge failed: module 'claude_agent_sdk' has no attribute 'extract_knowledge'[0m [[0m[1m[34mpdf_pipeline.services.provider_chain[0m][0m [36merrors[0m=[35m["ClaudeCodeProvider: ClaudeCodeProvider.extract_knowledge failed: module 'claude_agent_sdk' has no attribute 'extract_knowledge'"][0m [36mmodule[0m=[35mprovider_chain[0m [36moperation[0m=[35mextract_knowledge[0m [36mprovider_count[0m=[35m1[0m
[[31m[1merror    [0m] [1mAll providers failed for operation 'extract_knowledge'. Errors: ClaudeCodeProvider: ClaudeCodeProvider.extract_knowledge failed: module 'claude_agent_sdk' has no attribute 'extract_knowledge'[0m [[0m[1m[34mpdf_pipeline.services.provider_chain[0m][0m [36merrors[0m=[35m["ClaudeCodeProvider: ClaudeCodeProvider.extract_knowledge failed: module 'claude_agent_sdk' has no attribute 'extract_knowledge'"][0m [36mmodule[0m=[35mprovider_chain[0m [36moperation[0m=[35mextract_knowledge[0m [36mprovider_count[0m=[35m1[0m
[[31m[1merror    [0m] [1mClaudeCodeProvider.extract_knowledge failed: module 'claude_agent_sdk' has no attribute 'extract_knowledge'[0m [[0m[1m[34mpdf_pipeline.services.claude_provider[0m][0m [36merror[0m=[35m"module 'claude_agent_sdk' has no attribute 'extract_knowledge'"[0m [36mmodule[0m=[35mclaude_provider[0m [36mprovider[0m=[35mClaudeCodeProvider[0m
[[31m[1merror    [0m] [1mAll providers failed for operation 'extract_knowledge'. Errors: ClaudeCodeProvider: ClaudeCodeProvider.extract_knowledge failed: module 'claude_agent_sdk' has no attribute 'extract_knowledge'[0m [[0m[1m[34mpdf_pipeline.services.provider_chain[0m][0m [36merrors[0m=[35m["ClaudeCodeProvider: ClaudeCodeProvider.extract_knowledge failed: module 'claude_agent_sdk' has no attribute 'extract_knowledge'"][0m [36mmodule[0m=[35mprovider_chain[0m [36moperation[0m=[35mextract_knowledge[0m [36mprovider_count[0m=[35m1[0m
[[31m[1merror    [0m] [1mAll providers failed for operation 'extract_knowledge'. Errors: ClaudeCodeProvider: ClaudeCodeProvider.extract_knowledge failed: module 'claude_agent_sdk' has no attribute 'extract_knowledge'[0m [[0m[1m[34mpdf_pipeline.services.provider_chain[0m][0m [36merrors[0m=[35m["ClaudeCodeProvider: ClaudeCodeProvider.extract_knowledge failed: module 'claude_agent_sdk' has no attribute 'extract_knowledge'"][0m [36mmodule[0m=[35mprovider_chain[0m [36moperation[0m=[35mextract_knowledge[0m [36mprovider_count[0m=[35m1[0m
[[31m[1merror    [0m] [1mClaudeCodeProvider.extract_knowledge failed: module 'claude_agent_sdk' has no attribute 'extract_knowledge'[0m [[0m[1m[34mpdf_pipeline.services.claude_provider[0m][0m [36merror[0m=[35m"module 'claude_agent_sdk' has no attribute 'extract_knowledge'"[0m [36mmodule[0m=[35mclaude_provider[0m [36mprovider[0m=[35mClaudeCodeProvider[0m
[[31m[1merror    [0m] [1mClaudeCodeProvider.extract_knowledge failed: module 'claude_agent_sdk' has no attribute 'extract_knowledge'[0m [[0m[1m[34mpdf_pipeline.services.claude_provider[0m][0m [36merror[0m=[35m"module 'claude_agent_sdk' has no attribute 'extract_knowledge'"[0m [36mmodule[0m=[35mclaude_provider[0m [36mprovider[0m=[35mClaudeCodeProvider[0m
[[31m[1merror    [0m] [1mAll providers failed for operation 'extract_knowledge'. Errors: ClaudeCodeProvider: ClaudeCodeProvider.extract_knowledge failed: module 'claude_agent_sdk' has no attribute 'extract_knowledge'[0m [[0m[1m[34mpdf_pipeline.services.provider_chain[0m][0m [36merrors[0m=[35m["ClaudeCodeProvider: ClaudeCodeProvider.extract_knowledge failed: module 'claude_agent_sdk' has no attribute 'extract_knowledge'"][0m [36mmodule[0m=[35mprovider_chain[0m [36moperation[0m=[35mextract_knowledge[0m [36mprovider_count[0m=[35m1[0m
[[31m[1merror    [0m] [1mClaudeCodeProvider.extract_knowledge failed: module 'claude_agent_sdk' has no attribute 'extract_knowledge'[0m [[0m[1m[34mpdf_pipeline.services.claude_provider[0m][0m [36merror[0m=[35m"module 'claude_agent_sdk' has no attribute 'extract_knowledge'"[0m [36mmodule[0m=[35mclaude_provider[0m [36mprovider[0m=[35mClaudeCodeProvider[0m
[[31m[1merror    [0m] [1mClaudeCodeProvider.extract_knowledge failed: module 'claude_agent_sdk' has no attribute 'extract_knowledge'[0m [[0m[1m[34mpdf_pipeline.services.claude_provider[0m][0m [36merror[0m=[35m"module 'claude_agent_sdk' has no attribute 'extract_knowledge'"[0m [36mmodule[0m=[35mclaude_provider[0m [36mprovider[0m=[35mClaudeCodeProvider[0m
[[31m[1merror    [0m] [1mAll providers failed for operation 'extract_knowledge'. Errors: ClaudeCodeProvider: ClaudeCodeProvider.extract_knowledge failed: module 'claude_agent_sdk' has no attribute 'extract_knowledge'[0m [[0m[1m[34mpdf_pipeline.services.provider_chain[0m][0m [36merrors[0m=[35m["ClaudeCodeProvider: ClaudeCodeProvider.extract_knowledge failed: module 'claude_agent_sdk' has no attribute 'extract_knowledge'"][0m [36mmodule[0m=[35mprovider_chain[0m [36moperation[0m=[35mextract_knowledge[0m [36mprovider_count[0m=[35m1[0m
[[31m[1merror    [0m] [1mAll providers failed for operation 'extract_knowledge'. Errors: ClaudeCodeProvider: ClaudeCodeProvider.extract_knowledge failed: module 'claude_agent_sdk' has no attribute 'extract_knowledge'[0m [[0m[1m[34mpdf_pipeline.services.provider_chain[0m][0m [36merrors[0m=[35m["ClaudeCodeProvider: ClaudeCodeProvider.extract_knowledge failed: module 'claude_agent_sdk' has no attribute 'extract_knowledge'"][0m [36mmodule[0m=[35mprovider_chain[0m [36moperation[0m=[35mextract_knowledge[0m [36mprovider_count[0m=[35m1[0m
[[31m[1merror    [0m] [1mClaudeCodeProvider.extract_knowledge failed: module 'claude_agent_sdk' has no attribute 'extract_knowledge'[0m [[0m[1m[34mpdf_pipeline.services.claude_provider[0m][0m [36merror[0m=[35m"module 'claude_agent_sdk' has no attribute 'extract_knowledge'"[0m [36mmodule[0m=[35mclaude_provider[0m [36mprovider[0m=[35mClaudeCodeProvider[0m
[[31m[1merror    [0m] [1mAll providers failed for operation 'extract_knowledge'. Errors: ClaudeCodeProvider: ClaudeCodeProvider.extract_knowledge failed: module 'claude_agent_sdk' has no attribute 'extract_knowledge'[0m [[0m[1m[34mpdf_pipeline.services.provider_chain[0m][0m [36merrors[0m=[35m["ClaudeCodeProvider: ClaudeCodeProvider.extract_knowledge failed: module 'claude_agent_sdk' has no attribute 'extract_knowledge'"][0m [36mmodule[0m=[35mprovider_chain[0m [36moperation[0m=[35mextract_knowledge[0m [36mprovider_count[0m=[35m1[0m
[[31m[1merror    [0m] [1mAll providers failed for operation 'extract_knowledge'. Errors: ClaudeCodeProvider: ClaudeCodeProvider.extract_knowledge failed: module 'claude_agent_sdk' has no attribute 'extract_knowledge'[0m [[0m[1m[34mpdf_pipeline.services.provider_chain[0m][0m [36merrors[0m=[35m["ClaudeCodeProvider: ClaudeCodeProvider.extract_knowledge failed: module 'claude_agent_sdk' has no attribute 'extract_knowledge'"][0m [36mmodule[0m=[35mprovider_chain[0m [36moperation[0m=[35mextract_knowledge[0m [36mprovider_count[0m=[35m1[0m
[[31m[1merror    [0m] [1mClaudeCodeProvider.extract_knowledge failed: module 'claude_agent_sdk' has no attribute 'extract_knowledge'[0m [[0m[1m[34mpdf_pipeline.services.claude_provider[0m][0m [36merror[0m=[35m"module 'claude_agent_sdk' has no attribute 'extract_knowledge'"[0m [36mmodule[0m=[35mclaude_provider[0m [36mprovider[0m=[35mClaudeCodeProvider[0m
[[31m[1merror    [0m] [1mClaudeCodeProvider.extract_knowledge failed: module 'claude_agent_sdk' has no attribute 'extract_knowledge'[0m [[0m[1m[34mpdf_pipeline.services.claude_provider[0m][0m [36merror[0m=[35m"module 'claude_agent_sdk' has no attribute 'extract_knowledge'"[0m [36mmodule[0m=[35mclaude_provider[0m [36mprovider[0m=[35mClaudeCodeProvider[0m
[[31m[1merror    [0m] [1mAll providers failed for operation 'extract_knowledge'. Errors: ClaudeCodeProvider: ClaudeCodeProvider.extract_knowledge failed: module 'claude_agent_sdk' has no attribute 'extract_knowledge'[0m [[0m[1m[34mpdf_pipeline.services.provider_chain[0m][0m [36merrors[0m=[35m["ClaudeCodeProvider: ClaudeCodeProvider.extract_knowledge failed: module 'claude_agent_sdk' has no attribute 'extract_knowledge'"][0m [36mmodule[0m=[35mprovider_chain[0m [36moperation[0m=[35mextract_knowledge[0m [36mprovider_count[0m=[35m1[0m
[[31m[1merror    [0m] [1mClaudeCodeProvider.extract_knowledge failed: module 'claude_agent_sdk' has no attribute 'extract_knowledge'[0m [[0m[1m[34mpdf_pipeline.services.claude_provider[0m][0m [36merror[0m=[35m"module 'claude_agent_sdk' has no attribute 'extract_knowledge'"[0m [36mmodule[0m=[35mclaude_provider[0m [36mprovider[0m=[35mClaudeCodeProvider[0m
[[31m[1merror    [0m] [1mClaudeCodeProvider.extract_knowledge failed: module 'claude_agent_sdk' has no attribute 'extract_knowledge'[0m [[0m[1m[34mpdf_pipeline.services.claude_provider[0m][0m [36merror[0m=[35m"module 'claude_agent_sdk' has no attribute 'extract_knowledge'"[0m [36mmodule[0m=[35mclaude_provider[0m [36mprovider[0m=[35mClaudeCodeProvider[0m
[[31m[1merror    [0m] [1mAll providers failed for operation 'extract_knowledge'. Errors: ClaudeCodeProvider: ClaudeCodeProvider.extract_knowledge failed: module 'claude_agent_sdk' has no attribute 'extract_knowledge'[0m [[0m[1m[34mpdf_pipeline.services.provider_chain[0m][0m [36merrors[0m=[35m["ClaudeCodeProvider: ClaudeCodeProvider.extract_knowledge failed: module 'claude_agent_sdk' has no attribute 'extract_knowledge'"][0m [36mmodule[0m=[35mprovider_chain[0m [36moperation[0m=[35mextract_knowledge[0m [36mprovider_count[0m=[35m1[0m
[[31m[1merror    [0m] [1mAll providers failed for operation 'extract_knowledge'. Errors: ClaudeCodeProvider: ClaudeCodeProvider.extract_knowledge failed: module 'claude_agent_sdk' has no attribute 'extract_knowledge'[0m [[0m[1m[34mpdf_pipeline.services.provider_chain[0m][0m [36merrors[0m=[35m["ClaudeCodeProvider: ClaudeCodeProvider.extract_knowledge failed: module 'claude_agent_sdk' has no attribute 'extract_knowledge'"][0m [36mmodule[0m=[35mprovider_chain[0m [36moperation[0m=[35mextract_knowledge[0m [36mprovider_count[0m=[35m1[0m
[[31m[1merror    [0m] [1mClaudeCodeProvider.extract_knowledge failed: module 'claude_agent_sdk' has no attribute 'extract_knowledge'[0m [[0m[1m[34mpdf_pipeline.services.claude_provider[0m][0m [36merror[0m=[35m"module 'claude_agent_sdk' has no attribute 'extract_knowledge'"[0m [36mmodule[0m=[35mclaude_provider[0m [36mprovider[0m=[35mClaudeCodeProvider[0m
[[31m[1merror    [0m] [1mAll providers failed for operation 'extract_knowledge'. Errors: ClaudeCodeProvider: ClaudeCodeProvider.extract_knowledge failed: module 'claude_agent_sdk' has no attribute 'extract_knowledge'[0m [[0m[1m[34mpdf_pipeline.services.provider_chain[0m][0m [36merrors[0m=[35m["ClaudeCodeProvider: ClaudeCodeProvider.extract_knowledge failed: module 'claude_agent_sdk' has no attribute 'extract_knowledge'"][0m [36mmodule[0m=[35mprovider_chain[0m [36moperation[0m=[35mextract_knowledge[0m [36mprovider_count[0m=[35m1[0m
[[31m[1merror    [0m] [1mAll providers failed for operation 'extract_knowledge'. Errors: ClaudeCodeProvider: ClaudeCodeProvider.extract_knowledge failed: module 'claude_agent_sdk' has no attribute 'extract_knowledge'[0m [[0m[1m[34mpdf_pipeline.services.provider_chain[0m][0m [36merrors[0m=[35m["ClaudeCodeProvider: ClaudeCodeProvider.extract_knowledge failed: module 'claude_agent_sdk' has no attribute 'extract_knowledge'"][0m [36mmodule[0m=[35mprovider_chain[0m [36moperation[0m=[35mextract_knowledge[0m [36mprovider_count[0m=[35m1[0m
[[31m[1merror    [0m] [1mClaudeCodeProvider.extract_knowledge failed: module 'claude_agent_sdk' has no attribute 'extract_knowledge'[0m [[0m[1m[34mpdf_pipeline.services.claude_provider[0m][0m [36merror[0m=[35m"module 'claude_agent_sdk' has no attribute 'extract_knowledge'"[0m [36mmodule[0m=[35mclaude_provider[0m [36mprovider[0m=[35mClaudeCodeProvider[0m
[[31m[1merror    [0m] [1mClaudeCodeProvider.extract_knowledge failed: module 'claude_agent_sdk' has no attribute 'extract_knowledge'[0m [[0m[1m[34mpdf_pipeline.services.claude_provider[0m][0m [36merror[0m=[35m"module 'claude_agent_sdk' has no attribute 'extract_knowledge'"[0m [36mmodule[0m=[35mclaude_provider[0m [36mprovider[0m=[35mClaudeCodeProvider[0m
[[31m[1merror    [0m] [1mAll providers failed for operation 'extract_knowledge'. Errors: ClaudeCodeProvider: ClaudeCodeProvider.extract_knowledge failed: module 'claude_agent_sdk' has no attribute 'extract_knowledge'[0m [[0m[1m[34mpdf_pipeline.services.provider_chain[0m][0m [36merrors[0m=[35m["ClaudeCodeProvider: ClaudeCodeProvider.extract_knowledge failed: module 'claude_agent_sdk' has no attribute 'extract_knowledge'"][0m [36mmodule[0m=[35mprovider_chain[0m [36moperation[0m=[35mextract_knowledge[0m [36mprovider_count[0m=[35m1[0m
[[31m[1merror    [0m] [1mClaudeCodeProvider.extract_knowledge failed: module 'claude_agent_sdk' has no attribute 'extract_knowledge'[0m [[0m[1m[34mpdf_pipeline.services.claude_provider[0m][0m [36merror[0m=[35m"module 'claude_agent_sdk' has no attribute 'extract_knowledge'"[0m [36mmodule[0m=[35mclaude_provider[0m [36mprovider[0m=[35mClaudeCodeProvider[0m
[[31m[1merror    [0m] [1mClaudeCodeProvider.extract_knowledge failed: module 'claude_agent_sdk' has no attribute 'extract_knowledge'[0m [[0m[1m[34mpdf_pipeline.services.claude_provider[0m][0m [36merror[0m=[35m"module 'claude_agent_sdk' has no attribute 'extract_knowledge'"[0m [36mmodule[0m=[35mclaude_provider[0m [36mprovider[0m=[35mClaudeCodeProvider[0m
[[31m[1merror    [0m] [1mAll providers failed for operation 'extract_knowledge'. Errors: ClaudeCodeProvider: ClaudeCodeProvider.extract_knowledge failed: module 'claude_agent_sdk' has no attribute 'extract_knowledge'[0m [[0m[1m[34mpdf_pipeline.services.provider_chain[0m][0m [36merrors[0m=[35m["ClaudeCodeProvider: ClaudeCodeProvider.extract_knowledge failed: module 'claude_agent_sdk' has no attribute 'extract_knowledge'"][0m [36mmodule[0m=[35mprovider_chain[0m [36moperation[0m=[35mextract_knowledge[0m [36mprovider_count[0m=[35m1[0m
[[31m[1merror    [0m] [1mAll providers failed for operation 'extract_knowledge'. Errors: ClaudeCodeProvider: ClaudeCodeProvider.extract_knowledge failed: module 'claude_agent_sdk' has no attribute 'extract_knowledge'[0m [[0m[1m[34mpdf_pipeline.services.provider_chain[0m][0m [36merrors[0m=[35m["ClaudeCodeProvider: ClaudeCodeProvider.extract_knowledge failed: module 'claude_agent_sdk' has no attribute 'extract_knowledge'"][0m [36mmodule[0m=[35mprovider_chain[0m [36moperation[0m=[35mextract_knowledge[0m [36mprovider_count[0m=[35m1[0m
[[31m[1merror    [0m] [1mClaudeCodeProvider.extract_knowledge failed: module 'claude_agent_sdk' has no attribute 'extract_knowledge'[0m [[0m[1m[34mpdf_pipeline.services.claude_provider[0m][0m [36merror[0m=[35m"module 'claude_agent_sdk' has no attribute 'extract_knowledge'"[0m [36mmodule[0m=[35mclaude_provider[0m [36mprovider[0m=[35mClaudeCodeProvider[0m
[[31m[1merror    [0m] [1mAll providers failed for operation 'extract_knowledge'. Errors: ClaudeCodeProvider: ClaudeCodeProvider.extract_knowledge failed: module 'claude_agent_sdk' has no attribute 'extract_knowledge'[0m [[0m[1m[34mpdf_pipeline.services.provider_chain[0m][0m [36merrors[0m=[35m["ClaudeCodeProvider: ClaudeCodeProvider.extract_knowledge failed: module 'claude_agent_sdk' has no attribute 'extract_knowledge'"][0m [36mmodule[0m=[35mprovider_chain[0m [36moperation[0m=[35mextract_knowledge[0m [36mprovider_count[0m=[35m1[0m
[[31m[1merror    [0m] [1mAll providers failed for operation 'extract_knowledge'. Errors: ClaudeCodeProvider: ClaudeCodeProvider.extract_knowledge failed: module 'claude_agent_sdk' has no attribute 'extract_knowledge'[0m [[0m[1m[34mpdf_pipeline.services.provider_chain[0m][0m [36merrors[0m=[35m["ClaudeCodeProvider: ClaudeCodeProvider.extract_knowledge failed: module 'claude_agent_sdk' has no attribute 'extract_knowledge'"][0m [36mmodule[0m=[35mprovider_chain[0m [36moperation[0m=[35mextract_knowledge[0m [36mprovider_count[0m=[35m1[0m
[[31m[1merror    [0m] [1mClaudeCodeProvider.extract_knowledge failed: module 'claude_agent_sdk' has no attribute 'extract_knowledge'[0m [[0m[1m[34mpdf_pipeline.services.claude_provider[0m][0m [36merror[0m=[35m"module 'claude_agent_sdk' has no attribute 'extract_knowledge'"[0m [36mmodule[0m=[35mclaude_provider[0m [36mprovider[0m=[35mClaudeCodeProvider[0m
[[31m[1merror    [0m] [1mClaudeCodeProvider.extract_knowledge failed: module 'claude_agent_sdk' has no attribute 'extract_knowledge'[0m [[0m[1m[34mpdf_pipeline.services.claude_provider[0m][0m [36merror[0m=[35m"module 'claude_agent_sdk' has no attribute 'extract_knowledge'"[0m [36mmodule[0m=[35mclaude_provider[0m [36mprovider[0m=[35mClaudeCodeProvider[0m
[[31m[1merror    [0m] [1mAll providers failed for operation 'extract_knowledge'. Errors: ClaudeCodeProvider: ClaudeCodeProvider.extract_knowledge failed: module 'claude_agent_sdk' has no attribute 'extract_knowledge'[0m [[0m[1m[34mpdf_pipeline.services.provider_chain[0m][0m [36merrors[0m=[35m["ClaudeCodeProvider: ClaudeCodeProvider.extract_knowledge failed: module 'claude_agent_sdk' has no attribute 'extract_knowledge'"][0m [36mmodule[0m=[35mprovider_chain[0m [36moperation[0m=[35mextract_knowledge[0m [36mprovider_count[0m=[35m1[0m
[[31m[1merror    [0m] [1mClaudeCodeProvider.extract_knowledge failed: module 'claude_agent_sdk' has no attribute 'extract_knowledge'[0m [[0m[1m[34mpdf_pipeline.services.claude_provider[0m][0m [36merror[0m=[35m"module 'claude_agent_sdk' has no attribute 'extract_knowledge'"[0m [36mmodule[0m=[35mclaude_provider[0m [36mprovider[0m=[35mClaudeCodeProvider[0m
[[31m[1merror    [0m] [1mClaudeCodeProvider.extract_knowledge failed: module 'claude_agent_sdk' has no attribute 'extract_knowledge'[0m [[0m[1m[34mpdf_pipeline.services.claude_provider[0m][0m [36merror[0m=[35m"module 'claude_agent_sdk' has no attribute 'extract_knowledge'"[0m [36mmodule[0m=[35mclaude_provider[0m [36mprovider[0m=[35mClaudeCodeProvider[0m
[[31m[1merror    [0m] [1mAll providers failed for operation 'extract_knowledge'. Errors: ClaudeCodeProvider: ClaudeCodeProvider.extract_knowledge failed: module 'claude_agent_sdk' has no attribute 'extract_knowledge'[0m [[0m[1m[34mpdf_pipeline.services.provider_chain[0m][0m [36merrors[0m=[35m["ClaudeCodeProvider: ClaudeCodeProvider.extract_knowledge failed: module 'claude_agent_sdk' has no attribute 'extract_knowledge'"][0m [36mmodule[0m=[35mprovider_chain[0m [36moperation[0m=[35mextract_knowledge[0m [36mprovider_count[0m=[35m1[0m
[[31m[1merror    [0m] [1mAll providers failed for operation 'extract_knowledge'. Errors: ClaudeCodeProvider: ClaudeCodeProvider.extract_knowledge failed: module 'claude_agent_sdk' has no attribute 'extract_knowledge'[0m [[0m[1m[34mpdf_pipeline.services.provider_chain[0m][0m [36merrors[0m=[35m["ClaudeCodeProvider: ClaudeCodeProvider.extract_knowledge failed: module 'claude_agent_sdk' has no attribute 'extract_knowledge'"][0m [36mmodule[0m=[35mprovider_chain[0m [36moperation[0m=[35mextract_knowledge[0m [36mprovider_count[0m=[35m1[0m
[[31m[1merror    [0m] [1mClaudeCodeProvider.extract_knowledge failed: module 'claude_agent_sdk' has no attribute 'extract_knowledge'[0m [[0m[1m[34mpdf_pipeline.services.claude_provider[0m][0m [36merror[0m=[35m"module 'claude_agent_sdk' has no attribute 'extract_knowledge'"[0m [36mmodule[0m=[35mclaude_provider[0m [36mprovider[0m=[35mClaudeCodeProvider[0m
[[31m[1merror    [0m] [1mAll providers failed for operation 'extract_knowledge'. Errors: ClaudeCodeProvider: ClaudeCodeProvider.extract_knowledge failed: module 'claude_agent_sdk' has no attribute 'extract_knowledge'[0m [[0m[1m[34mpdf_pipeline.services.provider_chain[0m][0m [36merrors[0m=[35m["ClaudeCodeProvider: ClaudeCodeProvider.extract_knowledge failed: module 'claude_agent_sdk' has no attribute 'extract_knowledge'"][0m [36mmodule[0m=[35mprovider_chain[0m [36moperation[0m=[35mextract_knowledge[0m [36mprovider_count[0m=[35m1[0m
[[31m[1merror    [0m] [1mAll providers failed for operation 'extract_knowledge'. Errors: ClaudeCodeProvider: ClaudeCodeProvider.extract_knowledge failed: module 'claude_agent_sdk' has no attribute 'extract_knowledge'[0m [[0m[1m[34mpdf_pipeline.services.provider_chain[0m][0m [36merrors[0m=[35m["ClaudeCodeProvider: ClaudeCodeProvider.extract_knowledge failed: module 'claude_agent_sdk' has no attribute 'extract_knowledge'"][0m [36mmodule[0m=[35mprovider_chain[0m [36moperation[0m=[35mextract_knowledge[0m [36mprovider_count[0m=[35m1[0m
[[31m[1merror    [0m] [1mAll providers failed for operation 'extract_knowledge'. Errors: ClaudeCodeProvider: ClaudeCodeProvider.extract_knowledge failed: module 'claude_agent_sdk' has no attribute 'extract_knowledge'[0m [[0m[1m[34mpdf_pipeline.services.provider_chain[0m][0m [36merrors[0m=[35m["ClaudeCodeProvider: ClaudeCodeProvider.extract_knowledge failed: module 'claude_agent_sdk' has no attribute 'extract_knowledge'"][0m [36mmodule[0m=[35mprovider_chain[0m [36moperation[0m=[35mextract_knowledge[0m [36mprovider_count[0m=[35m1[0m
entities=0 facts=0 claims=0 datapoints=0
[2026-03-31 22:42:58]   Phase 2: 完了
[2026-03-31 22:42:58]   Phase 3: emit_research_queue 開始
Queue file: .tmp/graph-queue/pdf-extraction/gq-20260331134258-165d7aa6.json
[2026-03-31 22:42:58]   Phase 3: 完了 → .tmp/graph-queue/pdf-extraction/gq-20260331134258-165d7aa6.json
[2026-03-31 22:42:58]   Phase 4a: entity_linker 開始
Warning: You are sending unauthenticated requests to the HF Hub. Please set a HF_TOKEN to enable higher rate limits and faster downloads.
[[33m[1mwarning  [0m] [1mWarning: You are sending unauthenticated requests to the HF Hub. Please set a HF_TOKEN to enable higher rate limits and faster downloads.[0m [[0m[1m[34mhuggingface_hub.utils._http[0m][0m
Loading weights:   0%|          | 0/391 [00:00<?, ?it/s]Loading weights: 100%|██████████| 391/391 [00:00<00:00, 23986.38it/s]
[1mXLMRobertaModel LOAD REPORT[0m from: intfloat/multilingual-e5-large
Key                     | Status     |  | 
------------------------+------------+--+-
embeddings.position_ids | UNEXPECTED |  | 

[3mNotes:
- UNEXPECTED[3m	:can be ignored when loading from different task/architecture; not ok if you expect identical arch.[0m
[2026-03-31 22:43:06]   Phase 4a: 完了
[2026-03-31 22:43:06]   Phase 4b: neo4j_loader 開始
[2026-03-31 22:43:06]   Phase 4b: 完了
[2026-03-31 22:43:06] --- [31/31] UBS ISAT@IJ Indosat Monetisation focus grows as synergy tail...
[2026-03-31 22:43:06]   Phase 2: スキップ（extraction.json 既存）
[2026-03-31 22:43:06]   Phase 3: emit_research_queue 開始
Queue file: .tmp/graph-queue/pdf-extraction/gq-20260331134306-137d1897.json
[2026-03-31 22:43:06]   Phase 3: 完了 → .tmp/graph-queue/pdf-extraction/gq-20260331134306-137d1897.json
[2026-03-31 22:43:06]   Phase 4a: entity_linker 開始
Warning: You are sending unauthenticated requests to the HF Hub. Please set a HF_TOKEN to enable higher rate limits and faster downloads.
[[33m[1mwarning  [0m] [1mWarning: You are sending unauthenticated requests to the HF Hub. Please set a HF_TOKEN to enable higher rate limits and faster downloads.[0m [[0m[1m[34mhuggingface_hub.utils._http[0m][0m
Loading weights:   0%|          | 0/391 [00:00<?, ?it/s]Loading weights: 100%|██████████| 391/391 [00:00<00:00, 22342.95it/s]
[1mXLMRobertaModel LOAD REPORT[0m from: intfloat/multilingual-e5-large
Key                     | Status     |  | 
------------------------+------------+--+-
embeddings.position_ids | UNEXPECTED |  | 

[3mNotes:
- UNEXPECTED[3m	:can be ignored when loading from different task/architecture; not ok if you expect identical arch.[0m
[2026-03-31 22:43:13]   Phase 4a: 完了
[2026-03-31 22:43:13]   Phase 4b: neo4j_loader 開始
[2026-03-31 22:43:14]   Phase 4b: 完了
[2026-03-31 22:43:14] === 完了: 成功=31 失敗=0 スキップ=0 / 全31本 ===
[2026-03-31 22:43:14] ログ: logs/isat-pipeline-20260331-223829.log
