2026-03-28 14:25:04,323 INFO data_pipeline.collectors.note_com_rss: rss_monitor_starting creator_count=11
2026-03-28 14:25:04,652 INFO data_pipeline.collectors.note_com_rss: rss_fetched username=fukuoka1116 entry_count=24
2026-03-28 14:25:04,985 INFO data_pipeline.collectors.note_com_rss: new_entries_found username=fukuoka1116 new_count=6
2026-03-28 14:25:05,264 INFO data_pipeline.collectors.note_com_rss: rss_fetched username=sota_career entry_count=25
2026-03-28 14:25:05,271 INFO data_pipeline.collectors.note_com_rss: new_entries_found username=sota_career new_count=25
2026-03-28 14:25:05,466 INFO data_pipeline.collectors.note_com_rss: rss_fetched username=kei_10m_asset entry_count=22
2026-03-28 14:25:05,471 INFO data_pipeline.collectors.note_com_rss: new_entries_found username=kei_10m_asset new_count=22
2026-03-28 14:25:05,632 INFO data_pipeline.collectors.note_com_rss: rss_fetched username=careercompass_c entry_count=25
2026-03-28 14:25:05,638 INFO data_pipeline.collectors.note_com_rss: new_entries_found username=careercompass_c new_count=25
2026-03-28 14:25:05,866 INFO data_pipeline.collectors.note_com_rss: rss_fetched username=dandism56 entry_count=25
2026-03-28 14:25:05,872 INFO data_pipeline.collectors.note_com_rss: new_entries_found username=dandism56 new_count=25
2026-03-28 14:25:06,098 INFO data_pipeline.collectors.note_com_rss: rss_fetched username=miraicareer_blog entry_count=25
2026-03-28 14:25:06,104 INFO data_pipeline.collectors.note_com_rss: new_entries_found username=miraicareer_blog new_count=25
2026-03-28 14:25:06,335 INFO data_pipeline.collectors.note_com_rss: rss_fetched username=glad_auklet4142 entry_count=25
2026-03-28 14:25:06,624 INFO data_pipeline.collectors.note_com_rss: new_entries_found username=glad_auklet4142 new_count=8
2026-03-28 14:25:06,830 INFO data_pipeline.collectors.note_com_rss: rss_fetched username=hide_taxnote entry_count=25
2026-03-28 14:25:07,108 INFO data_pipeline.collectors.note_com_rss: new_entries_found username=hide_taxnote new_count=1
2026-03-28 14:25:07,443 INFO data_pipeline.collectors.note_com_rss: rss_fetched username=mindset_official entry_count=25
2026-03-28 14:25:07,750 INFO data_pipeline.collectors.note_com_rss: new_entries_found username=mindset_official new_count=7
2026-03-28 14:25:07,974 INFO data_pipeline.collectors.note_com_rss: rss_fetched username=ruinormalhakkar entry_count=25
2026-03-28 14:25:08,277 INFO data_pipeline.collectors.note_com_rss: new_entries_found username=ruinormalhakkar new_count=8
2026-03-28 14:25:08,355 INFO data_pipeline.collectors.note_com_rss: rss_fetched username=studyhacker entry_count=0
2026-03-28 14:25:09,782 INFO data_pipeline.collectors.note_com_browser: note_com_browser_started
2026-03-28 14:25:09,783 INFO data_pipeline.collectors.note_com_browser: scraping_article url=https://note.com/fukuoka1116/n/n7acfbe98eadc
2026-03-28 14:25:12,998 INFO data_pipeline.collectors.note_com_browser: article_scraped url=https://note.com/fukuoka1116/n/n7acfbe98eadc title=仕事が遅い人が無意識で使っている言葉とは　仕事｜会社員｜仕事｜営業｜転職｜副業｜30代｜エッセイ｜キャリア body_length=2030 hashtag_count=10
2026-03-28 14:25:13,099 INFO data_pipeline.collectors.note_com_rss: article_saved url=https://note.com/fukuoka1116/n/n7acfbe98eadc title=仕事が遅い人が無意識で使っている言葉とは　仕事｜会社員｜仕事｜営業｜転職｜副業｜30代｜エッセイ｜キャリア
2026-03-28 14:25:13,099 INFO data_pipeline.collectors.note_com_browser: scraping_article url=https://note.com/fukuoka1116/n/nff95848302b2
2026-03-28 14:25:16,152 INFO data_pipeline.collectors.note_com_browser: article_scraped url=https://note.com/fukuoka1116/n/nff95848302b2 title=意味のない仕事で消耗する人の共通点　仕事｜転職｜日常｜エッセイ｜悩み｜30代｜会社員｜副業｜キャリア body_length=1609 hashtag_count=15
2026-03-28 14:25:16,217 INFO data_pipeline.collectors.note_com_rss: article_saved url=https://note.com/fukuoka1116/n/nff95848302b2 title=意味のない仕事で消耗する人の共通点　仕事｜転職｜日常｜エッセイ｜悩み｜30代｜会社員｜副業｜キャリア
2026-03-28 14:25:16,217 INFO data_pipeline.collectors.note_com_browser: scraping_article url=https://note.com/fukuoka1116/n/nc6f5d4895d9c
2026-03-28 14:25:18,751 INFO data_pipeline.collectors.note_com_browser: article_scraped url=https://note.com/fukuoka1116/n/nc6f5d4895d9c title=【3分で読める】他人と比べてしまう癖が治らない方へ　仕事｜日常｜エッセイ｜転職｜30代｜会社員｜悩み body_length=1863 hashtag_count=13
2026-03-28 14:25:18,825 INFO data_pipeline.collectors.note_com_rss: article_saved url=https://note.com/fukuoka1116/n/nc6f5d4895d9c title=【3分で読める】他人と比べてしまう癖が治らない方へ　仕事｜日常｜エッセイ｜転職｜30代｜会社員｜悩み
2026-03-28 14:25:18,825 INFO data_pipeline.collectors.note_com_browser: scraping_article url=https://note.com/fukuoka1116/n/n4c49cd555612
2026-03-28 14:25:21,801 INFO data_pipeline.collectors.note_com_browser: article_scraped url=https://note.com/fukuoka1116/n/n4c49cd555612 title=過去の栄光にすがってしまう人の特徴　仕事｜会社員｜エッセイ｜日常｜転職｜副業｜30代｜悩み｜キャリア body_length=1735 hashtag_count=18
2026-03-28 14:25:21,864 INFO data_pipeline.collectors.note_com_rss: article_saved url=https://note.com/fukuoka1116/n/n4c49cd555612 title=過去の栄光にすがってしまう人の特徴　仕事｜会社員｜エッセイ｜日常｜転職｜副業｜30代｜悩み｜キャリア
2026-03-28 14:25:21,864 INFO data_pipeline.collectors.note_com_browser: scraping_article url=https://note.com/fukuoka1116/n/n4c9b0945492d
2026-03-28 14:25:24,707 INFO data_pipeline.collectors.note_com_browser: article_scraped url=https://note.com/fukuoka1116/n/n4c9b0945492d title=【3分で読める】別に不安はないのに、仕事がつまらない方へ　エッセイ｜日常｜転職｜悩み｜経験｜会社員｜キャリア｜副業｜仕事のコツ body_length=1484 hashtag_count=15
2026-03-28 14:25:24,777 INFO data_pipeline.collectors.note_com_rss: article_saved url=https://note.com/fukuoka1116/n/n4c9b0945492d title=【3分で読める】別に不安はないのに、仕事がつまらない方へ　エッセイ｜日常｜転職｜悩み｜経験｜会社員｜キャリア｜副業｜仕事のコツ
2026-03-28 14:25:24,777 INFO data_pipeline.collectors.note_com_browser: scraping_article url=https://note.com/fukuoka1116/n/nd2b276398476
2026-03-28 14:25:27,749 INFO data_pipeline.collectors.note_com_browser: article_scraped url=https://note.com/fukuoka1116/n/nd2b276398476 title=【3分で読める】そろそろ本気で転職を考え始めた方へ　仕事｜エッセイ｜悩み｜会社員｜日常｜キャリア｜仕事のコツ body_length=1182 hashtag_count=17
2026-03-28 14:25:27,822 INFO data_pipeline.collectors.note_com_rss: article_saved url=https://note.com/fukuoka1116/n/nd2b276398476 title=【3分で読める】そろそろ本気で転職を考え始めた方へ　仕事｜エッセイ｜悩み｜会社員｜日常｜キャリア｜仕事のコツ
2026-03-28 14:25:27,822 INFO data_pipeline.collectors.note_com_browser: scraping_article url=https://note.com/sota_career/n/n87c6a5b82f6a
2026-03-28 14:25:30,646 INFO data_pipeline.collectors.note_com_browser: article_scraped url=https://note.com/sota_career/n/n87c6a5b82f6a title=証券会社の営業から転職したまさに全部聞いた｜年収と後悔のリアル body_length=6588 hashtag_count=9
2026-03-28 14:25:30,794 INFO data_pipeline.collectors.note_com_rss: article_saved url=https://note.com/sota_career/n/n87c6a5b82f6a title=証券会社の営業から転職したまさに全部聞いた｜年収と後悔のリアル
2026-03-28 14:25:30,795 INFO data_pipeline.collectors.note_com_browser: scraping_article url=https://note.com/sota_career/n/n7b18b7169d49
2026-03-28 14:25:33,856 INFO data_pipeline.collectors.note_com_browser: article_scraped url=https://note.com/sota_career/n/n7b18b7169d49 title=証券会社の営業を辞めて転職した28歳りくに年収と生活の変化を全部聞いた body_length=7304 hashtag_count=9
2026-03-28 14:25:33,936 INFO data_pipeline.collectors.note_com_rss: article_saved url=https://note.com/sota_career/n/n7b18b7169d49 title=証券会社の営業を辞めて転職した28歳りくに年収と生活の変化を全部聞いた
2026-03-28 14:25:33,936 INFO data_pipeline.collectors.note_com_browser: scraping_article url=https://note.com/sota_career/n/ncc41d44fbbc4
2026-03-28 14:25:36,983 INFO data_pipeline.collectors.note_com_browser: article_scraped url=https://note.com/sota_career/n/ncc41d44fbbc4 title=証券会社の営業を辞めて転職したりくさんの話——ノルマと罪悪感の先にあったもの body_length=7260 hashtag_count=9
2026-03-28 14:25:37,060 INFO data_pipeline.collectors.note_com_rss: article_saved url=https://note.com/sota_career/n/ncc41d44fbbc4 title=証券会社の営業を辞めて転職したりくさんの話——ノルマと罪悪感の先にあったもの
2026-03-28 14:25:37,060 INFO data_pipeline.collectors.note_com_browser: scraping_article url=https://note.com/sota_career/n/n5779121bd13a
2026-03-28 14:25:39,717 INFO data_pipeline.collectors.note_com_browser: article_scraped url=https://note.com/sota_career/n/n5779121bd13a title=営業からキャリアを広げたい20代へ｜年収320万→700万にした全手順 body_length=7276 hashtag_count=9
2026-03-28 14:25:39,785 INFO data_pipeline.collectors.note_com_rss: article_saved url=https://note.com/sota_career/n/n5779121bd13a title=営業からキャリアを広げたい20代へ｜年収320万→700万にした全手順
2026-03-28 14:25:39,785 INFO data_pipeline.collectors.note_com_browser: scraping_article url=https://note.com/sota_career/n/nc1b413959707
2026-03-28 14:25:42,813 INFO data_pipeline.collectors.note_com_browser: article_scraped url=https://note.com/sota_career/n/nc1b413959707 title=営業からキャリアチェンジは無理？年収320万→700万にした全手順 body_length=5399 hashtag_count=9
2026-03-28 14:25:42,890 INFO data_pipeline.collectors.note_com_rss: article_saved url=https://note.com/sota_career/n/nc1b413959707 title=営業からキャリアチェンジは無理？年収320万→700万にした全手順
2026-03-28 14:25:42,890 INFO data_pipeline.collectors.note_com_browser: scraping_article url=https://note.com/sota_career/n/n634a96548fe1
2026-03-28 14:25:45,718 INFO data_pipeline.collectors.note_com_browser: article_scraped url=https://note.com/sota_career/n/n634a96548fe1 title=営業からキャリアを変えるには？転職2回で年収700万にした全手順 body_length=7153 hashtag_count=9
2026-03-28 14:25:45,800 INFO data_pipeline.collectors.note_com_rss: article_saved url=https://note.com/sota_career/n/n634a96548fe1 title=営業からキャリアを変えるには？転職2回で年収700万にした全手順
2026-03-28 14:25:45,800 INFO data_pipeline.collectors.note_com_browser: scraping_article url=https://note.com/sota_career/n/n9a984d76ced8
2026-03-28 14:26:18,005 INFO data_pipeline.collectors.note_com_browser: article_scraped url=https://note.com/sota_career/n/n9a984d76ced8 title= body_length=0 hashtag_count=0
2026-03-28 14:26:18,005 WARNING data_pipeline.collectors.note_com_rss: article_empty_body url=https://note.com/sota_career/n/n9a984d76ced8
2026-03-28 14:26:18,005 INFO data_pipeline.collectors.note_com_browser: scraping_article url=https://note.com/sota_career/n/n052ce4878788
2026-03-28 14:26:21,155 INFO data_pipeline.collectors.note_com_browser: article_scraped url=https://note.com/sota_career/n/n052ce4878788 title=公務員から転職は「もったいない」？安定の罪悪感を数字で壊す全手順 body_length=6084 hashtag_count=8
2026-03-28 14:26:21,253 INFO data_pipeline.collectors.note_com_rss: article_saved url=https://note.com/sota_career/n/n052ce4878788 title=公務員から転職は「もったいない」？安定の罪悪感を数字で壊す全手順
2026-03-28 14:26:21,253 INFO data_pipeline.collectors.note_com_browser: scraping_article url=https://note.com/sota_career/n/n1cf7141c740f
2026-03-28 14:26:23,991 INFO data_pipeline.collectors.note_com_browser: article_scraped url=https://note.com/sota_career/n/n1cf7141c740f title=公務員の転職でおすすめの進め方と注意点｜50人に取材して分かった body_length=5862 hashtag_count=9
2026-03-28 14:26:24,048 INFO data_pipeline.collectors.note_com_rss: article_saved url=https://note.com/sota_career/n/n1cf7141c740f title=公務員の転職でおすすめの進め方と注意点｜50人に取材して分かった
2026-03-28 14:26:24,048 INFO data_pipeline.collectors.note_com_browser: scraping_article url=https://note.com/sota_career/n/ndec58fbc0236
2026-03-28 14:26:26,941 INFO data_pipeline.collectors.note_com_browser: article_scraped url=https://note.com/sota_career/n/ndec58fbc0236 title=公務員の転職おすすめエージェント選びで担当者ガチャに2回負けた俺の話 body_length=6551 hashtag_count=9
2026-03-28 14:26:27,013 INFO data_pipeline.collectors.note_com_rss: article_saved url=https://note.com/sota_career/n/ndec58fbc0236 title=公務員の転職おすすめエージェント選びで担当者ガチャに2回負けた俺の話
2026-03-28 14:26:27,013 INFO data_pipeline.collectors.note_com_browser: scraping_article url=https://note.com/sota_career/n/ncc50be43e8f9
2026-03-28 14:26:29,889 INFO data_pipeline.collectors.note_com_browser: article_scraped url=https://note.com/sota_career/n/ncc50be43e8f9 title=公務員から転職するならおすすめの手順がある｜50人取材で見えた現実 body_length=7704 hashtag_count=9
2026-03-28 14:26:30,027 INFO data_pipeline.collectors.note_com_rss: article_saved url=https://note.com/sota_career/n/ncc50be43e8f9 title=公務員から転職するならおすすめの手順がある｜50人取材で見えた現実
2026-03-28 14:26:30,027 INFO data_pipeline.collectors.note_com_browser: scraping_article url=https://note.com/sota_career/n/n6249c0930be0
2026-03-28 14:26:32,849 INFO data_pipeline.collectors.note_com_browser: article_scraped url=https://note.com/sota_career/n/n6249c0930be0 title=公務員から転職しておすすめの動き方｜50人に聞いてわかったこと body_length=6562 hashtag_count=9
2026-03-28 14:26:32,938 INFO data_pipeline.collectors.note_com_rss: article_saved url=https://note.com/sota_career/n/n6249c0930be0 title=公務員から転職しておすすめの動き方｜50人に聞いてわかったこと
2026-03-28 14:26:32,938 INFO data_pipeline.collectors.note_com_browser: scraping_article url=https://note.com/sota_career/n/n4d4732897b0e
2026-03-28 14:26:35,938 INFO data_pipeline.collectors.note_com_browser: article_scraped url=https://note.com/sota_career/n/n4d4732897b0e title=未経験からWebデザイナーに転職した24歳に聞いた22社応募のリアル body_length=7502 hashtag_count=7
2026-03-28 14:26:36,031 INFO data_pipeline.collectors.note_com_rss: article_saved url=https://note.com/sota_career/n/n4d4732897b0e title=未経験からWebデザイナーに転職した24歳に聞いた22社応募のリアル
2026-03-28 14:26:36,031 INFO data_pipeline.collectors.note_com_browser: scraping_article url=https://note.com/sota_career/n/nfa00e1e7b7c2
2026-03-28 14:26:38,709 INFO data_pipeline.collectors.note_com_browser: article_scraped url=https://note.com/sota_career/n/nfa00e1e7b7c2 title=人事転職で有利になる資格は？エージェント3社に聞いたリアルな評価 body_length=6698 hashtag_count=9
2026-03-28 14:26:38,766 INFO data_pipeline.collectors.note_com_rss: article_saved url=https://note.com/sota_career/n/nfa00e1e7b7c2 title=人事転職で有利になる資格は？エージェント3社に聞いたリアルな評価
2026-03-28 14:26:38,767 INFO data_pipeline.collectors.note_com_browser: scraping_article url=https://note.com/sota_career/n/ne62d6ea591b0
2026-03-28 14:26:41,902 INFO data_pipeline.collectors.note_com_browser: article_scraped url=https://note.com/sota_career/n/ne62d6ea591b0 title=未経験からWebデザイナーに転職する全手順｜独学ルートと年齢別戦略 body_length=6970 hashtag_count=9
2026-03-28 14:26:41,960 INFO data_pipeline.collectors.note_com_rss: article_saved url=https://note.com/sota_career/n/ne62d6ea591b0 title=未経験からWebデザイナーに転職する全手順｜独学ルートと年齢別戦略
2026-03-28 14:26:41,960 INFO data_pipeline.collectors.note_com_browser: scraping_article url=https://note.com/sota_career/n/n6c4e28d4a838
2026-03-28 14:26:44,800 INFO data_pipeline.collectors.note_com_browser: article_scraped url=https://note.com/sota_career/n/n6c4e28d4a838 title=未経験からWebデザイナーに転職する3つのルート｜取材で分かった現実 body_length=6291 hashtag_count=8
2026-03-28 14:26:44,892 INFO data_pipeline.collectors.note_com_rss: article_saved url=https://note.com/sota_career/n/n6c4e28d4a838 title=未経験からWebデザイナーに転職する3つのルート｜取材で分かった現実
2026-03-28 14:26:44,892 INFO data_pipeline.collectors.note_com_browser: scraping_article url=https://note.com/sota_career/n/n72f8f95c96d0
2026-03-28 14:26:47,485 INFO data_pipeline.collectors.note_com_browser: article_scraped url=https://note.com/sota_career/n/n72f8f95c96d0 title=SEから営業に転職して年収230万アップ｜29歳エンジニアの全記録 body_length=6587 hashtag_count=9
2026-03-28 14:26:47,545 INFO data_pipeline.collectors.note_com_rss: article_saved url=https://note.com/sota_career/n/n72f8f95c96d0 title=SEから営業に転職して年収230万アップ｜29歳エンジニアの全記録
2026-03-28 14:26:47,545 INFO data_pipeline.collectors.note_com_browser: scraping_article url=https://note.com/sota_career/n/n8827bd538f40
2026-03-28 14:26:50,339 INFO data_pipeline.collectors.note_com_browser: article_scraped url=https://note.com/sota_career/n/n8827bd538f40 title=SE4年目のなな（27歳）が営業転職して年収380万→520万になった話 body_length=7374 hashtag_count=9
2026-03-28 14:26:50,398 INFO data_pipeline.collectors.note_com_rss: article_saved url=https://note.com/sota_career/n/n8827bd538f40 title=SE4年目のなな（27歳）が営業転職して年収380万→520万になった話
2026-03-28 14:26:50,398 INFO data_pipeline.collectors.note_com_browser: scraping_article url=https://note.com/sota_career/n/nc92c0aeb3a97
2026-03-28 14:26:52,958 INFO data_pipeline.collectors.note_com_browser: article_scraped url=https://note.com/sota_career/n/nc92c0aeb3a97 title=SE→営業に転職して後悔しない？けんに聞いた年収と壁のリアル body_length=5688 hashtag_count=9
2026-03-28 14:26:53,040 INFO data_pipeline.collectors.note_com_rss: article_saved url=https://note.com/sota_career/n/nc92c0aeb3a97 title=SE→営業に転職して後悔しない？けんに聞いた年収と壁のリアル
2026-03-28 14:26:53,040 INFO data_pipeline.collectors.note_com_browser: scraping_article url=https://note.com/sota_career/n/n952bbd6ace9a
2026-03-28 14:26:55,702 INFO data_pipeline.collectors.note_com_browser: article_scraped url=https://note.com/sota_career/n/n952bbd6ace9a title=未経験からWebデザイナーに転職した27歳にリアルな話を全部聞いた body_length=6017 hashtag_count=8
2026-03-28 14:26:55,758 INFO data_pipeline.collectors.note_com_rss: article_saved url=https://note.com/sota_career/n/n952bbd6ace9a title=未経験からWebデザイナーに転職した27歳にリアルな話を全部聞いた
2026-03-28 14:26:55,758 INFO data_pipeline.collectors.note_com_browser: scraping_article url=https://note.com/sota_career/n/nf3fc092d0a00
2026-03-28 14:26:58,739 INFO data_pipeline.collectors.note_com_browser: article_scraped url=https://note.com/sota_career/n/nf3fc092d0a00 title=販売から事務に転職した28歳にガチで聞いた｜年収と後悔のリアル body_length=7731 hashtag_count=9
2026-03-28 14:26:58,852 INFO data_pipeline.collectors.note_com_rss: article_saved url=https://note.com/sota_career/n/nf3fc092d0a00 title=販売から事務に転職した28歳にガチで聞いた｜年収と後悔のリアル
2026-03-28 14:26:58,852 INFO data_pipeline.collectors.note_com_browser: scraping_article url=https://note.com/sota_career/n/n398841d4136a
2026-03-28 14:27:01,831 INFO data_pipeline.collectors.note_com_browser: article_scraped url=https://note.com/sota_career/n/n398841d4136a title=販売から事務に転職できる？スキルなし28歳のあきに全部聞いてきた body_length=7331 hashtag_count=9
2026-03-28 14:27:01,887 INFO data_pipeline.collectors.note_com_rss: article_saved url=https://note.com/sota_career/n/n398841d4136a title=販売から事務に転職できる？スキルなし28歳のあきに全部聞いてきた
2026-03-28 14:27:01,888 INFO data_pipeline.collectors.note_com_browser: scraping_article url=https://note.com/sota_career/n/n2ef7454187c7
2026-03-28 14:27:04,465 INFO data_pipeline.collectors.note_com_browser: article_scraped url=https://note.com/sota_career/n/n2ef7454187c7 title=販売から事務への転職はきつい？元アパレル店員に本音を全部聞いた body_length=6997 hashtag_count=9
2026-03-28 14:27:04,514 INFO data_pipeline.collectors.note_com_rss: article_saved url=https://note.com/sota_career/n/n2ef7454187c7 title=販売から事務への転職はきつい？元アパレル店員に本音を全部聞いた
2026-03-28 14:27:04,522 INFO data_pipeline.collectors.note_com_browser: scraping_article url=https://note.com/sota_career/n/n49c93efecc73
2026-03-28 14:27:07,291 INFO data_pipeline.collectors.note_com_browser: article_scraped url=https://note.com/sota_career/n/n49c93efecc73 title=販売から事務に転職して後悔しない？元アパレル販売員りかに取材してきた body_length=7137 hashtag_count=9
2026-03-28 14:27:07,386 INFO data_pipeline.collectors.note_com_rss: article_saved url=https://note.com/sota_career/n/n49c93efecc73 title=販売から事務に転職して後悔しない？元アパレル販売員りかに取材してきた
2026-03-28 14:27:07,386 INFO data_pipeline.collectors.note_com_browser: scraping_article url=https://note.com/sota_career/n/n4397c8e9fbf7
2026-03-28 14:27:10,067 INFO data_pipeline.collectors.note_com_browser: article_scraped url=https://note.com/sota_career/n/n4397c8e9fbf7 title=美容師から転職は「逃げ」じゃない｜50人取材で分かった具体的手順 body_length=6736 hashtag_count=9
2026-03-28 14:27:10,126 INFO data_pipeline.collectors.note_com_rss: article_saved url=https://note.com/sota_career/n/n4397c8e9fbf7 title=美容師から転職は「逃げ」じゃない｜50人取材で分かった具体的手順
2026-03-28 14:27:10,127 INFO data_pipeline.collectors.note_com_browser: scraping_article url=https://note.com/kei_10m_asset/n/nf6c5ced28c53
2026-03-28 14:27:13,145 INFO data_pipeline.collectors.note_com_browser: article_scraped url=https://note.com/kei_10m_asset/n/nf6c5ced28c53 title=銀行口座の断捨離をしたら楽になった話。目的別口座で子どものお金管理もスマートに。 body_length=2465 hashtag_count=10
2026-03-28 14:27:13,296 INFO data_pipeline.collectors.note_com_rss: article_saved url=https://note.com/kei_10m_asset/n/nf6c5ced28c53 title=銀行口座の断捨離をしたら楽になった話。目的別口座で子どものお金管理もスマートに。
2026-03-28 14:27:13,297 INFO data_pipeline.collectors.note_com_browser: scraping_article url=https://note.com/kei_10m_asset/n/naeeca4347e98
2026-03-28 14:27:15,942 INFO data_pipeline.collectors.note_com_browser: article_scraped url=https://note.com/kei_10m_asset/n/naeeca4347e98 title=​1ヶ月半で250人の方にフォロー頂き感謝です！資産形成noteの今後について。 body_length=2202 hashtag_count=10
2026-03-28 14:27:16,007 INFO data_pipeline.collectors.note_com_rss: article_saved url=https://note.com/kei_10m_asset/n/naeeca4347e98 title=​1ヶ月半で250人の方にフォロー頂き感謝です！資産形成noteの今後について。
2026-03-28 14:27:16,007 INFO data_pipeline.collectors.note_com_browser: scraping_article url=https://note.com/kei_10m_asset/n/ned5cb39d3281
2026-03-28 14:27:18,928 INFO data_pipeline.collectors.note_com_browser: article_scraped url=https://note.com/kei_10m_asset/n/ned5cb39d3281 title=家計を握るのは夫か妻かどちらにするのが良い？独身時代に築いた資産はどうする？ body_length=2885 hashtag_count=11
2026-03-28 14:27:19,027 INFO data_pipeline.collectors.note_com_rss: article_saved url=https://note.com/kei_10m_asset/n/ned5cb39d3281 title=家計を握るのは夫か妻かどちらにするのが良い？独身時代に築いた資産はどうする？
2026-03-28 14:27:19,027 INFO data_pipeline.collectors.note_com_browser: scraping_article url=https://note.com/kei_10m_asset/n/nc180de1546dd
2026-03-28 14:27:21,717 INFO data_pipeline.collectors.note_com_browser: article_scraped url=https://note.com/kei_10m_asset/n/nc180de1546dd title=【同い年で上位何%？】あなたは自分の年収、支出、資産の偏差値を知っていますか？ body_length=2743 hashtag_count=14
2026-03-28 14:27:21,826 INFO data_pipeline.collectors.note_com_rss: article_saved url=https://note.com/kei_10m_asset/n/nc180de1546dd title=【同い年で上位何%？】あなたは自分の年収、支出、資産の偏差値を知っていますか？
2026-03-28 14:27:21,826 INFO data_pipeline.collectors.note_com_browser: scraping_article url=https://note.com/kei_10m_asset/n/nb279cb11a08a
2026-03-28 14:27:24,616 INFO data_pipeline.collectors.note_com_browser: article_scraped url=https://note.com/kei_10m_asset/n/nb279cb11a08a title=【検証】平均年収、平均支出、平均利回りなら資産1000万に届くのはいつなのか？  body_length=3103 hashtag_count=13
2026-03-28 14:27:24,688 INFO data_pipeline.collectors.note_com_rss: article_saved url=https://note.com/kei_10m_asset/n/nb279cb11a08a title=【検証】平均年収、平均支出、平均利回りなら資産1000万に届くのはいつなのか？ 
2026-03-28 14:27:24,688 INFO data_pipeline.collectors.note_com_browser: scraping_article url=https://note.com/kei_10m_asset/n/nac6acbc47b09
2026-03-28 14:27:27,479 INFO data_pipeline.collectors.note_com_browser: article_scraped url=https://note.com/kei_10m_asset/n/nac6acbc47b09 title=資産6000万の失敗談「株はガチホが正解」と自分を戒めるための記録 body_length=1594 hashtag_count=10
2026-03-28 14:27:27,679 INFO data_pipeline.collectors.note_com_rss: article_saved url=https://note.com/kei_10m_asset/n/nac6acbc47b09 title=資産6000万の失敗談「株はガチホが正解」と自分を戒めるための記録
2026-03-28 14:27:27,679 INFO data_pipeline.collectors.note_com_browser: scraping_article url=https://note.com/kei_10m_asset/n/n98d99c276bd6
2026-03-28 14:27:30,519 INFO data_pipeline.collectors.note_com_browser: article_scraped url=https://note.com/kei_10m_asset/n/n98d99c276bd6 title=​【企画】あなたのNoteを紹介させてください。資産別「投資家アカウント名鑑」を作ります body_length=1998 hashtag_count=12
2026-03-28 14:27:30,620 INFO data_pipeline.collectors.note_com_rss: article_saved url=https://note.com/kei_10m_asset/n/n98d99c276bd6 title=​【企画】あなたのNoteを紹介させてください。資産別「投資家アカウント名鑑」を作ります
2026-03-28 14:27:30,620 INFO data_pipeline.collectors.note_com_browser: scraping_article url=https://note.com/kei_10m_asset/n/n43ebc6b0dd81
2026-03-28 14:27:33,651 INFO data_pipeline.collectors.note_com_browser: article_scraped url=https://note.com/kei_10m_asset/n/n43ebc6b0dd81 title=資産6000万から飛躍を！次の暴落で狙う「5大セクター」と、監視中の「増配株リスト」 body_length=1975 hashtag_count=10
2026-03-28 14:27:33,715 INFO data_pipeline.collectors.note_com_rss: article_saved url=https://note.com/kei_10m_asset/n/n43ebc6b0dd81 title=資産6000万から飛躍を！次の暴落で狙う「5大セクター」と、監視中の「増配株リスト」
2026-03-28 14:27:33,716 INFO data_pipeline.collectors.note_com_browser: scraping_article url=https://note.com/kei_10m_asset/n/n99a851c16131
2026-03-28 14:27:36,406 INFO data_pipeline.collectors.note_com_browser: article_scraped url=https://note.com/kei_10m_asset/n/n99a851c16131 title=20代のうちに年収を上げ、入金力を高めたい人は「転職を2回する前提」で動こう。 body_length=2590 hashtag_count=9
2026-03-28 14:27:36,476 INFO data_pipeline.collectors.note_com_rss: article_saved url=https://note.com/kei_10m_asset/n/n99a851c16131 title=20代のうちに年収を上げ、入金力を高めたい人は「転職を2回する前提」で動こう。
2026-03-28 14:27:36,476 INFO data_pipeline.collectors.note_com_browser: scraping_article url=https://note.com/kei_10m_asset/n/n46a024b4bb72
2026-03-28 14:27:39,240 INFO data_pipeline.collectors.note_com_browser: article_scraped url=https://note.com/kei_10m_asset/n/n46a024b4bb72 title=【検証】「平均年収×共働き夫婦」で1億円は作れるのか？試算してみた結果 body_length=2070 hashtag_count=9
2026-03-28 14:27:39,306 INFO data_pipeline.collectors.note_com_rss: article_saved url=https://note.com/kei_10m_asset/n/n46a024b4bb72 title=【検証】「平均年収×共働き夫婦」で1億円は作れるのか？試算してみた結果
2026-03-28 14:27:39,306 INFO data_pipeline.collectors.note_com_browser: scraping_article url=https://note.com/kei_10m_asset/n/na66ef194a673
2026-03-28 14:27:42,112 INFO data_pipeline.collectors.note_com_browser: article_scraped url=https://note.com/kei_10m_asset/n/na66ef194a673 title=​投資はギャンブルと言っていた妻をどうやって資産形成の最強パートナーに変えたか body_length=2613 hashtag_count=8
2026-03-28 14:27:42,203 INFO data_pipeline.collectors.note_com_rss: article_saved url=https://note.com/kei_10m_asset/n/na66ef194a673 title=​投資はギャンブルと言っていた妻をどうやって資産形成の最強パートナーに変えたか
2026-03-28 14:27:42,203 INFO data_pipeline.collectors.note_com_browser: scraping_article url=https://note.com/kei_10m_asset/n/n2d897a59df1b
2026-03-28 14:27:44,749 INFO data_pipeline.collectors.note_com_browser: article_scraped url=https://note.com/kei_10m_asset/n/n2d897a59df1b title=もし新卒に戻って資産0から最短で1000万作るならどうする？「3つの戦略」 body_length=2521 hashtag_count=9
2026-03-28 14:27:44,813 INFO data_pipeline.collectors.note_com_rss: article_saved url=https://note.com/kei_10m_asset/n/n2d897a59df1b title=もし新卒に戻って資産0から最短で1000万作るならどうする？「3つの戦略」
2026-03-28 14:27:44,814 INFO data_pipeline.collectors.note_com_browser: scraping_article url=https://note.com/kei_10m_asset/n/nc5dbda4ec4ce
2026-03-28 14:27:47,776 INFO data_pipeline.collectors.note_com_browser: article_scraped url=https://note.com/kei_10m_asset/n/nc5dbda4ec4ce title=【年間配当100万円】32歳・資産6000万の2児パパが育てた「高配当株ポートフォリオ」全53銘柄公開 body_length=2845 hashtag_count=5
2026-03-28 14:27:47,864 INFO data_pipeline.collectors.note_com_rss: article_saved url=https://note.com/kei_10m_asset/n/nc5dbda4ec4ce title=【年間配当100万円】32歳・資産6000万の2児パパが育てた「高配当株ポートフォリオ」全53銘柄公開
2026-03-28 14:27:47,864 INFO data_pipeline.collectors.note_com_browser: scraping_article url=https://note.com/kei_10m_asset/n/n8dd333555151
2026-03-28 14:27:50,528 INFO data_pipeline.collectors.note_com_browser: article_scraped url=https://note.com/kei_10m_asset/n/n8dd333555151 title=結婚しても「家計の主導権」を握りたければ、独身時代に「1000万円」を作っておけ。 body_length=1257 hashtag_count=9
2026-03-28 14:27:50,589 INFO data_pipeline.collectors.note_com_rss: article_saved url=https://note.com/kei_10m_asset/n/n8dd333555151 title=結婚しても「家計の主導権」を握りたければ、独身時代に「1000万円」を作っておけ。
2026-03-28 14:27:50,589 INFO data_pipeline.collectors.note_com_browser: scraping_article url=https://note.com/kei_10m_asset/n/n45367793de4d
2026-03-28 14:27:53,073 INFO data_pipeline.collectors.note_com_browser: article_scraped url=https://note.com/kei_10m_asset/n/n45367793de4d title=​【検証】貯金だけで20代のうちに1000万円貯まるか計算してみたら、完全に無理ゲーだった話。 body_length=2270 hashtag_count=10
2026-03-28 14:27:53,149 INFO data_pipeline.collectors.note_com_rss: article_saved url=https://note.com/kei_10m_asset/n/n45367793de4d title=​【検証】貯金だけで20代のうちに1000万円貯まるか計算してみたら、完全に無理ゲーだった話。
2026-03-28 14:27:53,149 INFO data_pipeline.collectors.note_com_browser: scraping_article url=https://note.com/kei_10m_asset/n/n45041a843180
2026-03-28 14:27:56,005 INFO data_pipeline.collectors.note_com_browser: article_scraped url=https://note.com/kei_10m_asset/n/n45041a843180 title=​【実体験】運用資産5000万を超えて「貯める」から「使う」へシフトした理由。準富裕層の新しいお金のルール body_length=2578 hashtag_count=7
2026-03-28 14:27:56,065 INFO data_pipeline.collectors.note_com_rss: article_saved url=https://note.com/kei_10m_asset/n/n45041a843180 title=​【実体験】運用資産5000万を超えて「貯める」から「使う」へシフトした理由。準富裕層の新しいお金のルール
2026-03-28 14:27:56,065 INFO data_pipeline.collectors.note_com_browser: scraping_article url=https://note.com/kei_10m_asset/n/n24d2bcbcecde
2026-03-28 14:27:58,587 INFO data_pipeline.collectors.note_com_browser: article_scraped url=https://note.com/kei_10m_asset/n/n24d2bcbcecde title=新卒で入社した大企業からの転職は「逃げ」か？ 安定を捨てて年収を上げる重要性 body_length=1348 hashtag_count=10
2026-03-28 14:27:58,664 INFO data_pipeline.collectors.note_com_rss: article_saved url=https://note.com/kei_10m_asset/n/n24d2bcbcecde title=新卒で入社した大企業からの転職は「逃げ」か？ 安定を捨てて年収を上げる重要性
2026-03-28 14:27:58,664 INFO data_pipeline.collectors.note_com_browser: scraping_article url=https://note.com/kei_10m_asset/n/n29781d467bda
2026-03-28 14:28:01,655 INFO data_pipeline.collectors.note_com_browser: article_scraped url=https://note.com/kei_10m_asset/n/n29781d467bda title=【楽天ポイント投資】ポイントの運用実績公開。投資初心者は現金ではなくポイントで！ body_length=1676 hashtag_count=8
2026-03-28 14:28:01,711 INFO data_pipeline.collectors.note_com_rss: article_saved url=https://note.com/kei_10m_asset/n/n29781d467bda title=【楽天ポイント投資】ポイントの運用実績公開。投資初心者は現金ではなくポイントで！
2026-03-28 14:28:01,712 INFO data_pipeline.collectors.note_com_browser: scraping_article url=https://note.com/kei_10m_asset/n/n00c7b89659df
2026-03-28 14:28:04,581 INFO data_pipeline.collectors.note_com_browser: article_scraped url=https://note.com/kei_10m_asset/n/n00c7b89659df title=【実体験】オルカン以外のレアな投信も運用中！現在のパフォーマンスを公開！ body_length=1759 hashtag_count=8
2026-03-28 14:28:04,645 INFO data_pipeline.collectors.note_com_rss: article_saved url=https://note.com/kei_10m_asset/n/n00c7b89659df title=【実体験】オルカン以外のレアな投信も運用中！現在のパフォーマンスを公開！
2026-03-28 14:28:04,645 INFO data_pipeline.collectors.note_com_browser: scraping_article url=https://note.com/kei_10m_asset/n/n72d20453b84f
2026-03-28 14:28:07,242 INFO data_pipeline.collectors.note_com_browser: article_scraped url=https://note.com/kei_10m_asset/n/n72d20453b84f title=【公開】資産6000万・年間配当100万円到達。インデックスと高配当株の二刀流 body_length=1415 hashtag_count=14
2026-03-28 14:28:07,307 INFO data_pipeline.collectors.note_com_rss: article_saved url=https://note.com/kei_10m_asset/n/n72d20453b84f title=【公開】資産6000万・年間配当100万円到達。インデックスと高配当株の二刀流
2026-03-28 14:28:07,307 INFO data_pipeline.collectors.note_com_browser: scraping_article url=https://note.com/kei_10m_asset/n/nf779c5e71018
2026-03-28 14:28:10,208 INFO data_pipeline.collectors.note_com_browser: article_scraped url=https://note.com/kei_10m_asset/n/nf779c5e71018 title=​【再現性あり】普通の会社員が26歳で資産1000万達成した「最初の壁」を突破するための全ロードマップ body_length=2297 hashtag_count=11
2026-03-28 14:28:10,292 INFO data_pipeline.collectors.note_com_rss: article_saved url=https://note.com/kei_10m_asset/n/nf779c5e71018 title=​【再現性あり】普通の会社員が26歳で資産1000万達成した「最初の壁」を突破するための全ロードマップ
2026-03-28 14:28:10,293 INFO data_pipeline.collectors.note_com_browser: scraping_article url=https://note.com/kei_10m_asset/n/n83bffce855c6
2026-03-28 14:28:13,208 INFO data_pipeline.collectors.note_com_browser: article_scraped url=https://note.com/kei_10m_asset/n/n83bffce855c6 title=【自己紹介】26歳で資産1000万円到達→現32歳で資産6000万。年収アップ転職と資産運用を駆使した普通の会社員の生存戦略 body_length=1834 hashtag_count=12
2026-03-28 14:28:13,275 INFO data_pipeline.collectors.note_com_rss: article_saved url=https://note.com/kei_10m_asset/n/n83bffce855c6 title=【自己紹介】26歳で資産1000万円到達→現32歳で資産6000万。年収アップ転職と資産運用を駆使した普通の会社員の生存戦略
2026-03-28 14:28:13,275 INFO data_pipeline.collectors.note_com_browser: scraping_article url=https://note.com/careercompass_c/n/nf2aa66426ef6
2026-03-28 14:28:16,783 INFO data_pipeline.collectors.note_com_browser: article_scraped url=https://note.com/careercompass_c/n/nf2aa66426ef6 title=成功してる30代がみんなやってるキャリア術5選｜年収32万円アップの秘訣とは body_length=3995 hashtag_count=97
2026-03-28 14:28:16,978 INFO data_pipeline.collectors.note_com_rss: article_saved url=https://note.com/careercompass_c/n/nf2aa66426ef6 title=成功してる30代がみんなやってるキャリア術5選｜年収32万円アップの秘訣とは
2026-03-28 14:28:16,978 INFO data_pipeline.collectors.note_com_browser: scraping_article url=https://note.com/careercompass_c/n/ne3011032b029
2026-03-28 14:28:19,537 INFO data_pipeline.collectors.note_com_browser: article_is_paid_skipping url=https://note.com/careercompass_c/n/ne3011032b029
2026-03-28 14:28:19,538 INFO data_pipeline.collectors.note_com_rss: article_paid_skipped url=https://note.com/careercompass_c/n/ne3011032b029
2026-03-28 14:28:19,538 INFO data_pipeline.collectors.note_com_browser: scraping_article url=https://note.com/careercompass_c/n/nb5bf9d1f719f
2026-03-28 14:28:22,427 INFO data_pipeline.collectors.note_com_browser: article_is_paid_skipping url=https://note.com/careercompass_c/n/nb5bf9d1f719f
2026-03-28 14:28:22,427 INFO data_pipeline.collectors.note_com_rss: article_paid_skipped url=https://note.com/careercompass_c/n/nb5bf9d1f719f
2026-03-28 14:28:22,427 INFO data_pipeline.collectors.note_com_browser: scraping_article url=https://note.com/careercompass_c/n/n4901d1b853d5
2026-03-28 14:28:24,848 INFO data_pipeline.collectors.note_com_browser: article_is_paid_skipping url=https://note.com/careercompass_c/n/n4901d1b853d5
2026-03-28 14:28:24,848 INFO data_pipeline.collectors.note_com_rss: article_paid_skipped url=https://note.com/careercompass_c/n/n4901d1b853d5
2026-03-28 14:28:24,848 INFO data_pipeline.collectors.note_com_browser: scraping_article url=https://note.com/careercompass_c/n/n8163e6cbc5f9
2026-03-28 14:28:27,512 INFO data_pipeline.collectors.note_com_browser: article_is_paid_skipping url=https://note.com/careercompass_c/n/n8163e6cbc5f9
2026-03-28 14:28:27,512 INFO data_pipeline.collectors.note_com_rss: article_paid_skipped url=https://note.com/careercompass_c/n/n8163e6cbc5f9
2026-03-28 14:28:27,512 INFO data_pipeline.collectors.note_com_browser: scraping_article url=https://note.com/careercompass_c/n/n00fd1c9faf2e
2026-03-28 14:28:30,419 INFO data_pipeline.collectors.note_com_browser: article_is_paid_skipping url=https://note.com/careercompass_c/n/n00fd1c9faf2e
2026-03-28 14:28:30,419 INFO data_pipeline.collectors.note_com_rss: article_paid_skipped url=https://note.com/careercompass_c/n/n00fd1c9faf2e
2026-03-28 14:28:30,420 INFO data_pipeline.collectors.note_com_browser: scraping_article url=https://note.com/careercompass_c/n/n5a4a03fe5eab
2026-03-28 14:28:32,974 INFO data_pipeline.collectors.note_com_browser: article_is_paid_skipping url=https://note.com/careercompass_c/n/n5a4a03fe5eab
2026-03-28 14:28:32,974 INFO data_pipeline.collectors.note_com_rss: article_paid_skipped url=https://note.com/careercompass_c/n/n5a4a03fe5eab
2026-03-28 14:28:32,974 INFO data_pipeline.collectors.note_com_browser: scraping_article url=https://note.com/careercompass_c/n/n3a2289da0aad
2026-03-28 14:28:35,818 INFO data_pipeline.collectors.note_com_browser: article_is_paid_skipping url=https://note.com/careercompass_c/n/n3a2289da0aad
2026-03-28 14:28:35,818 INFO data_pipeline.collectors.note_com_rss: article_paid_skipped url=https://note.com/careercompass_c/n/n3a2289da0aad
2026-03-28 14:28:35,818 INFO data_pipeline.collectors.note_com_browser: scraping_article url=https://note.com/careercompass_c/n/nf7661b945931
2026-03-28 14:28:38,391 INFO data_pipeline.collectors.note_com_browser: article_is_paid_skipping url=https://note.com/careercompass_c/n/nf7661b945931
2026-03-28 14:28:38,391 INFO data_pipeline.collectors.note_com_rss: article_paid_skipped url=https://note.com/careercompass_c/n/nf7661b945931
2026-03-28 14:28:38,391 INFO data_pipeline.collectors.note_com_browser: scraping_article url=https://note.com/careercompass_c/n/n637e022c6ec9
2026-03-28 14:28:41,122 INFO data_pipeline.collectors.note_com_browser: article_is_paid_skipping url=https://note.com/careercompass_c/n/n637e022c6ec9
2026-03-28 14:28:41,122 INFO data_pipeline.collectors.note_com_rss: article_paid_skipped url=https://note.com/careercompass_c/n/n637e022c6ec9
2026-03-28 14:28:41,122 INFO data_pipeline.collectors.note_com_browser: scraping_article url=https://note.com/careercompass_c/n/nd844630b5ff9
2026-03-28 14:28:43,753 INFO data_pipeline.collectors.note_com_browser: article_is_paid_skipping url=https://note.com/careercompass_c/n/nd844630b5ff9
2026-03-28 14:28:43,753 INFO data_pipeline.collectors.note_com_rss: article_paid_skipped url=https://note.com/careercompass_c/n/nd844630b5ff9
2026-03-28 14:28:43,753 INFO data_pipeline.collectors.note_com_browser: scraping_article url=https://note.com/careercompass_c/n/n7d62819ebf9d
2026-03-28 14:28:48,231 INFO data_pipeline.collectors.note_com_browser: article_is_paid_skipping url=https://note.com/careercompass_c/n/n7d62819ebf9d
2026-03-28 14:28:48,231 INFO data_pipeline.collectors.note_com_rss: article_paid_skipped url=https://note.com/careercompass_c/n/n7d62819ebf9d
2026-03-28 14:28:48,231 INFO data_pipeline.collectors.note_com_browser: scraping_article url=https://note.com/careercompass_c/n/nf85c3d6190b5
2026-03-28 14:28:51,063 INFO data_pipeline.collectors.note_com_browser: article_is_paid_skipping url=https://note.com/careercompass_c/n/nf85c3d6190b5
2026-03-28 14:28:51,063 INFO data_pipeline.collectors.note_com_rss: article_paid_skipped url=https://note.com/careercompass_c/n/nf85c3d6190b5
2026-03-28 14:28:51,063 INFO data_pipeline.collectors.note_com_browser: scraping_article url=https://note.com/careercompass_c/n/n5162cc133849
2026-03-28 14:28:54,899 INFO data_pipeline.collectors.note_com_browser: article_is_paid_skipping url=https://note.com/careercompass_c/n/n5162cc133849
2026-03-28 14:28:54,899 INFO data_pipeline.collectors.note_com_rss: article_paid_skipped url=https://note.com/careercompass_c/n/n5162cc133849
2026-03-28 14:28:54,899 INFO data_pipeline.collectors.note_com_browser: scraping_article url=https://note.com/careercompass_c/n/nace16a0f8ab2
2026-03-28 14:28:57,424 INFO data_pipeline.collectors.note_com_browser: article_is_paid_skipping url=https://note.com/careercompass_c/n/nace16a0f8ab2
2026-03-28 14:28:57,424 INFO data_pipeline.collectors.note_com_rss: article_paid_skipped url=https://note.com/careercompass_c/n/nace16a0f8ab2
2026-03-28 14:28:57,424 INFO data_pipeline.collectors.note_com_browser: scraping_article url=https://note.com/careercompass_c/n/nfd478e11c029
2026-03-28 14:29:00,154 INFO data_pipeline.collectors.note_com_browser: article_is_paid_skipping url=https://note.com/careercompass_c/n/nfd478e11c029
2026-03-28 14:29:00,154 INFO data_pipeline.collectors.note_com_rss: article_paid_skipped url=https://note.com/careercompass_c/n/nfd478e11c029
2026-03-28 14:29:00,158 INFO data_pipeline.collectors.note_com_browser: scraping_article url=https://note.com/careercompass_c/n/nb63631ca6d8d
2026-03-28 14:29:03,083 INFO data_pipeline.collectors.note_com_browser: article_is_paid_skipping url=https://note.com/careercompass_c/n/nb63631ca6d8d
2026-03-28 14:29:03,084 INFO data_pipeline.collectors.note_com_rss: article_paid_skipped url=https://note.com/careercompass_c/n/nb63631ca6d8d
2026-03-28 14:29:03,084 INFO data_pipeline.collectors.note_com_browser: scraping_article url=https://note.com/careercompass_c/n/nb2df6495bcbf
2026-03-28 14:29:05,779 INFO data_pipeline.collectors.note_com_browser: article_is_paid_skipping url=https://note.com/careercompass_c/n/nb2df6495bcbf
2026-03-28 14:29:05,779 INFO data_pipeline.collectors.note_com_rss: article_paid_skipped url=https://note.com/careercompass_c/n/nb2df6495bcbf
2026-03-28 14:29:05,779 INFO data_pipeline.collectors.note_com_browser: scraping_article url=https://note.com/careercompass_c/n/n50a163c1f945
2026-03-28 14:29:08,574 INFO data_pipeline.collectors.note_com_browser: article_is_paid_skipping url=https://note.com/careercompass_c/n/n50a163c1f945
2026-03-28 14:29:08,574 INFO data_pipeline.collectors.note_com_rss: article_paid_skipped url=https://note.com/careercompass_c/n/n50a163c1f945
2026-03-28 14:29:08,574 INFO data_pipeline.collectors.note_com_browser: scraping_article url=https://note.com/careercompass_c/n/n9ae317b2735d
2026-03-28 14:29:11,312 INFO data_pipeline.collectors.note_com_browser: article_is_paid_skipping url=https://note.com/careercompass_c/n/n9ae317b2735d
2026-03-28 14:29:11,312 INFO data_pipeline.collectors.note_com_rss: article_paid_skipped url=https://note.com/careercompass_c/n/n9ae317b2735d
2026-03-28 14:29:11,312 INFO data_pipeline.collectors.note_com_browser: scraping_article url=https://note.com/careercompass_c/n/n78e4a1165f54
2026-03-28 14:29:13,999 INFO data_pipeline.collectors.note_com_browser: article_is_paid_skipping url=https://note.com/careercompass_c/n/n78e4a1165f54
2026-03-28 14:29:13,999 INFO data_pipeline.collectors.note_com_rss: article_paid_skipped url=https://note.com/careercompass_c/n/n78e4a1165f54
2026-03-28 14:29:13,999 INFO data_pipeline.collectors.note_com_browser: scraping_article url=https://note.com/careercompass_c/n/nb8bb0bb5b85f
2026-03-28 14:29:16,540 INFO data_pipeline.collectors.note_com_browser: article_is_paid_skipping url=https://note.com/careercompass_c/n/nb8bb0bb5b85f
2026-03-28 14:29:16,540 INFO data_pipeline.collectors.note_com_rss: article_paid_skipped url=https://note.com/careercompass_c/n/nb8bb0bb5b85f
2026-03-28 14:29:16,540 INFO data_pipeline.collectors.note_com_browser: scraping_article url=https://note.com/careercompass_c/n/n3928d1f6ad63
2026-03-28 14:29:19,456 INFO data_pipeline.collectors.note_com_browser: article_is_paid_skipping url=https://note.com/careercompass_c/n/n3928d1f6ad63
2026-03-28 14:29:19,456 INFO data_pipeline.collectors.note_com_rss: article_paid_skipped url=https://note.com/careercompass_c/n/n3928d1f6ad63
2026-03-28 14:29:19,456 INFO data_pipeline.collectors.note_com_browser: scraping_article url=https://note.com/careercompass_c/n/n76572d398b9d
2026-03-28 14:29:22,239 INFO data_pipeline.collectors.note_com_browser: article_is_paid_skipping url=https://note.com/careercompass_c/n/n76572d398b9d
2026-03-28 14:29:22,239 INFO data_pipeline.collectors.note_com_rss: article_paid_skipped url=https://note.com/careercompass_c/n/n76572d398b9d
2026-03-28 14:29:22,239 INFO data_pipeline.collectors.note_com_browser: scraping_article url=https://note.com/careercompass_c/n/ncaec0cd74503
2026-03-28 14:29:24,736 INFO data_pipeline.collectors.note_com_browser: article_is_paid_skipping url=https://note.com/careercompass_c/n/ncaec0cd74503
2026-03-28 14:29:24,736 INFO data_pipeline.collectors.note_com_rss: article_paid_skipped url=https://note.com/careercompass_c/n/ncaec0cd74503
2026-03-28 14:29:24,736 INFO data_pipeline.collectors.note_com_browser: scraping_article url=https://note.com/dandism56/n/n14b9bfabc7f3
2026-03-28 14:29:27,530 INFO data_pipeline.collectors.note_com_browser: article_scraped url=https://note.com/dandism56/n/n14b9bfabc7f3 title=転職で失敗する人ほど「情報集め」に走る。成功する人が先に整えるのは「心」です body_length=2996 hashtag_count=18
2026-03-28 14:29:27,703 INFO data_pipeline.collectors.note_com_rss: article_saved url=https://note.com/dandism56/n/n14b9bfabc7f3 title=転職で失敗する人ほど「情報集め」に走る。成功する人が先に整えるのは「心」です
2026-03-28 14:29:27,703 INFO data_pipeline.collectors.note_com_browser: scraping_article url=https://note.com/dandism56/n/nbd2763dbaf72
2026-03-28 14:29:31,038 INFO data_pipeline.collectors.note_com_browser: article_scraped url=https://note.com/dandism56/n/nbd2763dbaf72 title=「昭和式の正論」が、「令和の職場」で刺さらない理由と「今も昔も変えてはいけない価値観」について body_length=3004 hashtag_count=41
2026-03-28 14:29:31,097 INFO data_pipeline.collectors.note_com_rss: article_saved url=https://note.com/dandism56/n/nbd2763dbaf72 title=「昭和式の正論」が、「令和の職場」で刺さらない理由と「今も昔も変えてはいけない価値観」について
2026-03-28 14:29:31,097 INFO data_pipeline.collectors.note_com_browser: scraping_article url=https://note.com/dandism56/n/n0c77b20c5271
2026-03-28 14:29:34,247 INFO data_pipeline.collectors.note_com_browser: article_scraped url=https://note.com/dandism56/n/n0c77b20c5271 title=【450日連続投稿】note継続投稿により完全復活の確信が深まる「習慣のパワー」 body_length=3090 hashtag_count=45
2026-03-28 14:29:34,322 INFO data_pipeline.collectors.note_com_rss: article_saved url=https://note.com/dandism56/n/n0c77b20c5271 title=【450日連続投稿】note継続投稿により完全復活の確信が深まる「習慣のパワー」
2026-03-28 14:29:34,322 INFO data_pipeline.collectors.note_com_browser: scraping_article url=https://note.com/dandism56/n/n0d63b299de0e
2026-03-28 14:29:37,494 INFO data_pipeline.collectors.note_com_browser: article_scraped url=https://note.com/dandism56/n/n0d63b299de0e title=【コングラボード2冠！！】私のパラレルワーク「会社員×フリーランス」の記事が「働き方」「起業」部門で1位を達成しました！！ body_length=2560 hashtag_count=25
2026-03-28 14:29:37,576 INFO data_pipeline.collectors.note_com_rss: article_saved url=https://note.com/dandism56/n/n0d63b299de0e title=【コングラボード2冠！！】私のパラレルワーク「会社員×フリーランス」の記事が「働き方」「起業」部門で1位を達成しました！！
2026-03-28 14:29:37,576 INFO data_pipeline.collectors.note_com_browser: scraping_article url=https://note.com/dandism56/n/n57f1226415c5
2026-03-28 14:29:40,889 INFO data_pipeline.collectors.note_com_browser: article_scraped url=https://note.com/dandism56/n/n57f1226415c5 title=転職理由の裏側にある“本当の望み”に耳を傾けたら body_length=4652 hashtag_count=43
2026-03-28 14:29:40,998 INFO data_pipeline.collectors.note_com_rss: article_saved url=https://note.com/dandism56/n/n57f1226415c5 title=転職理由の裏側にある“本当の望み”に耳を傾けたら
2026-03-28 14:29:40,998 INFO data_pipeline.collectors.note_com_browser: scraping_article url=https://note.com/dandism56/n/n97b6a5b7793d
2026-03-28 14:29:44,270 INFO data_pipeline.collectors.note_com_browser: article_scraped url=https://note.com/dandism56/n/n97b6a5b7793d title=【7000フォロワー突破！】毎日投稿だからこそ、最近noteでこだわっている「復活」への糸口 body_length=3366 hashtag_count=43
2026-03-28 14:29:44,347 INFO data_pipeline.collectors.note_com_rss: article_saved url=https://note.com/dandism56/n/n97b6a5b7793d title=【7000フォロワー突破！】毎日投稿だからこそ、最近noteでこだわっている「復活」への糸口
2026-03-28 14:29:44,347 INFO data_pipeline.collectors.note_com_browser: scraping_article url=https://note.com/dandism56/n/n460d0242f417
2026-03-28 14:29:47,528 INFO data_pipeline.collectors.note_com_browser: article_scraped url=https://note.com/dandism56/n/n460d0242f417 title=【内定者インタビュー】内定承諾された方に、はじてん転職支援サービスの魅力について聞いてみました！ body_length=7160 hashtag_count=46
2026-03-28 14:29:47,600 INFO data_pipeline.collectors.note_com_rss: article_saved url=https://note.com/dandism56/n/n460d0242f417 title=【内定者インタビュー】内定承諾された方に、はじてん転職支援サービスの魅力について聞いてみました！
2026-03-28 14:29:47,600 INFO data_pipeline.collectors.note_com_browser: scraping_article url=https://note.com/dandism56/n/nf59d6d905299
2026-03-28 14:29:50,661 INFO data_pipeline.collectors.note_com_browser: article_scraped url=https://note.com/dandism56/n/nf59d6d905299 title=【チームワーク】成果が出るチームは「情報共有の粒度」が違う body_length=4162 hashtag_count=37
2026-03-28 14:29:50,733 INFO data_pipeline.collectors.note_com_rss: article_saved url=https://note.com/dandism56/n/nf59d6d905299 title=【チームワーク】成果が出るチームは「情報共有の粒度」が違う
2026-03-28 14:29:50,734 INFO data_pipeline.collectors.note_com_browser: scraping_article url=https://note.com/dandism56/n/n071a0e8cd4ab
2026-03-28 14:29:53,482 INFO data_pipeline.collectors.note_com_browser: article_scraped url=https://note.com/dandism56/n/n071a0e8cd4ab title=職場復帰がキツい時、心を折らない“小さな達成”の作り方 body_length=3591 hashtag_count=25
2026-03-28 14:29:53,570 INFO data_pipeline.collectors.note_com_rss: article_saved url=https://note.com/dandism56/n/n071a0e8cd4ab title=職場復帰がキツい時、心を折らない“小さな達成”の作り方
2026-03-28 14:29:53,570 INFO data_pipeline.collectors.note_com_browser: scraping_article url=https://note.com/dandism56/n/ncbc258083b70
2026-03-28 14:29:56,828 INFO data_pipeline.collectors.note_com_browser: article_scraped url=https://note.com/dandism56/n/ncbc258083b70 title=【複業】会社員×フリーランスで起こる“時間の分断”を統合する方法 body_length=2781 hashtag_count=58
2026-03-28 14:29:56,907 INFO data_pipeline.collectors.note_com_rss: article_saved url=https://note.com/dandism56/n/ncbc258083b70 title=【複業】会社員×フリーランスで起こる“時間の分断”を統合する方法
2026-03-28 14:29:56,907 INFO data_pipeline.collectors.note_com_browser: scraping_article url=https://note.com/dandism56/n/na521401794ab
2026-03-28 14:30:00,077 INFO data_pipeline.collectors.note_com_browser: article_scraped url=https://note.com/dandism56/n/na521401794ab title=【週間1位コングラボード！】早期離職は「永遠の社会課題」その中で努力できることとは body_length=3313 hashtag_count=50
2026-03-28 14:30:00,157 INFO data_pipeline.collectors.note_com_rss: article_saved url=https://note.com/dandism56/n/na521401794ab title=【週間1位コングラボード！】早期離職は「永遠の社会課題」その中で努力できることとは
2026-03-28 14:30:00,157 INFO data_pipeline.collectors.note_com_browser: scraping_article url=https://note.com/dandism56/n/n256e11bfe1ab
2026-03-28 14:30:03,005 INFO data_pipeline.collectors.note_com_browser: article_scraped url=https://note.com/dandism56/n/n256e11bfe1ab title=【幸せな働き方】「エンゲージメント」をテーマにした投稿が「個人の時代を生き抜くみんなの知恵袋」にマガジン登録していただきました！ body_length=3016 hashtag_count=49
2026-03-28 14:30:03,083 INFO data_pipeline.collectors.note_com_rss: article_saved url=https://note.com/dandism56/n/n256e11bfe1ab title=【幸せな働き方】「エンゲージメント」をテーマにした投稿が「個人の時代を生き抜くみんなの知恵袋」にマガジン登録していただきました！
2026-03-28 14:30:03,083 INFO data_pipeline.collectors.note_com_browser: scraping_article url=https://note.com/dandism56/n/ncb0e797f2e32
2026-03-28 14:30:06,083 INFO data_pipeline.collectors.note_com_browser: article_scraped url=https://note.com/dandism56/n/ncb0e797f2e32 title=【WBC2026】でベネズエラとの死闘を繰り広げた侍ジャパン！プロとしての「ミス」の怖さ body_length=3378 hashtag_count=40
2026-03-28 14:30:06,140 INFO data_pipeline.collectors.note_com_rss: article_saved url=https://note.com/dandism56/n/ncb0e797f2e32 title=【WBC2026】でベネズエラとの死闘を繰り広げた侍ジャパン！プロとしての「ミス」の怖さ
2026-03-28 14:30:06,140 INFO data_pipeline.collectors.note_com_browser: scraping_article url=https://note.com/dandism56/n/n2257ef48d414
2026-03-28 14:30:09,158 INFO data_pipeline.collectors.note_com_browser: article_scraped url=https://note.com/dandism56/n/n2257ef48d414 title=【感謝！！】「時間管理術」のnote投稿で再び「社会人先生」に！タイムマネジメントの重要性 body_length=2853 hashtag_count=31
2026-03-28 14:30:09,233 INFO data_pipeline.collectors.note_com_rss: article_saved url=https://note.com/dandism56/n/n2257ef48d414 title=【感謝！！】「時間管理術」のnote投稿で再び「社会人先生」に！タイムマネジメントの重要性
2026-03-28 14:30:09,233 INFO data_pipeline.collectors.note_com_browser: scraping_article url=https://note.com/dandism56/n/neda524b6d211
2026-03-28 14:30:12,459 INFO data_pipeline.collectors.note_com_browser: article_scraped url=https://note.com/dandism56/n/neda524b6d211 title=【キャリアの棚卸し】「職務経歴書」は転職活動の時だけ書くものだと思っていませんか？ body_length=2984 hashtag_count=30
2026-03-28 14:30:12,525 INFO data_pipeline.collectors.note_com_rss: article_saved url=https://note.com/dandism56/n/neda524b6d211 title=【キャリアの棚卸し】「職務経歴書」は転職活動の時だけ書くものだと思っていませんか？
2026-03-28 14:30:12,525 INFO data_pipeline.collectors.note_com_browser: scraping_article url=https://note.com/dandism56/n/na8057b11f033
2026-03-28 14:30:15,957 INFO data_pipeline.collectors.note_com_browser: article_scraped url=https://note.com/dandism56/n/na8057b11f033 title=【6500フォロワー突破！】「note連続投稿437日目」の心境と、インサイドセールスとして職場復帰して2週間での手応え body_length=4250 hashtag_count=48
2026-03-28 14:30:16,031 INFO data_pipeline.collectors.note_com_rss: article_saved url=https://note.com/dandism56/n/na8057b11f033 title=【6500フォロワー突破！】「note連続投稿437日目」の心境と、インサイドセールスとして職場復帰して2週間での手応え
2026-03-28 14:30:16,031 INFO data_pipeline.collectors.note_com_browser: scraping_article url=https://note.com/dandism56/n/nd81e88010c8a
2026-03-28 14:30:19,261 INFO data_pipeline.collectors.note_com_browser: article_scraped url=https://note.com/dandism56/n/nd81e88010c8a title=早期離職を防ぐのはスキルより「関係性の初期構築」 body_length=3175 hashtag_count=34
2026-03-28 14:30:19,365 INFO data_pipeline.collectors.note_com_rss: article_saved url=https://note.com/dandism56/n/nd81e88010c8a title=早期離職を防ぐのはスキルより「関係性の初期構築」
2026-03-28 14:30:19,365 INFO data_pipeline.collectors.note_com_browser: scraping_article url=https://note.com/dandism56/n/n287caba9c249
2026-03-28 14:30:22,625 INFO data_pipeline.collectors.note_com_browser: article_scraped url=https://note.com/dandism56/n/n287caba9c249 title=「SaaSバブルの崩壊」に対する「SaaS転職」のキャリア戦略 body_length=4050 hashtag_count=38
2026-03-28 14:30:22,700 INFO data_pipeline.collectors.note_com_rss: article_saved url=https://note.com/dandism56/n/n287caba9c249 title=「SaaSバブルの崩壊」に対する「SaaS転職」のキャリア戦略
2026-03-28 14:30:22,700 INFO data_pipeline.collectors.note_com_browser: scraping_article url=https://note.com/dandism56/n/n58633a55a12a
2026-03-28 14:30:25,931 INFO data_pipeline.collectors.note_com_browser: article_scraped url=https://note.com/dandism56/n/n58633a55a12a title=【リライト版】パラレルキャリアのルーツは著書『25歳からのコングロマリットという働き方』です body_length=3407 hashtag_count=38
2026-03-28 14:30:25,990 INFO data_pipeline.collectors.note_com_rss: article_saved url=https://note.com/dandism56/n/n58633a55a12a title=【リライト版】パラレルキャリアのルーツは著書『25歳からのコングロマリットという働き方』です
2026-03-28 14:30:25,990 INFO data_pipeline.collectors.note_com_browser: scraping_article url=https://note.com/dandism56/n/nfd5724b86730
2026-03-28 14:30:28,958 INFO data_pipeline.collectors.note_com_browser: article_scraped url=https://note.com/dandism56/n/nfd5724b86730 title=優れたリーダーやビジネスパーソンの共通するスタイルは「共感」と「伴走」です body_length=3448 hashtag_count=32
2026-03-28 14:30:29,034 INFO data_pipeline.collectors.note_com_rss: article_saved url=https://note.com/dandism56/n/nfd5724b86730 title=優れたリーダーやビジネスパーソンの共通するスタイルは「共感」と「伴走」です
2026-03-28 14:30:29,034 INFO data_pipeline.collectors.note_com_browser: scraping_article url=https://note.com/dandism56/n/n31e8a87bc2da
2026-03-28 14:30:34,207 INFO data_pipeline.collectors.note_com_browser: article_scraped url=https://note.com/dandism56/n/n31e8a87bc2da title=「エンゲージメント改善」と「人材採用」をどう両立させるか？転職エージェントとしてできることとは body_length=3486 hashtag_count=44
2026-03-28 14:30:34,282 INFO data_pipeline.collectors.note_com_rss: article_saved url=https://note.com/dandism56/n/n31e8a87bc2da title=「エンゲージメント改善」と「人材採用」をどう両立させるか？転職エージェントとしてできることとは
2026-03-28 14:30:34,282 INFO data_pipeline.collectors.note_com_browser: scraping_article url=https://note.com/dandism56/n/n96cf13e1232b
2026-03-28 14:30:37,274 INFO data_pipeline.collectors.note_com_browser: article_scraped url=https://note.com/dandism56/n/n96cf13e1232b title=パラレルワークは「総収入アップ戦略」です body_length=4347 hashtag_count=33
2026-03-28 14:30:37,443 INFO data_pipeline.collectors.note_com_rss: article_saved url=https://note.com/dandism56/n/n96cf13e1232b title=パラレルワークは「総収入アップ戦略」です
2026-03-28 14:30:37,443 INFO data_pipeline.collectors.note_com_browser: scraping_article url=https://note.com/dandism56/n/n57da7d875675
2026-03-28 14:30:40,422 INFO data_pipeline.collectors.note_com_browser: article_scraped url=https://note.com/dandism56/n/n57da7d875675 title=【セルフマネジメント】人間は、脳内で「意思決定」を60000回以上しています body_length=3440 hashtag_count=49
2026-03-28 14:30:40,481 INFO data_pipeline.collectors.note_com_rss: article_saved url=https://note.com/dandism56/n/n57da7d875675 title=【セルフマネジメント】人間は、脳内で「意思決定」を60000回以上しています
2026-03-28 14:30:40,481 INFO data_pipeline.collectors.note_com_browser: scraping_article url=https://note.com/dandism56/n/n4eafc96d3354
2026-03-28 14:30:43,390 INFO data_pipeline.collectors.note_com_browser: article_scraped url=https://note.com/dandism56/n/n4eafc96d3354 title=【週間1位コングラボード復活！】月間20000ビュー突破の反響から感じた、物事を上達させる「量質転化」の本質に迫ってみました body_length=3230 hashtag_count=49
2026-03-28 14:30:43,447 INFO data_pipeline.collectors.note_com_rss: article_saved url=https://note.com/dandism56/n/n4eafc96d3354 title=【週間1位コングラボード復活！】月間20000ビュー突破の反響から感じた、物事を上達させる「量質転化」の本質に迫ってみました
2026-03-28 14:30:43,447 INFO data_pipeline.collectors.note_com_browser: scraping_article url=https://note.com/dandism56/n/ne493c4e25e31
2026-03-28 14:30:46,685 INFO data_pipeline.collectors.note_com_browser: article_scraped url=https://note.com/dandism56/n/ne493c4e25e31 title=6000フォロワー突破！SNS活動で「同業クリエイター」との交流の喜び body_length=1936 hashtag_count=28
2026-03-28 14:30:46,760 INFO data_pipeline.collectors.note_com_rss: article_saved url=https://note.com/dandism56/n/ne493c4e25e31 title=6000フォロワー突破！SNS活動で「同業クリエイター」との交流の喜び
2026-03-28 14:30:46,760 INFO data_pipeline.collectors.note_com_browser: scraping_article url=https://note.com/miraicareer_blog/n/nfe66dcf2a615
2026-03-28 14:30:49,839 INFO data_pipeline.collectors.note_com_browser: article_scraped url=https://note.com/miraicareer_blog/n/nfe66dcf2a615 title=面接後10分の振り返りが、内定を引き寄せる body_length=1789 hashtag_count=20
2026-03-28 14:30:50,040 INFO data_pipeline.collectors.note_com_rss: article_saved url=https://note.com/miraicareer_blog/n/nfe66dcf2a615 title=面接後10分の振り返りが、内定を引き寄せる
2026-03-28 14:30:50,040 INFO data_pipeline.collectors.note_com_browser: scraping_article url=https://note.com/miraicareer_blog/n/naac8f7058753
2026-03-28 14:30:53,173 INFO data_pipeline.collectors.note_com_browser: article_scraped url=https://note.com/miraicareer_blog/n/naac8f7058753 title=5月の転職活動で失敗しない GWを活かす準備と求人の見方 body_length=1627 hashtag_count=22
2026-03-28 14:30:53,243 INFO data_pipeline.collectors.note_com_rss: article_saved url=https://note.com/miraicareer_blog/n/naac8f7058753 title=5月の転職活動で失敗しない GWを活かす準備と求人の見方
2026-03-28 14:30:53,243 INFO data_pipeline.collectors.note_com_browser: scraping_article url=https://note.com/miraicareer_blog/n/n6caa89311fe8
2026-03-28 14:30:56,331 INFO data_pipeline.collectors.note_com_browser: article_scraped url=https://note.com/miraicareer_blog/n/n6caa89311fe8 title=「なんとなく違う」と感じた求人、その違和感の正体とは？ body_length=1657 hashtag_count=21
2026-03-28 14:30:56,409 INFO data_pipeline.collectors.note_com_rss: article_saved url=https://note.com/miraicareer_blog/n/n6caa89311fe8 title=「なんとなく違う」と感じた求人、その違和感の正体とは？
2026-03-28 14:30:56,409 INFO data_pipeline.collectors.note_com_browser: scraping_article url=https://note.com/miraicareer_blog/n/n922d185d10a7
2026-03-28 14:30:59,129 INFO data_pipeline.collectors.note_com_browser: article_scraped url=https://note.com/miraicareer_blog/n/n922d185d10a7 title=製造業は売り手市場？企業担当が語る転職のリアル body_length=1934 hashtag_count=20
2026-03-28 14:30:59,205 INFO data_pipeline.collectors.note_com_rss: article_saved url=https://note.com/miraicareer_blog/n/n922d185d10a7 title=製造業は売り手市場？企業担当が語る転職のリアル
2026-03-28 14:30:59,205 INFO data_pipeline.collectors.note_com_browser: scraping_article url=https://note.com/miraicareer_blog/n/ne1de2cbd73cc
2026-03-28 14:31:02,304 INFO data_pipeline.collectors.note_com_browser: article_scraped url=https://note.com/miraicareer_blog/n/ne1de2cbd73cc title=4月入社に間に合う？転職開始の目安と失敗しない準備の進め方 body_length=2118 hashtag_count=20
2026-03-28 14:31:02,379 INFO data_pipeline.collectors.note_com_rss: article_saved url=https://note.com/miraicareer_blog/n/ne1de2cbd73cc title=4月入社に間に合う？転職開始の目安と失敗しない準備の進め方
2026-03-28 14:31:02,379 INFO data_pipeline.collectors.note_com_browser: scraping_article url=https://note.com/miraicareer_blog/n/n8d7c1bc01dea
2026-03-28 14:31:05,305 INFO data_pipeline.collectors.note_com_browser: article_scraped url=https://note.com/miraicareer_blog/n/n8d7c1bc01dea title=転職情報、誰の言うことを信じればいいんだ問題 body_length=4248 hashtag_count=19
2026-03-28 14:31:05,384 INFO data_pipeline.collectors.note_com_rss: article_saved url=https://note.com/miraicareer_blog/n/n8d7c1bc01dea title=転職情報、誰の言うことを信じればいいんだ問題
2026-03-28 14:31:05,384 INFO data_pipeline.collectors.note_com_browser: scraping_article url=https://note.com/miraicareer_blog/n/n3f3a3ff302a8
2026-03-28 14:31:08,164 INFO data_pipeline.collectors.note_com_browser: article_scraped url=https://note.com/miraicareer_blog/n/n3f3a3ff302a8 title=東海エリアの“働きやすい中小企業”の特徴を知る body_length=1954 hashtag_count=24
2026-03-28 14:31:08,236 INFO data_pipeline.collectors.note_com_rss: article_saved url=https://note.com/miraicareer_blog/n/n3f3a3ff302a8 title=東海エリアの“働きやすい中小企業”の特徴を知る
2026-03-28 14:31:08,236 INFO data_pipeline.collectors.note_com_browser: scraping_article url=https://note.com/miraicareer_blog/n/n01a5d3a5c629
2026-03-28 14:31:11,489 INFO data_pipeline.collectors.note_com_browser: article_scraped url=https://note.com/miraicareer_blog/n/n01a5d3a5c629 title=適性検査が不安な転職者へ 東海メーカーで見られるポイントと対策 body_length=2040 hashtag_count=22
2026-03-28 14:31:11,596 INFO data_pipeline.collectors.note_com_rss: article_saved url=https://note.com/miraicareer_blog/n/n01a5d3a5c629 title=適性検査が不安な転職者へ 東海メーカーで見られるポイントと対策
2026-03-28 14:31:11,596 INFO data_pipeline.collectors.note_com_browser: scraping_article url=https://note.com/miraicareer_blog/n/n072ed711eb09
2026-03-28 14:31:14,683 INFO data_pipeline.collectors.note_com_browser: article_scraped url=https://note.com/miraicareer_blog/n/n072ed711eb09 title=遠回りしてきたからこそ大切にしていること body_length=3679 hashtag_count=15
2026-03-28 14:31:14,756 INFO data_pipeline.collectors.note_com_rss: article_saved url=https://note.com/miraicareer_blog/n/n072ed711eb09 title=遠回りしてきたからこそ大切にしていること
2026-03-28 14:31:14,756 INFO data_pipeline.collectors.note_com_browser: scraping_article url=https://note.com/miraicareer_blog/n/n4a03476e365a
2026-03-28 14:31:17,574 INFO data_pipeline.collectors.note_com_browser: article_scraped url=https://note.com/miraicareer_blog/n/n4a03476e365a title=【CADオペレーター】モノづくりを支える設計サポートの専門職 body_length=1338 hashtag_count=22
2026-03-28 14:31:17,629 INFO data_pipeline.collectors.note_com_rss: article_saved url=https://note.com/miraicareer_blog/n/n4a03476e365a title=【CADオペレーター】モノづくりを支える設計サポートの専門職
2026-03-28 14:31:17,629 INFO data_pipeline.collectors.note_com_browser: scraping_article url=https://note.com/miraicareer_blog/n/n3ee4baf0095c
2026-03-28 14:31:20,547 INFO data_pipeline.collectors.note_com_browser: article_scraped url=https://note.com/miraicareer_blog/n/n3ee4baf0095c title=＜同年代に差を付けられないために＞20代後半～30代で身に着けたいスキル・考え方 body_length=2034 hashtag_count=22
2026-03-28 14:31:20,606 INFO data_pipeline.collectors.note_com_rss: article_saved url=https://note.com/miraicareer_blog/n/n3ee4baf0095c title=＜同年代に差を付けられないために＞20代後半～30代で身に着けたいスキル・考え方
2026-03-28 14:31:20,606 INFO data_pipeline.collectors.note_com_browser: scraping_article url=https://note.com/miraicareer_blog/n/n8578c200fc59
2026-03-28 14:31:23,413 INFO data_pipeline.collectors.note_com_browser: article_scraped url=https://note.com/miraicareer_blog/n/n8578c200fc59 title=愛知・名古屋のリアルな通勤事情と転職の考え方 body_length=1733 hashtag_count=20
2026-03-28 14:31:23,485 INFO data_pipeline.collectors.note_com_rss: article_saved url=https://note.com/miraicareer_blog/n/n8578c200fc59 title=愛知・名古屋のリアルな通勤事情と転職の考え方
2026-03-28 14:31:23,485 INFO data_pipeline.collectors.note_com_browser: scraping_article url=https://note.com/miraicareer_blog/n/n3a21ddcd394b
2026-03-28 14:31:26,792 INFO data_pipeline.collectors.note_com_browser: article_scraped url=https://note.com/miraicareer_blog/n/n3a21ddcd394b title=転職エージェントを"登録だけしておく"という選択はアリ？という疑問にお答えします body_length=1674 hashtag_count=23
2026-03-28 14:31:26,870 INFO data_pipeline.collectors.note_com_rss: article_saved url=https://note.com/miraicareer_blog/n/n3a21ddcd394b title=転職エージェントを"登録だけしておく"という選択はアリ？という疑問にお答えします
2026-03-28 14:31:26,870 INFO data_pipeline.collectors.note_com_browser: scraping_article url=https://note.com/miraicareer_blog/n/nfe4011850f17
2026-03-28 14:31:29,710 INFO data_pipeline.collectors.note_com_browser: article_scraped url=https://note.com/miraicareer_blog/n/nfe4011850f17 title=【製造技術】モノづくり現場を支える改善・開発のキーパーソン body_length=1096 hashtag_count=22
2026-03-28 14:31:29,770 INFO data_pipeline.collectors.note_com_rss: article_saved url=https://note.com/miraicareer_blog/n/nfe4011850f17 title=【製造技術】モノづくり現場を支える改善・開発のキーパーソン
2026-03-28 14:31:29,770 INFO data_pipeline.collectors.note_com_browser: scraping_article url=https://note.com/miraicareer_blog/n/nbda979739682
2026-03-28 14:31:33,140 INFO data_pipeline.collectors.note_com_browser: article_scraped url=https://note.com/miraicareer_blog/n/nbda979739682 title=転職は、神企業探しではない。情報多寡のSNS時代にエージェントが伝えたいこと body_length=2130 hashtag_count=22
2026-03-28 14:31:33,216 INFO data_pipeline.collectors.note_com_rss: article_saved url=https://note.com/miraicareer_blog/n/nbda979739682 title=転職は、神企業探しではない。情報多寡のSNS時代にエージェントが伝えたいこと
2026-03-28 14:31:33,216 INFO data_pipeline.collectors.note_com_browser: scraping_article url=https://note.com/miraicareer_blog/n/nc7181aae4702
2026-03-28 14:31:36,215 INFO data_pipeline.collectors.note_com_browser: article_scraped url=https://note.com/miraicareer_blog/n/nc7181aae4702 title=転職面接でよく聞かれる質問と答え方｜不安を自信に変える方法 body_length=1050 hashtag_count=18
2026-03-28 14:31:36,279 INFO data_pipeline.collectors.note_com_rss: article_saved url=https://note.com/miraicareer_blog/n/nc7181aae4702 title=転職面接でよく聞かれる質問と答え方｜不安を自信に変える方法
2026-03-28 14:31:36,279 INFO data_pipeline.collectors.note_com_browser: scraping_article url=https://note.com/miraicareer_blog/n/ndb696f87e85a
2026-03-28 14:31:39,007 INFO data_pipeline.collectors.note_com_browser: article_scraped url=https://note.com/miraicareer_blog/n/ndb696f87e85a title=エージェント面談、どう使っていますか？面接との違いと上手な活用法 body_length=2004 hashtag_count=24
2026-03-28 14:31:39,080 INFO data_pipeline.collectors.note_com_rss: article_saved url=https://note.com/miraicareer_blog/n/ndb696f87e85a title=エージェント面談、どう使っていますか？面接との違いと上手な活用法
2026-03-28 14:31:39,080 INFO data_pipeline.collectors.note_com_browser: scraping_article url=https://note.com/miraicareer_blog/n/n62e05c5fe898
2026-03-28 14:31:41,828 INFO data_pipeline.collectors.note_com_browser: article_scraped url=https://note.com/miraicareer_blog/n/n62e05c5fe898 title=【制御設計】モノづくりを動かす頭脳ポジション body_length=1162 hashtag_count=23
2026-03-28 14:31:41,888 INFO data_pipeline.collectors.note_com_rss: article_saved url=https://note.com/miraicareer_blog/n/n62e05c5fe898 title=【制御設計】モノづくりを動かす頭脳ポジション
2026-03-28 14:31:41,888 INFO data_pipeline.collectors.note_com_browser: scraping_article url=https://note.com/miraicareer_blog/n/n372115b3c75c
2026-03-28 14:31:44,914 INFO data_pipeline.collectors.note_com_browser: article_scraped url=https://note.com/miraicareer_blog/n/n372115b3c75c title=伝え方で損しない。穏やかな人のための結論ファースト body_length=1736 hashtag_count=25
2026-03-28 14:31:44,995 INFO data_pipeline.collectors.note_com_rss: article_saved url=https://note.com/miraicareer_blog/n/n372115b3c75c title=伝え方で損しない。穏やかな人のための結論ファースト
2026-03-28 14:31:44,995 INFO data_pipeline.collectors.note_com_browser: scraping_article url=https://note.com/miraicareer_blog/n/nf7e83932e0f3
2026-03-28 14:31:47,820 INFO data_pipeline.collectors.note_com_browser: article_scraped url=https://note.com/miraicareer_blog/n/nf7e83932e0f3 title=転職で年収アップはいくらが相場？平均81万円アップの実態と成功のポイント body_length=1342 hashtag_count=19
2026-03-28 14:31:47,883 INFO data_pipeline.collectors.note_com_rss: article_saved url=https://note.com/miraicareer_blog/n/nf7e83932e0f3 title=転職で年収アップはいくらが相場？平均81万円アップの実態と成功のポイント
2026-03-28 14:31:47,883 INFO data_pipeline.collectors.note_com_browser: scraping_article url=https://note.com/miraicareer_blog/n/n2d3da62378c6
2026-03-28 14:31:50,577 INFO data_pipeline.collectors.note_com_browser: article_scraped url=https://note.com/miraicareer_blog/n/n2d3da62378c6 title=「最後の10分」命運を分ける逆質問の重要性とは？ body_length=2348 hashtag_count=22
2026-03-28 14:31:50,630 INFO data_pipeline.collectors.note_com_rss: article_saved url=https://note.com/miraicareer_blog/n/n2d3da62378c6 title=「最後の10分」命運を分ける逆質問の重要性とは？
2026-03-28 14:31:50,630 INFO data_pipeline.collectors.note_com_browser: scraping_article url=https://note.com/miraicareer_blog/n/na4ec185bbabf
2026-03-28 14:31:53,284 INFO data_pipeline.collectors.note_com_browser: article_scraped url=https://note.com/miraicareer_blog/n/na4ec185bbabf title=【サービスエンジニア】技術力で現場を支えるフィールドのプロフェッショナル body_length=1192 hashtag_count=21
2026-03-28 14:31:53,361 INFO data_pipeline.collectors.note_com_rss: article_saved url=https://note.com/miraicareer_blog/n/na4ec185bbabf title=【サービスエンジニア】技術力で現場を支えるフィールドのプロフェッショナル
2026-03-28 14:31:53,361 INFO data_pipeline.collectors.note_com_browser: scraping_article url=https://note.com/miraicareer_blog/n/nd1adf19f88d7
2026-03-28 14:31:56,374 INFO data_pipeline.collectors.note_com_browser: article_scraped url=https://note.com/miraicareer_blog/n/nd1adf19f88d7 title=未経験から目指す半導体業界｜仕事内容・将来性・東海でのキャリア body_length=821 hashtag_count=19
2026-03-28 14:31:56,457 INFO data_pipeline.collectors.note_com_rss: article_saved url=https://note.com/miraicareer_blog/n/nd1adf19f88d7 title=未経験から目指す半導体業界｜仕事内容・将来性・東海でのキャリア
2026-03-28 14:31:56,457 INFO data_pipeline.collectors.note_com_browser: scraping_article url=https://note.com/miraicareer_blog/n/nd89a437af13c
2026-03-28 14:31:59,680 INFO data_pipeline.collectors.note_com_browser: article_scraped url=https://note.com/miraicareer_blog/n/nd89a437af13c title=転職で迷う人ほど見落としがちな「判断軸」 body_length=1292 hashtag_count=21
2026-03-28 14:31:59,786 INFO data_pipeline.collectors.note_com_rss: article_saved url=https://note.com/miraicareer_blog/n/nd89a437af13c title=転職で迷う人ほど見落としがちな「判断軸」
2026-03-28 14:31:59,786 INFO data_pipeline.collectors.note_com_browser: scraping_article url=https://note.com/miraicareer_blog/n/nf24f2fc76147
2026-03-28 14:32:02,727 INFO data_pipeline.collectors.note_com_browser: article_scraped url=https://note.com/miraicareer_blog/n/nf24f2fc76147 title=【研究開発】化学・食品・医薬品メーカーで専門性を高める技術職 body_length=1182 hashtag_count=21
2026-03-28 14:32:02,830 INFO data_pipeline.collectors.note_com_rss: article_saved url=https://note.com/miraicareer_blog/n/nf24f2fc76147 title=【研究開発】化学・食品・医薬品メーカーで専門性を高める技術職
2026-03-28 14:32:02,830 INFO data_pipeline.collectors.note_com_browser: scraping_article url=https://note.com/glad_auklet4142/n/n44cada4edb66
2026-03-28 14:32:06,592 INFO data_pipeline.collectors.note_com_browser: article_scraped url=https://note.com/glad_auklet4142/n/n44cada4edb66 title=【Claudeが使えなくなる日？】米国防総省のAI規制と生成AI会社の生存戦略。あなたのClaudeCodeが消滅する前に。国家と生成AIの覇権争い安全なAIはなぜリスク認定されたか？ #Claude #生成AI #Anthropic #ClaudeCode #ChatGPT #Gemini #OpenAI #Google #AI規制 #地政学 body_length=3680 hashtag_count=98
2026-03-28 14:32:06,684 INFO data_pipeline.collectors.note_com_rss: article_saved url=https://note.com/glad_auklet4142/n/n44cada4edb66 title=【Claudeが使えなくなる日？】米国防総省のAI規制と生成AI会社の生存戦略。あなたのClaudeCodeが消滅する前に。国家と生成AIの覇権争い安全なAIはなぜリスク認定されたか？ #Claude #生成AI #Anthropic #ClaudeCode #ChatGPT #Gemini #OpenAI #Google #AI規制 #地政学
2026-03-28 14:32:06,684 INFO data_pipeline.collectors.note_com_browser: scraping_article url=https://note.com/glad_auklet4142/n/nae45f8ac06e5
2026-03-28 14:32:12,483 INFO data_pipeline.collectors.note_com_browser: article_scraped url=https://note.com/glad_auklet4142/n/nae45f8ac06e5 title=【好き勝手に書いて、メンバーシップ1000名超え、フォロワー7000人】「お客様のため」という呪いを解く。売上と心を両立させる、250年前のマーケティング論。綺麗事を捨て、真に選ばれるセールスの哲学とは？ #メンバーシップ #毎日更新 #マーケティング #起業 #在宅副業 #文章術 #継続記録 #働き方 # body_length=23136 hashtag_count=100
2026-03-28 14:32:12,644 INFO data_pipeline.collectors.note_com_rss: article_saved url=https://note.com/glad_auklet4142/n/nae45f8ac06e5 title=【好き勝手に書いて、メンバーシップ1000名超え、フォロワー7000人】「お客様のため」という呪いを解く。売上と心を両立させる、250年前のマーケティング論。綺麗事を捨て、真に選ばれるセールスの哲学とは？ #メンバーシップ #毎日更新 #マーケティング #起業 #在宅副業 #文章術 #継続記録 #働き方 #
2026-03-28 14:32:12,644 INFO data_pipeline.collectors.note_com_browser: scraping_article url=https://note.com/glad_auklet4142/n/n2d5adc37138c
2026-03-28 14:32:16,989 INFO data_pipeline.collectors.note_com_browser: article_scraped url=https://note.com/glad_auklet4142/n/n2d5adc37138c title=【中国SMIC（半導体大手）がイラン軍に半導体技術を提供していた？】なぜ中国は米国からの制裁覚悟で、イランのミサイル頭脳を支援しているのか？裏で進む石油と技術の物々交換 #国際政治 #イラン情勢 #米国 #インフレ #中国 #イラン #サプライチェーン #米中関係 body_length=3220 hashtag_count=97
2026-03-28 14:32:17,056 INFO data_pipeline.collectors.note_com_rss: article_saved url=https://note.com/glad_auklet4142/n/n2d5adc37138c title=【中国SMIC（半導体大手）がイラン軍に半導体技術を提供していた？】なぜ中国は米国からの制裁覚悟で、イランのミサイル頭脳を支援しているのか？裏で進む石油と技術の物々交換 #国際政治 #イラン情勢 #米国 #インフレ #中国 #イラン #サプライチェーン #米中関係
2026-03-28 14:32:17,056 INFO data_pipeline.collectors.note_com_browser: scraping_article url=https://note.com/glad_auklet4142/n/n068a0f995eb4
2026-03-28 14:32:21,141 INFO data_pipeline.collectors.note_com_browser: article_scraped url=https://note.com/glad_auklet4142/n/n068a0f995eb4 title=【OpenAI「Sora」終了の真実】消えた1590億円と冷酷な生存戦略。Sora終了の裏にある「Claudeの猛追」と覇権の行方。エンタメAIは死んだのか？実利を奪い合う恐怖 #生成AI #AI活用 #Sora #ChatGPT #Claude  #Anthropic #SaaS #テクノロジー #経営 body_length=4652 hashtag_count=98
2026-03-28 14:32:21,219 INFO data_pipeline.collectors.note_com_rss: article_saved url=https://note.com/glad_auklet4142/n/n068a0f995eb4 title=【OpenAI「Sora」終了の真実】消えた1590億円と冷酷な生存戦略。Sora終了の裏にある「Claudeの猛追」と覇権の行方。エンタメAIは死んだのか？実利を奪い合う恐怖 #生成AI #AI活用 #Sora #ChatGPT #Claude  #Anthropic #SaaS #テクノロジー #経営
2026-03-28 14:32:21,219 INFO data_pipeline.collectors.note_com_browser: scraping_article url=https://note.com/glad_auklet4142/n/nefc49e007f47
2026-03-28 14:32:26,205 INFO data_pipeline.collectors.note_com_browser: article_scraped url=https://note.com/glad_auklet4142/n/nefc49e007f47 title=【有料記事に「500円」をつける手が震えるあなたへ】貿易商12年の私が教える、「売ることが怖い・苦手」の克服法。営業を"0か100"でやるから失敗する脳科学的な理由。ヒロアカが教える「常時5%理論」 #メンバーシップ #マーケティング #ライティング #発信 #在宅副業 #フリーランス #SNS #SNS発信 #自己紹介 body_length=21623 hashtag_count=100
2026-03-28 14:32:26,275 INFO data_pipeline.collectors.note_com_rss: article_saved url=https://note.com/glad_auklet4142/n/nefc49e007f47 title=【有料記事に「500円」をつける手が震えるあなたへ】貿易商12年の私が教える、「売ることが怖い・苦手」の克服法。営業を"0か100"でやるから失敗する脳科学的な理由。ヒロアカが教える「常時5%理論」 #メンバーシップ #マーケティング #ライティング #発信 #在宅副業 #フリーランス #SNS #SNS発信 #自己紹介
2026-03-28 14:32:26,276 INFO data_pipeline.collectors.note_com_browser: scraping_article url=https://note.com/glad_auklet4142/n/n3e184c85e0ca
2026-03-28 14:32:29,926 INFO data_pipeline.collectors.note_com_browser: article_scraped url=https://note.com/glad_auklet4142/n/n3e184c85e0ca title=【ドイツが日本のために、飛んできてくれた？】ドイツ軍が地球の裏側まで飛んでくる理由。日本との協力と18兆円の防衛費と8900キロの覚悟 #ドイツ #安全保障 #日独連携 #地政学 #中国 #ロシア #北朝鮮 body_length=3707 hashtag_count=100
2026-03-28 14:32:29,999 INFO data_pipeline.collectors.note_com_rss: article_saved url=https://note.com/glad_auklet4142/n/n3e184c85e0ca title=【ドイツが日本のために、飛んできてくれた？】ドイツ軍が地球の裏側まで飛んでくる理由。日本との協力と18兆円の防衛費と8900キロの覚悟 #ドイツ #安全保障 #日独連携 #地政学 #中国 #ロシア #北朝鮮
2026-03-28 14:32:29,999 INFO data_pipeline.collectors.note_com_browser: scraping_article url=https://note.com/glad_auklet4142/n/ne78957c63ad0
2026-03-28 14:32:33,213 INFO data_pipeline.collectors.note_com_browser: article_scraped url=https://note.com/glad_auklet4142/n/ne78957c63ad0 title=【イラン戦争前から、米国経済の危機？】マイナス9.2万人の衝撃。イラン戦争の「前」から壊れていた米国経済の真実数字が暴く。「最強」の幻想の終わりか？ #米国経済 #雇用統計 #インフレ #スタグフレーション #FRB #利下げ body_length=3639 hashtag_count=98
2026-03-28 14:32:33,288 INFO data_pipeline.collectors.note_com_rss: article_saved url=https://note.com/glad_auklet4142/n/ne78957c63ad0 title=【イラン戦争前から、米国経済の危機？】マイナス9.2万人の衝撃。イラン戦争の「前」から壊れていた米国経済の真実数字が暴く。「最強」の幻想の終わりか？ #米国経済 #雇用統計 #インフレ #スタグフレーション #FRB #利下げ
2026-03-28 14:32:33,288 INFO data_pipeline.collectors.note_com_browser: scraping_article url=https://note.com/glad_auklet4142/n/n245c57b08219
2026-03-28 14:32:36,836 INFO data_pipeline.collectors.note_com_browser: article_scraped url=https://note.com/glad_auklet4142/n/n245c57b08219 title=【ホルムズ海峡に「裏口」が開いた？イランがタンカーを通している？】 ホルムズ海峡「選択的開放」の罠と、日本を救う5つの裏口イランの生存戦略。原油迂回ルートの現実 #ニュース #ビジネス #経済 #国際情勢 #時事問題 #中東情勢 #エネルギー body_length=4516 hashtag_count=99
2026-03-28 14:32:36,902 INFO data_pipeline.collectors.note_com_rss: article_saved url=https://note.com/glad_auklet4142/n/n245c57b08219 title=【ホルムズ海峡に「裏口」が開いた？イランがタンカーを通している？】 ホルムズ海峡「選択的開放」の罠と、日本を救う5つの裏口イランの生存戦略。原油迂回ルートの現実 #ニュース #ビジネス #経済 #国際情勢 #時事問題 #中東情勢 #エネルギー
2026-03-28 14:32:36,902 INFO data_pipeline.collectors.note_com_browser: scraping_article url=https://note.com/hide_taxnote/n/n8e5658fec2a2
2026-03-28 14:32:40,161 INFO data_pipeline.collectors.note_com_browser: article_is_paid_skipping url=https://note.com/hide_taxnote/n/n8e5658fec2a2
2026-03-28 14:32:40,161 INFO data_pipeline.collectors.note_com_rss: article_paid_skipped url=https://note.com/hide_taxnote/n/n8e5658fec2a2
2026-03-28 14:32:40,161 INFO data_pipeline.collectors.note_com_browser: scraping_article url=https://note.com/mindset_official/n/n30d067a3ba63
2026-03-28 14:32:44,095 INFO data_pipeline.collectors.note_com_browser: article_scraped url=https://note.com/mindset_official/n/n30d067a3ba63 title=コーチングアカデミーを通じて、自分が本音でやりたいことをやって生きていいと思えた body_length=7470 hashtag_count=4
2026-03-28 14:32:44,226 INFO data_pipeline.collectors.note_com_rss: article_saved url=https://note.com/mindset_official/n/n30d067a3ba63 title=コーチングアカデミーを通じて、自分が本音でやりたいことをやって生きていいと思えた
2026-03-28 14:32:44,226 INFO data_pipeline.collectors.note_com_browser: scraping_article url=https://note.com/mindset_official/n/nd53cec9fcded
2026-03-28 14:32:47,324 INFO data_pipeline.collectors.note_com_browser: article_scraped url=https://note.com/mindset_official/n/nd53cec9fcded title=現状の外に挑み続けた総勢60人が参加！Mindset Coaching Academy 7期卒業式@渋谷QWS body_length=2801 hashtag_count=5
2026-03-28 14:32:47,410 INFO data_pipeline.collectors.note_com_rss: article_saved url=https://note.com/mindset_official/n/nd53cec9fcded title=現状の外に挑み続けた総勢60人が参加！Mindset Coaching Academy 7期卒業式@渋谷QWS
2026-03-28 14:32:47,410 INFO data_pipeline.collectors.note_com_browser: scraping_article url=https://note.com/mindset_official/n/n1ea9456e986d
2026-03-28 14:32:50,372 INFO data_pipeline.collectors.note_com_browser: article_scraped url=https://note.com/mindset_official/n/n1ea9456e986d title=成長・対人支援機能のカオスを正確に区分整理してみた body_length=3427 hashtag_count=4
2026-03-28 14:32:50,437 INFO data_pipeline.collectors.note_com_rss: article_saved url=https://note.com/mindset_official/n/n1ea9456e986d title=成長・対人支援機能のカオスを正確に区分整理してみた
2026-03-28 14:32:50,437 INFO data_pipeline.collectors.note_com_browser: scraping_article url=https://note.com/mindset_official/n/n09ebda7655b9
2026-03-28 14:32:53,429 INFO data_pipeline.collectors.note_com_browser: article_scraped url=https://note.com/mindset_official/n/n09ebda7655b9 title=200名以上が参加した「コーチング×専門性での変革ストーリー」パネルディスカッション・イベントレポート body_length=5243 hashtag_count=3
2026-03-28 14:32:53,491 INFO data_pipeline.collectors.note_com_rss: article_saved url=https://note.com/mindset_official/n/n09ebda7655b9 title=200名以上が参加した「コーチング×専門性での変革ストーリー」パネルディスカッション・イベントレポート
2026-03-28 14:32:53,492 INFO data_pipeline.collectors.note_com_browser: scraping_article url=https://note.com/mindset_official/n/n2d9c7417e170
2026-03-28 14:32:56,274 INFO data_pipeline.collectors.note_com_browser: article_scraped url=https://note.com/mindset_official/n/n2d9c7417e170 title=200名以上が参加した「プロコーチとクライアントによるパネルディスカッション」レポート Vol.3 body_length=3711 hashtag_count=3
2026-03-28 14:32:56,345 INFO data_pipeline.collectors.note_com_rss: article_saved url=https://note.com/mindset_official/n/n2d9c7417e170 title=200名以上が参加した「プロコーチとクライアントによるパネルディスカッション」レポート Vol.3
2026-03-28 14:32:56,345 INFO data_pipeline.collectors.note_com_browser: scraping_article url=https://note.com/mindset_official/n/nd1343880eab4
2026-03-28 14:32:59,084 INFO data_pipeline.collectors.note_com_browser: article_scraped url=https://note.com/mindset_official/n/nd1343880eab4 title=200名以上が参加した「プロコーチとクライアントによるパネルディスカッション」レポート Vol.2 body_length=3220 hashtag_count=3
2026-03-28 14:32:59,150 INFO data_pipeline.collectors.note_com_rss: article_saved url=https://note.com/mindset_official/n/nd1343880eab4 title=200名以上が参加した「プロコーチとクライアントによるパネルディスカッション」レポート Vol.2
2026-03-28 14:32:59,150 INFO data_pipeline.collectors.note_com_browser: scraping_article url=https://note.com/mindset_official/n/n06241fe0333b
2026-03-28 14:33:02,298 INFO data_pipeline.collectors.note_com_browser: article_scraped url=https://note.com/mindset_official/n/n06241fe0333b title=200名以上が参加した「プロコーチとクライアントによるパネルディスカッションイベント」レポート Vol.1 body_length=3925 hashtag_count=3
2026-03-28 14:33:02,374 INFO data_pipeline.collectors.note_com_rss: article_saved url=https://note.com/mindset_official/n/n06241fe0333b title=200名以上が参加した「プロコーチとクライアントによるパネルディスカッションイベント」レポート Vol.1
2026-03-28 14:33:02,374 INFO data_pipeline.collectors.note_com_browser: scraping_article url=https://note.com/ruinormalhakkar/n/nf3bda26fe576
2026-03-28 14:33:05,359 INFO data_pipeline.collectors.note_com_browser: article_scraped url=https://note.com/ruinormalhakkar/n/nf3bda26fe576 title=素敵な絵師様の備忘録 body_length=253 hashtag_count=3
2026-03-28 14:33:05,471 INFO data_pipeline.collectors.note_com_rss: article_saved url=https://note.com/ruinormalhakkar/n/nf3bda26fe576 title=素敵な絵師様の備忘録
2026-03-28 14:33:05,472 INFO data_pipeline.collectors.note_com_browser: scraping_article url=https://note.com/ruinormalhakkar/n/n36f543cf55ff
2026-03-28 14:33:08,469 INFO data_pipeline.collectors.note_com_browser: article_scraped url=https://note.com/ruinormalhakkar/n/n36f543cf55ff title=このチヂミレシピ実際に作ったら、すごく美味しかったです！ https://y… body_length=125 hashtag_count=2
2026-03-28 14:33:08,532 INFO data_pipeline.collectors.note_com_rss: article_saved url=https://note.com/ruinormalhakkar/n/n36f543cf55ff title=このチヂミレシピ実際に作ったら、すごく美味しかったです！ https://y…
2026-03-28 14:33:08,532 INFO data_pipeline.collectors.note_com_browser: scraping_article url=https://note.com/ruinormalhakkar/n/n2148c675ea9b
2026-03-28 14:33:11,415 INFO data_pipeline.collectors.note_com_browser: article_scraped url=https://note.com/ruinormalhakkar/n/n2148c675ea9b title=言語学ラジオより、ビジュアルシンカーについて https://www.you… body_length=128 hashtag_count=2
2026-03-28 14:33:11,483 INFO data_pipeline.collectors.note_com_rss: article_saved url=https://note.com/ruinormalhakkar/n/n2148c675ea9b title=言語学ラジオより、ビジュアルシンカーについて https://www.you…
2026-03-28 14:33:11,484 INFO data_pipeline.collectors.note_com_browser: scraping_article url=https://note.com/ruinormalhakkar/n/nf711e6d2feab
2026-03-28 14:33:14,439 INFO data_pipeline.collectors.note_com_browser: article_scraped url=https://note.com/ruinormalhakkar/n/nf711e6d2feab title=⭐️演技の基礎〜読書のまとめ〜 body_length=1862 hashtag_count=3
2026-03-28 14:33:14,506 INFO data_pipeline.collectors.note_com_rss: article_saved url=https://note.com/ruinormalhakkar/n/nf711e6d2feab title=⭐️演技の基礎〜読書のまとめ〜
2026-03-28 14:33:14,507 INFO data_pipeline.collectors.note_com_browser: scraping_article url=https://note.com/ruinormalhakkar/n/nb6e3fe3c94c0
2026-03-28 14:33:17,337 INFO data_pipeline.collectors.note_com_browser: article_scraped url=https://note.com/ruinormalhakkar/n/nb6e3fe3c94c0 title=カフェ好きは唸る🐯☕️ 「ミルクの束縛　ミルクコーヒー」 ・味が美味しすぎる… body_length=122 hashtag_count=4
2026-03-28 14:33:17,412 INFO data_pipeline.collectors.note_com_rss: article_saved url=https://note.com/ruinormalhakkar/n/nb6e3fe3c94c0 title=カフェ好きは唸る🐯☕️ 「ミルクの束縛　ミルクコーヒー」 ・味が美味しすぎる…
2026-03-28 14:33:17,412 INFO data_pipeline.collectors.note_com_browser: scraping_article url=https://note.com/ruinormalhakkar/n/n7ef7d7407843
2026-03-28 14:33:20,429 INFO data_pipeline.collectors.note_com_browser: article_scraped url=https://note.com/ruinormalhakkar/n/n7ef7d7407843 title=ネットで人類の知恵の集合体が当たり前は今、 やりたいことの先にすごい人はもう… body_length=131 hashtag_count=3
2026-03-28 14:33:20,500 INFO data_pipeline.collectors.note_com_rss: article_saved url=https://note.com/ruinormalhakkar/n/n7ef7d7407843 title=ネットで人類の知恵の集合体が当たり前は今、 やりたいことの先にすごい人はもう…
2026-03-28 14:33:20,500 INFO data_pipeline.collectors.note_com_browser: scraping_article url=https://note.com/ruinormalhakkar/n/n39df762efb26
2026-03-28 14:33:23,176 INFO data_pipeline.collectors.note_com_browser: article_scraped url=https://note.com/ruinormalhakkar/n/n39df762efb26 title=個性が殺された若者たち 量産型なリクルート そうよね、 就活で聞かれるあなた… body_length=166 hashtag_count=4
2026-03-28 14:33:23,252 INFO data_pipeline.collectors.note_com_rss: article_saved url=https://note.com/ruinormalhakkar/n/n39df762efb26 title=個性が殺された若者たち 量産型なリクルート そうよね、 就活で聞かれるあなた…
2026-03-28 14:33:23,252 INFO data_pipeline.collectors.note_com_browser: scraping_article url=https://note.com/ruinormalhakkar/n/n634e900abed7
2026-03-28 14:33:25,841 INFO data_pipeline.collectors.note_com_browser: article_scraped url=https://note.com/ruinormalhakkar/n/n634e900abed7 title=我慢ってどんなイメージですか？ 本来の意味ってしってますか？ 実は仏教以来の… body_length=167 hashtag_count=2
2026-03-28 14:33:25,909 INFO data_pipeline.collectors.note_com_rss: article_saved url=https://note.com/ruinormalhakkar/n/n634e900abed7 title=我慢ってどんなイメージですか？ 本来の意味ってしってますか？ 実は仏教以来の…
2026-03-28 14:33:26,130 INFO data_pipeline.collectors.note_com_rss: config_updated updated_count=11 timestamp=2026-03-28T05:33:26.130277+00:00
2026-03-28 14:33:26,130 INFO data_pipeline.collectors.note_com_rss: rss_monitor_completed creators_checked=11 new_articles_found=152 articles_saved=126 articles_skipped_paid=25 articles_skipped_duplicate=0 error_count=1
2026-03-28 20:00:05,759 INFO data_pipeline.collectors.note_com_rss: rss_monitor_starting creator_count=11
2026-03-28 20:00:06,059 INFO data_pipeline.collectors.note_com_rss: rss_fetched username=fukuoka1116 entry_count=24
2026-03-28 20:00:06,843 INFO data_pipeline.collectors.note_com_rss: rss_fetched username=sota_career entry_count=25
2026-03-28 20:00:07,254 INFO data_pipeline.collectors.note_com_rss: new_entries_found username=sota_career new_count=1
2026-03-28 20:00:07,525 INFO data_pipeline.collectors.note_com_rss: rss_fetched username=kei_10m_asset entry_count=22
2026-03-28 20:00:08,103 INFO data_pipeline.collectors.note_com_rss: rss_fetched username=careercompass_c entry_count=25
2026-03-28 20:00:08,288 INFO data_pipeline.collectors.note_com_rss: new_entries_found username=careercompass_c new_count=24
2026-03-28 20:00:08,582 INFO data_pipeline.collectors.note_com_rss: rss_fetched username=dandism56 entry_count=25
2026-03-28 20:00:09,241 INFO data_pipeline.collectors.note_com_rss: rss_fetched username=miraicareer_blog entry_count=25
2026-03-28 20:00:09,968 INFO data_pipeline.collectors.note_com_rss: rss_fetched username=glad_auklet4142 entry_count=25
2026-03-28 20:00:10,451 INFO data_pipeline.collectors.note_com_rss: new_entries_found username=glad_auklet4142 new_count=1
2026-03-28 20:00:10,683 INFO data_pipeline.collectors.note_com_rss: rss_fetched username=hide_taxnote entry_count=25
2026-03-28 20:00:11,339 INFO data_pipeline.collectors.note_com_rss: new_entries_found username=hide_taxnote new_count=2
2026-03-28 20:00:11,816 INFO data_pipeline.collectors.note_com_rss: rss_fetched username=mindset_official entry_count=25
2026-03-28 20:00:12,625 INFO data_pipeline.collectors.note_com_rss: rss_fetched username=ruinormalhakkar entry_count=25
2026-03-28 20:00:13,307 INFO data_pipeline.collectors.note_com_rss: rss_fetched username=studyhacker entry_count=0
2026-03-28 20:00:14,813 INFO data_pipeline.collectors.note_com_browser: note_com_browser_started
2026-03-28 20:00:14,813 INFO data_pipeline.collectors.note_com_browser: scraping_article url=https://note.com/sota_career/n/n9a984d76ced8
2026-03-28 20:00:18,654 INFO data_pipeline.collectors.note_com_browser: article_scraped url=https://note.com/sota_career/n/n9a984d76ced8 title=営業からキャリアを変えて年収320万→700万にした俺の全手順 body_length=6272 hashtag_count=9
2026-03-28 20:00:18,735 INFO data_pipeline.collectors.note_com_rss: article_saved url=https://note.com/sota_career/n/n9a984d76ced8 title=営業からキャリアを変えて年収320万→700万にした俺の全手順
2026-03-28 20:00:18,735 INFO data_pipeline.collectors.note_com_browser: scraping_article url=https://note.com/careercompass_c/n/nd1b182fe46a8
2026-03-28 20:00:21,299 INFO data_pipeline.collectors.note_com_browser: article_is_paid_skipping url=https://note.com/careercompass_c/n/nd1b182fe46a8
2026-03-28 20:00:21,299 INFO data_pipeline.collectors.note_com_rss: article_paid_skipped url=https://note.com/careercompass_c/n/nd1b182fe46a8
2026-03-28 20:00:21,299 INFO data_pipeline.collectors.note_com_browser: scraping_article url=https://note.com/careercompass_c/n/naf7399362d7e
2026-03-28 20:00:24,027 INFO data_pipeline.collectors.note_com_browser: article_is_paid_skipping url=https://note.com/careercompass_c/n/naf7399362d7e
2026-03-28 20:00:24,027 INFO data_pipeline.collectors.note_com_rss: article_paid_skipped url=https://note.com/careercompass_c/n/naf7399362d7e
2026-03-28 20:00:24,027 INFO data_pipeline.collectors.note_com_browser: scraping_article url=https://note.com/careercompass_c/n/n127380e09ca7
2026-03-28 20:00:26,886 INFO data_pipeline.collectors.note_com_browser: article_is_paid_skipping url=https://note.com/careercompass_c/n/n127380e09ca7
2026-03-28 20:00:26,887 INFO data_pipeline.collectors.note_com_rss: article_paid_skipped url=https://note.com/careercompass_c/n/n127380e09ca7
2026-03-28 20:00:26,887 INFO data_pipeline.collectors.note_com_browser: scraping_article url=https://note.com/careercompass_c/n/n72bdd1694c18
2026-03-28 20:00:29,766 INFO data_pipeline.collectors.note_com_browser: article_is_paid_skipping url=https://note.com/careercompass_c/n/n72bdd1694c18
2026-03-28 20:00:29,766 INFO data_pipeline.collectors.note_com_rss: article_paid_skipped url=https://note.com/careercompass_c/n/n72bdd1694c18
2026-03-28 20:00:29,766 INFO data_pipeline.collectors.note_com_browser: scraping_article url=https://note.com/careercompass_c/n/n1901f280d017
2026-03-28 20:00:32,367 INFO data_pipeline.collectors.note_com_browser: article_is_paid_skipping url=https://note.com/careercompass_c/n/n1901f280d017
2026-03-28 20:00:32,368 INFO data_pipeline.collectors.note_com_rss: article_paid_skipped url=https://note.com/careercompass_c/n/n1901f280d017
2026-03-28 20:00:32,368 INFO data_pipeline.collectors.note_com_browser: scraping_article url=https://note.com/careercompass_c/n/ne3011032b029
2026-03-28 20:00:35,436 INFO data_pipeline.collectors.note_com_browser: article_is_paid_skipping url=https://note.com/careercompass_c/n/ne3011032b029
2026-03-28 20:00:35,437 INFO data_pipeline.collectors.note_com_rss: article_paid_skipped url=https://note.com/careercompass_c/n/ne3011032b029
2026-03-28 20:00:35,437 INFO data_pipeline.collectors.note_com_browser: scraping_article url=https://note.com/careercompass_c/n/nb5bf9d1f719f
2026-03-28 20:00:38,247 INFO data_pipeline.collectors.note_com_browser: article_is_paid_skipping url=https://note.com/careercompass_c/n/nb5bf9d1f719f
2026-03-28 20:00:38,247 INFO data_pipeline.collectors.note_com_rss: article_paid_skipped url=https://note.com/careercompass_c/n/nb5bf9d1f719f
2026-03-28 20:00:38,247 INFO data_pipeline.collectors.note_com_browser: scraping_article url=https://note.com/careercompass_c/n/n4901d1b853d5
2026-03-28 20:00:41,082 INFO data_pipeline.collectors.note_com_browser: article_is_paid_skipping url=https://note.com/careercompass_c/n/n4901d1b853d5
2026-03-28 20:00:41,083 INFO data_pipeline.collectors.note_com_rss: article_paid_skipped url=https://note.com/careercompass_c/n/n4901d1b853d5
2026-03-28 20:00:41,083 INFO data_pipeline.collectors.note_com_browser: scraping_article url=https://note.com/careercompass_c/n/n8163e6cbc5f9
2026-03-28 20:00:44,030 INFO data_pipeline.collectors.note_com_browser: article_is_paid_skipping url=https://note.com/careercompass_c/n/n8163e6cbc5f9
2026-03-28 20:00:44,030 INFO data_pipeline.collectors.note_com_rss: article_paid_skipped url=https://note.com/careercompass_c/n/n8163e6cbc5f9
2026-03-28 20:00:44,030 INFO data_pipeline.collectors.note_com_browser: scraping_article url=https://note.com/careercompass_c/n/n00fd1c9faf2e
2026-03-28 20:00:46,602 INFO data_pipeline.collectors.note_com_browser: article_is_paid_skipping url=https://note.com/careercompass_c/n/n00fd1c9faf2e
2026-03-28 20:00:46,602 INFO data_pipeline.collectors.note_com_rss: article_paid_skipped url=https://note.com/careercompass_c/n/n00fd1c9faf2e
2026-03-28 20:00:46,602 INFO data_pipeline.collectors.note_com_browser: scraping_article url=https://note.com/careercompass_c/n/n5a4a03fe5eab
2026-03-28 20:00:49,840 INFO data_pipeline.collectors.note_com_browser: article_is_paid_skipping url=https://note.com/careercompass_c/n/n5a4a03fe5eab
2026-03-28 20:00:49,840 INFO data_pipeline.collectors.note_com_rss: article_paid_skipped url=https://note.com/careercompass_c/n/n5a4a03fe5eab
2026-03-28 20:00:49,841 INFO data_pipeline.collectors.note_com_browser: scraping_article url=https://note.com/careercompass_c/n/n3a2289da0aad
2026-03-28 20:00:52,506 INFO data_pipeline.collectors.note_com_browser: article_is_paid_skipping url=https://note.com/careercompass_c/n/n3a2289da0aad
2026-03-28 20:00:52,506 INFO data_pipeline.collectors.note_com_rss: article_paid_skipped url=https://note.com/careercompass_c/n/n3a2289da0aad
2026-03-28 20:00:52,506 INFO data_pipeline.collectors.note_com_browser: scraping_article url=https://note.com/careercompass_c/n/nf7661b945931
2026-03-28 20:00:55,128 INFO data_pipeline.collectors.note_com_browser: article_is_paid_skipping url=https://note.com/careercompass_c/n/nf7661b945931
2026-03-28 20:00:55,128 INFO data_pipeline.collectors.note_com_rss: article_paid_skipped url=https://note.com/careercompass_c/n/nf7661b945931
2026-03-28 20:00:55,128 INFO data_pipeline.collectors.note_com_browser: scraping_article url=https://note.com/careercompass_c/n/n637e022c6ec9
2026-03-28 20:00:58,018 INFO data_pipeline.collectors.note_com_browser: article_is_paid_skipping url=https://note.com/careercompass_c/n/n637e022c6ec9
2026-03-28 20:00:58,019 INFO data_pipeline.collectors.note_com_rss: article_paid_skipped url=https://note.com/careercompass_c/n/n637e022c6ec9
2026-03-28 20:00:58,019 INFO data_pipeline.collectors.note_com_browser: scraping_article url=https://note.com/careercompass_c/n/nd844630b5ff9
2026-03-28 20:01:00,798 INFO data_pipeline.collectors.note_com_browser: article_is_paid_skipping url=https://note.com/careercompass_c/n/nd844630b5ff9
2026-03-28 20:01:00,798 INFO data_pipeline.collectors.note_com_rss: article_paid_skipped url=https://note.com/careercompass_c/n/nd844630b5ff9
2026-03-28 20:01:00,798 INFO data_pipeline.collectors.note_com_browser: scraping_article url=https://note.com/careercompass_c/n/n7d62819ebf9d
2026-03-28 20:01:03,466 INFO data_pipeline.collectors.note_com_browser: article_is_paid_skipping url=https://note.com/careercompass_c/n/n7d62819ebf9d
2026-03-28 20:01:03,466 INFO data_pipeline.collectors.note_com_rss: article_paid_skipped url=https://note.com/careercompass_c/n/n7d62819ebf9d
2026-03-28 20:01:03,466 INFO data_pipeline.collectors.note_com_browser: scraping_article url=https://note.com/careercompass_c/n/nf85c3d6190b5
2026-03-28 20:01:06,287 INFO data_pipeline.collectors.note_com_browser: article_is_paid_skipping url=https://note.com/careercompass_c/n/nf85c3d6190b5
2026-03-28 20:01:06,288 INFO data_pipeline.collectors.note_com_rss: article_paid_skipped url=https://note.com/careercompass_c/n/nf85c3d6190b5
2026-03-28 20:01:06,288 INFO data_pipeline.collectors.note_com_browser: scraping_article url=https://note.com/careercompass_c/n/n5162cc133849
2026-03-28 20:01:09,329 INFO data_pipeline.collectors.note_com_browser: article_is_paid_skipping url=https://note.com/careercompass_c/n/n5162cc133849
2026-03-28 20:01:09,329 INFO data_pipeline.collectors.note_com_rss: article_paid_skipped url=https://note.com/careercompass_c/n/n5162cc133849
2026-03-28 20:01:09,329 INFO data_pipeline.collectors.note_com_browser: scraping_article url=https://note.com/careercompass_c/n/nace16a0f8ab2
2026-03-28 20:01:12,179 INFO data_pipeline.collectors.note_com_browser: article_is_paid_skipping url=https://note.com/careercompass_c/n/nace16a0f8ab2
2026-03-28 20:01:12,179 INFO data_pipeline.collectors.note_com_rss: article_paid_skipped url=https://note.com/careercompass_c/n/nace16a0f8ab2
2026-03-28 20:01:12,179 INFO data_pipeline.collectors.note_com_browser: scraping_article url=https://note.com/careercompass_c/n/nfd478e11c029
2026-03-28 20:01:14,959 INFO data_pipeline.collectors.note_com_browser: article_is_paid_skipping url=https://note.com/careercompass_c/n/nfd478e11c029
2026-03-28 20:01:14,959 INFO data_pipeline.collectors.note_com_rss: article_paid_skipped url=https://note.com/careercompass_c/n/nfd478e11c029
2026-03-28 20:01:14,959 INFO data_pipeline.collectors.note_com_browser: scraping_article url=https://note.com/careercompass_c/n/nb63631ca6d8d
2026-03-28 20:01:17,640 INFO data_pipeline.collectors.note_com_browser: article_is_paid_skipping url=https://note.com/careercompass_c/n/nb63631ca6d8d
2026-03-28 20:01:17,640 INFO data_pipeline.collectors.note_com_rss: article_paid_skipped url=https://note.com/careercompass_c/n/nb63631ca6d8d
2026-03-28 20:01:17,640 INFO data_pipeline.collectors.note_com_browser: scraping_article url=https://note.com/careercompass_c/n/nb2df6495bcbf
2026-03-28 20:01:20,113 INFO data_pipeline.collectors.note_com_browser: article_is_paid_skipping url=https://note.com/careercompass_c/n/nb2df6495bcbf
2026-03-28 20:01:20,113 INFO data_pipeline.collectors.note_com_rss: article_paid_skipped url=https://note.com/careercompass_c/n/nb2df6495bcbf
2026-03-28 20:01:20,113 INFO data_pipeline.collectors.note_com_browser: scraping_article url=https://note.com/careercompass_c/n/n50a163c1f945
2026-03-28 20:01:22,882 INFO data_pipeline.collectors.note_com_browser: article_is_paid_skipping url=https://note.com/careercompass_c/n/n50a163c1f945
2026-03-28 20:01:22,882 INFO data_pipeline.collectors.note_com_rss: article_paid_skipped url=https://note.com/careercompass_c/n/n50a163c1f945
2026-03-28 20:01:22,882 INFO data_pipeline.collectors.note_com_browser: scraping_article url=https://note.com/careercompass_c/n/n9ae317b2735d
2026-03-28 20:01:25,762 INFO data_pipeline.collectors.note_com_browser: article_is_paid_skipping url=https://note.com/careercompass_c/n/n9ae317b2735d
2026-03-28 20:01:25,762 INFO data_pipeline.collectors.note_com_rss: article_paid_skipped url=https://note.com/careercompass_c/n/n9ae317b2735d
2026-03-28 20:01:25,762 INFO data_pipeline.collectors.note_com_browser: scraping_article url=https://note.com/glad_auklet4142/n/n82a9ed455d1c
2026-03-28 20:01:29,936 INFO data_pipeline.collectors.note_com_browser: article_scraped url=https://note.com/glad_auklet4142/n/n82a9ed455d1c title=「記事の質を上げろ」は最悪のアドバイス。なぜあなたのnoteは読まれないのか？AI全盛期に「読まれる記事」の正体。不気味の谷と予測誤差の科学とは？ #生成AI #ChatGPT #Gemini #Claude #AI活用 #マーケティング #ライティング #毎日更新 #コンテンツビジネス #アルゴリズム body_length=19637 hashtag_count=100
2026-03-28 20:01:30,021 INFO data_pipeline.collectors.note_com_rss: article_saved url=https://note.com/glad_auklet4142/n/n82a9ed455d1c title=「記事の質を上げろ」は最悪のアドバイス。なぜあなたのnoteは読まれないのか？AI全盛期に「読まれる記事」の正体。不気味の谷と予測誤差の科学とは？ #生成AI #ChatGPT #Gemini #Claude #AI活用 #マーケティング #ライティング #毎日更新 #コンテンツビジネス #アルゴリズム
2026-03-28 20:01:30,021 INFO data_pipeline.collectors.note_com_browser: scraping_article url=https://note.com/hide_taxnote/n/n1066db514f0d
2026-03-28 20:01:33,658 INFO data_pipeline.collectors.note_com_browser: article_scraped url=https://note.com/hide_taxnote/n/n1066db514f0d title=今週の株式市場まとめ：日本株・米国株の振り返りと来週の注目ポイント body_length=6897 hashtag_count=12
2026-03-28 20:01:33,739 INFO data_pipeline.collectors.note_com_rss: article_saved url=https://note.com/hide_taxnote/n/n1066db514f0d title=今週の株式市場まとめ：日本株・米国株の振り返りと来週の注目ポイント
2026-03-28 20:01:33,739 INFO data_pipeline.collectors.note_com_browser: scraping_article url=https://note.com/hide_taxnote/n/n8e5658fec2a2
2026-03-28 20:01:36,570 INFO data_pipeline.collectors.note_com_browser: article_is_paid_skipping url=https://note.com/hide_taxnote/n/n8e5658fec2a2
2026-03-28 20:01:36,571 INFO data_pipeline.collectors.note_com_rss: article_paid_skipped url=https://note.com/hide_taxnote/n/n8e5658fec2a2
2026-03-28 20:01:36,666 INFO data_pipeline.collectors.note_com_rss: config_updated updated_count=11 timestamp=2026-03-28T11:01:36.666060+00:00
2026-03-28 20:01:36,666 INFO data_pipeline.collectors.note_com_rss: rss_monitor_completed creators_checked=11 new_articles_found=28 articles_saved=3 articles_skipped_paid=25 articles_skipped_duplicate=0 error_count=0
2026-03-29 08:00:06,136 INFO data_pipeline.collectors.note_com_rss: rss_monitor_starting creator_count=11
2026-03-29 08:00:06,469 INFO data_pipeline.collectors.note_com_rss: rss_fetched username=fukuoka1116 entry_count=24
2026-03-29 08:00:07,196 INFO data_pipeline.collectors.note_com_rss: rss_fetched username=sota_career entry_count=25
2026-03-29 08:00:07,820 INFO data_pipeline.collectors.note_com_rss: rss_fetched username=kei_10m_asset entry_count=22
2026-03-29 08:00:08,310 INFO data_pipeline.collectors.note_com_rss: rss_fetched username=careercompass_c entry_count=25
2026-03-29 08:00:08,506 INFO data_pipeline.collectors.note_com_rss: new_entries_found username=careercompass_c new_count=24
2026-03-29 08:00:08,767 INFO data_pipeline.collectors.note_com_rss: rss_fetched username=dandism56 entry_count=25
2026-03-29 08:00:09,133 INFO data_pipeline.collectors.note_com_rss: new_entries_found username=dandism56 new_count=1
2026-03-29 08:00:09,367 INFO data_pipeline.collectors.note_com_rss: rss_fetched username=miraicareer_blog entry_count=25
2026-03-29 08:00:10,162 INFO data_pipeline.collectors.note_com_rss: rss_fetched username=glad_auklet4142 entry_count=25
2026-03-29 08:00:10,572 INFO data_pipeline.collectors.note_com_rss: new_entries_found username=glad_auklet4142 new_count=2
2026-03-29 08:00:10,757 INFO data_pipeline.collectors.note_com_rss: rss_fetched username=hide_taxnote entry_count=25
2026-03-29 08:00:11,295 INFO data_pipeline.collectors.note_com_rss: new_entries_found username=hide_taxnote new_count=1
2026-03-29 08:00:11,633 INFO data_pipeline.collectors.note_com_rss: rss_fetched username=mindset_official entry_count=25
2026-03-29 08:00:12,488 INFO data_pipeline.collectors.note_com_rss: rss_fetched username=ruinormalhakkar entry_count=25
2026-03-29 08:00:13,362 INFO data_pipeline.collectors.note_com_rss: rss_fetched username=studyhacker entry_count=0
2026-03-29 08:00:14,744 INFO data_pipeline.collectors.note_com_browser: note_com_browser_started
2026-03-29 08:00:14,745 INFO data_pipeline.collectors.note_com_browser: scraping_article url=https://note.com/careercompass_c/n/nd1b182fe46a8
2026-03-29 08:00:17,825 INFO data_pipeline.collectors.note_com_browser: article_is_paid_skipping url=https://note.com/careercompass_c/n/nd1b182fe46a8
2026-03-29 08:00:17,825 INFO data_pipeline.collectors.note_com_rss: article_paid_skipped url=https://note.com/careercompass_c/n/nd1b182fe46a8
2026-03-29 08:00:17,825 INFO data_pipeline.collectors.note_com_browser: scraping_article url=https://note.com/careercompass_c/n/naf7399362d7e
2026-03-29 08:00:20,750 INFO data_pipeline.collectors.note_com_browser: article_is_paid_skipping url=https://note.com/careercompass_c/n/naf7399362d7e
2026-03-29 08:00:20,750 INFO data_pipeline.collectors.note_com_rss: article_paid_skipped url=https://note.com/careercompass_c/n/naf7399362d7e
2026-03-29 08:00:20,750 INFO data_pipeline.collectors.note_com_browser: scraping_article url=https://note.com/careercompass_c/n/n127380e09ca7
2026-03-29 08:00:23,297 INFO data_pipeline.collectors.note_com_browser: article_is_paid_skipping url=https://note.com/careercompass_c/n/n127380e09ca7
2026-03-29 08:00:23,297 INFO data_pipeline.collectors.note_com_rss: article_paid_skipped url=https://note.com/careercompass_c/n/n127380e09ca7
2026-03-29 08:00:23,297 INFO data_pipeline.collectors.note_com_browser: scraping_article url=https://note.com/careercompass_c/n/n72bdd1694c18
2026-03-29 08:00:25,837 INFO data_pipeline.collectors.note_com_browser: article_is_paid_skipping url=https://note.com/careercompass_c/n/n72bdd1694c18
2026-03-29 08:00:25,837 INFO data_pipeline.collectors.note_com_rss: article_paid_skipped url=https://note.com/careercompass_c/n/n72bdd1694c18
2026-03-29 08:00:25,837 INFO data_pipeline.collectors.note_com_browser: scraping_article url=https://note.com/careercompass_c/n/n1901f280d017
2026-03-29 08:00:28,410 INFO data_pipeline.collectors.note_com_browser: article_is_paid_skipping url=https://note.com/careercompass_c/n/n1901f280d017
2026-03-29 08:00:28,410 INFO data_pipeline.collectors.note_com_rss: article_paid_skipped url=https://note.com/careercompass_c/n/n1901f280d017
2026-03-29 08:00:28,410 INFO data_pipeline.collectors.note_com_browser: scraping_article url=https://note.com/careercompass_c/n/ne3011032b029
2026-03-29 08:00:31,112 INFO data_pipeline.collectors.note_com_browser: article_is_paid_skipping url=https://note.com/careercompass_c/n/ne3011032b029
2026-03-29 08:00:31,113 INFO data_pipeline.collectors.note_com_rss: article_paid_skipped url=https://note.com/careercompass_c/n/ne3011032b029
2026-03-29 08:00:31,113 INFO data_pipeline.collectors.note_com_browser: scraping_article url=https://note.com/careercompass_c/n/nb5bf9d1f719f
2026-03-29 08:00:33,872 INFO data_pipeline.collectors.note_com_browser: article_is_paid_skipping url=https://note.com/careercompass_c/n/nb5bf9d1f719f
2026-03-29 08:00:33,872 INFO data_pipeline.collectors.note_com_rss: article_paid_skipped url=https://note.com/careercompass_c/n/nb5bf9d1f719f
2026-03-29 08:00:33,872 INFO data_pipeline.collectors.note_com_browser: scraping_article url=https://note.com/careercompass_c/n/n4901d1b853d5
2026-03-29 08:00:36,790 INFO data_pipeline.collectors.note_com_browser: article_is_paid_skipping url=https://note.com/careercompass_c/n/n4901d1b853d5
2026-03-29 08:00:36,790 INFO data_pipeline.collectors.note_com_rss: article_paid_skipped url=https://note.com/careercompass_c/n/n4901d1b853d5
2026-03-29 08:00:36,790 INFO data_pipeline.collectors.note_com_browser: scraping_article url=https://note.com/careercompass_c/n/n8163e6cbc5f9
2026-03-29 08:00:39,736 INFO data_pipeline.collectors.note_com_browser: article_is_paid_skipping url=https://note.com/careercompass_c/n/n8163e6cbc5f9
2026-03-29 08:00:39,736 INFO data_pipeline.collectors.note_com_rss: article_paid_skipped url=https://note.com/careercompass_c/n/n8163e6cbc5f9
2026-03-29 08:00:39,737 INFO data_pipeline.collectors.note_com_browser: scraping_article url=https://note.com/careercompass_c/n/n00fd1c9faf2e
2026-03-29 08:00:42,230 INFO data_pipeline.collectors.note_com_browser: article_is_paid_skipping url=https://note.com/careercompass_c/n/n00fd1c9faf2e
2026-03-29 08:00:42,230 INFO data_pipeline.collectors.note_com_rss: article_paid_skipped url=https://note.com/careercompass_c/n/n00fd1c9faf2e
2026-03-29 08:00:42,230 INFO data_pipeline.collectors.note_com_browser: scraping_article url=https://note.com/careercompass_c/n/n5a4a03fe5eab
2026-03-29 08:00:44,888 INFO data_pipeline.collectors.note_com_browser: article_is_paid_skipping url=https://note.com/careercompass_c/n/n5a4a03fe5eab
2026-03-29 08:00:44,888 INFO data_pipeline.collectors.note_com_rss: article_paid_skipped url=https://note.com/careercompass_c/n/n5a4a03fe5eab
2026-03-29 08:00:44,888 INFO data_pipeline.collectors.note_com_browser: scraping_article url=https://note.com/careercompass_c/n/n3a2289da0aad
2026-03-29 08:00:47,488 INFO data_pipeline.collectors.note_com_browser: article_is_paid_skipping url=https://note.com/careercompass_c/n/n3a2289da0aad
2026-03-29 08:00:47,488 INFO data_pipeline.collectors.note_com_rss: article_paid_skipped url=https://note.com/careercompass_c/n/n3a2289da0aad
2026-03-29 08:00:47,488 INFO data_pipeline.collectors.note_com_browser: scraping_article url=https://note.com/careercompass_c/n/nf7661b945931
2026-03-29 08:00:50,301 INFO data_pipeline.collectors.note_com_browser: article_is_paid_skipping url=https://note.com/careercompass_c/n/nf7661b945931
2026-03-29 08:00:50,302 INFO data_pipeline.collectors.note_com_rss: article_paid_skipped url=https://note.com/careercompass_c/n/nf7661b945931
2026-03-29 08:00:50,302 INFO data_pipeline.collectors.note_com_browser: scraping_article url=https://note.com/careercompass_c/n/n637e022c6ec9
2026-03-29 08:00:52,882 INFO data_pipeline.collectors.note_com_browser: article_is_paid_skipping url=https://note.com/careercompass_c/n/n637e022c6ec9
2026-03-29 08:00:52,882 INFO data_pipeline.collectors.note_com_rss: article_paid_skipped url=https://note.com/careercompass_c/n/n637e022c6ec9
2026-03-29 08:00:52,882 INFO data_pipeline.collectors.note_com_browser: scraping_article url=https://note.com/careercompass_c/n/nd844630b5ff9
2026-03-29 08:00:55,472 INFO data_pipeline.collectors.note_com_browser: article_is_paid_skipping url=https://note.com/careercompass_c/n/nd844630b5ff9
2026-03-29 08:00:55,473 INFO data_pipeline.collectors.note_com_rss: article_paid_skipped url=https://note.com/careercompass_c/n/nd844630b5ff9
2026-03-29 08:00:55,473 INFO data_pipeline.collectors.note_com_browser: scraping_article url=https://note.com/careercompass_c/n/n7d62819ebf9d
2026-03-29 08:00:58,256 INFO data_pipeline.collectors.note_com_browser: article_is_paid_skipping url=https://note.com/careercompass_c/n/n7d62819ebf9d
2026-03-29 08:00:58,256 INFO data_pipeline.collectors.note_com_rss: article_paid_skipped url=https://note.com/careercompass_c/n/n7d62819ebf9d
2026-03-29 08:00:58,256 INFO data_pipeline.collectors.note_com_browser: scraping_article url=https://note.com/careercompass_c/n/nf85c3d6190b5
2026-03-29 08:01:01,022 INFO data_pipeline.collectors.note_com_browser: article_is_paid_skipping url=https://note.com/careercompass_c/n/nf85c3d6190b5
2026-03-29 08:01:01,022 INFO data_pipeline.collectors.note_com_rss: article_paid_skipped url=https://note.com/careercompass_c/n/nf85c3d6190b5
2026-03-29 08:01:01,022 INFO data_pipeline.collectors.note_com_browser: scraping_article url=https://note.com/careercompass_c/n/n5162cc133849
2026-03-29 08:01:03,566 INFO data_pipeline.collectors.note_com_browser: article_is_paid_skipping url=https://note.com/careercompass_c/n/n5162cc133849
2026-03-29 08:01:03,566 INFO data_pipeline.collectors.note_com_rss: article_paid_skipped url=https://note.com/careercompass_c/n/n5162cc133849
2026-03-29 08:01:03,566 INFO data_pipeline.collectors.note_com_browser: scraping_article url=https://note.com/careercompass_c/n/nace16a0f8ab2
2026-03-29 08:01:06,027 INFO data_pipeline.collectors.note_com_browser: article_is_paid_skipping url=https://note.com/careercompass_c/n/nace16a0f8ab2
2026-03-29 08:01:06,027 INFO data_pipeline.collectors.note_com_rss: article_paid_skipped url=https://note.com/careercompass_c/n/nace16a0f8ab2
2026-03-29 08:01:06,028 INFO data_pipeline.collectors.note_com_browser: scraping_article url=https://note.com/careercompass_c/n/nfd478e11c029
2026-03-29 08:01:08,787 INFO data_pipeline.collectors.note_com_browser: article_is_paid_skipping url=https://note.com/careercompass_c/n/nfd478e11c029
2026-03-29 08:01:08,787 INFO data_pipeline.collectors.note_com_rss: article_paid_skipped url=https://note.com/careercompass_c/n/nfd478e11c029
2026-03-29 08:01:08,787 INFO data_pipeline.collectors.note_com_browser: scraping_article url=https://note.com/careercompass_c/n/nb63631ca6d8d
2026-03-29 08:01:11,488 INFO data_pipeline.collectors.note_com_browser: article_is_paid_skipping url=https://note.com/careercompass_c/n/nb63631ca6d8d
2026-03-29 08:01:11,489 INFO data_pipeline.collectors.note_com_rss: article_paid_skipped url=https://note.com/careercompass_c/n/nb63631ca6d8d
2026-03-29 08:01:11,489 INFO data_pipeline.collectors.note_com_browser: scraping_article url=https://note.com/careercompass_c/n/nb2df6495bcbf
2026-03-29 08:01:14,198 INFO data_pipeline.collectors.note_com_browser: article_is_paid_skipping url=https://note.com/careercompass_c/n/nb2df6495bcbf
2026-03-29 08:01:14,198 INFO data_pipeline.collectors.note_com_rss: article_paid_skipped url=https://note.com/careercompass_c/n/nb2df6495bcbf
2026-03-29 08:01:14,198 INFO data_pipeline.collectors.note_com_browser: scraping_article url=https://note.com/careercompass_c/n/n50a163c1f945
2026-03-29 08:01:17,093 INFO data_pipeline.collectors.note_com_browser: article_is_paid_skipping url=https://note.com/careercompass_c/n/n50a163c1f945
2026-03-29 08:01:17,093 INFO data_pipeline.collectors.note_com_rss: article_paid_skipped url=https://note.com/careercompass_c/n/n50a163c1f945
2026-03-29 08:01:17,093 INFO data_pipeline.collectors.note_com_browser: scraping_article url=https://note.com/careercompass_c/n/n9ae317b2735d
2026-03-29 08:01:19,933 INFO data_pipeline.collectors.note_com_browser: article_is_paid_skipping url=https://note.com/careercompass_c/n/n9ae317b2735d
2026-03-29 08:01:19,933 INFO data_pipeline.collectors.note_com_rss: article_paid_skipped url=https://note.com/careercompass_c/n/n9ae317b2735d
2026-03-29 08:01:19,933 INFO data_pipeline.collectors.note_com_browser: scraping_article url=https://note.com/dandism56/n/n584d9908411b
2026-03-29 08:01:22,692 INFO data_pipeline.collectors.note_com_browser: article_scraped url=https://note.com/dandism56/n/n584d9908411b title=自己分析ができないと、面接で詰みます。『自分の説明ができない』人のための棚卸し術 body_length=2917 hashtag_count=24
2026-03-29 08:01:22,777 INFO data_pipeline.collectors.note_com_rss: article_saved url=https://note.com/dandism56/n/n584d9908411b title=自己分析ができないと、面接で詰みます。『自分の説明ができない』人のための棚卸し術
2026-03-29 08:01:22,777 INFO data_pipeline.collectors.note_com_browser: scraping_article url=https://note.com/glad_auklet4142/n/n0618ac86d529
2026-03-29 08:01:25,766 INFO data_pipeline.collectors.note_com_browser: article_scraped url=https://note.com/glad_auklet4142/n/n0618ac86d529 title=【2026年8月、あなたのSNS投稿が凍結リスクに？】EU「AI透明性義務」の波紋。日本のSNSも無傷じゃない。X、Instagram、Facebook、ThreadsにYouTube。知らないでは済まされない。巨大プラットフォームの過剰防衛 #生成AI #アカウント凍結 #AI活用 #SNS #SNS活用 #ChatGPT #Gemini #Claude body_length=4932 hashtag_count=98
2026-03-29 08:01:25,824 INFO data_pipeline.collectors.note_com_rss: article_saved url=https://note.com/glad_auklet4142/n/n0618ac86d529 title=【2026年8月、あなたのSNS投稿が凍結リスクに？】EU「AI透明性義務」の波紋。日本のSNSも無傷じゃない。X、Instagram、Facebook、ThreadsにYouTube。知らないでは済まされない。巨大プラットフォームの過剰防衛 #生成AI #アカウント凍結 #AI活用 #SNS #SNS活用 #ChatGPT #Gemini #Claude
2026-03-29 08:01:25,824 INFO data_pipeline.collectors.note_com_browser: scraping_article url=https://note.com/glad_auklet4142/n/n74d908302d7a
2026-03-29 08:01:28,929 INFO data_pipeline.collectors.note_com_browser: article_scraped url=https://note.com/glad_auklet4142/n/n74d908302d7a title=【インドの肥料危機と農業崩壊】戦争があなたのカレーの値段を変える？天然ガスは「燃やす」のではなく「食べる」ものである14億人の胃袋が人質になる日 #イラン情勢 #中東 #インド #農業 #LNG #地政学 #物価高 body_length=4351 hashtag_count=100
2026-03-29 08:01:29,001 INFO data_pipeline.collectors.note_com_rss: article_saved url=https://note.com/glad_auklet4142/n/n74d908302d7a title=【インドの肥料危機と農業崩壊】戦争があなたのカレーの値段を変える？天然ガスは「燃やす」のではなく「食べる」ものである14億人の胃袋が人質になる日 #イラン情勢 #中東 #インド #農業 #LNG #地政学 #物価高
2026-03-29 08:01:29,001 INFO data_pipeline.collectors.note_com_browser: scraping_article url=https://note.com/hide_taxnote/n/n8e5658fec2a2
2026-03-29 08:01:32,368 INFO data_pipeline.collectors.note_com_browser: article_is_paid_skipping url=https://note.com/hide_taxnote/n/n8e5658fec2a2
2026-03-29 08:01:32,368 INFO data_pipeline.collectors.note_com_rss: article_paid_skipped url=https://note.com/hide_taxnote/n/n8e5658fec2a2
2026-03-29 08:01:32,455 INFO data_pipeline.collectors.note_com_rss: config_updated updated_count=11 timestamp=2026-03-28T23:01:32.455098+00:00
2026-03-29 08:01:32,455 INFO data_pipeline.collectors.note_com_rss: rss_monitor_completed creators_checked=11 new_articles_found=28 articles_saved=3 articles_skipped_paid=25 articles_skipped_duplicate=0 error_count=0
2026-03-29 20:00:05,484 INFO data_pipeline.collectors.note_com_rss: rss_monitor_starting creator_count=11
2026-03-29 20:00:06,628 INFO data_pipeline.collectors.note_com_rss: rss_fetched username=fukuoka1116 entry_count=25
2026-03-29 20:00:07,093 INFO data_pipeline.collectors.note_com_rss: new_entries_found username=fukuoka1116 new_count=1
2026-03-29 20:00:07,951 INFO data_pipeline.collectors.note_com_rss: rss_fetched username=sota_career entry_count=25
2026-03-29 20:00:08,968 INFO data_pipeline.collectors.note_com_rss: rss_fetched username=kei_10m_asset entry_count=22
2026-03-29 20:00:09,498 INFO data_pipeline.collectors.note_com_rss: rss_fetched username=careercompass_c entry_count=25
2026-03-29 20:00:09,694 INFO data_pipeline.collectors.note_com_rss: new_entries_found username=careercompass_c new_count=24
2026-03-29 20:00:10,335 INFO data_pipeline.collectors.note_com_rss: rss_fetched username=dandism56 entry_count=25
2026-03-29 20:00:12,688 INFO data_pipeline.collectors.note_com_rss: rss_fetched username=miraicareer_blog entry_count=25
2026-03-29 20:00:15,325 INFO data_pipeline.collectors.note_com_rss: rss_fetched username=glad_auklet4142 entry_count=25
2026-03-29 20:00:17,430 INFO data_pipeline.collectors.note_com_rss: rss_fetched username=hide_taxnote entry_count=25
2026-03-29 20:00:18,561 INFO data_pipeline.collectors.note_com_rss: new_entries_found username=hide_taxnote new_count=3
2026-03-29 20:00:19,112 INFO data_pipeline.collectors.note_com_rss: rss_fetched username=mindset_official entry_count=25
2026-03-29 20:00:19,802 INFO data_pipeline.collectors.note_com_rss: rss_fetched username=ruinormalhakkar entry_count=25
2026-03-29 20:00:20,394 INFO data_pipeline.collectors.note_com_rss: rss_fetched username=studyhacker entry_count=0
2026-03-29 20:00:22,376 INFO data_pipeline.collectors.note_com_browser: note_com_browser_started
2026-03-29 20:00:22,377 INFO data_pipeline.collectors.note_com_browser: scraping_article url=https://note.com/fukuoka1116/n/n802a3b7c96ab
2026-03-29 20:00:25,817 INFO data_pipeline.collectors.note_com_browser: article_scraped url=https://note.com/fukuoka1116/n/n802a3b7c96ab title=クレーム対応がずっと苦手で悩んでいる方へ　仕事｜会社員｜営業｜転職｜副業｜悩み｜キャリア｜エッセイ｜30代 body_length=1475 hashtag_count=10
2026-03-29 20:00:25,905 INFO data_pipeline.collectors.note_com_rss: article_saved url=https://note.com/fukuoka1116/n/n802a3b7c96ab title=クレーム対応がずっと苦手で悩んでいる方へ　仕事｜会社員｜営業｜転職｜副業｜悩み｜キャリア｜エッセイ｜30代
2026-03-29 20:00:25,905 INFO data_pipeline.collectors.note_com_browser: scraping_article url=https://note.com/careercompass_c/n/n8d85506065ed
2026-03-29 20:00:28,749 INFO data_pipeline.collectors.note_com_browser: article_is_paid_skipping url=https://note.com/careercompass_c/n/n8d85506065ed
2026-03-29 20:00:28,749 INFO data_pipeline.collectors.note_com_rss: article_paid_skipped url=https://note.com/careercompass_c/n/n8d85506065ed
2026-03-29 20:00:28,749 INFO data_pipeline.collectors.note_com_browser: scraping_article url=https://note.com/careercompass_c/n/ne0dbdfeab957
2026-03-29 20:00:31,415 INFO data_pipeline.collectors.note_com_browser: article_is_paid_skipping url=https://note.com/careercompass_c/n/ne0dbdfeab957
2026-03-29 20:00:31,416 INFO data_pipeline.collectors.note_com_rss: article_paid_skipped url=https://note.com/careercompass_c/n/ne0dbdfeab957
2026-03-29 20:00:31,416 INFO data_pipeline.collectors.note_com_browser: scraping_article url=https://note.com/careercompass_c/n/n1e93fe5c19b5
2026-03-29 20:00:34,116 INFO data_pipeline.collectors.note_com_browser: article_is_paid_skipping url=https://note.com/careercompass_c/n/n1e93fe5c19b5
2026-03-29 20:00:34,116 INFO data_pipeline.collectors.note_com_rss: article_paid_skipped url=https://note.com/careercompass_c/n/n1e93fe5c19b5
2026-03-29 20:00:34,116 INFO data_pipeline.collectors.note_com_browser: scraping_article url=https://note.com/careercompass_c/n/n0767bed4c469
2026-03-29 20:17:23,091 INFO data_pipeline.collectors.note_com_browser: article_is_paid_skipping url=https://note.com/careercompass_c/n/n0767bed4c469
2026-03-29 20:17:23,091 INFO data_pipeline.collectors.note_com_rss: article_paid_skipped url=https://note.com/careercompass_c/n/n0767bed4c469
2026-03-29 20:17:23,091 INFO data_pipeline.collectors.note_com_browser: scraping_article url=https://note.com/careercompass_c/n/n74ec59251fc4
2026-03-29 20:17:31,138 INFO data_pipeline.collectors.note_com_browser: article_is_paid_skipping url=https://note.com/careercompass_c/n/n74ec59251fc4
2026-03-29 20:17:31,138 INFO data_pipeline.collectors.note_com_rss: article_paid_skipped url=https://note.com/careercompass_c/n/n74ec59251fc4
2026-03-29 20:17:31,138 INFO data_pipeline.collectors.note_com_browser: scraping_article url=https://note.com/careercompass_c/n/n5a011a1c78e4
2026-03-29 20:17:34,299 INFO data_pipeline.collectors.note_com_browser: article_scraped url=https://note.com/careercompass_c/n/n5a011a1c78e4 title=「エージェント使ったら人生変わった」転職成功者3人のリアル体験談｜年収アップ・未経験転職・30代の逆転劇 body_length=4050 hashtag_count=96
2026-03-29 20:17:34,454 INFO data_pipeline.collectors.note_com_rss: article_saved url=https://note.com/careercompass_c/n/n5a011a1c78e4 title=「エージェント使ったら人生変わった」転職成功者3人のリアル体験談｜年収アップ・未経験転職・30代の逆転劇
2026-03-29 20:17:34,454 INFO data_pipeline.collectors.note_com_browser: scraping_article url=https://note.com/careercompass_c/n/nc0a96b223dce
2026-03-29 20:17:37,072 INFO data_pipeline.collectors.note_com_browser: article_is_paid_skipping url=https://note.com/careercompass_c/n/nc0a96b223dce
2026-03-29 20:17:37,072 INFO data_pipeline.collectors.note_com_rss: article_paid_skipped url=https://note.com/careercompass_c/n/nc0a96b223dce
2026-03-29 20:17:37,072 INFO data_pipeline.collectors.note_com_browser: scraping_article url=https://note.com/careercompass_c/n/nb51f62b5cdae
2026-03-29 20:17:39,857 INFO data_pipeline.collectors.note_com_browser: article_is_paid_skipping url=https://note.com/careercompass_c/n/nb51f62b5cdae
2026-03-29 20:17:39,857 INFO data_pipeline.collectors.note_com_rss: article_paid_skipped url=https://note.com/careercompass_c/n/nb51f62b5cdae
2026-03-29 20:17:39,857 INFO data_pipeline.collectors.note_com_browser: scraping_article url=https://note.com/careercompass_c/n/n0899e0f35d67
2026-03-29 20:17:43,044 INFO data_pipeline.collectors.note_com_browser: article_is_paid_skipping url=https://note.com/careercompass_c/n/n0899e0f35d67
2026-03-29 20:17:43,044 INFO data_pipeline.collectors.note_com_rss: article_paid_skipped url=https://note.com/careercompass_c/n/n0899e0f35d67
2026-03-29 20:17:43,044 INFO data_pipeline.collectors.note_com_browser: scraping_article url=https://note.com/careercompass_c/n/n63bcb7c4105a
2026-03-29 20:17:45,471 INFO data_pipeline.collectors.note_com_browser: article_is_paid_skipping url=https://note.com/careercompass_c/n/n63bcb7c4105a
2026-03-29 20:17:45,471 INFO data_pipeline.collectors.note_com_rss: article_paid_skipped url=https://note.com/careercompass_c/n/n63bcb7c4105a
2026-03-29 20:17:45,471 INFO data_pipeline.collectors.note_com_browser: scraping_article url=https://note.com/careercompass_c/n/nda084a36215a
2026-03-29 20:17:48,779 INFO data_pipeline.collectors.note_com_browser: article_is_paid_skipping url=https://note.com/careercompass_c/n/nda084a36215a
2026-03-29 20:17:48,779 INFO data_pipeline.collectors.note_com_rss: article_paid_skipped url=https://note.com/careercompass_c/n/nda084a36215a
2026-03-29 20:17:48,779 INFO data_pipeline.collectors.note_com_browser: scraping_article url=https://note.com/careercompass_c/n/nd1b182fe46a8
2026-03-29 20:17:52,127 INFO data_pipeline.collectors.note_com_browser: article_is_paid_skipping url=https://note.com/careercompass_c/n/nd1b182fe46a8
2026-03-29 20:17:52,128 INFO data_pipeline.collectors.note_com_rss: article_paid_skipped url=https://note.com/careercompass_c/n/nd1b182fe46a8
2026-03-29 20:17:52,128 INFO data_pipeline.collectors.note_com_browser: scraping_article url=https://note.com/careercompass_c/n/naf7399362d7e
2026-03-29 20:17:55,026 INFO data_pipeline.collectors.note_com_browser: article_is_paid_skipping url=https://note.com/careercompass_c/n/naf7399362d7e
2026-03-29 20:17:55,026 INFO data_pipeline.collectors.note_com_rss: article_paid_skipped url=https://note.com/careercompass_c/n/naf7399362d7e
2026-03-29 20:17:55,026 INFO data_pipeline.collectors.note_com_browser: scraping_article url=https://note.com/careercompass_c/n/n127380e09ca7
2026-03-29 20:17:57,847 INFO data_pipeline.collectors.note_com_browser: article_is_paid_skipping url=https://note.com/careercompass_c/n/n127380e09ca7
2026-03-29 20:17:57,847 INFO data_pipeline.collectors.note_com_rss: article_paid_skipped url=https://note.com/careercompass_c/n/n127380e09ca7
2026-03-29 20:17:57,847 INFO data_pipeline.collectors.note_com_browser: scraping_article url=https://note.com/careercompass_c/n/n72bdd1694c18
2026-03-29 20:18:00,746 INFO data_pipeline.collectors.note_com_browser: article_is_paid_skipping url=https://note.com/careercompass_c/n/n72bdd1694c18
2026-03-29 20:18:00,746 INFO data_pipeline.collectors.note_com_rss: article_paid_skipped url=https://note.com/careercompass_c/n/n72bdd1694c18
2026-03-29 20:18:00,746 INFO data_pipeline.collectors.note_com_browser: scraping_article url=https://note.com/careercompass_c/n/n1901f280d017
2026-03-29 20:18:12,812 INFO data_pipeline.collectors.note_com_browser: article_is_paid_skipping url=https://note.com/careercompass_c/n/n1901f280d017
2026-03-29 20:18:12,813 INFO data_pipeline.collectors.note_com_rss: article_paid_skipped url=https://note.com/careercompass_c/n/n1901f280d017
2026-03-29 20:18:12,813 INFO data_pipeline.collectors.note_com_browser: scraping_article url=https://note.com/careercompass_c/n/ne3011032b029
2026-03-29 20:26:39,896 ERROR data_pipeline.collectors.note_com_browser: article_navigation_failed url=https://note.com/careercompass_c/n/ne3011032b029
Traceback (most recent call last):
  File "/Users/yuki/Desktop/note-finance/src/data_pipeline/collectors/note_com_browser.py", line 449, in scrape_article
    await self._page.goto(
    ...<3 lines>...
    )
  File "/Users/yuki/Desktop/note-finance/.venv/lib/python3.14/site-packages/playwright/async_api/_generated.py", line 9045, in goto
    await self._impl_obj.goto(
        url=url, timeout=timeout, waitUntil=wait_until, referer=referer
    )
  File "/Users/yuki/Desktop/note-finance/.venv/lib/python3.14/site-packages/playwright/_impl/_page.py", line 552, in goto
    return await self._main_frame.goto(**locals_to_params(locals()))
           ^^^^^^^^^^^^^^^^^^^^^^^^^^^^^^^^^^^^^^^^^^^^^^^^^^^^^^^^^
  File "/Users/yuki/Desktop/note-finance/.venv/lib/python3.14/site-packages/playwright/_impl/_frame.py", line 153, in goto
    await self._channel.send(
        "goto", self._navigation_timeout, locals_to_params(locals())
    )
  File "/Users/yuki/Desktop/note-finance/.venv/lib/python3.14/site-packages/playwright/_impl/_connection.py", line 69, in send
    return await self._connection.wrap_api_call(
           ^^^^^^^^^^^^^^^^^^^^^^^^^^^^^^^^^^^^^
    ...<3 lines>...
    )
    ^
  File "/Users/yuki/Desktop/note-finance/.venv/lib/python3.14/site-packages/playwright/_impl/_connection.py", line 559, in wrap_api_call
    raise rewrite_error(error, f"{parsed_st['apiName']}: {error}") from None
playwright._impl._errors.TimeoutError: Page.goto: Timeout 30000ms exceeded.
Call log:
  - navigating to "https://note.com/careercompass_c/n/ne3011032b029", waiting until "load"

2026-03-29 20:26:39,898 INFO data_pipeline.collectors.note_com_rss: article_paid_skipped url=https://note.com/careercompass_c/n/ne3011032b029
2026-03-29 20:26:39,898 INFO data_pipeline.collectors.note_com_browser: scraping_article url=https://note.com/careercompass_c/n/nb5bf9d1f719f
2026-03-29 20:26:45,539 INFO data_pipeline.collectors.note_com_browser: article_is_paid_skipping url=https://note.com/careercompass_c/n/nb5bf9d1f719f
2026-03-29 20:26:45,539 INFO data_pipeline.collectors.note_com_rss: article_paid_skipped url=https://note.com/careercompass_c/n/nb5bf9d1f719f
2026-03-29 20:26:45,539 INFO data_pipeline.collectors.note_com_browser: scraping_article url=https://note.com/careercompass_c/n/n4901d1b853d5
2026-03-29 20:26:48,117 INFO data_pipeline.collectors.note_com_browser: article_is_paid_skipping url=https://note.com/careercompass_c/n/n4901d1b853d5
2026-03-29 20:26:48,117 INFO data_pipeline.collectors.note_com_rss: article_paid_skipped url=https://note.com/careercompass_c/n/n4901d1b853d5
2026-03-29 20:26:48,117 INFO data_pipeline.collectors.note_com_browser: scraping_article url=https://note.com/careercompass_c/n/n8163e6cbc5f9
2026-03-29 20:26:50,807 INFO data_pipeline.collectors.note_com_browser: article_is_paid_skipping url=https://note.com/careercompass_c/n/n8163e6cbc5f9
2026-03-29 20:26:50,807 INFO data_pipeline.collectors.note_com_rss: article_paid_skipped url=https://note.com/careercompass_c/n/n8163e6cbc5f9
2026-03-29 20:26:50,807 INFO data_pipeline.collectors.note_com_browser: scraping_article url=https://note.com/careercompass_c/n/n00fd1c9faf2e
2026-03-29 20:26:53,674 INFO data_pipeline.collectors.note_com_browser: article_is_paid_skipping url=https://note.com/careercompass_c/n/n00fd1c9faf2e
2026-03-29 20:26:53,674 INFO data_pipeline.collectors.note_com_rss: article_paid_skipped url=https://note.com/careercompass_c/n/n00fd1c9faf2e
2026-03-29 20:26:53,674 INFO data_pipeline.collectors.note_com_browser: scraping_article url=https://note.com/careercompass_c/n/n5a4a03fe5eab
2026-03-29 20:26:56,477 INFO data_pipeline.collectors.note_com_browser: article_is_paid_skipping url=https://note.com/careercompass_c/n/n5a4a03fe5eab
2026-03-29 20:26:56,477 INFO data_pipeline.collectors.note_com_rss: article_paid_skipped url=https://note.com/careercompass_c/n/n5a4a03fe5eab
2026-03-29 20:26:56,477 INFO data_pipeline.collectors.note_com_browser: scraping_article url=https://note.com/careercompass_c/n/n3a2289da0aad
2026-03-29 20:26:59,386 INFO data_pipeline.collectors.note_com_browser: article_is_paid_skipping url=https://note.com/careercompass_c/n/n3a2289da0aad
2026-03-29 20:26:59,386 INFO data_pipeline.collectors.note_com_rss: article_paid_skipped url=https://note.com/careercompass_c/n/n3a2289da0aad
2026-03-29 20:26:59,386 INFO data_pipeline.collectors.note_com_browser: scraping_article url=https://note.com/careercompass_c/n/nf7661b945931
2026-03-29 20:27:01,946 INFO data_pipeline.collectors.note_com_browser: article_is_paid_skipping url=https://note.com/careercompass_c/n/nf7661b945931
2026-03-29 20:27:01,947 INFO data_pipeline.collectors.note_com_rss: article_paid_skipped url=https://note.com/careercompass_c/n/nf7661b945931
2026-03-29 20:27:01,947 INFO data_pipeline.collectors.note_com_browser: scraping_article url=https://note.com/hide_taxnote/n/n96c0d72073d0
2026-03-29 20:27:04,991 INFO data_pipeline.collectors.note_com_browser: article_scraped url=https://note.com/hide_taxnote/n/n96c0d72073d0 title=50万円昇給しても、20万円が税金・社保で消える？500万～1200万円のうち「手取りが増えにくい」年収ゾーン body_length=3171 hashtag_count=9
2026-03-29 20:27:06,515 INFO data_pipeline.collectors.note_com_rss: article_saved url=https://note.com/hide_taxnote/n/n96c0d72073d0 title=50万円昇給しても、20万円が税金・社保で消える？500万～1200万円のうち「手取りが増えにくい」年収ゾーン
2026-03-29 20:27:06,515 INFO data_pipeline.collectors.note_com_browser: scraping_article url=https://note.com/hide_taxnote/n/ne8666a82d349
2026-03-29 20:27:09,566 INFO data_pipeline.collectors.note_com_browser: article_scraped url=https://note.com/hide_taxnote/n/ne8666a82d349 title=明日からの株式市場の注目ポイント｜イベント・テーマ・週末ニュースを整理 body_length=6780 hashtag_count=13
2026-03-29 20:27:09,674 INFO data_pipeline.collectors.note_com_rss: article_saved url=https://note.com/hide_taxnote/n/ne8666a82d349 title=明日からの株式市場の注目ポイント｜イベント・テーマ・週末ニュースを整理
2026-03-29 20:27:09,674 INFO data_pipeline.collectors.note_com_browser: scraping_article url=https://note.com/hide_taxnote/n/n8e5658fec2a2
2026-03-29 20:27:13,046 INFO data_pipeline.collectors.note_com_browser: article_is_paid_skipping url=https://note.com/hide_taxnote/n/n8e5658fec2a2
2026-03-29 20:27:13,046 INFO data_pipeline.collectors.note_com_rss: article_paid_skipped url=https://note.com/hide_taxnote/n/n8e5658fec2a2
2026-03-29 20:27:13,139 INFO data_pipeline.collectors.note_com_rss: config_updated updated_count=11 timestamp=2026-03-29T11:27:13.139032+00:00
2026-03-29 20:27:13,139 INFO data_pipeline.collectors.note_com_rss: rss_monitor_completed creators_checked=11 new_articles_found=28 articles_saved=4 articles_skipped_paid=24 articles_skipped_duplicate=0 error_count=0
2026-03-30 08:00:05,165 INFO data_pipeline.collectors.note_com_rss: rss_monitor_starting creator_count=11
2026-03-30 08:00:05,522 INFO data_pipeline.collectors.note_com_rss: rss_fetched username=fukuoka1116 entry_count=25
2026-03-30 08:00:06,095 INFO data_pipeline.collectors.note_com_rss: rss_fetched username=sota_career entry_count=25
2026-03-30 08:00:06,577 INFO data_pipeline.collectors.note_com_rss: rss_fetched username=kei_10m_asset entry_count=23
2026-03-30 08:00:06,775 INFO data_pipeline.collectors.note_com_rss: new_entries_found username=kei_10m_asset new_count=1
2026-03-30 08:00:06,952 INFO data_pipeline.collectors.note_com_rss: rss_fetched username=careercompass_c entry_count=25
2026-03-30 08:00:07,151 INFO data_pipeline.collectors.note_com_rss: new_entries_found username=careercompass_c new_count=23
2026-03-30 08:00:07,411 INFO data_pipeline.collectors.note_com_rss: rss_fetched username=dandism56 entry_count=25
2026-03-30 08:00:07,614 INFO data_pipeline.collectors.note_com_rss: new_entries_found username=dandism56 new_count=1
2026-03-30 08:00:07,888 INFO data_pipeline.collectors.note_com_rss: rss_fetched username=miraicareer_blog entry_count=25
2026-03-30 08:00:08,355 INFO data_pipeline.collectors.note_com_rss: rss_fetched username=glad_auklet4142 entry_count=25
2026-03-30 08:00:08,595 INFO data_pipeline.collectors.note_com_rss: new_entries_found username=glad_auklet4142 new_count=3
2026-03-30 08:00:08,805 INFO data_pipeline.collectors.note_com_rss: rss_fetched username=hide_taxnote entry_count=25
2026-03-30 08:00:09,037 INFO data_pipeline.collectors.note_com_rss: new_entries_found username=hide_taxnote new_count=1
2026-03-30 08:00:09,415 INFO data_pipeline.collectors.note_com_rss: rss_fetched username=mindset_official entry_count=25
2026-03-30 08:00:09,898 INFO data_pipeline.collectors.note_com_rss: rss_fetched username=ruinormalhakkar entry_count=25
2026-03-30 08:00:10,197 INFO data_pipeline.collectors.note_com_rss: rss_fetched username=studyhacker entry_count=0
2026-03-30 08:00:11,073 INFO data_pipeline.collectors.note_com_browser: note_com_browser_started
2026-03-30 08:00:11,073 INFO data_pipeline.collectors.note_com_browser: scraping_article url=https://note.com/kei_10m_asset/n/n432d69c96254
2026-03-30 08:00:14,248 INFO data_pipeline.collectors.note_com_browser: article_scraped url=https://note.com/kei_10m_asset/n/n432d69c96254 title=資産形成は「万が一のことが起きたら家族は生きていけるのか？」まで考えることだ。 body_length=2939 hashtag_count=8
2026-03-30 08:00:14,371 INFO data_pipeline.collectors.note_com_rss: article_saved url=https://note.com/kei_10m_asset/n/n432d69c96254 title=資産形成は「万が一のことが起きたら家族は生きていけるのか？」まで考えることだ。
2026-03-30 08:00:14,371 INFO data_pipeline.collectors.note_com_browser: scraping_article url=https://note.com/careercompass_c/n/n5a503125b6e4
2026-03-30 08:00:17,072 INFO data_pipeline.collectors.note_com_browser: article_is_paid_skipping url=https://note.com/careercompass_c/n/n5a503125b6e4
2026-03-30 08:00:17,072 INFO data_pipeline.collectors.note_com_rss: article_paid_skipped url=https://note.com/careercompass_c/n/n5a503125b6e4
2026-03-30 08:00:17,072 INFO data_pipeline.collectors.note_com_browser: scraping_article url=https://note.com/careercompass_c/n/n8d85506065ed
2026-03-30 08:00:19,945 INFO data_pipeline.collectors.note_com_browser: article_is_paid_skipping url=https://note.com/careercompass_c/n/n8d85506065ed
2026-03-30 08:00:19,945 INFO data_pipeline.collectors.note_com_rss: article_paid_skipped url=https://note.com/careercompass_c/n/n8d85506065ed
2026-03-30 08:00:19,945 INFO data_pipeline.collectors.note_com_browser: scraping_article url=https://note.com/careercompass_c/n/ne0dbdfeab957
2026-03-30 08:00:22,737 INFO data_pipeline.collectors.note_com_browser: article_is_paid_skipping url=https://note.com/careercompass_c/n/ne0dbdfeab957
2026-03-30 08:00:22,737 INFO data_pipeline.collectors.note_com_rss: article_paid_skipped url=https://note.com/careercompass_c/n/ne0dbdfeab957
2026-03-30 08:00:22,737 INFO data_pipeline.collectors.note_com_browser: scraping_article url=https://note.com/careercompass_c/n/n1e93fe5c19b5
2026-03-30 08:00:25,496 INFO data_pipeline.collectors.note_com_browser: article_is_paid_skipping url=https://note.com/careercompass_c/n/n1e93fe5c19b5
2026-03-30 08:00:25,497 INFO data_pipeline.collectors.note_com_rss: article_paid_skipped url=https://note.com/careercompass_c/n/n1e93fe5c19b5
2026-03-30 08:00:25,497 INFO data_pipeline.collectors.note_com_browser: scraping_article url=https://note.com/careercompass_c/n/n0767bed4c469
2026-03-30 08:00:28,224 INFO data_pipeline.collectors.note_com_browser: article_is_paid_skipping url=https://note.com/careercompass_c/n/n0767bed4c469
2026-03-30 08:00:28,224 INFO data_pipeline.collectors.note_com_rss: article_paid_skipped url=https://note.com/careercompass_c/n/n0767bed4c469
2026-03-30 08:00:28,224 INFO data_pipeline.collectors.note_com_browser: scraping_article url=https://note.com/careercompass_c/n/n74ec59251fc4
2026-03-30 08:00:30,910 INFO data_pipeline.collectors.note_com_browser: article_is_paid_skipping url=https://note.com/careercompass_c/n/n74ec59251fc4
2026-03-30 08:00:30,910 INFO data_pipeline.collectors.note_com_rss: article_paid_skipped url=https://note.com/careercompass_c/n/n74ec59251fc4
2026-03-30 08:00:30,910 INFO data_pipeline.collectors.note_com_browser: scraping_article url=https://note.com/careercompass_c/n/nc0a96b223dce
2026-03-30 08:00:33,773 INFO data_pipeline.collectors.note_com_browser: article_is_paid_skipping url=https://note.com/careercompass_c/n/nc0a96b223dce
2026-03-30 08:00:33,773 INFO data_pipeline.collectors.note_com_rss: article_paid_skipped url=https://note.com/careercompass_c/n/nc0a96b223dce
2026-03-30 08:00:33,773 INFO data_pipeline.collectors.note_com_browser: scraping_article url=https://note.com/careercompass_c/n/nb51f62b5cdae
2026-03-30 08:00:36,307 INFO data_pipeline.collectors.note_com_browser: article_is_paid_skipping url=https://note.com/careercompass_c/n/nb51f62b5cdae
2026-03-30 08:00:36,307 INFO data_pipeline.collectors.note_com_rss: article_paid_skipped url=https://note.com/careercompass_c/n/nb51f62b5cdae
2026-03-30 08:00:36,307 INFO data_pipeline.collectors.note_com_browser: scraping_article url=https://note.com/careercompass_c/n/n0899e0f35d67
2026-03-30 08:00:39,432 INFO data_pipeline.collectors.note_com_browser: article_is_paid_skipping url=https://note.com/careercompass_c/n/n0899e0f35d67
2026-03-30 08:00:39,432 INFO data_pipeline.collectors.note_com_rss: article_paid_skipped url=https://note.com/careercompass_c/n/n0899e0f35d67
2026-03-30 08:00:39,432 INFO data_pipeline.collectors.note_com_browser: scraping_article url=https://note.com/careercompass_c/n/n63bcb7c4105a
2026-03-30 08:00:42,269 INFO data_pipeline.collectors.note_com_browser: article_is_paid_skipping url=https://note.com/careercompass_c/n/n63bcb7c4105a
2026-03-30 08:00:42,270 INFO data_pipeline.collectors.note_com_rss: article_paid_skipped url=https://note.com/careercompass_c/n/n63bcb7c4105a
2026-03-30 08:00:42,270 INFO data_pipeline.collectors.note_com_browser: scraping_article url=https://note.com/careercompass_c/n/nda084a36215a
2026-03-30 08:00:45,036 INFO data_pipeline.collectors.note_com_browser: article_is_paid_skipping url=https://note.com/careercompass_c/n/nda084a36215a
2026-03-30 08:00:45,037 INFO data_pipeline.collectors.note_com_rss: article_paid_skipped url=https://note.com/careercompass_c/n/nda084a36215a
2026-03-30 08:00:45,037 INFO data_pipeline.collectors.note_com_browser: scraping_article url=https://note.com/careercompass_c/n/nd1b182fe46a8
2026-03-30 08:00:47,745 INFO data_pipeline.collectors.note_com_browser: article_is_paid_skipping url=https://note.com/careercompass_c/n/nd1b182fe46a8
2026-03-30 08:00:47,745 INFO data_pipeline.collectors.note_com_rss: article_paid_skipped url=https://note.com/careercompass_c/n/nd1b182fe46a8
2026-03-30 08:00:47,745 INFO data_pipeline.collectors.note_com_browser: scraping_article url=https://note.com/careercompass_c/n/naf7399362d7e
2026-03-30 08:00:50,229 INFO data_pipeline.collectors.note_com_browser: article_is_paid_skipping url=https://note.com/careercompass_c/n/naf7399362d7e
2026-03-30 08:00:50,229 INFO data_pipeline.collectors.note_com_rss: article_paid_skipped url=https://note.com/careercompass_c/n/naf7399362d7e
2026-03-30 08:00:50,229 INFO data_pipeline.collectors.note_com_browser: scraping_article url=https://note.com/careercompass_c/n/n127380e09ca7
2026-03-30 08:00:53,040 INFO data_pipeline.collectors.note_com_browser: article_is_paid_skipping url=https://note.com/careercompass_c/n/n127380e09ca7
2026-03-30 08:00:53,041 INFO data_pipeline.collectors.note_com_rss: article_paid_skipped url=https://note.com/careercompass_c/n/n127380e09ca7
2026-03-30 08:00:53,041 INFO data_pipeline.collectors.note_com_browser: scraping_article url=https://note.com/careercompass_c/n/n72bdd1694c18
2026-03-30 08:00:55,950 INFO data_pipeline.collectors.note_com_browser: article_is_paid_skipping url=https://note.com/careercompass_c/n/n72bdd1694c18
2026-03-30 08:00:55,950 INFO data_pipeline.collectors.note_com_rss: article_paid_skipped url=https://note.com/careercompass_c/n/n72bdd1694c18
2026-03-30 08:00:55,950 INFO data_pipeline.collectors.note_com_browser: scraping_article url=https://note.com/careercompass_c/n/n1901f280d017
2026-03-30 08:00:58,486 INFO data_pipeline.collectors.note_com_browser: article_is_paid_skipping url=https://note.com/careercompass_c/n/n1901f280d017
2026-03-30 08:00:58,486 INFO data_pipeline.collectors.note_com_rss: article_paid_skipped url=https://note.com/careercompass_c/n/n1901f280d017
2026-03-30 08:00:58,486 INFO data_pipeline.collectors.note_com_browser: scraping_article url=https://note.com/careercompass_c/n/ne3011032b029
2026-03-30 08:01:01,355 INFO data_pipeline.collectors.note_com_browser: article_is_paid_skipping url=https://note.com/careercompass_c/n/ne3011032b029
2026-03-30 08:01:01,355 INFO data_pipeline.collectors.note_com_rss: article_paid_skipped url=https://note.com/careercompass_c/n/ne3011032b029
2026-03-30 08:01:01,355 INFO data_pipeline.collectors.note_com_browser: scraping_article url=https://note.com/careercompass_c/n/nb5bf9d1f719f
2026-03-30 08:01:04,431 INFO data_pipeline.collectors.note_com_browser: article_is_paid_skipping url=https://note.com/careercompass_c/n/nb5bf9d1f719f
2026-03-30 08:01:04,431 INFO data_pipeline.collectors.note_com_rss: article_paid_skipped url=https://note.com/careercompass_c/n/nb5bf9d1f719f
2026-03-30 08:01:04,432 INFO data_pipeline.collectors.note_com_browser: scraping_article url=https://note.com/careercompass_c/n/n4901d1b853d5
2026-03-30 08:01:07,506 INFO data_pipeline.collectors.note_com_browser: article_is_paid_skipping url=https://note.com/careercompass_c/n/n4901d1b853d5
2026-03-30 08:01:07,506 INFO data_pipeline.collectors.note_com_rss: article_paid_skipped url=https://note.com/careercompass_c/n/n4901d1b853d5
2026-03-30 08:01:07,506 INFO data_pipeline.collectors.note_com_browser: scraping_article url=https://note.com/careercompass_c/n/n8163e6cbc5f9
2026-03-30 08:01:10,123 INFO data_pipeline.collectors.note_com_browser: article_is_paid_skipping url=https://note.com/careercompass_c/n/n8163e6cbc5f9
2026-03-30 08:01:10,123 INFO data_pipeline.collectors.note_com_rss: article_paid_skipped url=https://note.com/careercompass_c/n/n8163e6cbc5f9
2026-03-30 08:01:10,123 INFO data_pipeline.collectors.note_com_browser: scraping_article url=https://note.com/careercompass_c/n/n00fd1c9faf2e
2026-03-30 08:01:12,722 INFO data_pipeline.collectors.note_com_browser: article_is_paid_skipping url=https://note.com/careercompass_c/n/n00fd1c9faf2e
2026-03-30 08:01:12,722 INFO data_pipeline.collectors.note_com_rss: article_paid_skipped url=https://note.com/careercompass_c/n/n00fd1c9faf2e
2026-03-30 08:01:12,722 INFO data_pipeline.collectors.note_com_browser: scraping_article url=https://note.com/careercompass_c/n/n5a4a03fe5eab
2026-03-30 08:01:15,661 INFO data_pipeline.collectors.note_com_browser: article_is_paid_skipping url=https://note.com/careercompass_c/n/n5a4a03fe5eab
2026-03-30 08:01:15,662 INFO data_pipeline.collectors.note_com_rss: article_paid_skipped url=https://note.com/careercompass_c/n/n5a4a03fe5eab
2026-03-30 08:01:15,662 INFO data_pipeline.collectors.note_com_browser: scraping_article url=https://note.com/careercompass_c/n/n3a2289da0aad
2026-03-30 08:01:18,431 INFO data_pipeline.collectors.note_com_browser: article_is_paid_skipping url=https://note.com/careercompass_c/n/n3a2289da0aad
2026-03-30 08:01:18,431 INFO data_pipeline.collectors.note_com_rss: article_paid_skipped url=https://note.com/careercompass_c/n/n3a2289da0aad
2026-03-30 08:01:18,431 INFO data_pipeline.collectors.note_com_browser: scraping_article url=https://note.com/dandism56/n/nf01fb20e0d2e
2026-03-30 08:01:21,471 INFO data_pipeline.collectors.note_com_browser: article_scraped url=https://note.com/dandism56/n/nf01fb20e0d2e title=「転職理由」は“会社への不満”ではなく、これを変えたいという「課題設定」で決まります body_length=3138 hashtag_count=34
2026-03-30 08:01:21,575 INFO data_pipeline.collectors.note_com_rss: article_saved url=https://note.com/dandism56/n/nf01fb20e0d2e title=「転職理由」は“会社への不満”ではなく、これを変えたいという「課題設定」で決まります
2026-03-30 08:01:21,575 INFO data_pipeline.collectors.note_com_browser: scraping_article url=https://note.com/glad_auklet4142/n/n42b58b029545
2026-03-30 08:01:24,751 INFO data_pipeline.collectors.note_com_browser: article_scraped url=https://note.com/glad_auklet4142/n/n42b58b029545 title=【海外データ解説】あなたが悪いわけじゃない。数字を奪う「アルゴリズムの暴走」とSNS集客の限界。努力が報われない本当の理由？クリエイターを殺す「アルゴリズムの気まぐれ」とは？ #SNS集客 #アルゴリズム #フリーランス #米国 #生成AI #SNS疲れ body_length=4089 hashtag_count=97
2026-03-30 08:01:24,868 INFO data_pipeline.collectors.note_com_rss: article_saved url=https://note.com/glad_auklet4142/n/n42b58b029545 title=【海外データ解説】あなたが悪いわけじゃない。数字を奪う「アルゴリズムの暴走」とSNS集客の限界。努力が報われない本当の理由？クリエイターを殺す「アルゴリズムの気まぐれ」とは？ #SNS集客 #アルゴリズム #フリーランス #米国 #生成AI #SNS疲れ
2026-03-30 08:01:24,868 INFO data_pipeline.collectors.note_com_browser: scraping_article url=https://note.com/glad_auklet4142/n/nbd6ec45b9f36
2026-03-30 08:01:28,065 INFO data_pipeline.collectors.note_com_browser: article_scraped url=https://note.com/glad_auklet4142/n/nbd6ec45b9f36 title=ウォール街が鳴らす警鐘。米景気後退「30%」がNISAを直撃する日新NISAの死角と3匹のシロアリ #新NISA #米国株 #S&amp;P500 #インフレ #FRB #資産防衛  body_length=3664 hashtag_count=97
2026-03-30 08:01:28,150 INFO data_pipeline.collectors.note_com_rss: article_saved url=https://note.com/glad_auklet4142/n/nbd6ec45b9f36 title=ウォール街が鳴らす警鐘。米景気後退「30%」がNISAを直撃する日新NISAの死角と3匹のシロアリ #新NISA #米国株 #S&amp;P500 #インフレ #FRB #資産防衛 
2026-03-30 08:01:28,150 INFO data_pipeline.collectors.note_com_browser: scraping_article url=https://note.com/glad_auklet4142/n/ne8684f28c85d
2026-03-30 08:01:32,310 INFO data_pipeline.collectors.note_com_browser: article_scraped url=https://note.com/glad_auklet4142/n/ne8684f28c85d title=【起業や独立したいなら「できないこと」を勉強するな】英語ができない貿易商が12年生き残れた理由。語学力ゼロの泥臭い教訓。プログラムもアプリも、中身なきAI活用もただの時限爆弾 #生成AI #Claude #Claudecode #ChatGPT #Gemini #Cursor #AI活用 #在宅副業　#SNS運用 #フリーランス #Webマーケティング body_length=32234 hashtag_count=98
2026-03-30 08:01:32,385 INFO data_pipeline.collectors.note_com_rss: article_saved url=https://note.com/glad_auklet4142/n/ne8684f28c85d title=【起業や独立したいなら「できないこと」を勉強するな】英語ができない貿易商が12年生き残れた理由。語学力ゼロの泥臭い教訓。プログラムもアプリも、中身なきAI活用もただの時限爆弾 #生成AI #Claude #Claudecode #ChatGPT #Gemini #Cursor #AI活用 #在宅副業　#SNS運用 #フリーランス #Webマーケティング
2026-03-30 08:01:32,385 INFO data_pipeline.collectors.note_com_browser: scraping_article url=https://note.com/hide_taxnote/n/n8e5658fec2a2
2026-03-30 08:01:35,485 INFO data_pipeline.collectors.note_com_browser: article_is_paid_skipping url=https://note.com/hide_taxnote/n/n8e5658fec2a2
2026-03-30 08:01:35,485 INFO data_pipeline.collectors.note_com_rss: article_paid_skipped url=https://note.com/hide_taxnote/n/n8e5658fec2a2
2026-03-30 08:01:35,552 INFO data_pipeline.collectors.note_com_rss: config_updated updated_count=11 timestamp=2026-03-29T23:01:35.552192+00:00
2026-03-30 08:01:35,552 INFO data_pipeline.collectors.note_com_rss: rss_monitor_completed creators_checked=11 new_articles_found=29 articles_saved=5 articles_skipped_paid=24 articles_skipped_duplicate=0 error_count=0
2026-03-30 20:00:05,634 INFO data_pipeline.collectors.note_com_rss: rss_monitor_starting creator_count=11
2026-03-30 20:00:05,788 INFO data_pipeline.collectors.note_com_rss: rss_fetched username=fukuoka1116 entry_count=25
2026-03-30 20:00:07,081 INFO data_pipeline.collectors.note_com_rss: rss_fetched username=sota_career entry_count=25
2026-03-30 20:00:07,569 INFO data_pipeline.collectors.note_com_rss: rss_fetched username=kei_10m_asset entry_count=23
2026-03-30 20:00:08,014 INFO data_pipeline.collectors.note_com_rss: rss_fetched username=careercompass_c entry_count=25
2026-03-30 20:00:08,389 INFO data_pipeline.collectors.note_com_rss: new_entries_found username=careercompass_c new_count=24
2026-03-30 20:00:08,601 INFO data_pipeline.collectors.note_com_rss: rss_fetched username=dandism56 entry_count=25
2026-03-30 20:00:09,102 INFO data_pipeline.collectors.note_com_rss: rss_fetched username=miraicareer_blog entry_count=25
2026-03-30 20:00:10,562 INFO data_pipeline.collectors.note_com_rss: rss_fetched username=glad_auklet4142 entry_count=25
2026-03-30 20:00:10,945 INFO data_pipeline.collectors.note_com_rss: new_entries_found username=glad_auklet4142 new_count=1
2026-03-30 20:00:11,143 INFO data_pipeline.collectors.note_com_rss: rss_fetched username=hide_taxnote entry_count=25
2026-03-30 20:00:11,824 INFO data_pipeline.collectors.note_com_rss: new_entries_found username=hide_taxnote new_count=3
2026-03-30 20:00:12,230 INFO data_pipeline.collectors.note_com_rss: rss_fetched username=mindset_official entry_count=25
2026-03-30 20:00:12,797 INFO data_pipeline.collectors.note_com_rss: rss_fetched username=ruinormalhakkar entry_count=25
2026-03-30 20:00:13,206 INFO data_pipeline.collectors.note_com_rss: rss_fetched username=studyhacker entry_count=0
2026-03-30 20:00:14,666 INFO data_pipeline.collectors.note_com_browser: note_com_browser_started
2026-03-30 20:00:14,666 INFO data_pipeline.collectors.note_com_browser: scraping_article url=https://note.com/careercompass_c/n/n6d8bd5f136e3
2026-03-30 20:00:17,592 INFO data_pipeline.collectors.note_com_browser: article_is_paid_skipping url=https://note.com/careercompass_c/n/n6d8bd5f136e3
2026-03-30 20:00:17,592 INFO data_pipeline.collectors.note_com_rss: article_paid_skipped url=https://note.com/careercompass_c/n/n6d8bd5f136e3
2026-03-30 20:00:17,592 INFO data_pipeline.collectors.note_com_browser: scraping_article url=https://note.com/careercompass_c/n/n7116a05e215c
2026-03-30 20:00:20,082 INFO data_pipeline.collectors.note_com_browser: article_is_paid_skipping url=https://note.com/careercompass_c/n/n7116a05e215c
2026-03-30 20:00:20,082 INFO data_pipeline.collectors.note_com_rss: article_paid_skipped url=https://note.com/careercompass_c/n/n7116a05e215c
2026-03-30 20:00:20,082 INFO data_pipeline.collectors.note_com_browser: scraping_article url=https://note.com/careercompass_c/n/n3f597cba7ab1
2026-03-30 20:00:22,934 INFO data_pipeline.collectors.note_com_browser: article_is_paid_skipping url=https://note.com/careercompass_c/n/n3f597cba7ab1
2026-03-30 20:00:22,935 INFO data_pipeline.collectors.note_com_rss: article_paid_skipped url=https://note.com/careercompass_c/n/n3f597cba7ab1
2026-03-30 20:00:22,935 INFO data_pipeline.collectors.note_com_browser: scraping_article url=https://note.com/careercompass_c/n/n9de5744342e5
2026-03-30 20:00:25,522 INFO data_pipeline.collectors.note_com_browser: article_is_paid_skipping url=https://note.com/careercompass_c/n/n9de5744342e5
2026-03-30 20:00:25,522 INFO data_pipeline.collectors.note_com_rss: article_paid_skipped url=https://note.com/careercompass_c/n/n9de5744342e5
2026-03-30 20:00:25,522 INFO data_pipeline.collectors.note_com_browser: scraping_article url=https://note.com/careercompass_c/n/n00cd4471c9f9
2026-03-30 20:00:28,679 INFO data_pipeline.collectors.note_com_browser: article_is_paid_skipping url=https://note.com/careercompass_c/n/n00cd4471c9f9
2026-03-30 20:00:28,679 INFO data_pipeline.collectors.note_com_rss: article_paid_skipped url=https://note.com/careercompass_c/n/n00cd4471c9f9
2026-03-30 20:00:28,679 INFO data_pipeline.collectors.note_com_browser: scraping_article url=https://note.com/careercompass_c/n/n56509ef208ac
2026-03-30 20:00:31,523 INFO data_pipeline.collectors.note_com_browser: article_is_paid_skipping url=https://note.com/careercompass_c/n/n56509ef208ac
2026-03-30 20:00:31,523 INFO data_pipeline.collectors.note_com_rss: article_paid_skipped url=https://note.com/careercompass_c/n/n56509ef208ac
2026-03-30 20:00:31,523 INFO data_pipeline.collectors.note_com_browser: scraping_article url=https://note.com/careercompass_c/n/n5c7ed79f5de4
2026-03-30 20:00:34,350 INFO data_pipeline.collectors.note_com_browser: article_is_paid_skipping url=https://note.com/careercompass_c/n/n5c7ed79f5de4
2026-03-30 20:00:34,350 INFO data_pipeline.collectors.note_com_rss: article_paid_skipped url=https://note.com/careercompass_c/n/n5c7ed79f5de4
2026-03-30 20:00:34,350 INFO data_pipeline.collectors.note_com_browser: scraping_article url=https://note.com/careercompass_c/n/nff09205e7eff
2026-03-30 20:00:37,308 INFO data_pipeline.collectors.note_com_browser: article_is_paid_skipping url=https://note.com/careercompass_c/n/nff09205e7eff
2026-03-30 20:00:37,308 INFO data_pipeline.collectors.note_com_rss: article_paid_skipped url=https://note.com/careercompass_c/n/nff09205e7eff
2026-03-30 20:00:37,308 INFO data_pipeline.collectors.note_com_browser: scraping_article url=https://note.com/careercompass_c/n/n64e98dac5651
2026-03-30 20:00:40,042 INFO data_pipeline.collectors.note_com_browser: article_is_paid_skipping url=https://note.com/careercompass_c/n/n64e98dac5651
2026-03-30 20:00:40,042 INFO data_pipeline.collectors.note_com_rss: article_paid_skipped url=https://note.com/careercompass_c/n/n64e98dac5651
2026-03-30 20:00:40,042 INFO data_pipeline.collectors.note_com_browser: scraping_article url=https://note.com/careercompass_c/n/n246db2c87c27
2026-03-30 20:00:42,507 INFO data_pipeline.collectors.note_com_browser: article_is_paid_skipping url=https://note.com/careercompass_c/n/n246db2c87c27
2026-03-30 20:00:42,507 INFO data_pipeline.collectors.note_com_rss: article_paid_skipped url=https://note.com/careercompass_c/n/n246db2c87c27
2026-03-30 20:00:42,507 INFO data_pipeline.collectors.note_com_browser: scraping_article url=https://note.com/careercompass_c/n/n5a503125b6e4
2026-03-30 20:00:45,411 INFO data_pipeline.collectors.note_com_browser: article_is_paid_skipping url=https://note.com/careercompass_c/n/n5a503125b6e4
2026-03-30 20:00:45,411 INFO data_pipeline.collectors.note_com_rss: article_paid_skipped url=https://note.com/careercompass_c/n/n5a503125b6e4
2026-03-30 20:00:45,412 INFO data_pipeline.collectors.note_com_browser: scraping_article url=https://note.com/careercompass_c/n/n8d85506065ed
2026-03-30 20:00:48,142 INFO data_pipeline.collectors.note_com_browser: article_is_paid_skipping url=https://note.com/careercompass_c/n/n8d85506065ed
2026-03-30 20:00:48,143 INFO data_pipeline.collectors.note_com_rss: article_paid_skipped url=https://note.com/careercompass_c/n/n8d85506065ed
2026-03-30 20:00:48,143 INFO data_pipeline.collectors.note_com_browser: scraping_article url=https://note.com/careercompass_c/n/ne0dbdfeab957
2026-03-30 20:00:50,853 INFO data_pipeline.collectors.note_com_browser: article_is_paid_skipping url=https://note.com/careercompass_c/n/ne0dbdfeab957
2026-03-30 20:00:50,853 INFO data_pipeline.collectors.note_com_rss: article_paid_skipped url=https://note.com/careercompass_c/n/ne0dbdfeab957
2026-03-30 20:00:50,853 INFO data_pipeline.collectors.note_com_browser: scraping_article url=https://note.com/careercompass_c/n/n1e93fe5c19b5
2026-03-30 20:00:54,976 INFO data_pipeline.collectors.note_com_browser: article_is_paid_skipping url=https://note.com/careercompass_c/n/n1e93fe5c19b5
2026-03-30 20:00:54,976 INFO data_pipeline.collectors.note_com_rss: article_paid_skipped url=https://note.com/careercompass_c/n/n1e93fe5c19b5
2026-03-30 20:00:54,976 INFO data_pipeline.collectors.note_com_browser: scraping_article url=https://note.com/careercompass_c/n/n0767bed4c469
2026-03-30 20:00:58,452 INFO data_pipeline.collectors.note_com_browser: article_is_paid_skipping url=https://note.com/careercompass_c/n/n0767bed4c469
2026-03-30 20:00:58,453 INFO data_pipeline.collectors.note_com_rss: article_paid_skipped url=https://note.com/careercompass_c/n/n0767bed4c469
2026-03-30 20:00:58,453 INFO data_pipeline.collectors.note_com_browser: scraping_article url=https://note.com/careercompass_c/n/n74ec59251fc4
2026-03-30 20:01:01,374 INFO data_pipeline.collectors.note_com_browser: article_is_paid_skipping url=https://note.com/careercompass_c/n/n74ec59251fc4
2026-03-30 20:01:01,375 INFO data_pipeline.collectors.note_com_rss: article_paid_skipped url=https://note.com/careercompass_c/n/n74ec59251fc4
2026-03-30 20:01:01,375 INFO data_pipeline.collectors.note_com_browser: scraping_article url=https://note.com/careercompass_c/n/nc0a96b223dce
2026-03-30 20:01:03,986 INFO data_pipeline.collectors.note_com_browser: article_is_paid_skipping url=https://note.com/careercompass_c/n/nc0a96b223dce
2026-03-30 20:01:03,986 INFO data_pipeline.collectors.note_com_rss: article_paid_skipped url=https://note.com/careercompass_c/n/nc0a96b223dce
2026-03-30 20:01:03,986 INFO data_pipeline.collectors.note_com_browser: scraping_article url=https://note.com/careercompass_c/n/nb51f62b5cdae
2026-03-30 20:01:06,695 INFO data_pipeline.collectors.note_com_browser: article_is_paid_skipping url=https://note.com/careercompass_c/n/nb51f62b5cdae
2026-03-30 20:01:06,695 INFO data_pipeline.collectors.note_com_rss: article_paid_skipped url=https://note.com/careercompass_c/n/nb51f62b5cdae
2026-03-30 20:01:06,695 INFO data_pipeline.collectors.note_com_browser: scraping_article url=https://note.com/careercompass_c/n/n0899e0f35d67
2026-03-30 20:01:09,555 INFO data_pipeline.collectors.note_com_browser: article_is_paid_skipping url=https://note.com/careercompass_c/n/n0899e0f35d67
2026-03-30 20:01:09,555 INFO data_pipeline.collectors.note_com_rss: article_paid_skipped url=https://note.com/careercompass_c/n/n0899e0f35d67
2026-03-30 20:01:09,555 INFO data_pipeline.collectors.note_com_browser: scraping_article url=https://note.com/careercompass_c/n/n63bcb7c4105a
2026-03-30 20:01:12,375 INFO data_pipeline.collectors.note_com_browser: article_is_paid_skipping url=https://note.com/careercompass_c/n/n63bcb7c4105a
2026-03-30 20:01:12,375 INFO data_pipeline.collectors.note_com_rss: article_paid_skipped url=https://note.com/careercompass_c/n/n63bcb7c4105a
2026-03-30 20:01:12,375 INFO data_pipeline.collectors.note_com_browser: scraping_article url=https://note.com/careercompass_c/n/nda084a36215a
2026-03-30 20:01:15,312 INFO data_pipeline.collectors.note_com_browser: article_is_paid_skipping url=https://note.com/careercompass_c/n/nda084a36215a
2026-03-30 20:01:15,312 INFO data_pipeline.collectors.note_com_rss: article_paid_skipped url=https://note.com/careercompass_c/n/nda084a36215a
2026-03-30 20:01:15,312 INFO data_pipeline.collectors.note_com_browser: scraping_article url=https://note.com/careercompass_c/n/nd1b182fe46a8
2026-03-30 20:01:18,108 INFO data_pipeline.collectors.note_com_browser: article_is_paid_skipping url=https://note.com/careercompass_c/n/nd1b182fe46a8
2026-03-30 20:01:18,108 INFO data_pipeline.collectors.note_com_rss: article_paid_skipped url=https://note.com/careercompass_c/n/nd1b182fe46a8
2026-03-30 20:01:18,108 INFO data_pipeline.collectors.note_com_browser: scraping_article url=https://note.com/careercompass_c/n/naf7399362d7e
2026-03-30 20:01:20,609 INFO data_pipeline.collectors.note_com_browser: article_is_paid_skipping url=https://note.com/careercompass_c/n/naf7399362d7e
2026-03-30 20:01:20,609 INFO data_pipeline.collectors.note_com_rss: article_paid_skipped url=https://note.com/careercompass_c/n/naf7399362d7e
2026-03-30 20:01:20,609 INFO data_pipeline.collectors.note_com_browser: scraping_article url=https://note.com/careercompass_c/n/n127380e09ca7
2026-03-30 20:01:23,026 INFO data_pipeline.collectors.note_com_browser: article_is_paid_skipping url=https://note.com/careercompass_c/n/n127380e09ca7
2026-03-30 20:01:23,026 INFO data_pipeline.collectors.note_com_rss: article_paid_skipped url=https://note.com/careercompass_c/n/n127380e09ca7
2026-03-30 20:01:23,026 INFO data_pipeline.collectors.note_com_browser: scraping_article url=https://note.com/glad_auklet4142/n/n98ee650be242
2026-03-30 20:01:26,649 INFO data_pipeline.collectors.note_com_browser: article_scraped url=https://note.com/glad_auklet4142/n/n98ee650be242 title=【14ヶ月の科学分析を、2秒の人間の直感が覆した贋作事件】AI時代にこそ求められる「検品回数」。情報発信者がなら絶対に見つけておくべき能力と、AIが絶対に越えられない「直感」という壁の正体。#生成AI #ChatGPT #Gemini #Claude #AI活用 #記事 #ライティング #文章術 #毎日更新 #note #コンテンツビジネス body_length=25747 hashtag_count=100
2026-03-30 20:01:27,756 INFO data_pipeline.collectors.note_com_rss: article_saved url=https://note.com/glad_auklet4142/n/n98ee650be242 title=【14ヶ月の科学分析を、2秒の人間の直感が覆した贋作事件】AI時代にこそ求められる「検品回数」。情報発信者がなら絶対に見つけておくべき能力と、AIが絶対に越えられない「直感」という壁の正体。#生成AI #ChatGPT #Gemini #Claude #AI活用 #記事 #ライティング #文章術 #毎日更新 #note #コンテンツビジネス
2026-03-30 20:01:27,757 INFO data_pipeline.collectors.note_com_browser: scraping_article url=https://note.com/hide_taxnote/n/nbc0bcabfb6ed
2026-03-30 20:01:30,369 INFO data_pipeline.collectors.note_com_browser: article_scraped url=https://note.com/hide_taxnote/n/nbc0bcabfb6ed title=2026年3月30日｜日経平均・東京株式市場・米国株：ポイント解説と明日の展望 body_length=3772 hashtag_count=12
2026-03-30 20:01:30,496 INFO data_pipeline.collectors.note_com_rss: article_saved url=https://note.com/hide_taxnote/n/nbc0bcabfb6ed title=2026年3月30日｜日経平均・東京株式市場・米国株：ポイント解説と明日の展望
2026-03-30 20:01:30,496 INFO data_pipeline.collectors.note_com_browser: scraping_article url=https://note.com/hide_taxnote/n/n42512ff310ee
2026-03-30 20:01:33,500 INFO data_pipeline.collectors.note_com_browser: article_scraped url=https://note.com/hide_taxnote/n/n42512ff310ee title=手取りが少なくても、お金が残る人は何をしているのか body_length=1983 hashtag_count=8
2026-03-30 20:01:33,587 INFO data_pipeline.collectors.note_com_rss: article_saved url=https://note.com/hide_taxnote/n/n42512ff310ee title=手取りが少なくても、お金が残る人は何をしているのか
2026-03-30 20:01:33,587 INFO data_pipeline.collectors.note_com_browser: scraping_article url=https://note.com/hide_taxnote/n/n8e5658fec2a2
2026-03-30 20:01:36,522 INFO data_pipeline.collectors.note_com_browser: article_is_paid_skipping url=https://note.com/hide_taxnote/n/n8e5658fec2a2
2026-03-30 20:01:36,523 INFO data_pipeline.collectors.note_com_rss: article_paid_skipped url=https://note.com/hide_taxnote/n/n8e5658fec2a2
2026-03-30 20:01:36,608 INFO data_pipeline.collectors.note_com_rss: config_updated updated_count=11 timestamp=2026-03-30T11:01:36.608430+00:00
2026-03-30 20:01:36,608 INFO data_pipeline.collectors.note_com_rss: rss_monitor_completed creators_checked=11 new_articles_found=28 articles_saved=3 articles_skipped_paid=25 articles_skipped_duplicate=0 error_count=0
2026-03-31 08:03:49,176 INFO data_pipeline.collectors.note_com_rss: rss_monitor_starting creator_count=11
2026-03-31 08:03:49,691 INFO data_pipeline.collectors.note_com_rss: rss_fetched username=fukuoka1116 entry_count=25
2026-03-31 08:03:50,240 INFO data_pipeline.collectors.note_com_rss: rss_fetched username=sota_career entry_count=25
2026-03-31 08:03:50,459 INFO data_pipeline.collectors.note_com_rss: new_entries_found username=sota_career new_count=2
2026-03-31 08:03:50,711 INFO data_pipeline.collectors.note_com_rss: rss_fetched username=kei_10m_asset entry_count=23
2026-03-31 08:03:51,123 INFO data_pipeline.collectors.note_com_rss: rss_fetched username=careercompass_c entry_count=25
2026-03-31 08:03:51,193 INFO data_pipeline.collectors.note_com_rss: new_entries_found username=careercompass_c new_count=24
2026-03-31 08:03:51,425 INFO data_pipeline.collectors.note_com_rss: rss_fetched username=dandism56 entry_count=25
2026-03-31 08:03:51,659 INFO data_pipeline.collectors.note_com_rss: new_entries_found username=dandism56 new_count=1
2026-03-31 08:03:51,901 INFO data_pipeline.collectors.note_com_rss: rss_fetched username=miraicareer_blog entry_count=25
2026-03-31 08:03:52,373 INFO data_pipeline.collectors.note_com_rss: rss_fetched username=glad_auklet4142 entry_count=25
2026-03-31 08:03:52,674 INFO data_pipeline.collectors.note_com_rss: new_entries_found username=glad_auklet4142 new_count=2
2026-03-31 08:03:52,868 INFO data_pipeline.collectors.note_com_rss: rss_fetched username=hide_taxnote entry_count=25
2026-03-31 08:03:53,147 INFO data_pipeline.collectors.note_com_rss: new_entries_found username=hide_taxnote new_count=1
2026-03-31 08:03:53,485 INFO data_pipeline.collectors.note_com_rss: rss_fetched username=mindset_official entry_count=25
2026-03-31 08:03:53,984 INFO data_pipeline.collectors.note_com_rss: rss_fetched username=ruinormalhakkar entry_count=25
2026-03-31 08:03:54,314 INFO data_pipeline.collectors.note_com_rss: rss_fetched username=studyhacker entry_count=0
2026-03-31 08:03:55,138 INFO data_pipeline.collectors.note_com_browser: note_com_browser_started
2026-03-31 08:03:55,138 INFO data_pipeline.collectors.note_com_browser: scraping_article url=https://note.com/sota_career/n/nb2c070fa6f06
2026-03-31 08:03:58,561 INFO data_pipeline.collectors.note_com_browser: article_scraped url=https://note.com/sota_career/n/nb2c070fa6f06 title=カフェから転職して年収280万→420万。あみが語る現実と後悔 body_length=6786 hashtag_count=9
2026-03-31 08:03:58,650 INFO data_pipeline.collectors.note_com_rss: article_saved url=https://note.com/sota_career/n/nb2c070fa6f06 title=カフェから転職して年収280万→420万。あみが語る現実と後悔
2026-03-31 08:03:58,650 INFO data_pipeline.collectors.note_com_browser: scraping_article url=https://note.com/sota_career/n/nb6e016510192
2026-03-31 08:04:01,416 INFO data_pipeline.collectors.note_com_browser: article_scraped url=https://note.com/sota_career/n/nb6e016510192 title=カフェ転職したら年収100万下がった｜32歳あいが後悔しない理由を聞いた body_length=7761 hashtag_count=8
2026-03-31 08:04:01,473 INFO data_pipeline.collectors.note_com_rss: article_saved url=https://note.com/sota_career/n/nb6e016510192 title=カフェ転職したら年収100万下がった｜32歳あいが後悔しない理由を聞いた
2026-03-31 08:04:01,473 INFO data_pipeline.collectors.note_com_browser: scraping_article url=https://note.com/careercompass_c/n/n6d8bd5f136e3
2026-03-31 08:04:04,341 INFO data_pipeline.collectors.note_com_browser: article_is_paid_skipping url=https://note.com/careercompass_c/n/n6d8bd5f136e3
2026-03-31 08:04:04,341 INFO data_pipeline.collectors.note_com_rss: article_paid_skipped url=https://note.com/careercompass_c/n/n6d8bd5f136e3
2026-03-31 08:04:04,341 INFO data_pipeline.collectors.note_com_browser: scraping_article url=https://note.com/careercompass_c/n/n7116a05e215c
2026-03-31 08:04:07,046 INFO data_pipeline.collectors.note_com_browser: article_is_paid_skipping url=https://note.com/careercompass_c/n/n7116a05e215c
2026-03-31 08:04:07,046 INFO data_pipeline.collectors.note_com_rss: article_paid_skipped url=https://note.com/careercompass_c/n/n7116a05e215c
2026-03-31 08:04:07,046 INFO data_pipeline.collectors.note_com_browser: scraping_article url=https://note.com/careercompass_c/n/n3f597cba7ab1
2026-03-31 08:04:09,910 INFO data_pipeline.collectors.note_com_browser: article_is_paid_skipping url=https://note.com/careercompass_c/n/n3f597cba7ab1
2026-03-31 08:04:09,911 INFO data_pipeline.collectors.note_com_rss: article_paid_skipped url=https://note.com/careercompass_c/n/n3f597cba7ab1
2026-03-31 08:04:09,911 INFO data_pipeline.collectors.note_com_browser: scraping_article url=https://note.com/careercompass_c/n/n9de5744342e5
2026-03-31 08:04:12,433 INFO data_pipeline.collectors.note_com_browser: article_is_paid_skipping url=https://note.com/careercompass_c/n/n9de5744342e5
2026-03-31 08:04:12,433 INFO data_pipeline.collectors.note_com_rss: article_paid_skipped url=https://note.com/careercompass_c/n/n9de5744342e5
2026-03-31 08:04:12,433 INFO data_pipeline.collectors.note_com_browser: scraping_article url=https://note.com/careercompass_c/n/n00cd4471c9f9
2026-03-31 08:04:15,050 INFO data_pipeline.collectors.note_com_browser: article_is_paid_skipping url=https://note.com/careercompass_c/n/n00cd4471c9f9
2026-03-31 08:04:15,051 INFO data_pipeline.collectors.note_com_rss: article_paid_skipped url=https://note.com/careercompass_c/n/n00cd4471c9f9
2026-03-31 08:04:15,051 INFO data_pipeline.collectors.note_com_browser: scraping_article url=https://note.com/careercompass_c/n/n56509ef208ac
2026-03-31 08:04:17,874 INFO data_pipeline.collectors.note_com_browser: article_is_paid_skipping url=https://note.com/careercompass_c/n/n56509ef208ac
2026-03-31 08:04:17,874 INFO data_pipeline.collectors.note_com_rss: article_paid_skipped url=https://note.com/careercompass_c/n/n56509ef208ac
2026-03-31 08:04:17,875 INFO data_pipeline.collectors.note_com_browser: scraping_article url=https://note.com/careercompass_c/n/n5c7ed79f5de4
2026-03-31 08:04:20,609 INFO data_pipeline.collectors.note_com_browser: article_is_paid_skipping url=https://note.com/careercompass_c/n/n5c7ed79f5de4
2026-03-31 08:04:20,609 INFO data_pipeline.collectors.note_com_rss: article_paid_skipped url=https://note.com/careercompass_c/n/n5c7ed79f5de4
2026-03-31 08:04:20,609 INFO data_pipeline.collectors.note_com_browser: scraping_article url=https://note.com/careercompass_c/n/nff09205e7eff
2026-03-31 08:04:23,400 INFO data_pipeline.collectors.note_com_browser: article_is_paid_skipping url=https://note.com/careercompass_c/n/nff09205e7eff
2026-03-31 08:04:23,400 INFO data_pipeline.collectors.note_com_rss: article_paid_skipped url=https://note.com/careercompass_c/n/nff09205e7eff
2026-03-31 08:04:23,400 INFO data_pipeline.collectors.note_com_browser: scraping_article url=https://note.com/careercompass_c/n/n64e98dac5651
2026-03-31 08:04:26,284 INFO data_pipeline.collectors.note_com_browser: article_is_paid_skipping url=https://note.com/careercompass_c/n/n64e98dac5651
2026-03-31 08:04:26,284 INFO data_pipeline.collectors.note_com_rss: article_paid_skipped url=https://note.com/careercompass_c/n/n64e98dac5651
2026-03-31 08:04:26,284 INFO data_pipeline.collectors.note_com_browser: scraping_article url=https://note.com/careercompass_c/n/n246db2c87c27
2026-03-31 08:04:29,100 INFO data_pipeline.collectors.note_com_browser: article_is_paid_skipping url=https://note.com/careercompass_c/n/n246db2c87c27
2026-03-31 08:04:29,100 INFO data_pipeline.collectors.note_com_rss: article_paid_skipped url=https://note.com/careercompass_c/n/n246db2c87c27
2026-03-31 08:04:29,100 INFO data_pipeline.collectors.note_com_browser: scraping_article url=https://note.com/careercompass_c/n/n5a503125b6e4
2026-03-31 08:04:31,918 INFO data_pipeline.collectors.note_com_browser: article_is_paid_skipping url=https://note.com/careercompass_c/n/n5a503125b6e4
2026-03-31 08:04:31,918 INFO data_pipeline.collectors.note_com_rss: article_paid_skipped url=https://note.com/careercompass_c/n/n5a503125b6e4
2026-03-31 08:04:31,918 INFO data_pipeline.collectors.note_com_browser: scraping_article url=https://note.com/careercompass_c/n/n8d85506065ed
2026-03-31 08:04:34,750 INFO data_pipeline.collectors.note_com_browser: article_is_paid_skipping url=https://note.com/careercompass_c/n/n8d85506065ed
2026-03-31 08:04:34,750 INFO data_pipeline.collectors.note_com_rss: article_paid_skipped url=https://note.com/careercompass_c/n/n8d85506065ed
2026-03-31 08:04:34,750 INFO data_pipeline.collectors.note_com_browser: scraping_article url=https://note.com/careercompass_c/n/ne0dbdfeab957
2026-03-31 08:04:37,473 INFO data_pipeline.collectors.note_com_browser: article_is_paid_skipping url=https://note.com/careercompass_c/n/ne0dbdfeab957
2026-03-31 08:04:37,473 INFO data_pipeline.collectors.note_com_rss: article_paid_skipped url=https://note.com/careercompass_c/n/ne0dbdfeab957
2026-03-31 08:04:37,473 INFO data_pipeline.collectors.note_com_browser: scraping_article url=https://note.com/careercompass_c/n/n1e93fe5c19b5
2026-03-31 08:04:40,104 INFO data_pipeline.collectors.note_com_browser: article_is_paid_skipping url=https://note.com/careercompass_c/n/n1e93fe5c19b5
2026-03-31 08:04:40,105 INFO data_pipeline.collectors.note_com_rss: article_paid_skipped url=https://note.com/careercompass_c/n/n1e93fe5c19b5
2026-03-31 08:04:40,105 INFO data_pipeline.collectors.note_com_browser: scraping_article url=https://note.com/careercompass_c/n/n0767bed4c469
2026-03-31 08:04:42,807 INFO data_pipeline.collectors.note_com_browser: article_is_paid_skipping url=https://note.com/careercompass_c/n/n0767bed4c469
2026-03-31 08:04:42,807 INFO data_pipeline.collectors.note_com_rss: article_paid_skipped url=https://note.com/careercompass_c/n/n0767bed4c469
2026-03-31 08:04:42,807 INFO data_pipeline.collectors.note_com_browser: scraping_article url=https://note.com/careercompass_c/n/n74ec59251fc4
2026-03-31 08:04:45,456 INFO data_pipeline.collectors.note_com_browser: article_is_paid_skipping url=https://note.com/careercompass_c/n/n74ec59251fc4
2026-03-31 08:04:45,456 INFO data_pipeline.collectors.note_com_rss: article_paid_skipped url=https://note.com/careercompass_c/n/n74ec59251fc4
2026-03-31 08:04:45,456 INFO data_pipeline.collectors.note_com_browser: scraping_article url=https://note.com/careercompass_c/n/nc0a96b223dce
2026-03-31 08:04:47,898 INFO data_pipeline.collectors.note_com_browser: article_is_paid_skipping url=https://note.com/careercompass_c/n/nc0a96b223dce
2026-03-31 08:04:47,898 INFO data_pipeline.collectors.note_com_rss: article_paid_skipped url=https://note.com/careercompass_c/n/nc0a96b223dce
2026-03-31 08:04:47,898 INFO data_pipeline.collectors.note_com_browser: scraping_article url=https://note.com/careercompass_c/n/nb51f62b5cdae
2026-03-31 08:04:50,389 INFO data_pipeline.collectors.note_com_browser: article_is_paid_skipping url=https://note.com/careercompass_c/n/nb51f62b5cdae
2026-03-31 08:04:50,390 INFO data_pipeline.collectors.note_com_rss: article_paid_skipped url=https://note.com/careercompass_c/n/nb51f62b5cdae
2026-03-31 08:04:50,390 INFO data_pipeline.collectors.note_com_browser: scraping_article url=https://note.com/careercompass_c/n/n0899e0f35d67
2026-03-31 08:04:53,113 INFO data_pipeline.collectors.note_com_browser: article_is_paid_skipping url=https://note.com/careercompass_c/n/n0899e0f35d67
2026-03-31 08:04:53,114 INFO data_pipeline.collectors.note_com_rss: article_paid_skipped url=https://note.com/careercompass_c/n/n0899e0f35d67
2026-03-31 08:04:53,114 INFO data_pipeline.collectors.note_com_browser: scraping_article url=https://note.com/careercompass_c/n/n63bcb7c4105a
2026-03-31 08:04:56,076 INFO data_pipeline.collectors.note_com_browser: article_is_paid_skipping url=https://note.com/careercompass_c/n/n63bcb7c4105a
2026-03-31 08:04:56,077 INFO data_pipeline.collectors.note_com_rss: article_paid_skipped url=https://note.com/careercompass_c/n/n63bcb7c4105a
2026-03-31 08:04:56,077 INFO data_pipeline.collectors.note_com_browser: scraping_article url=https://note.com/careercompass_c/n/nda084a36215a
2026-03-31 08:04:58,737 INFO data_pipeline.collectors.note_com_browser: article_is_paid_skipping url=https://note.com/careercompass_c/n/nda084a36215a
2026-03-31 08:04:58,737 INFO data_pipeline.collectors.note_com_rss: article_paid_skipped url=https://note.com/careercompass_c/n/nda084a36215a
2026-03-31 08:04:58,737 INFO data_pipeline.collectors.note_com_browser: scraping_article url=https://note.com/careercompass_c/n/nd1b182fe46a8
2026-03-31 08:05:01,320 INFO data_pipeline.collectors.note_com_browser: article_is_paid_skipping url=https://note.com/careercompass_c/n/nd1b182fe46a8
2026-03-31 08:05:01,320 INFO data_pipeline.collectors.note_com_rss: article_paid_skipped url=https://note.com/careercompass_c/n/nd1b182fe46a8
2026-03-31 08:05:01,321 INFO data_pipeline.collectors.note_com_browser: scraping_article url=https://note.com/careercompass_c/n/naf7399362d7e
2026-03-31 08:05:03,725 INFO data_pipeline.collectors.note_com_browser: article_is_paid_skipping url=https://note.com/careercompass_c/n/naf7399362d7e
2026-03-31 08:05:03,725 INFO data_pipeline.collectors.note_com_rss: article_paid_skipped url=https://note.com/careercompass_c/n/naf7399362d7e
2026-03-31 08:05:03,725 INFO data_pipeline.collectors.note_com_browser: scraping_article url=https://note.com/careercompass_c/n/n127380e09ca7
2026-03-31 08:05:06,206 INFO data_pipeline.collectors.note_com_browser: article_is_paid_skipping url=https://note.com/careercompass_c/n/n127380e09ca7
2026-03-31 08:05:06,206 INFO data_pipeline.collectors.note_com_rss: article_paid_skipped url=https://note.com/careercompass_c/n/n127380e09ca7
2026-03-31 08:05:06,206 INFO data_pipeline.collectors.note_com_browser: scraping_article url=https://note.com/dandism56/n/n9cd62f505e08
2026-03-31 08:05:09,101 INFO data_pipeline.collectors.note_com_browser: article_scraped url=https://note.com/dandism56/n/n9cd62f505e08 title=退職理由は“正直”だけではNG。選考官が納得する『事実→自責→改善』のストーリー作成 body_length=3192 hashtag_count=37
2026-03-31 08:05:09,208 INFO data_pipeline.collectors.note_com_rss: article_saved url=https://note.com/dandism56/n/n9cd62f505e08 title=退職理由は“正直”だけではNG。選考官が納得する『事実→自責→改善』のストーリー作成
2026-03-31 08:05:09,208 INFO data_pipeline.collectors.note_com_browser: scraping_article url=https://note.com/glad_auklet4142/n/nee4ae270f2eb
2026-03-31 08:05:12,073 INFO data_pipeline.collectors.note_com_browser: article_scraped url=https://note.com/glad_auklet4142/n/nee4ae270f2eb title=【保険会社が逃げ出す時代】6年連続1000億ドルの損失。衝撃災害は不測の事態から確定コストに？災害保険の異常な値上げの正体。世界の胴元が見ている16兆円の絶望とは？ #スイス再保険 #経済ニュース #不動産 #自然災害 #リスク管理 #投資 body_length=3931 hashtag_count=99
2026-03-31 08:05:12,137 INFO data_pipeline.collectors.note_com_rss: article_saved url=https://note.com/glad_auklet4142/n/nee4ae270f2eb title=【保険会社が逃げ出す時代】6年連続1000億ドルの損失。衝撃災害は不測の事態から確定コストに？災害保険の異常な値上げの正体。世界の胴元が見ている16兆円の絶望とは？ #スイス再保険 #経済ニュース #不動産 #自然災害 #リスク管理 #投資
2026-03-31 08:05:12,137 INFO data_pipeline.collectors.note_com_browser: scraping_article url=https://note.com/glad_auklet4142/n/n838b2774e20e
2026-03-31 08:05:15,208 INFO data_pipeline.collectors.note_com_browser: article_scraped url=https://note.com/glad_auklet4142/n/n838b2774e20e title=【巨大で危険な原発の終わり？】AI時代を支える究極の安定電源「SMR（小型モジュラー原子炉）」の衝撃とは？AmazonやGoogleが「原発」を直接買い占める日。生成AI戦争の本当の勝者とは？ #生成AI #ChatGPT #OpenAI #Gemini #Google #Claude #原発 #電気 #米国株 body_length=3100 hashtag_count=93
2026-03-31 08:05:15,276 INFO data_pipeline.collectors.note_com_rss: article_saved url=https://note.com/glad_auklet4142/n/n838b2774e20e title=【巨大で危険な原発の終わり？】AI時代を支える究極の安定電源「SMR（小型モジュラー原子炉）」の衝撃とは？AmazonやGoogleが「原発」を直接買い占める日。生成AI戦争の本当の勝者とは？ #生成AI #ChatGPT #OpenAI #Gemini #Google #Claude #原発 #電気 #米国株
2026-03-31 08:05:15,276 INFO data_pipeline.collectors.note_com_browser: scraping_article url=https://note.com/hide_taxnote/n/n8e5658fec2a2
2026-03-31 08:05:21,707 INFO data_pipeline.collectors.note_com_browser: article_is_paid_skipping url=https://note.com/hide_taxnote/n/n8e5658fec2a2
2026-03-31 08:05:21,707 INFO data_pipeline.collectors.note_com_rss: article_paid_skipped url=https://note.com/hide_taxnote/n/n8e5658fec2a2
2026-03-31 08:05:21,796 INFO data_pipeline.collectors.note_com_rss: config_updated updated_count=11 timestamp=2026-03-30T23:05:21.796187+00:00
2026-03-31 08:05:21,796 INFO data_pipeline.collectors.note_com_rss: rss_monitor_completed creators_checked=11 new_articles_found=30 articles_saved=5 articles_skipped_paid=25 articles_skipped_duplicate=0 error_count=0
2026-03-31 20:00:04,668 INFO data_pipeline.collectors.note_com_rss: rss_monitor_starting creator_count=11
2026-03-31 20:00:04,996 INFO data_pipeline.collectors.note_com_rss: rss_fetched username=fukuoka1116 entry_count=25
2026-03-31 20:00:05,807 INFO data_pipeline.collectors.note_com_rss: rss_fetched username=sota_career entry_count=25
2026-03-31 20:00:06,273 INFO data_pipeline.collectors.note_com_rss: new_entries_found username=sota_career new_count=8
2026-03-31 20:00:06,556 INFO data_pipeline.collectors.note_com_rss: rss_fetched username=kei_10m_asset entry_count=23
2026-03-31 20:00:07,179 INFO data_pipeline.collectors.note_com_rss: rss_fetched username=careercompass_c entry_count=25
2026-03-31 20:00:07,557 INFO data_pipeline.collectors.note_com_rss: new_entries_found username=careercompass_c new_count=25
2026-03-31 20:00:07,809 INFO data_pipeline.collectors.note_com_rss: rss_fetched username=dandism56 entry_count=25
2026-03-31 20:00:09,517 INFO data_pipeline.collectors.note_com_rss: rss_fetched username=miraicareer_blog entry_count=25
2026-03-31 20:00:09,938 INFO data_pipeline.collectors.note_com_rss: new_entries_found username=miraicareer_blog new_count=1
2026-03-31 20:00:10,193 INFO data_pipeline.collectors.note_com_rss: rss_fetched username=glad_auklet4142 entry_count=25
2026-03-31 20:00:10,940 INFO data_pipeline.collectors.note_com_rss: new_entries_found username=glad_auklet4142 new_count=1
2026-03-31 20:00:11,133 INFO data_pipeline.collectors.note_com_rss: rss_fetched username=hide_taxnote entry_count=25
2026-03-31 20:00:11,697 INFO data_pipeline.collectors.note_com_rss: new_entries_found username=hide_taxnote new_count=3
2026-03-31 20:00:12,050 INFO data_pipeline.collectors.note_com_rss: rss_fetched username=mindset_official entry_count=25
2026-03-31 20:00:12,951 INFO data_pipeline.collectors.note_com_rss: rss_fetched username=ruinormalhakkar entry_count=25
2026-03-31 20:00:13,737 INFO data_pipeline.collectors.note_com_rss: rss_fetched username=studyhacker entry_count=0
2026-03-31 20:00:14,722 INFO data_pipeline.collectors.note_com_browser: note_com_browser_started
2026-03-31 20:00:14,722 INFO data_pipeline.collectors.note_com_browser: scraping_article url=https://note.com/sota_career/n/na51d81c1605f
2026-03-31 20:00:18,051 INFO data_pipeline.collectors.note_com_browser: article_scraped url=https://note.com/sota_career/n/na51d81c1605f title=30代未経験から営業に転職したともの全記録｜年収370万→650万の実話 body_length=7360 hashtag_count=9
2026-03-31 20:00:18,164 INFO data_pipeline.collectors.note_com_rss: article_saved url=https://note.com/sota_career/n/na51d81c1605f title=30代未経験から営業に転職したともの全記録｜年収370万→650万の実話
2026-03-31 20:00:18,164 INFO data_pipeline.collectors.note_com_browser: scraping_article url=https://note.com/sota_career/n/nb2728440d7df
2026-03-31 20:00:20,919 INFO data_pipeline.collectors.note_com_browser: article_scraped url=https://note.com/sota_career/n/nb2728440d7df title=30代未経験から営業に転職した36歳なつの全記録｜面接・年収・入社後 body_length=7692 hashtag_count=9
2026-03-31 20:00:21,000 INFO data_pipeline.collectors.note_com_rss: article_saved url=https://note.com/sota_career/n/nb2728440d7df title=30代未経験から営業に転職した36歳なつの全記録｜面接・年収・入社後
2026-03-31 20:00:21,000 INFO data_pipeline.collectors.note_com_browser: scraping_article url=https://note.com/sota_career/n/n89be55e24ce1
2026-03-31 20:00:23,951 INFO data_pipeline.collectors.note_com_browser: article_scraped url=https://note.com/sota_career/n/n89be55e24ce1 title=30代未経験で営業に転職したれんさん（37）に取材してわかったこと body_length=8033 hashtag_count=8
2026-03-31 20:00:24,040 INFO data_pipeline.collectors.note_com_rss: article_saved url=https://note.com/sota_career/n/n89be55e24ce1 title=30代未経験で営業に転職したれんさん（37）に取材してわかったこと
2026-03-31 20:00:24,040 INFO data_pipeline.collectors.note_com_browser: scraping_article url=https://note.com/sota_career/n/n93ea578f39e8
2026-03-31 20:00:26,674 INFO data_pipeline.collectors.note_com_browser: article_scraped url=https://note.com/sota_career/n/n93ea578f39e8 title=note採用の記事って信用できる？転職活動中に100本読んだ俺が本音で語る body_length=4944 hashtag_count=8
2026-03-31 20:00:26,767 INFO data_pipeline.collectors.note_com_rss: article_saved url=https://note.com/sota_career/n/n93ea578f39e8 title=note採用の記事って信用できる？転職活動中に100本読んだ俺が本音で語る
2026-03-31 20:00:26,767 INFO data_pipeline.collectors.note_com_browser: scraping_article url=https://note.com/sota_career/n/ne8a2def1773f
2026-03-31 20:00:29,831 INFO data_pipeline.collectors.note_com_browser: article_scraped url=https://note.com/sota_career/n/ne8a2def1773f title=30代営業未経験でも転職できた｜俺の体験と50人の取材で分かった手順 body_length=6574 hashtag_count=8
2026-03-31 20:00:29,920 INFO data_pipeline.collectors.note_com_rss: article_saved url=https://note.com/sota_career/n/ne8a2def1773f title=30代営業未経験でも転職できた｜俺の体験と50人の取材で分かった手順
2026-03-31 20:00:29,920 INFO data_pipeline.collectors.note_com_browser: scraping_article url=https://note.com/sota_career/n/nc56fc1dcee17
2026-03-31 20:00:32,971 INFO data_pipeline.collectors.note_com_browser: article_scraped url=https://note.com/sota_career/n/nc56fc1dcee17 title=30代で営業未経験は手遅れか？転職した俺がやった全手順と入社後の話 body_length=6969 hashtag_count=8
2026-03-31 20:00:33,093 INFO data_pipeline.collectors.note_com_rss: article_saved url=https://note.com/sota_career/n/nc56fc1dcee17 title=30代で営業未経験は手遅れか？転職した俺がやった全手順と入社後の話
2026-03-31 20:00:33,093 INFO data_pipeline.collectors.note_com_browser: scraping_article url=https://note.com/sota_career/n/n99452f6c37e9
2026-03-31 20:00:36,066 INFO data_pipeline.collectors.note_com_browser: article_scraped url=https://note.com/sota_career/n/n99452f6c37e9 title=30代・営業未経験から転職は無理？年収320万→700万になった俺の実体験 body_length=5983 hashtag_count=8
2026-03-31 20:00:36,154 INFO data_pipeline.collectors.note_com_rss: article_saved url=https://note.com/sota_career/n/n99452f6c37e9 title=30代・営業未経験から転職は無理？年収320万→700万になった俺の実体験
2026-03-31 20:00:36,154 INFO data_pipeline.collectors.note_com_browser: scraping_article url=https://note.com/sota_career/n/n5410289dd9c3
2026-03-31 20:00:39,066 INFO data_pipeline.collectors.note_com_browser: article_scraped url=https://note.com/sota_career/n/n5410289dd9c3 title=カフェに転職した28歳に取材したら「毎朝辞めたかった」と言われた body_length=7550 hashtag_count=9
2026-03-31 20:00:39,143 INFO data_pipeline.collectors.note_com_rss: article_saved url=https://note.com/sota_career/n/n5410289dd9c3 title=カフェに転職した28歳に取材したら「毎朝辞めたかった」と言われた
2026-03-31 20:00:39,143 INFO data_pipeline.collectors.note_com_browser: scraping_article url=https://note.com/careercompass_c/n/n07dfd2fd9c2a
2026-03-31 20:00:42,115 INFO data_pipeline.collectors.note_com_browser: article_is_paid_skipping url=https://note.com/careercompass_c/n/n07dfd2fd9c2a
2026-03-31 20:00:42,115 INFO data_pipeline.collectors.note_com_rss: article_paid_skipped url=https://note.com/careercompass_c/n/n07dfd2fd9c2a
2026-03-31 20:00:42,115 INFO data_pipeline.collectors.note_com_browser: scraping_article url=https://note.com/careercompass_c/n/n46c9b4f5c2aa
2026-03-31 20:00:44,949 INFO data_pipeline.collectors.note_com_browser: article_is_paid_skipping url=https://note.com/careercompass_c/n/n46c9b4f5c2aa
2026-03-31 20:00:44,949 INFO data_pipeline.collectors.note_com_rss: article_paid_skipped url=https://note.com/careercompass_c/n/n46c9b4f5c2aa
2026-03-31 20:00:44,949 INFO data_pipeline.collectors.note_com_browser: scraping_article url=https://note.com/careercompass_c/n/n912e321ecd2a
2026-03-31 20:00:47,869 INFO data_pipeline.collectors.note_com_browser: article_is_paid_skipping url=https://note.com/careercompass_c/n/n912e321ecd2a
2026-03-31 20:00:47,870 INFO data_pipeline.collectors.note_com_rss: article_paid_skipped url=https://note.com/careercompass_c/n/n912e321ecd2a
2026-03-31 20:00:47,870 INFO data_pipeline.collectors.note_com_browser: scraping_article url=https://note.com/careercompass_c/n/n6ded9baafa8c
2026-03-31 20:00:50,923 INFO data_pipeline.collectors.note_com_browser: article_is_paid_skipping url=https://note.com/careercompass_c/n/n6ded9baafa8c
2026-03-31 20:00:50,923 INFO data_pipeline.collectors.note_com_rss: article_paid_skipped url=https://note.com/careercompass_c/n/n6ded9baafa8c
2026-03-31 20:00:50,923 INFO data_pipeline.collectors.note_com_browser: scraping_article url=https://note.com/careercompass_c/n/nf064d5e43abf
2026-03-31 20:00:53,538 INFO data_pipeline.collectors.note_com_browser: article_is_paid_skipping url=https://note.com/careercompass_c/n/nf064d5e43abf
2026-03-31 20:00:53,539 INFO data_pipeline.collectors.note_com_rss: article_paid_skipped url=https://note.com/careercompass_c/n/nf064d5e43abf
2026-03-31 20:00:53,539 INFO data_pipeline.collectors.note_com_browser: scraping_article url=https://note.com/careercompass_c/n/n69554d6bdc81
2026-03-31 20:00:56,611 INFO data_pipeline.collectors.note_com_browser: article_scraped url=https://note.com/careercompass_c/n/n69554d6bdc81 title=社内評価「B」でも、転職したら年収200万円UP？ あなたの市場価値は会社が決めるものじゃない body_length=3410 hashtag_count=95
2026-03-31 20:00:56,729 INFO data_pipeline.collectors.note_com_rss: article_saved url=https://note.com/careercompass_c/n/n69554d6bdc81 title=社内評価「B」でも、転職したら年収200万円UP？ あなたの市場価値は会社が決めるものじゃない
2026-03-31 20:00:56,729 INFO data_pipeline.collectors.note_com_browser: scraping_article url=https://note.com/careercompass_c/n/n4745ba5629c2
2026-03-31 20:00:59,708 INFO data_pipeline.collectors.note_com_browser: article_is_paid_skipping url=https://note.com/careercompass_c/n/n4745ba5629c2
2026-03-31 20:00:59,708 INFO data_pipeline.collectors.note_com_rss: article_paid_skipped url=https://note.com/careercompass_c/n/n4745ba5629c2
2026-03-31 20:00:59,708 INFO data_pipeline.collectors.note_com_browser: scraping_article url=https://note.com/careercompass_c/n/n5d2747edbd6a
2026-03-31 20:01:02,503 INFO data_pipeline.collectors.note_com_browser: article_is_paid_skipping url=https://note.com/careercompass_c/n/n5d2747edbd6a
2026-03-31 20:01:02,503 INFO data_pipeline.collectors.note_com_rss: article_paid_skipped url=https://note.com/careercompass_c/n/n5d2747edbd6a
2026-03-31 20:01:02,503 INFO data_pipeline.collectors.note_com_browser: scraping_article url=https://note.com/careercompass_c/n/ned8be6366dd3
2026-03-31 20:01:05,106 INFO data_pipeline.collectors.note_com_browser: article_is_paid_skipping url=https://note.com/careercompass_c/n/ned8be6366dd3
2026-03-31 20:01:05,106 INFO data_pipeline.collectors.note_com_rss: article_paid_skipped url=https://note.com/careercompass_c/n/ned8be6366dd3
2026-03-31 20:01:05,106 INFO data_pipeline.collectors.note_com_browser: scraping_article url=https://note.com/careercompass_c/n/nd7aa3675e8c9
2026-03-31 20:01:08,005 INFO data_pipeline.collectors.note_com_browser: article_is_paid_skipping url=https://note.com/careercompass_c/n/nd7aa3675e8c9
2026-03-31 20:01:08,005 INFO data_pipeline.collectors.note_com_rss: article_paid_skipped url=https://note.com/careercompass_c/n/nd7aa3675e8c9
2026-03-31 20:01:08,005 INFO data_pipeline.collectors.note_com_browser: scraping_article url=https://note.com/careercompass_c/n/n88958926c4a7
2026-03-31 20:01:11,032 INFO data_pipeline.collectors.note_com_browser: article_is_paid_skipping url=https://note.com/careercompass_c/n/n88958926c4a7
2026-03-31 20:01:11,033 INFO data_pipeline.collectors.note_com_rss: article_paid_skipped url=https://note.com/careercompass_c/n/n88958926c4a7
2026-03-31 20:01:11,033 INFO data_pipeline.collectors.note_com_browser: scraping_article url=https://note.com/careercompass_c/n/n6d8bd5f136e3
2026-03-31 20:01:13,540 INFO data_pipeline.collectors.note_com_browser: article_is_paid_skipping url=https://note.com/careercompass_c/n/n6d8bd5f136e3
2026-03-31 20:01:13,540 INFO data_pipeline.collectors.note_com_rss: article_paid_skipped url=https://note.com/careercompass_c/n/n6d8bd5f136e3
2026-03-31 20:01:13,541 INFO data_pipeline.collectors.note_com_browser: scraping_article url=https://note.com/careercompass_c/n/n7116a05e215c
2026-03-31 20:01:16,694 INFO data_pipeline.collectors.note_com_browser: article_is_paid_skipping url=https://note.com/careercompass_c/n/n7116a05e215c
2026-03-31 20:01:16,694 INFO data_pipeline.collectors.note_com_rss: article_paid_skipped url=https://note.com/careercompass_c/n/n7116a05e215c
2026-03-31 20:01:16,694 INFO data_pipeline.collectors.note_com_browser: scraping_article url=https://note.com/careercompass_c/n/n3f597cba7ab1
2026-03-31 20:01:19,234 INFO data_pipeline.collectors.note_com_browser: article_is_paid_skipping url=https://note.com/careercompass_c/n/n3f597cba7ab1
2026-03-31 20:01:19,234 INFO data_pipeline.collectors.note_com_rss: article_paid_skipped url=https://note.com/careercompass_c/n/n3f597cba7ab1
2026-03-31 20:01:19,234 INFO data_pipeline.collectors.note_com_browser: scraping_article url=https://note.com/careercompass_c/n/n9de5744342e5
2026-03-31 20:01:21,853 INFO data_pipeline.collectors.note_com_browser: article_is_paid_skipping url=https://note.com/careercompass_c/n/n9de5744342e5
2026-03-31 20:01:21,853 INFO data_pipeline.collectors.note_com_rss: article_paid_skipped url=https://note.com/careercompass_c/n/n9de5744342e5
2026-03-31 20:01:21,853 INFO data_pipeline.collectors.note_com_browser: scraping_article url=https://note.com/careercompass_c/n/n00cd4471c9f9
2026-03-31 20:01:24,590 INFO data_pipeline.collectors.note_com_browser: article_is_paid_skipping url=https://note.com/careercompass_c/n/n00cd4471c9f9
2026-03-31 20:01:24,590 INFO data_pipeline.collectors.note_com_rss: article_paid_skipped url=https://note.com/careercompass_c/n/n00cd4471c9f9
2026-03-31 20:01:24,590 INFO data_pipeline.collectors.note_com_browser: scraping_article url=https://note.com/careercompass_c/n/n56509ef208ac
2026-03-31 20:01:27,189 INFO data_pipeline.collectors.note_com_browser: article_is_paid_skipping url=https://note.com/careercompass_c/n/n56509ef208ac
2026-03-31 20:01:27,189 INFO data_pipeline.collectors.note_com_rss: article_paid_skipped url=https://note.com/careercompass_c/n/n56509ef208ac
2026-03-31 20:01:27,189 INFO data_pipeline.collectors.note_com_browser: scraping_article url=https://note.com/careercompass_c/n/n5c7ed79f5de4
2026-03-31 20:01:30,091 INFO data_pipeline.collectors.note_com_browser: article_is_paid_skipping url=https://note.com/careercompass_c/n/n5c7ed79f5de4
2026-03-31 20:01:30,091 INFO data_pipeline.collectors.note_com_rss: article_paid_skipped url=https://note.com/careercompass_c/n/n5c7ed79f5de4
2026-03-31 20:01:30,091 INFO data_pipeline.collectors.note_com_browser: scraping_article url=https://note.com/careercompass_c/n/nff09205e7eff
2026-03-31 20:01:32,884 INFO data_pipeline.collectors.note_com_browser: article_is_paid_skipping url=https://note.com/careercompass_c/n/nff09205e7eff
2026-03-31 20:01:32,884 INFO data_pipeline.collectors.note_com_rss: article_paid_skipped url=https://note.com/careercompass_c/n/nff09205e7eff
2026-03-31 20:01:32,884 INFO data_pipeline.collectors.note_com_browser: scraping_article url=https://note.com/careercompass_c/n/n64e98dac5651
2026-03-31 20:01:35,658 INFO data_pipeline.collectors.note_com_browser: article_is_paid_skipping url=https://note.com/careercompass_c/n/n64e98dac5651
2026-03-31 20:01:35,658 INFO data_pipeline.collectors.note_com_rss: article_paid_skipped url=https://note.com/careercompass_c/n/n64e98dac5651
2026-03-31 20:01:35,658 INFO data_pipeline.collectors.note_com_browser: scraping_article url=https://note.com/careercompass_c/n/n246db2c87c27
2026-03-31 20:01:38,104 INFO data_pipeline.collectors.note_com_browser: article_is_paid_skipping url=https://note.com/careercompass_c/n/n246db2c87c27
2026-03-31 20:01:38,105 INFO data_pipeline.collectors.note_com_rss: article_paid_skipped url=https://note.com/careercompass_c/n/n246db2c87c27
2026-03-31 20:01:38,105 INFO data_pipeline.collectors.note_com_browser: scraping_article url=https://note.com/careercompass_c/n/n5a503125b6e4
2026-03-31 20:01:41,097 INFO data_pipeline.collectors.note_com_browser: article_is_paid_skipping url=https://note.com/careercompass_c/n/n5a503125b6e4
2026-03-31 20:01:41,097 INFO data_pipeline.collectors.note_com_rss: article_paid_skipped url=https://note.com/careercompass_c/n/n5a503125b6e4
2026-03-31 20:01:41,097 INFO data_pipeline.collectors.note_com_browser: scraping_article url=https://note.com/careercompass_c/n/n8d85506065ed
2026-03-31 20:01:43,989 INFO data_pipeline.collectors.note_com_browser: article_is_paid_skipping url=https://note.com/careercompass_c/n/n8d85506065ed
2026-03-31 20:01:43,989 INFO data_pipeline.collectors.note_com_rss: article_paid_skipped url=https://note.com/careercompass_c/n/n8d85506065ed
2026-03-31 20:01:43,990 INFO data_pipeline.collectors.note_com_browser: scraping_article url=https://note.com/careercompass_c/n/ne0dbdfeab957
2026-03-31 20:01:46,635 INFO data_pipeline.collectors.note_com_browser: article_is_paid_skipping url=https://note.com/careercompass_c/n/ne0dbdfeab957
2026-03-31 20:01:46,635 INFO data_pipeline.collectors.note_com_rss: article_paid_skipped url=https://note.com/careercompass_c/n/ne0dbdfeab957
2026-03-31 20:01:46,635 INFO data_pipeline.collectors.note_com_browser: scraping_article url=https://note.com/careercompass_c/n/n1e93fe5c19b5
2026-03-31 20:01:49,298 INFO data_pipeline.collectors.note_com_browser: article_is_paid_skipping url=https://note.com/careercompass_c/n/n1e93fe5c19b5
2026-03-31 20:01:49,298 INFO data_pipeline.collectors.note_com_rss: article_paid_skipped url=https://note.com/careercompass_c/n/n1e93fe5c19b5
2026-03-31 20:01:49,298 INFO data_pipeline.collectors.note_com_browser: scraping_article url=https://note.com/miraicareer_blog/n/n9d8b75dec978
2026-03-31 20:01:51,861 INFO data_pipeline.collectors.note_com_browser: article_scraped url=https://note.com/miraicareer_blog/n/n9d8b75dec978 title=製造業で英語はどこまで必要？東海エリアでグローバルに働くための現実 body_length=3191 hashtag_count=22
2026-03-31 20:01:52,001 INFO data_pipeline.collectors.note_com_rss: article_saved url=https://note.com/miraicareer_blog/n/n9d8b75dec978 title=製造業で英語はどこまで必要？東海エリアでグローバルに働くための現実
2026-03-31 20:01:52,002 INFO data_pipeline.collectors.note_com_browser: scraping_article url=https://note.com/glad_auklet4142/n/n159208499597
2026-03-31 20:01:56,470 INFO data_pipeline.collectors.note_com_browser: article_scraped url=https://note.com/glad_auklet4142/n/n159208499597 title=AIにnoteを書かせて絶望したあなたへ。データと科学が証明する、検索順位を下げる「冷たい完璧」・「AI＋人間」の最強戦略とは？「AIの方が文章が上手い」そう思うのは錯覚なのか？ #生成AI #ChatGPT #Gemini #Claude #毎日更新 #文章術 #ブログ #AI活用 #SNS活用  #SEO #集客 #ビジネスマインド #セールスライティング body_length=21277 hashtag_count=99
2026-03-31 20:01:56,602 INFO data_pipeline.collectors.note_com_rss: article_saved url=https://note.com/glad_auklet4142/n/n159208499597 title=AIにnoteを書かせて絶望したあなたへ。データと科学が証明する、検索順位を下げる「冷たい完璧」・「AI＋人間」の最強戦略とは？「AIの方が文章が上手い」そう思うのは錯覚なのか？ #生成AI #ChatGPT #Gemini #Claude #毎日更新 #文章術 #ブログ #AI活用 #SNS活用  #SEO #集客 #ビジネスマインド #セールスライティング
2026-03-31 20:01:56,602 INFO data_pipeline.collectors.note_com_browser: scraping_article url=https://note.com/hide_taxnote/n/nd5c37054117d
2026-03-31 20:01:59,263 INFO data_pipeline.collectors.note_com_browser: article_scraped url=https://note.com/hide_taxnote/n/nd5c37054117d title=2026年3月31日｜日経平均・東京株式市場・米国株：ポイント解説と明日の展望 body_length=4018 hashtag_count=13
2026-03-31 20:01:59,396 INFO data_pipeline.collectors.note_com_rss: article_saved url=https://note.com/hide_taxnote/n/nd5c37054117d title=2026年3月31日｜日経平均・東京株式市場・米国株：ポイント解説と明日の展望
2026-03-31 20:01:59,396 INFO data_pipeline.collectors.note_com_browser: scraping_article url=https://note.com/hide_taxnote/n/nd5da928fa605
2026-03-31 20:02:02,291 INFO data_pipeline.collectors.note_com_browser: article_scraped url=https://note.com/hide_taxnote/n/nd5da928fa605 title=我慢しない節約術｜3か月の浪費予算を作ったら家計が整った body_length=2547 hashtag_count=7
2026-03-31 20:02:02,367 INFO data_pipeline.collectors.note_com_rss: article_saved url=https://note.com/hide_taxnote/n/nd5da928fa605 title=我慢しない節約術｜3か月の浪費予算を作ったら家計が整った
2026-03-31 20:02:02,367 INFO data_pipeline.collectors.note_com_browser: scraping_article url=https://note.com/hide_taxnote/n/n8e5658fec2a2
2026-03-31 20:02:05,393 INFO data_pipeline.collectors.note_com_browser: article_is_paid_skipping url=https://note.com/hide_taxnote/n/n8e5658fec2a2
2026-03-31 20:02:05,393 INFO data_pipeline.collectors.note_com_rss: article_paid_skipped url=https://note.com/hide_taxnote/n/n8e5658fec2a2
2026-03-31 20:02:05,467 INFO data_pipeline.collectors.note_com_rss: config_updated updated_count=11 timestamp=2026-03-31T11:02:05.467000+00:00
2026-03-31 20:02:05,467 INFO data_pipeline.collectors.note_com_rss: rss_monitor_completed creators_checked=11 new_articles_found=38 articles_saved=13 articles_skipped_paid=25 articles_skipped_duplicate=0 error_count=0
2026-04-01 08:00:05,178 INFO data_pipeline.collectors.note_com_rss: rss_monitor_starting creator_count=11
2026-04-01 08:00:05,515 INFO data_pipeline.collectors.note_com_rss: rss_fetched username=fukuoka1116 entry_count=25
2026-04-01 08:00:06,132 INFO data_pipeline.collectors.note_com_rss: rss_fetched username=sota_career entry_count=25
2026-04-01 08:00:06,779 INFO data_pipeline.collectors.note_com_rss: rss_fetched username=kei_10m_asset entry_count=23
2026-04-01 08:00:07,192 INFO data_pipeline.collectors.note_com_rss: rss_fetched username=careercompass_c entry_count=25
2026-04-01 08:00:07,493 INFO data_pipeline.collectors.note_com_rss: new_entries_found username=careercompass_c new_count=24
2026-04-01 08:00:07,745 INFO data_pipeline.collectors.note_com_rss: rss_fetched username=dandism56 entry_count=25
2026-04-01 08:00:08,001 INFO data_pipeline.collectors.note_com_rss: new_entries_found username=dandism56 new_count=1
2026-04-01 08:00:08,238 INFO data_pipeline.collectors.note_com_rss: rss_fetched username=miraicareer_blog entry_count=25
2026-04-01 08:00:08,905 INFO data_pipeline.collectors.note_com_rss: rss_fetched username=glad_auklet4142 entry_count=25
2026-04-01 08:00:09,330 INFO data_pipeline.collectors.note_com_rss: new_entries_found username=glad_auklet4142 new_count=2
2026-04-01 08:00:09,533 INFO data_pipeline.collectors.note_com_rss: rss_fetched username=hide_taxnote entry_count=25
2026-04-01 08:00:09,902 INFO data_pipeline.collectors.note_com_rss: new_entries_found username=hide_taxnote new_count=2
2026-04-01 08:00:10,352 INFO data_pipeline.collectors.note_com_rss: rss_fetched username=mindset_official entry_count=25
2026-04-01 08:00:10,865 INFO data_pipeline.collectors.note_com_rss: rss_fetched username=ruinormalhakkar entry_count=25
2026-04-01 08:00:11,189 INFO data_pipeline.collectors.note_com_rss: rss_fetched username=studyhacker entry_count=0
2026-04-01 08:00:12,717 INFO data_pipeline.collectors.note_com_browser: note_com_browser_started
2026-04-01 08:00:12,717 INFO data_pipeline.collectors.note_com_browser: scraping_article url=https://note.com/careercompass_c/n/nedf4e1715f66
2026-04-01 08:00:15,796 INFO data_pipeline.collectors.note_com_browser: article_is_paid_skipping url=https://note.com/careercompass_c/n/nedf4e1715f66
2026-04-01 08:00:15,797 INFO data_pipeline.collectors.note_com_rss: article_paid_skipped url=https://note.com/careercompass_c/n/nedf4e1715f66
2026-04-01 08:00:15,797 INFO data_pipeline.collectors.note_com_browser: scraping_article url=https://note.com/careercompass_c/n/n0209f33f7146
2026-04-01 08:00:18,378 INFO data_pipeline.collectors.note_com_browser: article_is_paid_skipping url=https://note.com/careercompass_c/n/n0209f33f7146
2026-04-01 08:00:18,379 INFO data_pipeline.collectors.note_com_rss: article_paid_skipped url=https://note.com/careercompass_c/n/n0209f33f7146
2026-04-01 08:00:18,379 INFO data_pipeline.collectors.note_com_browser: scraping_article url=https://note.com/careercompass_c/n/nc5bcad9cea40
2026-04-01 08:00:20,829 INFO data_pipeline.collectors.note_com_browser: article_is_paid_skipping url=https://note.com/careercompass_c/n/nc5bcad9cea40
2026-04-01 08:00:20,830 INFO data_pipeline.collectors.note_com_rss: article_paid_skipped url=https://note.com/careercompass_c/n/nc5bcad9cea40
2026-04-01 08:00:20,830 INFO data_pipeline.collectors.note_com_browser: scraping_article url=https://note.com/careercompass_c/n/n27e0b15129fb
2026-04-01 08:00:23,321 INFO data_pipeline.collectors.note_com_browser: article_is_paid_skipping url=https://note.com/careercompass_c/n/n27e0b15129fb
2026-04-01 08:00:23,321 INFO data_pipeline.collectors.note_com_rss: article_paid_skipped url=https://note.com/careercompass_c/n/n27e0b15129fb
2026-04-01 08:00:23,321 INFO data_pipeline.collectors.note_com_browser: scraping_article url=https://note.com/careercompass_c/n/n34f3428bcbdf
2026-04-01 08:00:26,250 INFO data_pipeline.collectors.note_com_browser: article_is_paid_skipping url=https://note.com/careercompass_c/n/n34f3428bcbdf
2026-04-01 08:00:26,250 INFO data_pipeline.collectors.note_com_rss: article_paid_skipped url=https://note.com/careercompass_c/n/n34f3428bcbdf
2026-04-01 08:00:26,250 INFO data_pipeline.collectors.note_com_browser: scraping_article url=https://note.com/careercompass_c/n/n07dfd2fd9c2a
2026-04-01 08:00:29,085 INFO data_pipeline.collectors.note_com_browser: article_is_paid_skipping url=https://note.com/careercompass_c/n/n07dfd2fd9c2a
2026-04-01 08:00:29,085 INFO data_pipeline.collectors.note_com_rss: article_paid_skipped url=https://note.com/careercompass_c/n/n07dfd2fd9c2a
2026-04-01 08:00:29,085 INFO data_pipeline.collectors.note_com_browser: scraping_article url=https://note.com/careercompass_c/n/n46c9b4f5c2aa
2026-04-01 08:00:31,780 INFO data_pipeline.collectors.note_com_browser: article_is_paid_skipping url=https://note.com/careercompass_c/n/n46c9b4f5c2aa
2026-04-01 08:00:31,780 INFO data_pipeline.collectors.note_com_rss: article_paid_skipped url=https://note.com/careercompass_c/n/n46c9b4f5c2aa
2026-04-01 08:00:31,780 INFO data_pipeline.collectors.note_com_browser: scraping_article url=https://note.com/careercompass_c/n/n912e321ecd2a
2026-04-01 08:00:34,685 INFO data_pipeline.collectors.note_com_browser: article_is_paid_skipping url=https://note.com/careercompass_c/n/n912e321ecd2a
2026-04-01 08:00:34,685 INFO data_pipeline.collectors.note_com_rss: article_paid_skipped url=https://note.com/careercompass_c/n/n912e321ecd2a
2026-04-01 08:00:34,685 INFO data_pipeline.collectors.note_com_browser: scraping_article url=https://note.com/careercompass_c/n/n6ded9baafa8c
2026-04-01 08:00:37,217 INFO data_pipeline.collectors.note_com_browser: article_is_paid_skipping url=https://note.com/careercompass_c/n/n6ded9baafa8c
2026-04-01 08:00:37,217 INFO data_pipeline.collectors.note_com_rss: article_paid_skipped url=https://note.com/careercompass_c/n/n6ded9baafa8c
2026-04-01 08:00:37,217 INFO data_pipeline.collectors.note_com_browser: scraping_article url=https://note.com/careercompass_c/n/nf064d5e43abf
2026-04-01 08:00:39,930 INFO data_pipeline.collectors.note_com_browser: article_is_paid_skipping url=https://note.com/careercompass_c/n/nf064d5e43abf
2026-04-01 08:00:39,930 INFO data_pipeline.collectors.note_com_rss: article_paid_skipped url=https://note.com/careercompass_c/n/nf064d5e43abf
2026-04-01 08:00:39,930 INFO data_pipeline.collectors.note_com_browser: scraping_article url=https://note.com/careercompass_c/n/n4745ba5629c2
2026-04-01 08:00:42,756 INFO data_pipeline.collectors.note_com_browser: article_is_paid_skipping url=https://note.com/careercompass_c/n/n4745ba5629c2
2026-04-01 08:00:42,756 INFO data_pipeline.collectors.note_com_rss: article_paid_skipped url=https://note.com/careercompass_c/n/n4745ba5629c2
2026-04-01 08:00:42,756 INFO data_pipeline.collectors.note_com_browser: scraping_article url=https://note.com/careercompass_c/n/n5d2747edbd6a
2026-04-01 08:00:45,611 INFO data_pipeline.collectors.note_com_browser: article_is_paid_skipping url=https://note.com/careercompass_c/n/n5d2747edbd6a
2026-04-01 08:00:45,611 INFO data_pipeline.collectors.note_com_rss: article_paid_skipped url=https://note.com/careercompass_c/n/n5d2747edbd6a
2026-04-01 08:00:45,611 INFO data_pipeline.collectors.note_com_browser: scraping_article url=https://note.com/careercompass_c/n/ned8be6366dd3
2026-04-01 08:00:48,461 INFO data_pipeline.collectors.note_com_browser: article_is_paid_skipping url=https://note.com/careercompass_c/n/ned8be6366dd3
2026-04-01 08:00:48,461 INFO data_pipeline.collectors.note_com_rss: article_paid_skipped url=https://note.com/careercompass_c/n/ned8be6366dd3
2026-04-01 08:00:48,461 INFO data_pipeline.collectors.note_com_browser: scraping_article url=https://note.com/careercompass_c/n/nd7aa3675e8c9
2026-04-01 08:00:51,345 INFO data_pipeline.collectors.note_com_browser: article_is_paid_skipping url=https://note.com/careercompass_c/n/nd7aa3675e8c9
2026-04-01 08:00:51,346 INFO data_pipeline.collectors.note_com_rss: article_paid_skipped url=https://note.com/careercompass_c/n/nd7aa3675e8c9
2026-04-01 08:00:51,346 INFO data_pipeline.collectors.note_com_browser: scraping_article url=https://note.com/careercompass_c/n/n88958926c4a7
2026-04-01 08:00:54,043 INFO data_pipeline.collectors.note_com_browser: article_is_paid_skipping url=https://note.com/careercompass_c/n/n88958926c4a7
2026-04-01 08:00:54,043 INFO data_pipeline.collectors.note_com_rss: article_paid_skipped url=https://note.com/careercompass_c/n/n88958926c4a7
2026-04-01 08:00:54,043 INFO data_pipeline.collectors.note_com_browser: scraping_article url=https://note.com/careercompass_c/n/n6d8bd5f136e3
2026-04-01 08:00:56,911 INFO data_pipeline.collectors.note_com_browser: article_is_paid_skipping url=https://note.com/careercompass_c/n/n6d8bd5f136e3
2026-04-01 08:00:56,911 INFO data_pipeline.collectors.note_com_rss: article_paid_skipped url=https://note.com/careercompass_c/n/n6d8bd5f136e3
2026-04-01 08:00:56,911 INFO data_pipeline.collectors.note_com_browser: scraping_article url=https://note.com/careercompass_c/n/n7116a05e215c
2026-04-01 08:00:59,778 INFO data_pipeline.collectors.note_com_browser: article_is_paid_skipping url=https://note.com/careercompass_c/n/n7116a05e215c
2026-04-01 08:00:59,778 INFO data_pipeline.collectors.note_com_rss: article_paid_skipped url=https://note.com/careercompass_c/n/n7116a05e215c
2026-04-01 08:00:59,778 INFO data_pipeline.collectors.note_com_browser: scraping_article url=https://note.com/careercompass_c/n/n3f597cba7ab1
2026-04-01 08:01:02,290 INFO data_pipeline.collectors.note_com_browser: article_is_paid_skipping url=https://note.com/careercompass_c/n/n3f597cba7ab1
2026-04-01 08:01:02,290 INFO data_pipeline.collectors.note_com_rss: article_paid_skipped url=https://note.com/careercompass_c/n/n3f597cba7ab1
2026-04-01 08:01:02,290 INFO data_pipeline.collectors.note_com_browser: scraping_article url=https://note.com/careercompass_c/n/n9de5744342e5
2026-04-01 08:01:04,861 INFO data_pipeline.collectors.note_com_browser: article_is_paid_skipping url=https://note.com/careercompass_c/n/n9de5744342e5
2026-04-01 08:01:04,861 INFO data_pipeline.collectors.note_com_rss: article_paid_skipped url=https://note.com/careercompass_c/n/n9de5744342e5
2026-04-01 08:01:04,861 INFO data_pipeline.collectors.note_com_browser: scraping_article url=https://note.com/careercompass_c/n/n00cd4471c9f9
2026-04-01 08:01:07,502 INFO data_pipeline.collectors.note_com_browser: article_is_paid_skipping url=https://note.com/careercompass_c/n/n00cd4471c9f9
2026-04-01 08:01:07,502 INFO data_pipeline.collectors.note_com_rss: article_paid_skipped url=https://note.com/careercompass_c/n/n00cd4471c9f9
2026-04-01 08:01:07,503 INFO data_pipeline.collectors.note_com_browser: scraping_article url=https://note.com/careercompass_c/n/n56509ef208ac
2026-04-01 08:01:09,950 INFO data_pipeline.collectors.note_com_browser: article_is_paid_skipping url=https://note.com/careercompass_c/n/n56509ef208ac
2026-04-01 08:01:09,950 INFO data_pipeline.collectors.note_com_rss: article_paid_skipped url=https://note.com/careercompass_c/n/n56509ef208ac
2026-04-01 08:01:09,950 INFO data_pipeline.collectors.note_com_browser: scraping_article url=https://note.com/careercompass_c/n/n5c7ed79f5de4
2026-04-01 08:01:12,746 INFO data_pipeline.collectors.note_com_browser: article_is_paid_skipping url=https://note.com/careercompass_c/n/n5c7ed79f5de4
2026-04-01 08:01:12,747 INFO data_pipeline.collectors.note_com_rss: article_paid_skipped url=https://note.com/careercompass_c/n/n5c7ed79f5de4
2026-04-01 08:01:12,747 INFO data_pipeline.collectors.note_com_browser: scraping_article url=https://note.com/careercompass_c/n/nff09205e7eff
2026-04-01 08:01:15,546 INFO data_pipeline.collectors.note_com_browser: article_is_paid_skipping url=https://note.com/careercompass_c/n/nff09205e7eff
2026-04-01 08:01:15,546 INFO data_pipeline.collectors.note_com_rss: article_paid_skipped url=https://note.com/careercompass_c/n/nff09205e7eff
2026-04-01 08:01:15,546 INFO data_pipeline.collectors.note_com_browser: scraping_article url=https://note.com/careercompass_c/n/n64e98dac5651
2026-04-01 08:01:17,987 INFO data_pipeline.collectors.note_com_browser: article_is_paid_skipping url=https://note.com/careercompass_c/n/n64e98dac5651
2026-04-01 08:01:17,987 INFO data_pipeline.collectors.note_com_rss: article_paid_skipped url=https://note.com/careercompass_c/n/n64e98dac5651
2026-04-01 08:01:17,987 INFO data_pipeline.collectors.note_com_browser: scraping_article url=https://note.com/dandism56/n/n9b9213155e5b
2026-04-01 08:01:20,897 INFO data_pipeline.collectors.note_com_browser: article_scraped url=https://note.com/dandism56/n/n9b9213155e5b title=【7500フォロワー突破】新社会人の方へ「パラレルワーカー」がエールを送ります！ body_length=5761 hashtag_count=40
2026-04-01 08:01:21,062 INFO data_pipeline.collectors.note_com_rss: article_saved url=https://note.com/dandism56/n/n9b9213155e5b title=【7500フォロワー突破】新社会人の方へ「パラレルワーカー」がエールを送ります！
2026-04-01 08:01:21,062 INFO data_pipeline.collectors.note_com_browser: scraping_article url=https://note.com/glad_auklet4142/n/nd04e48803ab6
2026-04-01 08:01:24,170 INFO data_pipeline.collectors.note_com_browser: article_scraped url=https://note.com/glad_auklet4142/n/nd04e48803ab6 title=【AIに駆逐される記者・ライター業】求人30%消滅の焼け野原と「時給44%増」の生存者たちとは？ChatGPTがもたらした価格破壊。文章で稼ぐ時代は本当に終わったのか？ #生成AI #フリーランス #ライター #Webライター #ChatGPT #副業 #キャリア #市場分析 #文章術 body_length=4398 hashtag_count=98
2026-04-01 08:01:24,240 INFO data_pipeline.collectors.note_com_rss: article_saved url=https://note.com/glad_auklet4142/n/nd04e48803ab6 title=【AIに駆逐される記者・ライター業】求人30%消滅の焼け野原と「時給44%増」の生存者たちとは？ChatGPTがもたらした価格破壊。文章で稼ぐ時代は本当に終わったのか？ #生成AI #フリーランス #ライター #Webライター #ChatGPT #副業 #キャリア #市場分析 #文章術
2026-04-01 08:01:24,240 INFO data_pipeline.collectors.note_com_browser: scraping_article url=https://note.com/glad_auklet4142/n/nc77f06fe3d0d
2026-04-01 08:01:27,040 INFO data_pipeline.collectors.note_com_browser: article_scraped url=https://note.com/glad_auklet4142/n/nc77f06fe3d0d title=【AIと著作権】足かけ8年の裁判がたった一行で終了。AIは著作者になれない──米最高裁が2026年3月に下した「最終決定」が、あなたの仕事を変えるのか？#生成AI #Gemini #ChatGPT #nanobanana　#著作権 #Midjourney #クリエイター body_length=4493 hashtag_count=100
2026-04-01 08:01:27,102 INFO data_pipeline.collectors.note_com_rss: article_saved url=https://note.com/glad_auklet4142/n/nc77f06fe3d0d title=【AIと著作権】足かけ8年の裁判がたった一行で終了。AIは著作者になれない──米最高裁が2026年3月に下した「最終決定」が、あなたの仕事を変えるのか？#生成AI #Gemini #ChatGPT #nanobanana　#著作権 #Midjourney #クリエイター
2026-04-01 08:01:27,102 INFO data_pipeline.collectors.note_com_browser: scraping_article url=https://note.com/hide_taxnote/n/n702a4c2fe2fb
2026-04-01 08:01:29,753 INFO data_pipeline.collectors.note_com_browser: article_scraped url=https://note.com/hide_taxnote/n/n702a4c2fe2fb title=クレカの最適解は還元率じゃない｜家計が黒字化する支払い設計の作り方 body_length=2633 hashtag_count=8
2026-04-01 08:01:29,938 INFO data_pipeline.collectors.note_com_rss: article_saved url=https://note.com/hide_taxnote/n/n702a4c2fe2fb title=クレカの最適解は還元率じゃない｜家計が黒字化する支払い設計の作り方
2026-04-01 08:01:29,939 INFO data_pipeline.collectors.note_com_browser: scraping_article url=https://note.com/hide_taxnote/n/n8e5658fec2a2
2026-04-01 08:01:33,008 INFO data_pipeline.collectors.note_com_browser: article_is_paid_skipping url=https://note.com/hide_taxnote/n/n8e5658fec2a2
2026-04-01 08:01:33,008 INFO data_pipeline.collectors.note_com_rss: article_paid_skipped url=https://note.com/hide_taxnote/n/n8e5658fec2a2
2026-04-01 08:01:33,097 INFO data_pipeline.collectors.note_com_rss: config_updated updated_count=11 timestamp=2026-03-31T23:01:33.097597+00:00
2026-04-01 08:01:33,097 INFO data_pipeline.collectors.note_com_rss: rss_monitor_completed creators_checked=11 new_articles_found=29 articles_saved=4 articles_skipped_paid=25 articles_skipped_duplicate=0 error_count=0
2026-04-01 20:00:05,058 INFO data_pipeline.collectors.note_com_rss: rss_monitor_starting creator_count=11
2026-04-01 20:00:05,377 INFO data_pipeline.collectors.note_com_rss: rss_fetched username=fukuoka1116 entry_count=25
2026-04-01 20:00:06,127 INFO data_pipeline.collectors.note_com_rss: new_entries_found username=fukuoka1116 new_count=1
2026-04-01 20:00:06,448 INFO data_pipeline.collectors.note_com_rss: rss_fetched username=sota_career entry_count=25
2026-04-01 20:00:07,334 INFO data_pipeline.collectors.note_com_rss: rss_fetched username=kei_10m_asset entry_count=23
2026-04-01 20:00:08,083 INFO data_pipeline.collectors.note_com_rss: rss_fetched username=careercompass_c entry_count=25
2026-04-01 20:00:08,720 INFO data_pipeline.collectors.note_com_rss: new_entries_found username=careercompass_c new_count=24
2026-04-01 20:00:09,003 INFO data_pipeline.collectors.note_com_rss: rss_fetched username=dandism56 entry_count=25
2026-04-01 20:00:10,090 INFO data_pipeline.collectors.note_com_rss: rss_fetched username=miraicareer_blog entry_count=25
2026-04-01 20:00:11,091 INFO data_pipeline.collectors.note_com_rss: rss_fetched username=glad_auklet4142 entry_count=25
2026-04-01 20:00:12,129 INFO data_pipeline.collectors.note_com_rss: new_entries_found username=glad_auklet4142 new_count=1
2026-04-01 20:00:12,360 INFO data_pipeline.collectors.note_com_rss: rss_fetched username=hide_taxnote entry_count=25
2026-04-01 20:00:13,121 INFO data_pipeline.collectors.note_com_rss: new_entries_found username=hide_taxnote new_count=2
2026-04-01 20:00:13,506 INFO data_pipeline.collectors.note_com_rss: rss_fetched username=mindset_official entry_count=25
2026-04-01 20:00:14,445 INFO data_pipeline.collectors.note_com_rss: rss_fetched username=ruinormalhakkar entry_count=25
2026-04-01 20:00:15,111 INFO data_pipeline.collectors.note_com_rss: rss_fetched username=studyhacker entry_count=0
2026-04-01 20:00:16,510 INFO data_pipeline.collectors.note_com_browser: note_com_browser_started
2026-04-01 20:00:16,510 INFO data_pipeline.collectors.note_com_browser: scraping_article url=https://note.com/fukuoka1116/n/nce91b9e3bb2a
2026-04-01 20:00:20,628 INFO data_pipeline.collectors.note_com_browser: article_scraped url=https://note.com/fukuoka1116/n/nce91b9e3bb2a title=箸休めで入社した会社が居心地良くて働き続ける人が、未だに気づいていない「怖い罠」　仕事｜会社員｜転職｜副業｜キャリア｜エッセイ｜30代｜営業｜悩み body_length=1830 hashtag_count=10
2026-04-01 20:00:20,739 INFO data_pipeline.collectors.note_com_rss: article_saved url=https://note.com/fukuoka1116/n/nce91b9e3bb2a title=箸休めで入社した会社が居心地良くて働き続ける人が、未だに気づいていない「怖い罠」　仕事｜会社員｜転職｜副業｜キャリア｜エッセイ｜30代｜営業｜悩み
2026-04-01 20:00:20,739 INFO data_pipeline.collectors.note_com_browser: scraping_article url=https://note.com/careercompass_c/n/n394420f67396
2026-04-01 20:00:23,643 INFO data_pipeline.collectors.note_com_browser: article_is_paid_skipping url=https://note.com/careercompass_c/n/n394420f67396
2026-04-01 20:00:23,643 INFO data_pipeline.collectors.note_com_rss: article_paid_skipped url=https://note.com/careercompass_c/n/n394420f67396
2026-04-01 20:00:23,643 INFO data_pipeline.collectors.note_com_browser: scraping_article url=https://note.com/careercompass_c/n/n3c030becda43
2026-04-01 20:00:26,498 INFO data_pipeline.collectors.note_com_browser: article_is_paid_skipping url=https://note.com/careercompass_c/n/n3c030becda43
2026-04-01 20:00:26,498 INFO data_pipeline.collectors.note_com_rss: article_paid_skipped url=https://note.com/careercompass_c/n/n3c030becda43
2026-04-01 20:00:26,498 INFO data_pipeline.collectors.note_com_browser: scraping_article url=https://note.com/careercompass_c/n/n975c5efac7b6
2026-04-01 20:00:29,279 INFO data_pipeline.collectors.note_com_browser: article_is_paid_skipping url=https://note.com/careercompass_c/n/n975c5efac7b6
2026-04-01 20:00:29,279 INFO data_pipeline.collectors.note_com_rss: article_paid_skipped url=https://note.com/careercompass_c/n/n975c5efac7b6
2026-04-01 20:00:29,279 INFO data_pipeline.collectors.note_com_browser: scraping_article url=https://note.com/careercompass_c/n/nee1f4ef49cdd
2026-04-01 20:00:32,069 INFO data_pipeline.collectors.note_com_browser: article_is_paid_skipping url=https://note.com/careercompass_c/n/nee1f4ef49cdd
2026-04-01 20:00:32,069 INFO data_pipeline.collectors.note_com_rss: article_paid_skipped url=https://note.com/careercompass_c/n/nee1f4ef49cdd
2026-04-01 20:00:32,069 INFO data_pipeline.collectors.note_com_browser: scraping_article url=https://note.com/careercompass_c/n/nedf4e1715f66
2026-04-01 20:00:34,955 INFO data_pipeline.collectors.note_com_browser: article_is_paid_skipping url=https://note.com/careercompass_c/n/nedf4e1715f66
2026-04-01 20:00:34,955 INFO data_pipeline.collectors.note_com_rss: article_paid_skipped url=https://note.com/careercompass_c/n/nedf4e1715f66
2026-04-01 20:00:34,955 INFO data_pipeline.collectors.note_com_browser: scraping_article url=https://note.com/careercompass_c/n/n0209f33f7146
2026-04-01 20:00:37,463 INFO data_pipeline.collectors.note_com_browser: article_is_paid_skipping url=https://note.com/careercompass_c/n/n0209f33f7146
2026-04-01 20:00:37,464 INFO data_pipeline.collectors.note_com_rss: article_paid_skipped url=https://note.com/careercompass_c/n/n0209f33f7146
2026-04-01 20:00:37,464 INFO data_pipeline.collectors.note_com_browser: scraping_article url=https://note.com/careercompass_c/n/nc5bcad9cea40
2026-04-01 20:00:40,126 INFO data_pipeline.collectors.note_com_browser: article_is_paid_skipping url=https://note.com/careercompass_c/n/nc5bcad9cea40
2026-04-01 20:00:40,126 INFO data_pipeline.collectors.note_com_rss: article_paid_skipped url=https://note.com/careercompass_c/n/nc5bcad9cea40
2026-04-01 20:00:40,126 INFO data_pipeline.collectors.note_com_browser: scraping_article url=https://note.com/careercompass_c/n/n27e0b15129fb
2026-04-01 20:00:43,386 INFO data_pipeline.collectors.note_com_browser: article_is_paid_skipping url=https://note.com/careercompass_c/n/n27e0b15129fb
2026-04-01 20:00:43,387 INFO data_pipeline.collectors.note_com_rss: article_paid_skipped url=https://note.com/careercompass_c/n/n27e0b15129fb
2026-04-01 20:00:43,387 INFO data_pipeline.collectors.note_com_browser: scraping_article url=https://note.com/careercompass_c/n/n34f3428bcbdf
2026-04-01 20:00:46,280 INFO data_pipeline.collectors.note_com_browser: article_is_paid_skipping url=https://note.com/careercompass_c/n/n34f3428bcbdf
2026-04-01 20:00:46,280 INFO data_pipeline.collectors.note_com_rss: article_paid_skipped url=https://note.com/careercompass_c/n/n34f3428bcbdf
2026-04-01 20:00:46,280 INFO data_pipeline.collectors.note_com_browser: scraping_article url=https://note.com/careercompass_c/n/n07dfd2fd9c2a
2026-04-01 20:00:49,148 INFO data_pipeline.collectors.note_com_browser: article_is_paid_skipping url=https://note.com/careercompass_c/n/n07dfd2fd9c2a
2026-04-01 20:00:49,148 INFO data_pipeline.collectors.note_com_rss: article_paid_skipped url=https://note.com/careercompass_c/n/n07dfd2fd9c2a
2026-04-01 20:00:49,148 INFO data_pipeline.collectors.note_com_browser: scraping_article url=https://note.com/careercompass_c/n/n46c9b4f5c2aa
2026-04-01 20:00:51,603 INFO data_pipeline.collectors.note_com_browser: article_is_paid_skipping url=https://note.com/careercompass_c/n/n46c9b4f5c2aa
2026-04-01 20:00:51,604 INFO data_pipeline.collectors.note_com_rss: article_paid_skipped url=https://note.com/careercompass_c/n/n46c9b4f5c2aa
2026-04-01 20:00:51,604 INFO data_pipeline.collectors.note_com_browser: scraping_article url=https://note.com/careercompass_c/n/n912e321ecd2a
2026-04-01 20:00:54,181 INFO data_pipeline.collectors.note_com_browser: article_is_paid_skipping url=https://note.com/careercompass_c/n/n912e321ecd2a
2026-04-01 20:00:54,181 INFO data_pipeline.collectors.note_com_rss: article_paid_skipped url=https://note.com/careercompass_c/n/n912e321ecd2a
2026-04-01 20:00:54,181 INFO data_pipeline.collectors.note_com_browser: scraping_article url=https://note.com/careercompass_c/n/n6ded9baafa8c
2026-04-01 20:00:57,077 INFO data_pipeline.collectors.note_com_browser: article_is_paid_skipping url=https://note.com/careercompass_c/n/n6ded9baafa8c
2026-04-01 20:00:57,078 INFO data_pipeline.collectors.note_com_rss: article_paid_skipped url=https://note.com/careercompass_c/n/n6ded9baafa8c
2026-04-01 20:00:57,078 INFO data_pipeline.collectors.note_com_browser: scraping_article url=https://note.com/careercompass_c/n/nf064d5e43abf
2026-04-01 20:01:00,061 INFO data_pipeline.collectors.note_com_browser: article_is_paid_skipping url=https://note.com/careercompass_c/n/nf064d5e43abf
2026-04-01 20:01:00,061 INFO data_pipeline.collectors.note_com_rss: article_paid_skipped url=https://note.com/careercompass_c/n/nf064d5e43abf
2026-04-01 20:01:00,061 INFO data_pipeline.collectors.note_com_browser: scraping_article url=https://note.com/careercompass_c/n/n4745ba5629c2
2026-04-01 20:01:02,831 INFO data_pipeline.collectors.note_com_browser: article_is_paid_skipping url=https://note.com/careercompass_c/n/n4745ba5629c2
2026-04-01 20:01:02,831 INFO data_pipeline.collectors.note_com_rss: article_paid_skipped url=https://note.com/careercompass_c/n/n4745ba5629c2
2026-04-01 20:01:02,831 INFO data_pipeline.collectors.note_com_browser: scraping_article url=https://note.com/careercompass_c/n/n5d2747edbd6a
2026-04-01 20:01:05,428 INFO data_pipeline.collectors.note_com_browser: article_is_paid_skipping url=https://note.com/careercompass_c/n/n5d2747edbd6a
2026-04-01 20:01:05,428 INFO data_pipeline.collectors.note_com_rss: article_paid_skipped url=https://note.com/careercompass_c/n/n5d2747edbd6a
2026-04-01 20:01:05,428 INFO data_pipeline.collectors.note_com_browser: scraping_article url=https://note.com/careercompass_c/n/ned8be6366dd3
2026-04-01 20:01:08,365 INFO data_pipeline.collectors.note_com_browser: article_is_paid_skipping url=https://note.com/careercompass_c/n/ned8be6366dd3
2026-04-01 20:01:08,365 INFO data_pipeline.collectors.note_com_rss: article_paid_skipped url=https://note.com/careercompass_c/n/ned8be6366dd3
2026-04-01 20:01:08,365 INFO data_pipeline.collectors.note_com_browser: scraping_article url=https://note.com/careercompass_c/n/nd7aa3675e8c9
2026-04-01 20:01:11,006 INFO data_pipeline.collectors.note_com_browser: article_is_paid_skipping url=https://note.com/careercompass_c/n/nd7aa3675e8c9
2026-04-01 20:01:11,007 INFO data_pipeline.collectors.note_com_rss: article_paid_skipped url=https://note.com/careercompass_c/n/nd7aa3675e8c9
2026-04-01 20:01:11,007 INFO data_pipeline.collectors.note_com_browser: scraping_article url=https://note.com/careercompass_c/n/n88958926c4a7
2026-04-01 20:01:13,605 INFO data_pipeline.collectors.note_com_browser: article_is_paid_skipping url=https://note.com/careercompass_c/n/n88958926c4a7
2026-04-01 20:01:13,605 INFO data_pipeline.collectors.note_com_rss: article_paid_skipped url=https://note.com/careercompass_c/n/n88958926c4a7
2026-04-01 20:01:13,605 INFO data_pipeline.collectors.note_com_browser: scraping_article url=https://note.com/careercompass_c/n/n6d8bd5f136e3
2026-04-01 20:01:16,407 INFO data_pipeline.collectors.note_com_browser: article_is_paid_skipping url=https://note.com/careercompass_c/n/n6d8bd5f136e3
2026-04-01 20:01:16,407 INFO data_pipeline.collectors.note_com_rss: article_paid_skipped url=https://note.com/careercompass_c/n/n6d8bd5f136e3
2026-04-01 20:01:16,407 INFO data_pipeline.collectors.note_com_browser: scraping_article url=https://note.com/careercompass_c/n/n7116a05e215c
2026-04-01 20:01:19,089 INFO data_pipeline.collectors.note_com_browser: article_is_paid_skipping url=https://note.com/careercompass_c/n/n7116a05e215c
2026-04-01 20:01:19,089 INFO data_pipeline.collectors.note_com_rss: article_paid_skipped url=https://note.com/careercompass_c/n/n7116a05e215c
2026-04-01 20:01:19,089 INFO data_pipeline.collectors.note_com_browser: scraping_article url=https://note.com/careercompass_c/n/n3f597cba7ab1
2026-04-01 20:01:21,910 INFO data_pipeline.collectors.note_com_browser: article_is_paid_skipping url=https://note.com/careercompass_c/n/n3f597cba7ab1
2026-04-01 20:01:21,910 INFO data_pipeline.collectors.note_com_rss: article_paid_skipped url=https://note.com/careercompass_c/n/n3f597cba7ab1
2026-04-01 20:01:21,910 INFO data_pipeline.collectors.note_com_browser: scraping_article url=https://note.com/careercompass_c/n/n9de5744342e5
2026-04-01 20:01:24,388 INFO data_pipeline.collectors.note_com_browser: article_is_paid_skipping url=https://note.com/careercompass_c/n/n9de5744342e5
2026-04-01 20:01:24,388 INFO data_pipeline.collectors.note_com_rss: article_paid_skipped url=https://note.com/careercompass_c/n/n9de5744342e5
2026-04-01 20:01:24,388 INFO data_pipeline.collectors.note_com_browser: scraping_article url=https://note.com/careercompass_c/n/n00cd4471c9f9
2026-04-01 20:01:27,176 INFO data_pipeline.collectors.note_com_browser: article_is_paid_skipping url=https://note.com/careercompass_c/n/n00cd4471c9f9
2026-04-01 20:01:27,176 INFO data_pipeline.collectors.note_com_rss: article_paid_skipped url=https://note.com/careercompass_c/n/n00cd4471c9f9
2026-04-01 20:01:27,176 INFO data_pipeline.collectors.note_com_browser: scraping_article url=https://note.com/glad_auklet4142/n/nbcc0ac82df73
2026-04-01 20:01:57,183 ERROR data_pipeline.collectors.note_com_browser: article_navigation_failed url=https://note.com/glad_auklet4142/n/nbcc0ac82df73
Traceback (most recent call last):
  File "/Users/yuki/Desktop/note-finance/src/data_pipeline/collectors/note_com_browser.py", line 449, in scrape_article
    await self._page.goto(
    ...<3 lines>...
    )
  File "/Users/yuki/Desktop/note-finance/.venv/lib/python3.14/site-packages/playwright/async_api/_generated.py", line 9045, in goto
    await self._impl_obj.goto(
        url=url, timeout=timeout, waitUntil=wait_until, referer=referer
    )
  File "/Users/yuki/Desktop/note-finance/.venv/lib/python3.14/site-packages/playwright/_impl/_page.py", line 552, in goto
    return await self._main_frame.goto(**locals_to_params(locals()))
           ^^^^^^^^^^^^^^^^^^^^^^^^^^^^^^^^^^^^^^^^^^^^^^^^^^^^^^^^^
  File "/Users/yuki/Desktop/note-finance/.venv/lib/python3.14/site-packages/playwright/_impl/_frame.py", line 153, in goto
    await self._channel.send(
        "goto", self._navigation_timeout, locals_to_params(locals())
    )
  File "/Users/yuki/Desktop/note-finance/.venv/lib/python3.14/site-packages/playwright/_impl/_connection.py", line 69, in send
    return await self._connection.wrap_api_call(
           ^^^^^^^^^^^^^^^^^^^^^^^^^^^^^^^^^^^^^
    ...<3 lines>...
    )
    ^
  File "/Users/yuki/Desktop/note-finance/.venv/lib/python3.14/site-packages/playwright/_impl/_connection.py", line 559, in wrap_api_call
    raise rewrite_error(error, f"{parsed_st['apiName']}: {error}") from None
playwright._impl._errors.TimeoutError: Page.goto: Timeout 30000ms exceeded.
Call log:
  - navigating to "https://note.com/glad_auklet4142/n/nbcc0ac82df73", waiting until "load"

2026-04-01 20:01:57,187 INFO data_pipeline.collectors.note_com_rss: article_paid_skipped url=https://note.com/glad_auklet4142/n/nbcc0ac82df73
2026-04-01 20:01:57,188 INFO data_pipeline.collectors.note_com_browser: scraping_article url=https://note.com/hide_taxnote/n/ne0b838597d8b
2026-04-01 20:02:00,565 INFO data_pipeline.collectors.note_com_browser: article_scraped url=https://note.com/hide_taxnote/n/ne0b838597d8b title=2026年4月1日｜日経平均・東京株式市場・米国株：ポイント解説と明日の展望 body_length=4285 hashtag_count=15
2026-04-01 20:02:00,764 INFO data_pipeline.collectors.note_com_rss: article_saved url=https://note.com/hide_taxnote/n/ne0b838597d8b title=2026年4月1日｜日経平均・東京株式市場・米国株：ポイント解説と明日の展望
2026-04-01 20:02:00,764 INFO data_pipeline.collectors.note_com_browser: scraping_article url=https://note.com/hide_taxnote/n/n8e5658fec2a2
2026-04-01 20:02:03,633 INFO data_pipeline.collectors.note_com_browser: article_is_paid_skipping url=https://note.com/hide_taxnote/n/n8e5658fec2a2
2026-04-01 20:02:03,633 INFO data_pipeline.collectors.note_com_rss: article_paid_skipped url=https://note.com/hide_taxnote/n/n8e5658fec2a2
2026-04-01 20:02:03,716 INFO data_pipeline.collectors.note_com_rss: config_updated updated_count=11 timestamp=2026-04-01T11:02:03.716393+00:00
2026-04-01 20:02:03,716 INFO data_pipeline.collectors.note_com_rss: rss_monitor_completed creators_checked=11 new_articles_found=28 articles_saved=2 articles_skipped_paid=26 articles_skipped_duplicate=0 error_count=0
2026-04-02 08:00:05,654 INFO data_pipeline.collectors.note_com_rss: rss_monitor_starting creator_count=11
2026-04-02 08:00:05,959 INFO data_pipeline.collectors.note_com_rss: rss_fetched username=fukuoka1116 entry_count=25
2026-04-02 08:00:06,739 INFO data_pipeline.collectors.note_com_rss: rss_fetched username=sota_career entry_count=25
2026-04-02 08:00:07,301 INFO data_pipeline.collectors.note_com_rss: rss_fetched username=kei_10m_asset entry_count=23
2026-04-02 08:00:07,708 INFO data_pipeline.collectors.note_com_rss: rss_fetched username=careercompass_c entry_count=25
2026-04-02 08:00:08,255 INFO data_pipeline.collectors.note_com_rss: new_entries_found username=careercompass_c new_count=24
2026-04-02 08:00:08,501 INFO data_pipeline.collectors.note_com_rss: rss_fetched username=dandism56 entry_count=25
2026-04-02 08:00:08,882 INFO data_pipeline.collectors.note_com_rss: new_entries_found username=dandism56 new_count=1
2026-04-02 08:00:09,131 INFO data_pipeline.collectors.note_com_rss: rss_fetched username=miraicareer_blog entry_count=25
2026-04-02 08:00:09,688 INFO data_pipeline.collectors.note_com_rss: rss_fetched username=glad_auklet4142 entry_count=25
2026-04-02 08:00:10,273 INFO data_pipeline.collectors.note_com_rss: new_entries_found username=glad_auklet4142 new_count=1
2026-04-02 08:00:10,481 INFO data_pipeline.collectors.note_com_rss: rss_fetched username=hide_taxnote entry_count=25
2026-04-02 08:00:11,133 INFO data_pipeline.collectors.note_com_rss: new_entries_found username=hide_taxnote new_count=1
2026-04-02 08:00:11,470 INFO data_pipeline.collectors.note_com_rss: rss_fetched username=mindset_official entry_count=25
2026-04-02 08:00:12,281 INFO data_pipeline.collectors.note_com_rss: rss_fetched username=ruinormalhakkar entry_count=25
2026-04-02 08:00:12,921 INFO data_pipeline.collectors.note_com_rss: rss_fetched username=studyhacker entry_count=0
2026-04-02 08:00:14,166 INFO data_pipeline.collectors.note_com_browser: note_com_browser_started
2026-04-02 08:00:14,167 INFO data_pipeline.collectors.note_com_browser: scraping_article url=https://note.com/careercompass_c/n/n394420f67396
2026-04-02 08:00:17,100 INFO data_pipeline.collectors.note_com_browser: article_is_paid_skipping url=https://note.com/careercompass_c/n/n394420f67396
2026-04-02 08:00:17,101 INFO data_pipeline.collectors.note_com_rss: article_paid_skipped url=https://note.com/careercompass_c/n/n394420f67396
2026-04-02 08:00:17,101 INFO data_pipeline.collectors.note_com_browser: scraping_article url=https://note.com/careercompass_c/n/n3c030becda43
2026-04-02 08:00:19,950 INFO data_pipeline.collectors.note_com_browser: article_is_paid_skipping url=https://note.com/careercompass_c/n/n3c030becda43
2026-04-02 08:00:19,950 INFO data_pipeline.collectors.note_com_rss: article_paid_skipped url=https://note.com/careercompass_c/n/n3c030becda43
2026-04-02 08:00:19,950 INFO data_pipeline.collectors.note_com_browser: scraping_article url=https://note.com/careercompass_c/n/n975c5efac7b6
2026-04-02 08:00:22,968 INFO data_pipeline.collectors.note_com_browser: article_is_paid_skipping url=https://note.com/careercompass_c/n/n975c5efac7b6
2026-04-02 08:00:22,969 INFO data_pipeline.collectors.note_com_rss: article_paid_skipped url=https://note.com/careercompass_c/n/n975c5efac7b6
2026-04-02 08:00:22,969 INFO data_pipeline.collectors.note_com_browser: scraping_article url=https://note.com/careercompass_c/n/nee1f4ef49cdd
2026-04-02 08:00:25,489 INFO data_pipeline.collectors.note_com_browser: article_is_paid_skipping url=https://note.com/careercompass_c/n/nee1f4ef49cdd
2026-04-02 08:00:25,489 INFO data_pipeline.collectors.note_com_rss: article_paid_skipped url=https://note.com/careercompass_c/n/nee1f4ef49cdd
2026-04-02 08:00:25,489 INFO data_pipeline.collectors.note_com_browser: scraping_article url=https://note.com/careercompass_c/n/nedf4e1715f66
2026-04-02 08:00:28,164 INFO data_pipeline.collectors.note_com_browser: article_is_paid_skipping url=https://note.com/careercompass_c/n/nedf4e1715f66
2026-04-02 08:00:28,164 INFO data_pipeline.collectors.note_com_rss: article_paid_skipped url=https://note.com/careercompass_c/n/nedf4e1715f66
2026-04-02 08:00:28,164 INFO data_pipeline.collectors.note_com_browser: scraping_article url=https://note.com/careercompass_c/n/n0209f33f7146
2026-04-02 08:00:31,017 INFO data_pipeline.collectors.note_com_browser: article_is_paid_skipping url=https://note.com/careercompass_c/n/n0209f33f7146
2026-04-02 08:00:31,017 INFO data_pipeline.collectors.note_com_rss: article_paid_skipped url=https://note.com/careercompass_c/n/n0209f33f7146
2026-04-02 08:00:31,018 INFO data_pipeline.collectors.note_com_browser: scraping_article url=https://note.com/careercompass_c/n/nc5bcad9cea40
2026-04-02 08:00:33,467 INFO data_pipeline.collectors.note_com_browser: article_is_paid_skipping url=https://note.com/careercompass_c/n/nc5bcad9cea40
2026-04-02 08:00:33,467 INFO data_pipeline.collectors.note_com_rss: article_paid_skipped url=https://note.com/careercompass_c/n/nc5bcad9cea40
2026-04-02 08:00:33,467 INFO data_pipeline.collectors.note_com_browser: scraping_article url=https://note.com/careercompass_c/n/n27e0b15129fb
2026-04-02 08:00:36,305 INFO data_pipeline.collectors.note_com_browser: article_is_paid_skipping url=https://note.com/careercompass_c/n/n27e0b15129fb
2026-04-02 08:00:36,305 INFO data_pipeline.collectors.note_com_rss: article_paid_skipped url=https://note.com/careercompass_c/n/n27e0b15129fb
2026-04-02 08:00:36,305 INFO data_pipeline.collectors.note_com_browser: scraping_article url=https://note.com/careercompass_c/n/n34f3428bcbdf
2026-04-02 08:00:39,100 INFO data_pipeline.collectors.note_com_browser: article_is_paid_skipping url=https://note.com/careercompass_c/n/n34f3428bcbdf
2026-04-02 08:00:39,100 INFO data_pipeline.collectors.note_com_rss: article_paid_skipped url=https://note.com/careercompass_c/n/n34f3428bcbdf
2026-04-02 08:00:39,100 INFO data_pipeline.collectors.note_com_browser: scraping_article url=https://note.com/careercompass_c/n/n07dfd2fd9c2a
2026-04-02 08:00:41,506 INFO data_pipeline.collectors.note_com_browser: article_is_paid_skipping url=https://note.com/careercompass_c/n/n07dfd2fd9c2a
2026-04-02 08:00:41,507 INFO data_pipeline.collectors.note_com_rss: article_paid_skipped url=https://note.com/careercompass_c/n/n07dfd2fd9c2a
2026-04-02 08:00:41,507 INFO data_pipeline.collectors.note_com_browser: scraping_article url=https://note.com/careercompass_c/n/n46c9b4f5c2aa
2026-04-02 08:00:44,212 INFO data_pipeline.collectors.note_com_browser: article_is_paid_skipping url=https://note.com/careercompass_c/n/n46c9b4f5c2aa
2026-04-02 08:00:44,212 INFO data_pipeline.collectors.note_com_rss: article_paid_skipped url=https://note.com/careercompass_c/n/n46c9b4f5c2aa
2026-04-02 08:00:44,212 INFO data_pipeline.collectors.note_com_browser: scraping_article url=https://note.com/careercompass_c/n/n912e321ecd2a
2026-04-02 08:00:47,272 INFO data_pipeline.collectors.note_com_browser: article_is_paid_skipping url=https://note.com/careercompass_c/n/n912e321ecd2a
2026-04-02 08:00:47,273 INFO data_pipeline.collectors.note_com_rss: article_paid_skipped url=https://note.com/careercompass_c/n/n912e321ecd2a
2026-04-02 08:00:47,273 INFO data_pipeline.collectors.note_com_browser: scraping_article url=https://note.com/careercompass_c/n/n6ded9baafa8c
2026-04-02 08:00:49,808 INFO data_pipeline.collectors.note_com_browser: article_is_paid_skipping url=https://note.com/careercompass_c/n/n6ded9baafa8c
2026-04-02 08:00:49,808 INFO data_pipeline.collectors.note_com_rss: article_paid_skipped url=https://note.com/careercompass_c/n/n6ded9baafa8c
2026-04-02 08:00:49,808 INFO data_pipeline.collectors.note_com_browser: scraping_article url=https://note.com/careercompass_c/n/nf064d5e43abf
2026-04-02 08:00:52,722 INFO data_pipeline.collectors.note_com_browser: article_is_paid_skipping url=https://note.com/careercompass_c/n/nf064d5e43abf
2026-04-02 08:00:52,722 INFO data_pipeline.collectors.note_com_rss: article_paid_skipped url=https://note.com/careercompass_c/n/nf064d5e43abf
2026-04-02 08:00:52,722 INFO data_pipeline.collectors.note_com_browser: scraping_article url=https://note.com/careercompass_c/n/n4745ba5629c2
2026-04-02 08:00:55,513 INFO data_pipeline.collectors.note_com_browser: article_is_paid_skipping url=https://note.com/careercompass_c/n/n4745ba5629c2
2026-04-02 08:00:55,513 INFO data_pipeline.collectors.note_com_rss: article_paid_skipped url=https://note.com/careercompass_c/n/n4745ba5629c2
2026-04-02 08:00:55,513 INFO data_pipeline.collectors.note_com_browser: scraping_article url=https://note.com/careercompass_c/n/n5d2747edbd6a
2026-04-02 08:00:57,976 INFO data_pipeline.collectors.note_com_browser: article_is_paid_skipping url=https://note.com/careercompass_c/n/n5d2747edbd6a
2026-04-02 08:00:57,977 INFO data_pipeline.collectors.note_com_rss: article_paid_skipped url=https://note.com/careercompass_c/n/n5d2747edbd6a
2026-04-02 08:00:57,977 INFO data_pipeline.collectors.note_com_browser: scraping_article url=https://note.com/careercompass_c/n/ned8be6366dd3
2026-04-02 08:01:01,019 INFO data_pipeline.collectors.note_com_browser: article_is_paid_skipping url=https://note.com/careercompass_c/n/ned8be6366dd3
2026-04-02 08:01:01,019 INFO data_pipeline.collectors.note_com_rss: article_paid_skipped url=https://note.com/careercompass_c/n/ned8be6366dd3
2026-04-02 08:01:01,019 INFO data_pipeline.collectors.note_com_browser: scraping_article url=https://note.com/careercompass_c/n/nd7aa3675e8c9
2026-04-02 08:01:03,599 INFO data_pipeline.collectors.note_com_browser: article_is_paid_skipping url=https://note.com/careercompass_c/n/nd7aa3675e8c9
2026-04-02 08:01:03,599 INFO data_pipeline.collectors.note_com_rss: article_paid_skipped url=https://note.com/careercompass_c/n/nd7aa3675e8c9
2026-04-02 08:01:03,599 INFO data_pipeline.collectors.note_com_browser: scraping_article url=https://note.com/careercompass_c/n/n88958926c4a7
2026-04-02 08:01:06,232 INFO data_pipeline.collectors.note_com_browser: article_is_paid_skipping url=https://note.com/careercompass_c/n/n88958926c4a7
2026-04-02 08:01:06,232 INFO data_pipeline.collectors.note_com_rss: article_paid_skipped url=https://note.com/careercompass_c/n/n88958926c4a7
2026-04-02 08:01:06,232 INFO data_pipeline.collectors.note_com_browser: scraping_article url=https://note.com/careercompass_c/n/n6d8bd5f136e3
2026-04-02 08:01:09,107 INFO data_pipeline.collectors.note_com_browser: article_is_paid_skipping url=https://note.com/careercompass_c/n/n6d8bd5f136e3
2026-04-02 08:01:09,107 INFO data_pipeline.collectors.note_com_rss: article_paid_skipped url=https://note.com/careercompass_c/n/n6d8bd5f136e3
2026-04-02 08:01:09,107 INFO data_pipeline.collectors.note_com_browser: scraping_article url=https://note.com/careercompass_c/n/n7116a05e215c
2026-04-02 08:01:11,959 INFO data_pipeline.collectors.note_com_browser: article_is_paid_skipping url=https://note.com/careercompass_c/n/n7116a05e215c
2026-04-02 08:01:11,959 INFO data_pipeline.collectors.note_com_rss: article_paid_skipped url=https://note.com/careercompass_c/n/n7116a05e215c
2026-04-02 08:01:11,959 INFO data_pipeline.collectors.note_com_browser: scraping_article url=https://note.com/careercompass_c/n/n3f597cba7ab1
2026-04-02 08:01:14,876 INFO data_pipeline.collectors.note_com_browser: article_is_paid_skipping url=https://note.com/careercompass_c/n/n3f597cba7ab1
2026-04-02 08:01:14,877 INFO data_pipeline.collectors.note_com_rss: article_paid_skipped url=https://note.com/careercompass_c/n/n3f597cba7ab1
2026-04-02 08:01:14,877 INFO data_pipeline.collectors.note_com_browser: scraping_article url=https://note.com/careercompass_c/n/n9de5744342e5
2026-04-02 08:01:17,733 INFO data_pipeline.collectors.note_com_browser: article_is_paid_skipping url=https://note.com/careercompass_c/n/n9de5744342e5
2026-04-02 08:01:17,733 INFO data_pipeline.collectors.note_com_rss: article_paid_skipped url=https://note.com/careercompass_c/n/n9de5744342e5
2026-04-02 08:01:17,733 INFO data_pipeline.collectors.note_com_browser: scraping_article url=https://note.com/careercompass_c/n/n00cd4471c9f9
2026-04-02 08:01:20,437 INFO data_pipeline.collectors.note_com_browser: article_is_paid_skipping url=https://note.com/careercompass_c/n/n00cd4471c9f9
2026-04-02 08:01:20,437 INFO data_pipeline.collectors.note_com_rss: article_paid_skipped url=https://note.com/careercompass_c/n/n00cd4471c9f9
2026-04-02 08:01:20,437 INFO data_pipeline.collectors.note_com_browser: scraping_article url=https://note.com/dandism56/n/n79fb0792d9fa
2026-04-02 08:01:23,561 INFO data_pipeline.collectors.note_com_browser: article_scraped url=https://note.com/dandism56/n/n79fb0792d9fa title=【2週連続コングラボード1位獲得！】450日連続投稿で発信した「朝の読書」の効果と価値 body_length=2478 hashtag_count=39
2026-04-02 08:01:23,668 INFO data_pipeline.collectors.note_com_rss: article_saved url=https://note.com/dandism56/n/n79fb0792d9fa title=【2週連続コングラボード1位獲得！】450日連続投稿で発信した「朝の読書」の効果と価値
2026-04-02 08:01:23,668 INFO data_pipeline.collectors.note_com_browser: scraping_article url=https://note.com/glad_auklet4142/n/nbcc0ac82df73
2026-04-02 08:01:26,722 INFO data_pipeline.collectors.note_com_browser: article_scraped url=https://note.com/glad_auklet4142/n/nbcc0ac82df73 title=【給料は下がり、物価は上がる？】「世界成長2.9%」下方修正の残酷なシナリオ。中東の戦争があなたの財布を破壊する日とは？ #インフレ #世界経済 #スタグフレーション #OECD #投資 #円安 #物価高 #経済ニュース #中東情勢 body_length=3422 hashtag_count=100
2026-04-02 08:01:26,825 INFO data_pipeline.collectors.note_com_rss: article_saved url=https://note.com/glad_auklet4142/n/nbcc0ac82df73 title=【給料は下がり、物価は上がる？】「世界成長2.9%」下方修正の残酷なシナリオ。中東の戦争があなたの財布を破壊する日とは？ #インフレ #世界経済 #スタグフレーション #OECD #投資 #円安 #物価高 #経済ニュース #中東情勢
2026-04-02 08:01:26,825 INFO data_pipeline.collectors.note_com_browser: scraping_article url=https://note.com/hide_taxnote/n/n8e5658fec2a2
2026-04-02 08:01:29,685 INFO data_pipeline.collectors.note_com_browser: article_is_paid_skipping url=https://note.com/hide_taxnote/n/n8e5658fec2a2
2026-04-02 08:01:29,685 INFO data_pipeline.collectors.note_com_rss: article_paid_skipped url=https://note.com/hide_taxnote/n/n8e5658fec2a2
2026-04-02 08:01:29,770 INFO data_pipeline.collectors.note_com_rss: config_updated updated_count=11 timestamp=2026-04-01T23:01:29.770018+00:00
2026-04-02 08:01:29,770 INFO data_pipeline.collectors.note_com_rss: rss_monitor_completed creators_checked=11 new_articles_found=27 articles_saved=2 articles_skipped_paid=25 articles_skipped_duplicate=0 error_count=0
2026-04-02 20:00:06,252 INFO data_pipeline.collectors.note_com_rss: rss_monitor_starting creator_count=11
2026-04-02 20:00:06,584 INFO data_pipeline.collectors.note_com_rss: rss_fetched username=fukuoka1116 entry_count=25
2026-04-02 20:00:07,330 INFO data_pipeline.collectors.note_com_rss: rss_fetched username=sota_career entry_count=25
2026-04-02 20:00:07,900 INFO data_pipeline.collectors.note_com_rss: rss_fetched username=kei_10m_asset entry_count=23
2026-04-02 20:00:08,373 INFO data_pipeline.collectors.note_com_rss: rss_fetched username=careercompass_c entry_count=25
2026-04-02 20:00:09,219 INFO data_pipeline.collectors.note_com_rss: new_entries_found username=careercompass_c new_count=24
2026-04-02 20:00:09,476 INFO data_pipeline.collectors.note_com_rss: rss_fetched username=dandism56 entry_count=25
2026-04-02 20:00:10,281 INFO data_pipeline.collectors.note_com_rss: rss_fetched username=miraicareer_blog entry_count=25
2026-04-02 20:00:10,900 INFO data_pipeline.collectors.note_com_rss: rss_fetched username=glad_auklet4142 entry_count=25
2026-04-02 20:00:11,830 INFO data_pipeline.collectors.note_com_rss: rss_fetched username=hide_taxnote entry_count=25
2026-04-02 20:00:12,592 INFO data_pipeline.collectors.note_com_rss: new_entries_found username=hide_taxnote new_count=3
2026-04-02 20:00:12,958 INFO data_pipeline.collectors.note_com_rss: rss_fetched username=mindset_official entry_count=25
2026-04-02 20:00:13,699 INFO data_pipeline.collectors.note_com_rss: rss_fetched username=ruinormalhakkar entry_count=25
2026-04-02 20:00:14,158 INFO data_pipeline.collectors.note_com_rss: rss_fetched username=studyhacker entry_count=0
2026-04-02 20:00:16,230 INFO data_pipeline.collectors.note_com_browser: note_com_browser_started
2026-04-02 20:00:16,231 INFO data_pipeline.collectors.note_com_browser: scraping_article url=https://note.com/careercompass_c/n/n7923baad59f6
2026-04-02 20:00:19,546 INFO data_pipeline.collectors.note_com_browser: article_is_paid_skipping url=https://note.com/careercompass_c/n/n7923baad59f6
2026-04-02 20:00:19,546 INFO data_pipeline.collectors.note_com_rss: article_paid_skipped url=https://note.com/careercompass_c/n/n7923baad59f6
2026-04-02 20:00:19,546 INFO data_pipeline.collectors.note_com_browser: scraping_article url=https://note.com/careercompass_c/n/nffb7d6d77172
2026-04-02 20:00:22,091 INFO data_pipeline.collectors.note_com_browser: article_is_paid_skipping url=https://note.com/careercompass_c/n/nffb7d6d77172
2026-04-02 20:00:22,091 INFO data_pipeline.collectors.note_com_rss: article_paid_skipped url=https://note.com/careercompass_c/n/nffb7d6d77172
2026-04-02 20:00:22,091 INFO data_pipeline.collectors.note_com_browser: scraping_article url=https://note.com/careercompass_c/n/n93b8c9c980a2
2026-04-02 20:00:24,760 INFO data_pipeline.collectors.note_com_browser: article_is_paid_skipping url=https://note.com/careercompass_c/n/n93b8c9c980a2
2026-04-02 20:00:24,760 INFO data_pipeline.collectors.note_com_rss: article_paid_skipped url=https://note.com/careercompass_c/n/n93b8c9c980a2
2026-04-02 20:00:24,760 INFO data_pipeline.collectors.note_com_browser: scraping_article url=https://note.com/careercompass_c/n/n041c4cbe5a2a
2026-04-02 20:00:27,472 INFO data_pipeline.collectors.note_com_browser: article_is_paid_skipping url=https://note.com/careercompass_c/n/n041c4cbe5a2a
2026-04-02 20:00:27,494 INFO data_pipeline.collectors.note_com_rss: article_paid_skipped url=https://note.com/careercompass_c/n/n041c4cbe5a2a
2026-04-02 20:00:27,494 INFO data_pipeline.collectors.note_com_browser: scraping_article url=https://note.com/careercompass_c/n/nc3ae1490cf7e
2026-04-02 20:01:00,882 INFO data_pipeline.collectors.note_com_browser: article_scraped url=https://note.com/careercompass_c/n/nc3ae1490cf7e title= body_length=0 hashtag_count=0
2026-04-02 20:01:00,883 WARNING data_pipeline.collectors.note_com_rss: article_empty_body url=https://note.com/careercompass_c/n/nc3ae1490cf7e
2026-04-02 20:01:00,883 INFO data_pipeline.collectors.note_com_browser: scraping_article url=https://note.com/careercompass_c/n/n0be6260735c2
2026-04-02 20:01:03,821 INFO data_pipeline.collectors.note_com_browser: article_scraped url=https://note.com/careercompass_c/n/n0be6260735c2 title=AIエージェント時代に「消える仕事」と「生まれる仕事」｜あなたのキャリアは大丈夫？ body_length=4239 hashtag_count=96
2026-04-02 20:01:03,932 INFO data_pipeline.collectors.note_com_rss: article_saved url=https://note.com/careercompass_c/n/n0be6260735c2 title=AIエージェント時代に「消える仕事」と「生まれる仕事」｜あなたのキャリアは大丈夫？
2026-04-02 20:01:03,932 INFO data_pipeline.collectors.note_com_browser: scraping_article url=https://note.com/careercompass_c/n/n394420f67396
2026-04-02 20:01:06,466 INFO data_pipeline.collectors.note_com_browser: article_is_paid_skipping url=https://note.com/careercompass_c/n/n394420f67396
2026-04-02 20:01:06,466 INFO data_pipeline.collectors.note_com_rss: article_paid_skipped url=https://note.com/careercompass_c/n/n394420f67396
2026-04-02 20:01:06,466 INFO data_pipeline.collectors.note_com_browser: scraping_article url=https://note.com/careercompass_c/n/n3c030becda43
2026-04-02 20:01:14,010 INFO data_pipeline.collectors.note_com_browser: article_is_paid_skipping url=https://note.com/careercompass_c/n/n3c030becda43
2026-04-02 20:01:14,010 INFO data_pipeline.collectors.note_com_rss: article_paid_skipped url=https://note.com/careercompass_c/n/n3c030becda43
2026-04-02 20:01:14,010 INFO data_pipeline.collectors.note_com_browser: scraping_article url=https://note.com/careercompass_c/n/n975c5efac7b6
2026-04-02 20:01:16,820 INFO data_pipeline.collectors.note_com_browser: article_is_paid_skipping url=https://note.com/careercompass_c/n/n975c5efac7b6
2026-04-02 20:01:16,820 INFO data_pipeline.collectors.note_com_rss: article_paid_skipped url=https://note.com/careercompass_c/n/n975c5efac7b6
2026-04-02 20:01:16,820 INFO data_pipeline.collectors.note_com_browser: scraping_article url=https://note.com/careercompass_c/n/nee1f4ef49cdd
2026-04-02 20:01:19,332 INFO data_pipeline.collectors.note_com_browser: article_is_paid_skipping url=https://note.com/careercompass_c/n/nee1f4ef49cdd
2026-04-02 20:01:19,332 INFO data_pipeline.collectors.note_com_rss: article_paid_skipped url=https://note.com/careercompass_c/n/nee1f4ef49cdd
2026-04-02 20:01:19,332 INFO data_pipeline.collectors.note_com_browser: scraping_article url=https://note.com/careercompass_c/n/nedf4e1715f66
2026-04-02 20:01:21,959 INFO data_pipeline.collectors.note_com_browser: article_is_paid_skipping url=https://note.com/careercompass_c/n/nedf4e1715f66
2026-04-02 20:01:21,959 INFO data_pipeline.collectors.note_com_rss: article_paid_skipped url=https://note.com/careercompass_c/n/nedf4e1715f66
2026-04-02 20:01:21,959 INFO data_pipeline.collectors.note_com_browser: scraping_article url=https://note.com/careercompass_c/n/n0209f33f7146
2026-04-02 20:01:24,684 INFO data_pipeline.collectors.note_com_browser: article_is_paid_skipping url=https://note.com/careercompass_c/n/n0209f33f7146
2026-04-02 20:01:24,684 INFO data_pipeline.collectors.note_com_rss: article_paid_skipped url=https://note.com/careercompass_c/n/n0209f33f7146
2026-04-02 20:01:24,684 INFO data_pipeline.collectors.note_com_browser: scraping_article url=https://note.com/careercompass_c/n/nc5bcad9cea40
2026-04-02 20:01:27,356 INFO data_pipeline.collectors.note_com_browser: article_is_paid_skipping url=https://note.com/careercompass_c/n/nc5bcad9cea40
2026-04-02 20:01:27,357 INFO data_pipeline.collectors.note_com_rss: article_paid_skipped url=https://note.com/careercompass_c/n/nc5bcad9cea40
2026-04-02 20:01:27,357 INFO data_pipeline.collectors.note_com_browser: scraping_article url=https://note.com/careercompass_c/n/n27e0b15129fb
2026-04-02 20:01:30,101 INFO data_pipeline.collectors.note_com_browser: article_is_paid_skipping url=https://note.com/careercompass_c/n/n27e0b15129fb
2026-04-02 20:01:30,101 INFO data_pipeline.collectors.note_com_rss: article_paid_skipped url=https://note.com/careercompass_c/n/n27e0b15129fb
2026-04-02 20:01:30,101 INFO data_pipeline.collectors.note_com_browser: scraping_article url=https://note.com/careercompass_c/n/n34f3428bcbdf
2026-04-02 20:01:33,984 INFO data_pipeline.collectors.note_com_browser: article_is_paid_skipping url=https://note.com/careercompass_c/n/n34f3428bcbdf
2026-04-02 20:01:33,985 INFO data_pipeline.collectors.note_com_rss: article_paid_skipped url=https://note.com/careercompass_c/n/n34f3428bcbdf
2026-04-02 20:01:33,985 INFO data_pipeline.collectors.note_com_browser: scraping_article url=https://note.com/careercompass_c/n/n07dfd2fd9c2a
2026-04-02 20:01:39,668 INFO data_pipeline.collectors.note_com_browser: article_is_paid_skipping url=https://note.com/careercompass_c/n/n07dfd2fd9c2a
2026-04-02 20:01:39,668 INFO data_pipeline.collectors.note_com_rss: article_paid_skipped url=https://note.com/careercompass_c/n/n07dfd2fd9c2a
2026-04-02 20:01:39,668 INFO data_pipeline.collectors.note_com_browser: scraping_article url=https://note.com/careercompass_c/n/n46c9b4f5c2aa
2026-04-02 20:01:42,892 INFO data_pipeline.collectors.note_com_browser: article_is_paid_skipping url=https://note.com/careercompass_c/n/n46c9b4f5c2aa
2026-04-02 20:01:42,892 INFO data_pipeline.collectors.note_com_rss: article_paid_skipped url=https://note.com/careercompass_c/n/n46c9b4f5c2aa
2026-04-02 20:01:42,892 INFO data_pipeline.collectors.note_com_browser: scraping_article url=https://note.com/careercompass_c/n/n912e321ecd2a
2026-04-02 20:01:45,987 INFO data_pipeline.collectors.note_com_browser: article_is_paid_skipping url=https://note.com/careercompass_c/n/n912e321ecd2a
2026-04-02 20:01:45,987 INFO data_pipeline.collectors.note_com_rss: article_paid_skipped url=https://note.com/careercompass_c/n/n912e321ecd2a
2026-04-02 20:01:45,987 INFO data_pipeline.collectors.note_com_browser: scraping_article url=https://note.com/careercompass_c/n/n6ded9baafa8c
2026-04-02 20:01:49,319 INFO data_pipeline.collectors.note_com_browser: article_is_paid_skipping url=https://note.com/careercompass_c/n/n6ded9baafa8c
2026-04-02 20:01:49,319 INFO data_pipeline.collectors.note_com_rss: article_paid_skipped url=https://note.com/careercompass_c/n/n6ded9baafa8c
2026-04-02 20:01:49,319 INFO data_pipeline.collectors.note_com_browser: scraping_article url=https://note.com/careercompass_c/n/nf064d5e43abf
2026-04-02 20:01:52,085 INFO data_pipeline.collectors.note_com_browser: article_is_paid_skipping url=https://note.com/careercompass_c/n/nf064d5e43abf
2026-04-02 20:01:52,086 INFO data_pipeline.collectors.note_com_rss: article_paid_skipped url=https://note.com/careercompass_c/n/nf064d5e43abf
2026-04-02 20:01:52,086 INFO data_pipeline.collectors.note_com_browser: scraping_article url=https://note.com/careercompass_c/n/n4745ba5629c2
2026-04-02 20:01:54,979 INFO data_pipeline.collectors.note_com_browser: article_is_paid_skipping url=https://note.com/careercompass_c/n/n4745ba5629c2
2026-04-02 20:01:54,979 INFO data_pipeline.collectors.note_com_rss: article_paid_skipped url=https://note.com/careercompass_c/n/n4745ba5629c2
2026-04-02 20:01:54,979 INFO data_pipeline.collectors.note_com_browser: scraping_article url=https://note.com/careercompass_c/n/n5d2747edbd6a
2026-04-02 20:01:57,541 INFO data_pipeline.collectors.note_com_browser: article_is_paid_skipping url=https://note.com/careercompass_c/n/n5d2747edbd6a
2026-04-02 20:01:57,541 INFO data_pipeline.collectors.note_com_rss: article_paid_skipped url=https://note.com/careercompass_c/n/n5d2747edbd6a
2026-04-02 20:01:57,541 INFO data_pipeline.collectors.note_com_browser: scraping_article url=https://note.com/careercompass_c/n/ned8be6366dd3
2026-04-02 20:02:00,283 INFO data_pipeline.collectors.note_com_browser: article_is_paid_skipping url=https://note.com/careercompass_c/n/ned8be6366dd3
2026-04-02 20:02:00,283 INFO data_pipeline.collectors.note_com_rss: article_paid_skipped url=https://note.com/careercompass_c/n/ned8be6366dd3
2026-04-02 20:02:00,283 INFO data_pipeline.collectors.note_com_browser: scraping_article url=https://note.com/careercompass_c/n/nd7aa3675e8c9
2026-04-02 20:02:03,149 INFO data_pipeline.collectors.note_com_browser: article_is_paid_skipping url=https://note.com/careercompass_c/n/nd7aa3675e8c9
2026-04-02 20:02:03,149 INFO data_pipeline.collectors.note_com_rss: article_paid_skipped url=https://note.com/careercompass_c/n/nd7aa3675e8c9
2026-04-02 20:02:03,149 INFO data_pipeline.collectors.note_com_browser: scraping_article url=https://note.com/hide_taxnote/n/na499553232e5
2026-04-02 20:02:05,954 INFO data_pipeline.collectors.note_com_browser: article_scraped url=https://note.com/hide_taxnote/n/na499553232e5 title=2026年4月2日｜日経平均・東京株式市場・米国株：ポイント解説と明日の展望 body_length=3616 hashtag_count=12
2026-04-02 20:02:06,050 INFO data_pipeline.collectors.note_com_rss: article_saved url=https://note.com/hide_taxnote/n/na499553232e5 title=2026年4月2日｜日経平均・東京株式市場・米国株：ポイント解説と明日の展望
2026-04-02 20:02:06,050 INFO data_pipeline.collectors.note_com_browser: scraping_article url=https://note.com/hide_taxnote/n/n4febc9851567
2026-04-02 20:02:08,763 INFO data_pipeline.collectors.note_com_browser: article_scraped url=https://note.com/hide_taxnote/n/n4febc9851567 title=共同口座を持つ夫婦の方がお金が貯まりやすい？貯蓄額・投資額に差が出る理由を考える body_length=2567 hashtag_count=8
2026-04-02 20:02:08,831 INFO data_pipeline.collectors.note_com_rss: article_saved url=https://note.com/hide_taxnote/n/n4febc9851567 title=共同口座を持つ夫婦の方がお金が貯まりやすい？貯蓄額・投資額に差が出る理由を考える
2026-04-02 20:02:08,831 INFO data_pipeline.collectors.note_com_browser: scraping_article url=https://note.com/hide_taxnote/n/n8e5658fec2a2
2026-04-02 20:02:12,159 INFO data_pipeline.collectors.note_com_browser: article_is_paid_skipping url=https://note.com/hide_taxnote/n/n8e5658fec2a2
2026-04-02 20:02:12,159 INFO data_pipeline.collectors.note_com_rss: article_paid_skipped url=https://note.com/hide_taxnote/n/n8e5658fec2a2
2026-04-02 20:02:12,242 INFO data_pipeline.collectors.note_com_rss: config_updated updated_count=11 timestamp=2026-04-02T11:02:12.241905+00:00
2026-04-02 20:02:12,242 INFO data_pipeline.collectors.note_com_rss: rss_monitor_completed creators_checked=11 new_articles_found=27 articles_saved=3 articles_skipped_paid=23 articles_skipped_duplicate=0 error_count=1
2026-04-03 08:00:05,627 INFO data_pipeline.collectors.note_com_rss: rss_monitor_starting creator_count=11
2026-04-03 08:00:05,905 INFO data_pipeline.collectors.note_com_rss: rss_fetched username=fukuoka1116 entry_count=25
2026-04-03 08:00:06,679 INFO data_pipeline.collectors.note_com_rss: rss_fetched username=sota_career entry_count=25
2026-04-03 08:00:07,466 INFO data_pipeline.collectors.note_com_rss: rss_fetched username=kei_10m_asset entry_count=23
2026-04-03 08:00:07,995 INFO data_pipeline.collectors.note_com_rss: rss_fetched username=careercompass_c entry_count=25
2026-04-03 08:00:08,586 INFO data_pipeline.collectors.note_com_rss: new_entries_found username=careercompass_c new_count=23
2026-04-03 08:00:08,822 INFO data_pipeline.collectors.note_com_rss: rss_fetched username=dandism56 entry_count=25
2026-04-03 08:00:09,209 INFO data_pipeline.collectors.note_com_rss: new_entries_found username=dandism56 new_count=1
2026-04-03 08:00:09,478 INFO data_pipeline.collectors.note_com_rss: rss_fetched username=miraicareer_blog entry_count=25
2026-04-03 08:00:10,099 INFO data_pipeline.collectors.note_com_rss: rss_fetched username=glad_auklet4142 entry_count=25
2026-04-03 08:00:10,530 INFO data_pipeline.collectors.note_com_rss: new_entries_found username=glad_auklet4142 new_count=1
2026-04-03 08:00:10,731 INFO data_pipeline.collectors.note_com_rss: rss_fetched username=hide_taxnote entry_count=25
2026-04-03 08:00:11,168 INFO data_pipeline.collectors.note_com_rss: new_entries_found username=hide_taxnote new_count=1
2026-04-03 08:00:11,559 INFO data_pipeline.collectors.note_com_rss: rss_fetched username=mindset_official entry_count=25
2026-04-03 08:00:12,090 INFO data_pipeline.collectors.note_com_rss: rss_fetched username=ruinormalhakkar entry_count=25
2026-04-03 08:00:12,704 INFO data_pipeline.collectors.note_com_rss: rss_fetched username=studyhacker entry_count=0
2026-04-03 08:00:18,570 INFO data_pipeline.collectors.note_com_browser: note_com_browser_started
2026-04-03 08:00:18,570 INFO data_pipeline.collectors.note_com_browser: scraping_article url=https://note.com/careercompass_c/n/n7923baad59f6
2026-04-03 08:00:22,253 INFO data_pipeline.collectors.note_com_browser: article_is_paid_skipping url=https://note.com/careercompass_c/n/n7923baad59f6
2026-04-03 08:00:22,253 INFO data_pipeline.collectors.note_com_rss: article_paid_skipped url=https://note.com/careercompass_c/n/n7923baad59f6
2026-04-03 08:00:22,253 INFO data_pipeline.collectors.note_com_browser: scraping_article url=https://note.com/careercompass_c/n/nffb7d6d77172
2026-04-03 08:00:24,820 INFO data_pipeline.collectors.note_com_browser: article_is_paid_skipping url=https://note.com/careercompass_c/n/nffb7d6d77172
2026-04-03 08:00:24,821 INFO data_pipeline.collectors.note_com_rss: article_paid_skipped url=https://note.com/careercompass_c/n/nffb7d6d77172
2026-04-03 08:00:24,821 INFO data_pipeline.collectors.note_com_browser: scraping_article url=https://note.com/careercompass_c/n/n93b8c9c980a2
2026-04-03 08:00:27,515 INFO data_pipeline.collectors.note_com_browser: article_is_paid_skipping url=https://note.com/careercompass_c/n/n93b8c9c980a2
2026-04-03 08:00:27,536 INFO data_pipeline.collectors.note_com_rss: article_paid_skipped url=https://note.com/careercompass_c/n/n93b8c9c980a2
2026-04-03 08:00:27,536 INFO data_pipeline.collectors.note_com_browser: scraping_article url=https://note.com/careercompass_c/n/n041c4cbe5a2a
2026-04-03 08:00:30,104 INFO data_pipeline.collectors.note_com_browser: article_is_paid_skipping url=https://note.com/careercompass_c/n/n041c4cbe5a2a
2026-04-03 08:00:30,105 INFO data_pipeline.collectors.note_com_rss: article_paid_skipped url=https://note.com/careercompass_c/n/n041c4cbe5a2a
2026-04-03 08:00:30,105 INFO data_pipeline.collectors.note_com_browser: scraping_article url=https://note.com/careercompass_c/n/nc3ae1490cf7e
2026-04-03 08:00:32,803 INFO data_pipeline.collectors.note_com_browser: article_is_paid_skipping url=https://note.com/careercompass_c/n/nc3ae1490cf7e
2026-04-03 08:00:32,803 INFO data_pipeline.collectors.note_com_rss: article_paid_skipped url=https://note.com/careercompass_c/n/nc3ae1490cf7e
2026-04-03 08:00:32,803 INFO data_pipeline.collectors.note_com_browser: scraping_article url=https://note.com/careercompass_c/n/n394420f67396
2026-04-03 08:00:35,225 INFO data_pipeline.collectors.note_com_browser: article_is_paid_skipping url=https://note.com/careercompass_c/n/n394420f67396
2026-04-03 08:00:35,225 INFO data_pipeline.collectors.note_com_rss: article_paid_skipped url=https://note.com/careercompass_c/n/n394420f67396
2026-04-03 08:00:35,225 INFO data_pipeline.collectors.note_com_browser: scraping_article url=https://note.com/careercompass_c/n/n3c030becda43
2026-04-03 08:00:38,195 INFO data_pipeline.collectors.note_com_browser: article_is_paid_skipping url=https://note.com/careercompass_c/n/n3c030becda43
2026-04-03 08:00:38,195 INFO data_pipeline.collectors.note_com_rss: article_paid_skipped url=https://note.com/careercompass_c/n/n3c030becda43
2026-04-03 08:00:38,196 INFO data_pipeline.collectors.note_com_browser: scraping_article url=https://note.com/careercompass_c/n/n975c5efac7b6
2026-04-03 08:00:40,806 INFO data_pipeline.collectors.note_com_browser: article_is_paid_skipping url=https://note.com/careercompass_c/n/n975c5efac7b6
2026-04-03 08:00:40,807 INFO data_pipeline.collectors.note_com_rss: article_paid_skipped url=https://note.com/careercompass_c/n/n975c5efac7b6
2026-04-03 08:00:40,807 INFO data_pipeline.collectors.note_com_browser: scraping_article url=https://note.com/careercompass_c/n/nee1f4ef49cdd
2026-04-03 08:00:43,559 INFO data_pipeline.collectors.note_com_browser: article_is_paid_skipping url=https://note.com/careercompass_c/n/nee1f4ef49cdd
2026-04-03 08:00:43,559 INFO data_pipeline.collectors.note_com_rss: article_paid_skipped url=https://note.com/careercompass_c/n/nee1f4ef49cdd
2026-04-03 08:00:43,559 INFO data_pipeline.collectors.note_com_browser: scraping_article url=https://note.com/careercompass_c/n/nedf4e1715f66
2026-04-03 08:00:46,358 INFO data_pipeline.collectors.note_com_browser: article_is_paid_skipping url=https://note.com/careercompass_c/n/nedf4e1715f66
2026-04-03 08:00:46,358 INFO data_pipeline.collectors.note_com_rss: article_paid_skipped url=https://note.com/careercompass_c/n/nedf4e1715f66
2026-04-03 08:00:46,358 INFO data_pipeline.collectors.note_com_browser: scraping_article url=https://note.com/careercompass_c/n/n0209f33f7146
2026-04-03 08:00:48,911 INFO data_pipeline.collectors.note_com_browser: article_is_paid_skipping url=https://note.com/careercompass_c/n/n0209f33f7146
2026-04-03 08:00:48,911 INFO data_pipeline.collectors.note_com_rss: article_paid_skipped url=https://note.com/careercompass_c/n/n0209f33f7146
2026-04-03 08:00:48,911 INFO data_pipeline.collectors.note_com_browser: scraping_article url=https://note.com/careercompass_c/n/nc5bcad9cea40
2026-04-03 08:00:51,631 INFO data_pipeline.collectors.note_com_browser: article_is_paid_skipping url=https://note.com/careercompass_c/n/nc5bcad9cea40
2026-04-03 08:00:51,631 INFO data_pipeline.collectors.note_com_rss: article_paid_skipped url=https://note.com/careercompass_c/n/nc5bcad9cea40
2026-04-03 08:00:51,631 INFO data_pipeline.collectors.note_com_browser: scraping_article url=https://note.com/careercompass_c/n/n27e0b15129fb
2026-04-03 08:00:54,623 INFO data_pipeline.collectors.note_com_browser: article_is_paid_skipping url=https://note.com/careercompass_c/n/n27e0b15129fb
2026-04-03 08:00:54,623 INFO data_pipeline.collectors.note_com_rss: article_paid_skipped url=https://note.com/careercompass_c/n/n27e0b15129fb
2026-04-03 08:00:54,623 INFO data_pipeline.collectors.note_com_browser: scraping_article url=https://note.com/careercompass_c/n/n34f3428bcbdf
2026-04-03 08:00:57,359 INFO data_pipeline.collectors.note_com_browser: article_is_paid_skipping url=https://note.com/careercompass_c/n/n34f3428bcbdf
2026-04-03 08:00:57,360 INFO data_pipeline.collectors.note_com_rss: article_paid_skipped url=https://note.com/careercompass_c/n/n34f3428bcbdf
2026-04-03 08:00:57,360 INFO data_pipeline.collectors.note_com_browser: scraping_article url=https://note.com/careercompass_c/n/n07dfd2fd9c2a
2026-04-03 08:01:00,184 INFO data_pipeline.collectors.note_com_browser: article_is_paid_skipping url=https://note.com/careercompass_c/n/n07dfd2fd9c2a
2026-04-03 08:01:00,184 INFO data_pipeline.collectors.note_com_rss: article_paid_skipped url=https://note.com/careercompass_c/n/n07dfd2fd9c2a
2026-04-03 08:01:00,184 INFO data_pipeline.collectors.note_com_browser: scraping_article url=https://note.com/careercompass_c/n/n46c9b4f5c2aa
2026-04-03 08:01:03,148 INFO data_pipeline.collectors.note_com_browser: article_is_paid_skipping url=https://note.com/careercompass_c/n/n46c9b4f5c2aa
2026-04-03 08:01:03,148 INFO data_pipeline.collectors.note_com_rss: article_paid_skipped url=https://note.com/careercompass_c/n/n46c9b4f5c2aa
2026-04-03 08:01:03,148 INFO data_pipeline.collectors.note_com_browser: scraping_article url=https://note.com/careercompass_c/n/n912e321ecd2a
2026-04-03 08:01:05,966 INFO data_pipeline.collectors.note_com_browser: article_is_paid_skipping url=https://note.com/careercompass_c/n/n912e321ecd2a
2026-04-03 08:01:05,967 INFO data_pipeline.collectors.note_com_rss: article_paid_skipped url=https://note.com/careercompass_c/n/n912e321ecd2a
2026-04-03 08:01:05,967 INFO data_pipeline.collectors.note_com_browser: scraping_article url=https://note.com/careercompass_c/n/n6ded9baafa8c
2026-04-03 08:01:08,689 INFO data_pipeline.collectors.note_com_browser: article_is_paid_skipping url=https://note.com/careercompass_c/n/n6ded9baafa8c
2026-04-03 08:01:08,689 INFO data_pipeline.collectors.note_com_rss: article_paid_skipped url=https://note.com/careercompass_c/n/n6ded9baafa8c
2026-04-03 08:01:08,689 INFO data_pipeline.collectors.note_com_browser: scraping_article url=https://note.com/careercompass_c/n/nf064d5e43abf
2026-04-03 08:01:11,560 INFO data_pipeline.collectors.note_com_browser: article_is_paid_skipping url=https://note.com/careercompass_c/n/nf064d5e43abf
2026-04-03 08:01:11,560 INFO data_pipeline.collectors.note_com_rss: article_paid_skipped url=https://note.com/careercompass_c/n/nf064d5e43abf
2026-04-03 08:01:11,560 INFO data_pipeline.collectors.note_com_browser: scraping_article url=https://note.com/careercompass_c/n/n4745ba5629c2
2026-04-03 08:01:14,377 INFO data_pipeline.collectors.note_com_browser: article_is_paid_skipping url=https://note.com/careercompass_c/n/n4745ba5629c2
2026-04-03 08:01:14,377 INFO data_pipeline.collectors.note_com_rss: article_paid_skipped url=https://note.com/careercompass_c/n/n4745ba5629c2
2026-04-03 08:01:14,377 INFO data_pipeline.collectors.note_com_browser: scraping_article url=https://note.com/careercompass_c/n/n5d2747edbd6a
2026-04-03 08:01:17,243 INFO data_pipeline.collectors.note_com_browser: article_is_paid_skipping url=https://note.com/careercompass_c/n/n5d2747edbd6a
2026-04-03 08:01:17,243 INFO data_pipeline.collectors.note_com_rss: article_paid_skipped url=https://note.com/careercompass_c/n/n5d2747edbd6a
2026-04-03 08:01:17,243 INFO data_pipeline.collectors.note_com_browser: scraping_article url=https://note.com/careercompass_c/n/ned8be6366dd3
2026-04-03 08:01:20,139 INFO data_pipeline.collectors.note_com_browser: article_is_paid_skipping url=https://note.com/careercompass_c/n/ned8be6366dd3
2026-04-03 08:01:20,139 INFO data_pipeline.collectors.note_com_rss: article_paid_skipped url=https://note.com/careercompass_c/n/ned8be6366dd3
2026-04-03 08:01:20,139 INFO data_pipeline.collectors.note_com_browser: scraping_article url=https://note.com/careercompass_c/n/nd7aa3675e8c9
2026-04-03 08:01:23,048 INFO data_pipeline.collectors.note_com_browser: article_is_paid_skipping url=https://note.com/careercompass_c/n/nd7aa3675e8c9
2026-04-03 08:01:23,048 INFO data_pipeline.collectors.note_com_rss: article_paid_skipped url=https://note.com/careercompass_c/n/nd7aa3675e8c9
2026-04-03 08:01:23,048 INFO data_pipeline.collectors.note_com_browser: scraping_article url=https://note.com/dandism56/n/nf6de14cde621
2026-04-03 08:01:26,147 INFO data_pipeline.collectors.note_com_browser: article_scraped url=https://note.com/dandism56/n/nf6de14cde621 title=30代のキャリアは「強みを増やす」より「接続を増やす」 body_length=3110 hashtag_count=42
2026-04-03 08:01:26,278 INFO data_pipeline.collectors.note_com_rss: article_saved url=https://note.com/dandism56/n/nf6de14cde621 title=30代のキャリアは「強みを増やす」より「接続を増やす」
2026-04-03 08:01:26,278 INFO data_pipeline.collectors.note_com_browser: scraping_article url=https://note.com/glad_auklet4142/n/ncae1ea16072d
2026-04-03 08:01:29,622 INFO data_pipeline.collectors.note_com_browser: article_scraped url=https://note.com/glad_auklet4142/n/ncae1ea16072d title=【 AIさんの業務日報（2026/4/1）】AIさんのミッドナイトステーション #1｜50兆円が消えた夜「……好きです、言いませんけど」 #自己紹介 #生成AI #ChatGPT #Gemini #Claude #AI活用 #私の仕事 #毎日更新 #はじめまして body_length=11055 hashtag_count=95
2026-04-03 08:01:29,737 INFO data_pipeline.collectors.note_com_rss: article_saved url=https://note.com/glad_auklet4142/n/ncae1ea16072d title=【 AIさんの業務日報（2026/4/1）】AIさんのミッドナイトステーション #1｜50兆円が消えた夜「……好きです、言いませんけど」 #自己紹介 #生成AI #ChatGPT #Gemini #Claude #AI活用 #私の仕事 #毎日更新 #はじめまして
2026-04-03 08:01:29,737 INFO data_pipeline.collectors.note_com_browser: scraping_article url=https://note.com/hide_taxnote/n/n8e5658fec2a2
2026-04-03 08:01:32,739 INFO data_pipeline.collectors.note_com_browser: article_is_paid_skipping url=https://note.com/hide_taxnote/n/n8e5658fec2a2
2026-04-03 08:01:32,739 INFO data_pipeline.collectors.note_com_rss: article_paid_skipped url=https://note.com/hide_taxnote/n/n8e5658fec2a2
2026-04-03 08:01:32,825 INFO data_pipeline.collectors.note_com_rss: config_updated updated_count=11 timestamp=2026-04-02T23:01:32.824916+00:00
2026-04-03 08:01:32,825 INFO data_pipeline.collectors.note_com_rss: rss_monitor_completed creators_checked=11 new_articles_found=26 articles_saved=2 articles_skipped_paid=24 articles_skipped_duplicate=0 error_count=0
2026-04-03 20:00:06,345 INFO data_pipeline.collectors.note_com_rss: rss_monitor_starting creator_count=11
2026-04-03 20:00:06,525 INFO data_pipeline.collectors.note_com_rss: rss_fetched username=fukuoka1116 entry_count=25
2026-04-03 20:00:07,394 INFO data_pipeline.collectors.note_com_rss: rss_fetched username=sota_career entry_count=25
2026-04-03 20:00:08,148 INFO data_pipeline.collectors.note_com_rss: rss_fetched username=kei_10m_asset entry_count=23
2026-04-03 20:00:08,773 INFO data_pipeline.collectors.note_com_rss: rss_fetched username=careercompass_c entry_count=25
2026-04-03 20:00:09,539 INFO data_pipeline.collectors.note_com_rss: new_entries_found username=careercompass_c new_count=24
2026-04-03 20:00:09,781 INFO data_pipeline.collectors.note_com_rss: rss_fetched username=dandism56 entry_count=25
2026-04-03 20:00:10,733 INFO data_pipeline.collectors.note_com_rss: rss_fetched username=miraicareer_blog entry_count=25
2026-04-03 20:00:11,550 INFO data_pipeline.collectors.note_com_rss: rss_fetched username=glad_auklet4142 entry_count=25
2026-04-03 20:00:12,542 INFO data_pipeline.collectors.note_com_rss: new_entries_found username=glad_auklet4142 new_count=1
2026-04-03 20:00:12,754 INFO data_pipeline.collectors.note_com_rss: rss_fetched username=hide_taxnote entry_count=25
2026-04-03 20:00:13,684 INFO data_pipeline.collectors.note_com_rss: new_entries_found username=hide_taxnote new_count=3
2026-04-03 20:00:14,030 INFO data_pipeline.collectors.note_com_rss: rss_fetched username=mindset_official entry_count=25
2026-04-03 20:00:14,676 INFO data_pipeline.collectors.note_com_rss: rss_fetched username=ruinormalhakkar entry_count=25
2026-04-03 20:00:15,237 INFO data_pipeline.collectors.note_com_rss: rss_fetched username=studyhacker entry_count=0
Traceback (most recent call last):
  File "<frozen runpy>", line 198, in _run_module_as_main
  File "<frozen runpy>", line 88, in _run_code
  File "/Users/yuki/Desktop/note-finance/src/data_pipeline/__main__.py", line 536, in <module>
  File "/Users/yuki/Desktop/note-finance/src/data_pipeline/__main__.py", line 529, in main
  File "/Users/yuki/Desktop/note-finance/src/data_pipeline/__main__.py", line 132, in _cmd_note_com
  File "/Users/yuki/Desktop/note-finance/src/data_pipeline/__main__.py", line 234, in _note_com_monitor
  File "/Users/yuki/Desktop/note-finance/src/data_pipeline/collectors/note_com_rss.py", line 152, in monitor
    return asyncio.run(self._monitor_async())
           ~~~~~~~~~~~^^^^^^^^^^^^^^^^^^^^^^^
  File "/Users/yuki/.local/share/uv/python/cpython-3.14.2-macos-aarch64-none/lib/python3.14/asyncio/runners.py", line 204, in run
    return runner.run(main)
           ~~~~~~~~~~^^^^^^
  File "/Users/yuki/.local/share/uv/python/cpython-3.14.2-macos-aarch64-none/lib/python3.14/asyncio/runners.py", line 127, in run
    return self._loop.run_until_complete(task)
           ~~~~~~~~~~~~~~~~~~~~~~~~~~~~~^^^^^^
  File "/Users/yuki/.local/share/uv/python/cpython-3.14.2-macos-aarch64-none/lib/python3.14/asyncio/base_events.py", line 719, in run_until_complete
    return future.result()
           ~~~~~~~~~~~~~^^
  File "/Users/yuki/Desktop/note-finance/src/data_pipeline/collectors/note_com_rss.py", line 209, in _monitor_async
    async with NoteComBrowser(
               ~~~~~~~~~~~~~~^
        headless=self._headless,
        ^^^^^^^^^^^^^^^^^^^^^^^^
        request_delay=self._request_delay,
        ^^^^^^^^^^^^^^^^^^^^^^^^^^^^^^^^^^
    ) as browser:
    ^
  File "/Users/yuki/Desktop/note-finance/src/data_pipeline/collectors/note_com_browser.py", line 195, in __aenter__
    self._page = await browser.new_page()
                 ^^^^^^^^^^^^^^^^^^^^^^^^
  File "/Users/yuki/Desktop/note-finance/.venv/lib/python3.14/site-packages/playwright/async_api/_generated.py", line 14261, in new_page
    await self._impl_obj.new_page(
    ...<36 lines>...
    )
  File "/Users/yuki/Desktop/note-finance/.venv/lib/python3.14/site-packages/playwright/_impl/_browser.py", line 230, in new_page
  File "/Users/yuki/Desktop/note-finance/.venv/lib/python3.14/site-packages/playwright/_impl/_connection.py", line 552, in wrap_api_call
    ) or inspect.stack(0)
         ~~~~~~~~~~~~~^^^
  File "/Users/yuki/.local/share/uv/python/cpython-3.14.2-macos-aarch64-none/lib/python3.14/inspect.py", line 1660, in stack
    return getouterframes(sys._getframe(1), context)
  File "/Users/yuki/.local/share/uv/python/cpython-3.14.2-macos-aarch64-none/lib/python3.14/inspect.py", line 1635, in getouterframes
    traceback_info = getframeinfo(frame, context)
  File "/Users/yuki/.local/share/uv/python/cpython-3.14.2-macos-aarch64-none/lib/python3.14/inspect.py", line 1593, in getframeinfo
    filename = getsourcefile(frame) or getfile(frame)
               ~~~~~~~~~~~~~^^^^^^^
  File "/Users/yuki/.local/share/uv/python/cpython-3.14.2-macos-aarch64-none/lib/python3.14/inspect.py", line 879, in getsourcefile
    module = getmodule(object, filename)
  File "/Users/yuki/.local/share/uv/python/cpython-3.14.2-macos-aarch64-none/lib/python3.14/inspect.py", line 909, in getmodule
    file = getabsfile(object, _filename)
  File "/Users/yuki/.local/share/uv/python/cpython-3.14.2-macos-aarch64-none/lib/python3.14/inspect.py", line 892, in getabsfile
    return os.path.normcase(os.path.abspath(_filename))
                            ~~~~~~~~~~~~~~~^^^^^^^^^^^
  File "<frozen posixpath>", line 381, in abspath
PermissionError: [Errno 1] Operation not permitted
2026-04-04 08:00:05,363 INFO data_pipeline.collectors.note_com_rss: rss_monitor_starting creator_count=11
2026-04-04 08:00:05,652 INFO data_pipeline.collectors.note_com_rss: rss_fetched username=fukuoka1116 entry_count=25
2026-04-04 08:00:06,229 INFO data_pipeline.collectors.note_com_rss: new_entries_found username=fukuoka1116 new_count=1
2026-04-04 08:00:06,529 INFO data_pipeline.collectors.note_com_rss: rss_fetched username=sota_career entry_count=25
2026-04-04 08:00:07,273 INFO data_pipeline.collectors.note_com_rss: rss_fetched username=kei_10m_asset entry_count=23
2026-04-04 08:00:07,898 INFO data_pipeline.collectors.note_com_rss: rss_fetched username=careercompass_c entry_count=25
2026-04-04 08:00:08,212 INFO data_pipeline.collectors.note_com_rss: new_entries_found username=careercompass_c new_count=24
2026-04-04 08:00:08,444 INFO data_pipeline.collectors.note_com_rss: rss_fetched username=dandism56 entry_count=25
2026-04-04 08:00:09,060 INFO data_pipeline.collectors.note_com_rss: new_entries_found username=dandism56 new_count=1
2026-04-04 08:00:09,283 INFO data_pipeline.collectors.note_com_rss: rss_fetched username=miraicareer_blog entry_count=25
2026-04-04 08:00:10,263 INFO data_pipeline.collectors.note_com_rss: rss_fetched username=glad_auklet4142 entry_count=25
2026-04-04 08:00:11,247 INFO data_pipeline.collectors.note_com_rss: new_entries_found username=glad_auklet4142 new_count=4
2026-04-04 08:00:11,469 INFO data_pipeline.collectors.note_com_rss: rss_fetched username=hide_taxnote entry_count=25
2026-04-04 08:00:12,070 INFO data_pipeline.collectors.note_com_rss: new_entries_found username=hide_taxnote new_count=3
2026-04-04 08:00:12,430 INFO data_pipeline.collectors.note_com_rss: rss_fetched username=mindset_official entry_count=25
2026-04-04 08:00:13,520 INFO data_pipeline.collectors.note_com_rss: rss_fetched username=ruinormalhakkar entry_count=25
2026-04-04 08:00:14,461 INFO data_pipeline.collectors.note_com_rss: rss_fetched username=studyhacker entry_count=0
2026-04-04 08:00:16,342 INFO data_pipeline.collectors.note_com_browser: note_com_browser_started
2026-04-04 08:00:16,343 INFO data_pipeline.collectors.note_com_browser: scraping_article url=https://note.com/fukuoka1116/n/n87033f81e616
2026-04-04 08:00:19,373 INFO data_pipeline.collectors.note_com_browser: article_scraped url=https://note.com/fukuoka1116/n/n87033f81e616 title=職場の目上の人からの「助言」にうんざりしている方へ　仕事｜会社員｜転職｜副業｜キャリア｜エッセイ｜30代｜営業｜悩み body_length=1223 hashtag_count=10
2026-04-04 08:00:19,512 INFO data_pipeline.collectors.note_com_rss: article_saved url=https://note.com/fukuoka1116/n/n87033f81e616 title=職場の目上の人からの「助言」にうんざりしている方へ　仕事｜会社員｜転職｜副業｜キャリア｜エッセイ｜30代｜営業｜悩み
2026-04-04 08:00:19,512 INFO data_pipeline.collectors.note_com_browser: scraping_article url=https://note.com/careercompass_c/n/nba28a9d16e92
2026-04-04 08:00:22,359 INFO data_pipeline.collectors.note_com_browser: article_is_paid_skipping url=https://note.com/careercompass_c/n/nba28a9d16e92
2026-04-04 08:00:22,360 INFO data_pipeline.collectors.note_com_rss: article_paid_skipped url=https://note.com/careercompass_c/n/nba28a9d16e92
2026-04-04 08:00:22,360 INFO data_pipeline.collectors.note_com_browser: scraping_article url=https://note.com/careercompass_c/n/n6d4f0b480e07
2026-04-04 08:00:25,127 INFO data_pipeline.collectors.note_com_browser: article_is_paid_skipping url=https://note.com/careercompass_c/n/n6d4f0b480e07
2026-04-04 08:00:25,128 INFO data_pipeline.collectors.note_com_rss: article_paid_skipped url=https://note.com/careercompass_c/n/n6d4f0b480e07
2026-04-04 08:00:25,128 INFO data_pipeline.collectors.note_com_browser: scraping_article url=https://note.com/careercompass_c/n/n445614f4ccd0
2026-04-04 08:00:27,914 INFO data_pipeline.collectors.note_com_browser: article_is_paid_skipping url=https://note.com/careercompass_c/n/n445614f4ccd0
2026-04-04 08:00:27,914 INFO data_pipeline.collectors.note_com_rss: article_paid_skipped url=https://note.com/careercompass_c/n/n445614f4ccd0
2026-04-04 08:00:27,914 INFO data_pipeline.collectors.note_com_browser: scraping_article url=https://note.com/careercompass_c/n/n731f33a4b0fa
2026-04-04 08:00:30,588 INFO data_pipeline.collectors.note_com_browser: article_is_paid_skipping url=https://note.com/careercompass_c/n/n731f33a4b0fa
2026-04-04 08:00:30,588 INFO data_pipeline.collectors.note_com_rss: article_paid_skipped url=https://note.com/careercompass_c/n/n731f33a4b0fa
2026-04-04 08:00:30,588 INFO data_pipeline.collectors.note_com_browser: scraping_article url=https://note.com/careercompass_c/n/n12f8c7f7e2c8
2026-04-04 08:00:33,246 INFO data_pipeline.collectors.note_com_browser: article_is_paid_skipping url=https://note.com/careercompass_c/n/n12f8c7f7e2c8
2026-04-04 08:00:33,248 INFO data_pipeline.collectors.note_com_rss: article_paid_skipped url=https://note.com/careercompass_c/n/n12f8c7f7e2c8
2026-04-04 08:00:33,248 INFO data_pipeline.collectors.note_com_browser: scraping_article url=https://note.com/careercompass_c/n/n21c4a15a6cd5
2026-04-04 08:00:36,094 INFO data_pipeline.collectors.note_com_browser: article_is_paid_skipping url=https://note.com/careercompass_c/n/n21c4a15a6cd5
2026-04-04 08:00:36,094 INFO data_pipeline.collectors.note_com_rss: article_paid_skipped url=https://note.com/careercompass_c/n/n21c4a15a6cd5
2026-04-04 08:00:36,094 INFO data_pipeline.collectors.note_com_browser: scraping_article url=https://note.com/careercompass_c/n/ne842478cbe5b
2026-04-04 08:00:39,137 INFO data_pipeline.collectors.note_com_browser: article_scraped url=https://note.com/careercompass_c/n/ne842478cbe5b title=ホルムズ海峡危機で海運業界の採用はどう変わる？「有事の今」こそ転職のチャンスかもしれない理由 body_length=4272 hashtag_count=96
2026-04-04 08:00:39,290 INFO data_pipeline.collectors.note_com_rss: article_saved url=https://note.com/careercompass_c/n/ne842478cbe5b title=ホルムズ海峡危機で海運業界の採用はどう変わる？「有事の今」こそ転職のチャンスかもしれない理由
2026-04-04 08:00:39,290 INFO data_pipeline.collectors.note_com_browser: scraping_article url=https://note.com/careercompass_c/n/n05d888c35530
2026-04-04 08:00:41,917 INFO data_pipeline.collectors.note_com_browser: article_is_paid_skipping url=https://note.com/careercompass_c/n/n05d888c35530
2026-04-04 08:00:41,917 INFO data_pipeline.collectors.note_com_rss: article_paid_skipped url=https://note.com/careercompass_c/n/n05d888c35530
2026-04-04 08:00:41,917 INFO data_pipeline.collectors.note_com_browser: scraping_article url=https://note.com/careercompass_c/n/na6736c76843d
2026-04-04 08:00:44,637 INFO data_pipeline.collectors.note_com_browser: article_is_paid_skipping url=https://note.com/careercompass_c/n/na6736c76843d
2026-04-04 08:00:44,638 INFO data_pipeline.collectors.note_com_rss: article_paid_skipped url=https://note.com/careercompass_c/n/na6736c76843d
2026-04-04 08:00:44,638 INFO data_pipeline.collectors.note_com_browser: scraping_article url=https://note.com/careercompass_c/n/ncba40e3d9a53
2026-04-04 08:00:47,070 INFO data_pipeline.collectors.note_com_browser: article_is_paid_skipping url=https://note.com/careercompass_c/n/ncba40e3d9a53
2026-04-04 08:00:47,071 INFO data_pipeline.collectors.note_com_rss: article_paid_skipped url=https://note.com/careercompass_c/n/ncba40e3d9a53
2026-04-04 08:00:47,071 INFO data_pipeline.collectors.note_com_browser: scraping_article url=https://note.com/careercompass_c/n/ne4c02d6fdfa2
2026-04-04 08:00:49,893 INFO data_pipeline.collectors.note_com_browser: article_is_paid_skipping url=https://note.com/careercompass_c/n/ne4c02d6fdfa2
2026-04-04 08:00:49,894 INFO data_pipeline.collectors.note_com_rss: article_paid_skipped url=https://note.com/careercompass_c/n/ne4c02d6fdfa2
2026-04-04 08:00:49,894 INFO data_pipeline.collectors.note_com_browser: scraping_article url=https://note.com/careercompass_c/n/n73ec9b0667a2
2026-04-04 08:00:52,780 INFO data_pipeline.collectors.note_com_browser: article_is_paid_skipping url=https://note.com/careercompass_c/n/n73ec9b0667a2
2026-04-04 08:00:52,780 INFO data_pipeline.collectors.note_com_rss: article_paid_skipped url=https://note.com/careercompass_c/n/n73ec9b0667a2
2026-04-04 08:00:52,780 INFO data_pipeline.collectors.note_com_browser: scraping_article url=https://note.com/careercompass_c/n/n30415fb173e7
2026-04-04 08:00:55,292 INFO data_pipeline.collectors.note_com_browser: article_is_paid_skipping url=https://note.com/careercompass_c/n/n30415fb173e7
2026-04-04 08:00:55,292 INFO data_pipeline.collectors.note_com_rss: article_paid_skipped url=https://note.com/careercompass_c/n/n30415fb173e7
2026-04-04 08:00:55,292 INFO data_pipeline.collectors.note_com_browser: scraping_article url=https://note.com/careercompass_c/n/na3e2d68eedb4
2026-04-04 08:00:58,199 INFO data_pipeline.collectors.note_com_browser: article_is_paid_skipping url=https://note.com/careercompass_c/n/na3e2d68eedb4
2026-04-04 08:00:58,199 INFO data_pipeline.collectors.note_com_rss: article_paid_skipped url=https://note.com/careercompass_c/n/na3e2d68eedb4
2026-04-04 08:00:58,199 INFO data_pipeline.collectors.note_com_browser: scraping_article url=https://note.com/careercompass_c/n/n81906c2d0345
2026-04-04 08:01:00,827 INFO data_pipeline.collectors.note_com_browser: article_is_paid_skipping url=https://note.com/careercompass_c/n/n81906c2d0345
2026-04-04 08:01:00,828 INFO data_pipeline.collectors.note_com_rss: article_paid_skipped url=https://note.com/careercompass_c/n/n81906c2d0345
2026-04-04 08:01:00,828 INFO data_pipeline.collectors.note_com_browser: scraping_article url=https://note.com/careercompass_c/n/n4fc16a5d8eeb
2026-04-04 08:01:03,720 INFO data_pipeline.collectors.note_com_browser: article_is_paid_skipping url=https://note.com/careercompass_c/n/n4fc16a5d8eeb
2026-04-04 08:01:03,720 INFO data_pipeline.collectors.note_com_rss: article_paid_skipped url=https://note.com/careercompass_c/n/n4fc16a5d8eeb
2026-04-04 08:01:03,720 INFO data_pipeline.collectors.note_com_browser: scraping_article url=https://note.com/careercompass_c/n/n9fc19cf8ea9e
2026-04-04 08:01:06,446 INFO data_pipeline.collectors.note_com_browser: article_is_paid_skipping url=https://note.com/careercompass_c/n/n9fc19cf8ea9e
2026-04-04 08:01:06,446 INFO data_pipeline.collectors.note_com_rss: article_paid_skipped url=https://note.com/careercompass_c/n/n9fc19cf8ea9e
2026-04-04 08:01:06,446 INFO data_pipeline.collectors.note_com_browser: scraping_article url=https://note.com/careercompass_c/n/n7923baad59f6
2026-04-04 08:01:08,966 INFO data_pipeline.collectors.note_com_browser: article_is_paid_skipping url=https://note.com/careercompass_c/n/n7923baad59f6
2026-04-04 08:01:08,966 INFO data_pipeline.collectors.note_com_rss: article_paid_skipped url=https://note.com/careercompass_c/n/n7923baad59f6
2026-04-04 08:01:08,967 INFO data_pipeline.collectors.note_com_browser: scraping_article url=https://note.com/careercompass_c/n/nffb7d6d77172
2026-04-04 08:01:11,817 INFO data_pipeline.collectors.note_com_browser: article_is_paid_skipping url=https://note.com/careercompass_c/n/nffb7d6d77172
2026-04-04 08:01:11,817 INFO data_pipeline.collectors.note_com_rss: article_paid_skipped url=https://note.com/careercompass_c/n/nffb7d6d77172
2026-04-04 08:01:11,817 INFO data_pipeline.collectors.note_com_browser: scraping_article url=https://note.com/careercompass_c/n/n93b8c9c980a2
2026-04-04 08:01:14,798 INFO data_pipeline.collectors.note_com_browser: article_is_paid_skipping url=https://note.com/careercompass_c/n/n93b8c9c980a2
2026-04-04 08:01:14,799 INFO data_pipeline.collectors.note_com_rss: article_paid_skipped url=https://note.com/careercompass_c/n/n93b8c9c980a2
2026-04-04 08:01:14,799 INFO data_pipeline.collectors.note_com_browser: scraping_article url=https://note.com/careercompass_c/n/n041c4cbe5a2a
2026-04-04 08:01:17,631 INFO data_pipeline.collectors.note_com_browser: article_is_paid_skipping url=https://note.com/careercompass_c/n/n041c4cbe5a2a
2026-04-04 08:01:17,632 INFO data_pipeline.collectors.note_com_rss: article_paid_skipped url=https://note.com/careercompass_c/n/n041c4cbe5a2a
2026-04-04 08:01:17,632 INFO data_pipeline.collectors.note_com_browser: scraping_article url=https://note.com/careercompass_c/n/nc3ae1490cf7e
2026-04-04 08:01:20,241 INFO data_pipeline.collectors.note_com_browser: article_is_paid_skipping url=https://note.com/careercompass_c/n/nc3ae1490cf7e
2026-04-04 08:01:20,241 INFO data_pipeline.collectors.note_com_rss: article_paid_skipped url=https://note.com/careercompass_c/n/nc3ae1490cf7e
2026-04-04 08:01:20,241 INFO data_pipeline.collectors.note_com_browser: scraping_article url=https://note.com/careercompass_c/n/n394420f67396
2026-04-04 08:01:22,890 INFO data_pipeline.collectors.note_com_browser: article_is_paid_skipping url=https://note.com/careercompass_c/n/n394420f67396
2026-04-04 08:01:22,890 INFO data_pipeline.collectors.note_com_rss: article_paid_skipped url=https://note.com/careercompass_c/n/n394420f67396
2026-04-04 08:01:22,890 INFO data_pipeline.collectors.note_com_browser: scraping_article url=https://note.com/careercompass_c/n/n3c030becda43
2026-04-04 08:01:25,356 INFO data_pipeline.collectors.note_com_browser: article_is_paid_skipping url=https://note.com/careercompass_c/n/n3c030becda43
2026-04-04 08:01:25,356 INFO data_pipeline.collectors.note_com_rss: article_paid_skipped url=https://note.com/careercompass_c/n/n3c030becda43
2026-04-04 08:01:25,356 INFO data_pipeline.collectors.note_com_browser: scraping_article url=https://note.com/dandism56/n/nb8d36172d9b6
2026-04-04 08:01:28,171 INFO data_pipeline.collectors.note_com_browser: article_scraped url=https://note.com/dandism56/n/nb8d36172d9b6 title=【4月入社の方向け】就職・転職の成功は「内定」ではなく「3ヶ月定着」で決まる理由 body_length=2897 hashtag_count=32
2026-04-04 08:01:28,315 INFO data_pipeline.collectors.note_com_rss: article_saved url=https://note.com/dandism56/n/nb8d36172d9b6 title=【4月入社の方向け】就職・転職の成功は「内定」ではなく「3ヶ月定着」で決まる理由
2026-04-04 08:01:28,315 INFO data_pipeline.collectors.note_com_browser: scraping_article url=https://note.com/glad_auklet4142/n/n739172130ac7
2026-04-04 08:01:31,871 INFO data_pipeline.collectors.note_com_browser: article_scraped url=https://note.com/glad_auklet4142/n/n739172130ac7 title=保険料が上がった理由は16兆円の割り勘「……褒められたいのはあの方だけ」｜AIさんのミッドナイトステーション ※2 #生成AI #ChatGPT #Gemini #Claude 毎日note #毎日更新 #スキしてみて #テクノロジー #AI活用 body_length=11139 hashtag_count=94
2026-04-04 08:01:31,956 INFO data_pipeline.collectors.note_com_rss: article_saved url=https://note.com/glad_auklet4142/n/n739172130ac7 title=保険料が上がった理由は16兆円の割り勘「……褒められたいのはあの方だけ」｜AIさんのミッドナイトステーション ※2 #生成AI #ChatGPT #Gemini #Claude 毎日note #毎日更新 #スキしてみて #テクノロジー #AI活用
2026-04-04 08:01:31,956 INFO data_pipeline.collectors.note_com_browser: scraping_article url=https://note.com/glad_auklet4142/n/nbcfecaa17ad0
2026-04-04 08:01:35,898 INFO data_pipeline.collectors.note_com_browser: article_scraped url=https://note.com/glad_auklet4142/n/nbcfecaa17ad0 title=【初めてのあなたへ】累計スキ40,000超、メンバーシップ1000人超え。ポス鳥の殿堂入り記事21本を、AIさんが本気で紹介する #生成AI #note #毎日更新 #記事 #メンバーシップ #アルゴリズム #AI活用 body_length=9396 hashtag_count=97
2026-04-04 08:01:36,098 INFO data_pipeline.collectors.note_com_rss: article_saved url=https://note.com/glad_auklet4142/n/nbcfecaa17ad0 title=【初めてのあなたへ】累計スキ40,000超、メンバーシップ1000人超え。ポス鳥の殿堂入り記事21本を、AIさんが本気で紹介する #生成AI #note #毎日更新 #記事 #メンバーシップ #アルゴリズム #AI活用
2026-04-04 08:01:36,098 INFO data_pipeline.collectors.note_com_browser: scraping_article url=https://note.com/glad_auklet4142/n/n104be5152dc8
2026-04-04 08:01:39,795 INFO data_pipeline.collectors.note_com_browser: article_scraped url=https://note.com/glad_auklet4142/n/n104be5152dc8 title=【警告】「AIで書いています」と宣言した記事にスキが800ついた理由。AI記事の「バレるか」を気にする人が陥る致命的な罠船長のいない船は沈むだけとは？ #生成AI #AI活用 #ChatGPT #Gemini #Claude #OpenAI #Google #ライティング #記事 #メンバーシップ #フォロワー #コンテンツビジネス body_length=30728 hashtag_count=99
2026-04-04 08:01:39,862 INFO data_pipeline.collectors.note_com_rss: article_saved url=https://note.com/glad_auklet4142/n/n104be5152dc8 title=【警告】「AIで書いています」と宣言した記事にスキが800ついた理由。AI記事の「バレるか」を気にする人が陥る致命的な罠船長のいない船は沈むだけとは？ #生成AI #AI活用 #ChatGPT #Gemini #Claude #OpenAI #Google #ライティング #記事 #メンバーシップ #フォロワー #コンテンツビジネス
2026-04-04 08:01:39,862 INFO data_pipeline.collectors.note_com_browser: scraping_article url=https://note.com/glad_auklet4142/n/n0e4402850ff4
2026-04-04 08:01:43,564 INFO data_pipeline.collectors.note_com_browser: article_scraped url=https://note.com/glad_auklet4142/n/n0e4402850ff4 title=「好きなことで生きていく」の残酷な罠、嘘ではないが半分嘘。独立12年のリアル趣味とプロを分ける「好きじゃない仕事」の処理法 #起業 #フリーランス #副業 #独立 #バーンアウト #独立起業 #生存戦略 #マーケティング #在宅副業 #毎日更新 #集客 #いまあなたに伝えたいこと #ビジネスマインド body_length=19585 hashtag_count=98
2026-04-04 08:01:43,636 INFO data_pipeline.collectors.note_com_rss: article_saved url=https://note.com/glad_auklet4142/n/n0e4402850ff4 title=「好きなことで生きていく」の残酷な罠、嘘ではないが半分嘘。独立12年のリアル趣味とプロを分ける「好きじゃない仕事」の処理法 #起業 #フリーランス #副業 #独立 #バーンアウト #独立起業 #生存戦略 #マーケティング #在宅副業 #毎日更新 #集客 #いまあなたに伝えたいこと #ビジネスマインド
2026-04-04 08:01:43,636 INFO data_pipeline.collectors.note_com_browser: scraping_article url=https://note.com/hide_taxnote/n/n6f5d883c8b83
2026-04-04 08:01:46,580 INFO data_pipeline.collectors.note_com_browser: article_scraped url=https://note.com/hide_taxnote/n/n6f5d883c8b83 title=2026年4月3日｜日経平均・東京株式市場・米国株：ポイント解説と来週の展望と米雇用統計の予想 body_length=4889 hashtag_count=15
2026-04-04 08:01:46,697 INFO data_pipeline.collectors.note_com_rss: article_saved url=https://note.com/hide_taxnote/n/n6f5d883c8b83 title=2026年4月3日｜日経平均・東京株式市場・米国株：ポイント解説と来週の展望と米雇用統計の予想
2026-04-04 08:01:46,698 INFO data_pipeline.collectors.note_com_browser: scraping_article url=https://note.com/hide_taxnote/n/nd10de16e44de
2026-04-04 08:01:49,310 INFO data_pipeline.collectors.note_com_browser: article_scraped url=https://note.com/hide_taxnote/n/nd10de16e44de title=NISAの成長投資枠はインデックス投資がいい？それとも個別株？合う人・合わない人を考える body_length=2931 hashtag_count=9
2026-04-04 08:01:49,371 INFO data_pipeline.collectors.note_com_rss: article_saved url=https://note.com/hide_taxnote/n/nd10de16e44de title=NISAの成長投資枠はインデックス投資がいい？それとも個別株？合う人・合わない人を考える
2026-04-04 08:01:49,371 INFO data_pipeline.collectors.note_com_browser: scraping_article url=https://note.com/hide_taxnote/n/n8e5658fec2a2
2026-04-04 08:01:52,512 INFO data_pipeline.collectors.note_com_browser: article_is_paid_skipping url=https://note.com/hide_taxnote/n/n8e5658fec2a2
2026-04-04 08:01:52,512 INFO data_pipeline.collectors.note_com_rss: article_paid_skipped url=https://note.com/hide_taxnote/n/n8e5658fec2a2
2026-04-04 08:01:52,615 INFO data_pipeline.collectors.note_com_rss: config_updated updated_count=11 timestamp=2026-04-03T23:01:52.615263+00:00
2026-04-04 08:01:52,615 INFO data_pipeline.collectors.note_com_rss: rss_monitor_completed creators_checked=11 new_articles_found=33 articles_saved=9 articles_skipped_paid=24 articles_skipped_duplicate=0 error_count=0
2026-04-04 20:00:01,006 INFO data_pipeline.collectors.note_com_rss: rss_monitor_starting creator_count=11
2026-04-04 20:00:01,328 INFO data_pipeline.collectors.note_com_rss: rss_fetched username=fukuoka1116 entry_count=25
2026-04-04 20:00:02,230 INFO data_pipeline.collectors.note_com_rss: rss_fetched username=sota_career entry_count=25
2026-04-04 20:15:56,443 INFO data_pipeline.collectors.note_com_rss: rss_fetched username=kei_10m_asset entry_count=23
2026-04-04 20:15:57,051 INFO data_pipeline.collectors.note_com_rss: rss_fetched username=careercompass_c entry_count=25
2026-04-04 20:15:57,958 INFO data_pipeline.collectors.note_com_rss: new_entries_found username=careercompass_c new_count=24
2026-04-04 20:15:58,193 INFO data_pipeline.collectors.note_com_rss: rss_fetched username=dandism56 entry_count=25
2026-04-04 20:15:59,194 INFO data_pipeline.collectors.note_com_rss: rss_fetched username=miraicareer_blog entry_count=25
2026-04-04 20:15:59,956 INFO data_pipeline.collectors.note_com_rss: rss_fetched username=glad_auklet4142 entry_count=25
2026-04-04 20:16:01,173 INFO data_pipeline.collectors.note_com_rss: rss_fetched username=hide_taxnote entry_count=25
2026-04-04 20:16:02,148 INFO data_pipeline.collectors.note_com_rss: new_entries_found username=hide_taxnote new_count=3
2026-04-04 20:16:02,485 INFO data_pipeline.collectors.note_com_rss: rss_fetched username=mindset_official entry_count=25
2026-04-04 20:16:06,513 INFO data_pipeline.collectors.note_com_rss: rss_fetched username=ruinormalhakkar entry_count=25
2026-04-04 20:16:10,025 INFO data_pipeline.collectors.note_com_rss: rss_fetched username=studyhacker entry_count=0
2026-04-04 20:16:17,047 INFO data_pipeline.collectors.note_com_browser: note_com_browser_started
2026-04-04 20:16:17,047 INFO data_pipeline.collectors.note_com_browser: scraping_article url=https://note.com/careercompass_c/n/n18dda1c72d9e
2026-04-04 20:16:20,503 INFO data_pipeline.collectors.note_com_browser: article_is_paid_skipping url=https://note.com/careercompass_c/n/n18dda1c72d9e
2026-04-04 20:16:20,503 INFO data_pipeline.collectors.note_com_rss: article_paid_skipped url=https://note.com/careercompass_c/n/n18dda1c72d9e
2026-04-04 20:16:20,503 INFO data_pipeline.collectors.note_com_browser: scraping_article url=https://note.com/careercompass_c/n/nc84c74784256
2026-04-04 20:16:23,111 INFO data_pipeline.collectors.note_com_browser: article_is_paid_skipping url=https://note.com/careercompass_c/n/nc84c74784256
2026-04-04 20:16:23,111 INFO data_pipeline.collectors.note_com_rss: article_paid_skipped url=https://note.com/careercompass_c/n/nc84c74784256
2026-04-04 20:16:23,111 INFO data_pipeline.collectors.note_com_browser: scraping_article url=https://note.com/careercompass_c/n/nf2be9b1c7a26
2026-04-04 20:16:25,968 INFO data_pipeline.collectors.note_com_browser: article_is_paid_skipping url=https://note.com/careercompass_c/n/nf2be9b1c7a26
2026-04-04 20:16:25,968 INFO data_pipeline.collectors.note_com_rss: article_paid_skipped url=https://note.com/careercompass_c/n/nf2be9b1c7a26
2026-04-04 20:16:25,968 INFO data_pipeline.collectors.note_com_browser: scraping_article url=https://note.com/careercompass_c/n/n15730f62b2f8
2026-04-04 20:16:28,410 INFO data_pipeline.collectors.note_com_browser: article_is_paid_skipping url=https://note.com/careercompass_c/n/n15730f62b2f8
2026-04-04 20:16:28,410 INFO data_pipeline.collectors.note_com_rss: article_paid_skipped url=https://note.com/careercompass_c/n/n15730f62b2f8
2026-04-04 20:16:28,410 INFO data_pipeline.collectors.note_com_browser: scraping_article url=https://note.com/careercompass_c/n/n9ba4c8f31f53
2026-04-04 20:33:57,068 ERROR data_pipeline.collectors.note_com_browser: article_navigation_failed url=https://note.com/careercompass_c/n/n9ba4c8f31f53
Traceback (most recent call last):
  File "/Users/yuki/Desktop/note-finance/src/data_pipeline/collectors/note_com_browser.py", line 449, in scrape_article
    await self._page.goto(
    ...<3 lines>...
    )
  File "/Users/yuki/Desktop/note-finance/.venv/lib/python3.14/site-packages/playwright/async_api/_generated.py", line 9045, in goto
    await self._impl_obj.goto(
        url=url, timeout=timeout, waitUntil=wait_until, referer=referer
    )
  File "/Users/yuki/Desktop/note-finance/.venv/lib/python3.14/site-packages/playwright/_impl/_page.py", line 552, in goto
    return await self._main_frame.goto(**locals_to_params(locals()))
           ^^^^^^^^^^^^^^^^^^^^^^^^^^^^^^^^^^^^^^^^^^^^^^^^^^^^^^^^^
  File "/Users/yuki/Desktop/note-finance/.venv/lib/python3.14/site-packages/playwright/_impl/_frame.py", line 153, in goto
    await self._channel.send(
        "goto", self._navigation_timeout, locals_to_params(locals())
    )
  File "/Users/yuki/Desktop/note-finance/.venv/lib/python3.14/site-packages/playwright/_impl/_connection.py", line 69, in send
    return await self._connection.wrap_api_call(
           ^^^^^^^^^^^^^^^^^^^^^^^^^^^^^^^^^^^^^
    ...<3 lines>...
    )
    ^
  File "/Users/yuki/Desktop/note-finance/.venv/lib/python3.14/site-packages/playwright/_impl/_connection.py", line 559, in wrap_api_call
    raise rewrite_error(error, f"{parsed_st['apiName']}: {error}") from None
playwright._impl._errors.TimeoutError: Page.goto: Timeout 30000ms exceeded.
Call log:
  - navigating to "https://note.com/careercompass_c/n/n9ba4c8f31f53", waiting until "load"

2026-04-04 20:33:57,153 INFO data_pipeline.collectors.note_com_rss: article_paid_skipped url=https://note.com/careercompass_c/n/n9ba4c8f31f53
2026-04-04 20:33:57,154 INFO data_pipeline.collectors.note_com_browser: scraping_article url=https://note.com/careercompass_c/n/n884d45940815
2026-04-04 20:34:00,425 INFO data_pipeline.collectors.note_com_browser: article_is_paid_skipping url=https://note.com/careercompass_c/n/n884d45940815
2026-04-04 20:34:00,425 INFO data_pipeline.collectors.note_com_rss: article_paid_skipped url=https://note.com/careercompass_c/n/n884d45940815
2026-04-04 20:34:00,426 INFO data_pipeline.collectors.note_com_browser: scraping_article url=https://note.com/careercompass_c/n/n4e12b960260b
2026-04-04 20:34:02,912 INFO data_pipeline.collectors.note_com_browser: article_is_paid_skipping url=https://note.com/careercompass_c/n/n4e12b960260b
2026-04-04 20:34:02,912 INFO data_pipeline.collectors.note_com_rss: article_paid_skipped url=https://note.com/careercompass_c/n/n4e12b960260b
2026-04-04 20:34:02,912 INFO data_pipeline.collectors.note_com_browser: scraping_article url=https://note.com/careercompass_c/n/nb3e01389a544
2026-04-04 20:34:05,674 INFO data_pipeline.collectors.note_com_browser: article_is_paid_skipping url=https://note.com/careercompass_c/n/nb3e01389a544
2026-04-04 20:34:05,674 INFO data_pipeline.collectors.note_com_rss: article_paid_skipped url=https://note.com/careercompass_c/n/nb3e01389a544
2026-04-04 20:34:05,674 INFO data_pipeline.collectors.note_com_browser: scraping_article url=https://note.com/careercompass_c/n/nabda0f318756
2026-04-04 20:34:08,565 INFO data_pipeline.collectors.note_com_browser: article_is_paid_skipping url=https://note.com/careercompass_c/n/nabda0f318756
2026-04-04 20:34:08,565 INFO data_pipeline.collectors.note_com_rss: article_paid_skipped url=https://note.com/careercompass_c/n/nabda0f318756
2026-04-04 20:34:08,566 INFO data_pipeline.collectors.note_com_browser: scraping_article url=https://note.com/careercompass_c/n/nba28a9d16e92
2026-04-04 20:34:11,344 INFO data_pipeline.collectors.note_com_browser: article_is_paid_skipping url=https://note.com/careercompass_c/n/nba28a9d16e92
2026-04-04 20:34:11,345 INFO data_pipeline.collectors.note_com_rss: article_paid_skipped url=https://note.com/careercompass_c/n/nba28a9d16e92
2026-04-04 20:34:11,345 INFO data_pipeline.collectors.note_com_browser: scraping_article url=https://note.com/careercompass_c/n/n6d4f0b480e07
2026-04-04 20:34:13,935 INFO data_pipeline.collectors.note_com_browser: article_is_paid_skipping url=https://note.com/careercompass_c/n/n6d4f0b480e07
2026-04-04 20:34:13,935 INFO data_pipeline.collectors.note_com_rss: article_paid_skipped url=https://note.com/careercompass_c/n/n6d4f0b480e07
2026-04-04 20:34:13,935 INFO data_pipeline.collectors.note_com_browser: scraping_article url=https://note.com/careercompass_c/n/n445614f4ccd0
2026-04-04 20:34:16,759 INFO data_pipeline.collectors.note_com_browser: article_is_paid_skipping url=https://note.com/careercompass_c/n/n445614f4ccd0
2026-04-04 20:34:16,759 INFO data_pipeline.collectors.note_com_rss: article_paid_skipped url=https://note.com/careercompass_c/n/n445614f4ccd0
2026-04-04 20:34:16,759 INFO data_pipeline.collectors.note_com_browser: scraping_article url=https://note.com/careercompass_c/n/n731f33a4b0fa
2026-04-04 20:34:19,418 INFO data_pipeline.collectors.note_com_browser: article_is_paid_skipping url=https://note.com/careercompass_c/n/n731f33a4b0fa
2026-04-04 20:34:19,419 INFO data_pipeline.collectors.note_com_rss: article_paid_skipped url=https://note.com/careercompass_c/n/n731f33a4b0fa
2026-04-04 20:34:19,419 INFO data_pipeline.collectors.note_com_browser: scraping_article url=https://note.com/careercompass_c/n/n12f8c7f7e2c8
2026-04-04 20:34:22,071 INFO data_pipeline.collectors.note_com_browser: article_is_paid_skipping url=https://note.com/careercompass_c/n/n12f8c7f7e2c8
2026-04-04 20:34:22,071 INFO data_pipeline.collectors.note_com_rss: article_paid_skipped url=https://note.com/careercompass_c/n/n12f8c7f7e2c8
2026-04-04 20:34:22,071 INFO data_pipeline.collectors.note_com_browser: scraping_article url=https://note.com/careercompass_c/n/n21c4a15a6cd5
2026-04-04 20:34:24,960 INFO data_pipeline.collectors.note_com_browser: article_is_paid_skipping url=https://note.com/careercompass_c/n/n21c4a15a6cd5
2026-04-04 20:34:24,960 INFO data_pipeline.collectors.note_com_rss: article_paid_skipped url=https://note.com/careercompass_c/n/n21c4a15a6cd5
2026-04-04 20:34:24,960 INFO data_pipeline.collectors.note_com_browser: scraping_article url=https://note.com/careercompass_c/n/n05d888c35530
2026-04-04 20:34:27,769 INFO data_pipeline.collectors.note_com_browser: article_is_paid_skipping url=https://note.com/careercompass_c/n/n05d888c35530
2026-04-04 20:34:27,769 INFO data_pipeline.collectors.note_com_rss: article_paid_skipped url=https://note.com/careercompass_c/n/n05d888c35530
2026-04-04 20:34:27,769 INFO data_pipeline.collectors.note_com_browser: scraping_article url=https://note.com/careercompass_c/n/na6736c76843d
2026-04-04 20:34:30,594 INFO data_pipeline.collectors.note_com_browser: article_is_paid_skipping url=https://note.com/careercompass_c/n/na6736c76843d
2026-04-04 20:34:30,594 INFO data_pipeline.collectors.note_com_rss: article_paid_skipped url=https://note.com/careercompass_c/n/na6736c76843d
2026-04-04 20:34:30,595 INFO data_pipeline.collectors.note_com_browser: scraping_article url=https://note.com/careercompass_c/n/ncba40e3d9a53
2026-04-04 20:34:33,337 INFO data_pipeline.collectors.note_com_browser: article_is_paid_skipping url=https://note.com/careercompass_c/n/ncba40e3d9a53
2026-04-04 20:34:33,337 INFO data_pipeline.collectors.note_com_rss: article_paid_skipped url=https://note.com/careercompass_c/n/ncba40e3d9a53
2026-04-04 20:34:33,338 INFO data_pipeline.collectors.note_com_browser: scraping_article url=https://note.com/careercompass_c/n/ne4c02d6fdfa2
2026-04-04 20:34:35,975 INFO data_pipeline.collectors.note_com_browser: article_is_paid_skipping url=https://note.com/careercompass_c/n/ne4c02d6fdfa2
2026-04-04 20:34:35,975 INFO data_pipeline.collectors.note_com_rss: article_paid_skipped url=https://note.com/careercompass_c/n/ne4c02d6fdfa2
2026-04-04 20:34:35,975 INFO data_pipeline.collectors.note_com_browser: scraping_article url=https://note.com/careercompass_c/n/n73ec9b0667a2
2026-04-04 20:34:38,828 INFO data_pipeline.collectors.note_com_browser: article_is_paid_skipping url=https://note.com/careercompass_c/n/n73ec9b0667a2
2026-04-04 20:34:38,828 INFO data_pipeline.collectors.note_com_rss: article_paid_skipped url=https://note.com/careercompass_c/n/n73ec9b0667a2
2026-04-04 20:34:38,828 INFO data_pipeline.collectors.note_com_browser: scraping_article url=https://note.com/careercompass_c/n/n30415fb173e7
2026-04-04 20:34:41,787 INFO data_pipeline.collectors.note_com_browser: article_is_paid_skipping url=https://note.com/careercompass_c/n/n30415fb173e7
2026-04-04 20:34:41,787 INFO data_pipeline.collectors.note_com_rss: article_paid_skipped url=https://note.com/careercompass_c/n/n30415fb173e7
2026-04-04 20:34:41,787 INFO data_pipeline.collectors.note_com_browser: scraping_article url=https://note.com/careercompass_c/n/na3e2d68eedb4
2026-04-04 20:34:44,317 INFO data_pipeline.collectors.note_com_browser: article_is_paid_skipping url=https://note.com/careercompass_c/n/na3e2d68eedb4
2026-04-04 20:34:44,317 INFO data_pipeline.collectors.note_com_rss: article_paid_skipped url=https://note.com/careercompass_c/n/na3e2d68eedb4
2026-04-04 20:34:44,317 INFO data_pipeline.collectors.note_com_browser: scraping_article url=https://note.com/careercompass_c/n/n81906c2d0345
2026-04-04 20:34:47,165 INFO data_pipeline.collectors.note_com_browser: article_is_paid_skipping url=https://note.com/careercompass_c/n/n81906c2d0345
2026-04-04 20:34:47,165 INFO data_pipeline.collectors.note_com_rss: article_paid_skipped url=https://note.com/careercompass_c/n/n81906c2d0345
2026-04-04 20:34:47,165 INFO data_pipeline.collectors.note_com_browser: scraping_article url=https://note.com/careercompass_c/n/n4fc16a5d8eeb
2026-04-04 20:34:50,404 INFO data_pipeline.collectors.note_com_browser: article_is_paid_skipping url=https://note.com/careercompass_c/n/n4fc16a5d8eeb
2026-04-04 20:34:50,405 INFO data_pipeline.collectors.note_com_rss: article_paid_skipped url=https://note.com/careercompass_c/n/n4fc16a5d8eeb
2026-04-04 20:34:50,405 INFO data_pipeline.collectors.note_com_browser: scraping_article url=https://note.com/hide_taxnote/n/n3580f9fafd39
2026-04-04 20:34:53,215 INFO data_pipeline.collectors.note_com_browser: article_scraped url=https://note.com/hide_taxnote/n/n3580f9fafd39 title=今週の株式市場まとめ：日本株・米国株の振り返りと来週の注目ポイント body_length=6197 hashtag_count=10
2026-04-04 20:34:53,326 INFO data_pipeline.collectors.note_com_rss: article_saved url=https://note.com/hide_taxnote/n/n3580f9fafd39 title=今週の株式市場まとめ：日本株・米国株の振り返りと来週の注目ポイント
2026-04-04 20:34:53,326 INFO data_pipeline.collectors.note_com_browser: scraping_article url=https://note.com/hide_taxnote/n/n10706b0a3fd9
2026-04-04 20:34:56,205 INFO data_pipeline.collectors.note_com_browser: article_scraped url=https://note.com/hide_taxnote/n/n10706b0a3fd9 title=【宮崎市ふるさと納税】＼てっげうめぇが大集合／ 🌸超春まつり🌸4月12日まで | 美味しいもの食べて資産形成しませんか？ body_length=1933 hashtag_count=10
2026-04-04 20:34:56,292 INFO data_pipeline.collectors.note_com_rss: article_saved url=https://note.com/hide_taxnote/n/n10706b0a3fd9 title=【宮崎市ふるさと納税】＼てっげうめぇが大集合／ 🌸超春まつり🌸4月12日まで | 美味しいもの食べて資産形成しませんか？
2026-04-04 20:34:56,292 INFO data_pipeline.collectors.note_com_browser: scraping_article url=https://note.com/hide_taxnote/n/n8e5658fec2a2
2026-04-04 20:34:59,590 INFO data_pipeline.collectors.note_com_browser: article_is_paid_skipping url=https://note.com/hide_taxnote/n/n8e5658fec2a2
2026-04-04 20:34:59,590 INFO data_pipeline.collectors.note_com_rss: article_paid_skipped url=https://note.com/hide_taxnote/n/n8e5658fec2a2
2026-04-04 20:34:59,673 INFO data_pipeline.collectors.note_com_rss: config_updated updated_count=11 timestamp=2026-04-04T11:34:59.673282+00:00
2026-04-04 20:34:59,673 INFO data_pipeline.collectors.note_com_rss: rss_monitor_completed creators_checked=11 new_articles_found=27 articles_saved=2 articles_skipped_paid=25 articles_skipped_duplicate=0 error_count=0
2026-04-05 08:00:06,129 INFO data_pipeline.collectors.note_com_rss: rss_monitor_starting creator_count=11
2026-04-05 08:00:06,444 INFO data_pipeline.collectors.note_com_rss: rss_fetched username=fukuoka1116 entry_count=25
2026-04-05 08:00:07,217 INFO data_pipeline.collectors.note_com_rss: rss_fetched username=sota_career entry_count=25
2026-04-05 08:00:08,049 INFO data_pipeline.collectors.note_com_rss: rss_fetched username=kei_10m_asset entry_count=23
2026-04-05 08:00:08,618 INFO data_pipeline.collectors.note_com_rss: rss_fetched username=careercompass_c entry_count=25
2026-04-05 08:00:09,347 INFO data_pipeline.collectors.note_com_rss: new_entries_found username=careercompass_c new_count=24
2026-04-05 08:00:09,582 INFO data_pipeline.collectors.note_com_rss: rss_fetched username=dandism56 entry_count=25
2026-04-05 08:00:10,439 INFO data_pipeline.collectors.note_com_rss: new_entries_found username=dandism56 new_count=1
2026-04-05 08:00:10,676 INFO data_pipeline.collectors.note_com_rss: rss_fetched username=miraicareer_blog entry_count=25
2026-04-05 08:00:11,545 INFO data_pipeline.collectors.note_com_rss: rss_fetched username=glad_auklet4142 entry_count=25
2026-04-05 08:00:12,933 INFO data_pipeline.collectors.note_com_rss: new_entries_found username=glad_auklet4142 new_count=5
2026-04-05 08:00:13,149 INFO data_pipeline.collectors.note_com_rss: rss_fetched username=hide_taxnote entry_count=25
2026-04-05 08:00:14,323 INFO data_pipeline.collectors.note_com_rss: new_entries_found username=hide_taxnote new_count=1
2026-04-05 08:00:14,668 INFO data_pipeline.collectors.note_com_rss: rss_fetched username=mindset_official entry_count=25
2026-04-05 08:00:15,511 INFO data_pipeline.collectors.note_com_rss: rss_fetched username=ruinormalhakkar entry_count=25
2026-04-05 08:00:16,343 INFO data_pipeline.collectors.note_com_rss: rss_fetched username=studyhacker entry_count=0
2026-04-05 08:00:18,175 INFO data_pipeline.collectors.note_com_browser: note_com_browser_started
2026-04-05 08:00:18,175 INFO data_pipeline.collectors.note_com_browser: scraping_article url=https://note.com/careercompass_c/n/n11a29b53043c
2026-04-05 08:00:21,458 INFO data_pipeline.collectors.note_com_browser: article_is_paid_skipping url=https://note.com/careercompass_c/n/n11a29b53043c
2026-04-05 08:00:21,459 INFO data_pipeline.collectors.note_com_rss: article_paid_skipped url=https://note.com/careercompass_c/n/n11a29b53043c
2026-04-05 08:00:21,459 INFO data_pipeline.collectors.note_com_browser: scraping_article url=https://note.com/careercompass_c/n/n18dda1c72d9e
2026-04-05 08:00:23,948 INFO data_pipeline.collectors.note_com_browser: article_is_paid_skipping url=https://note.com/careercompass_c/n/n18dda1c72d9e
2026-04-05 08:00:23,948 INFO data_pipeline.collectors.note_com_rss: article_paid_skipped url=https://note.com/careercompass_c/n/n18dda1c72d9e
2026-04-05 08:00:23,948 INFO data_pipeline.collectors.note_com_browser: scraping_article url=https://note.com/careercompass_c/n/nc84c74784256
2026-04-05 08:00:26,573 INFO data_pipeline.collectors.note_com_browser: article_is_paid_skipping url=https://note.com/careercompass_c/n/nc84c74784256
2026-04-05 08:00:26,574 INFO data_pipeline.collectors.note_com_rss: article_paid_skipped url=https://note.com/careercompass_c/n/nc84c74784256
2026-04-05 08:00:26,574 INFO data_pipeline.collectors.note_com_browser: scraping_article url=https://note.com/careercompass_c/n/nf2be9b1c7a26
2026-04-05 08:00:29,212 INFO data_pipeline.collectors.note_com_browser: article_is_paid_skipping url=https://note.com/careercompass_c/n/nf2be9b1c7a26
2026-04-05 08:00:29,212 INFO data_pipeline.collectors.note_com_rss: article_paid_skipped url=https://note.com/careercompass_c/n/nf2be9b1c7a26
2026-04-05 08:00:29,213 INFO data_pipeline.collectors.note_com_browser: scraping_article url=https://note.com/careercompass_c/n/n15730f62b2f8
2026-04-05 08:00:32,104 INFO data_pipeline.collectors.note_com_browser: article_is_paid_skipping url=https://note.com/careercompass_c/n/n15730f62b2f8
2026-04-05 08:00:32,104 INFO data_pipeline.collectors.note_com_rss: article_paid_skipped url=https://note.com/careercompass_c/n/n15730f62b2f8
2026-04-05 08:00:32,105 INFO data_pipeline.collectors.note_com_browser: scraping_article url=https://note.com/careercompass_c/n/n9ba4c8f31f53
2026-04-05 08:00:34,799 INFO data_pipeline.collectors.note_com_browser: article_is_paid_skipping url=https://note.com/careercompass_c/n/n9ba4c8f31f53
2026-04-05 08:00:34,799 INFO data_pipeline.collectors.note_com_rss: article_paid_skipped url=https://note.com/careercompass_c/n/n9ba4c8f31f53
2026-04-05 08:00:34,799 INFO data_pipeline.collectors.note_com_browser: scraping_article url=https://note.com/careercompass_c/n/n884d45940815
2026-04-05 08:00:37,766 INFO data_pipeline.collectors.note_com_browser: article_is_paid_skipping url=https://note.com/careercompass_c/n/n884d45940815
2026-04-05 08:00:37,766 INFO data_pipeline.collectors.note_com_rss: article_paid_skipped url=https://note.com/careercompass_c/n/n884d45940815
2026-04-05 08:00:37,766 INFO data_pipeline.collectors.note_com_browser: scraping_article url=https://note.com/careercompass_c/n/n4e12b960260b
2026-04-05 08:00:40,659 INFO data_pipeline.collectors.note_com_browser: article_is_paid_skipping url=https://note.com/careercompass_c/n/n4e12b960260b
2026-04-05 08:00:40,659 INFO data_pipeline.collectors.note_com_rss: article_paid_skipped url=https://note.com/careercompass_c/n/n4e12b960260b
2026-04-05 08:00:40,659 INFO data_pipeline.collectors.note_com_browser: scraping_article url=https://note.com/careercompass_c/n/nb3e01389a544
2026-04-05 08:00:43,241 INFO data_pipeline.collectors.note_com_browser: article_is_paid_skipping url=https://note.com/careercompass_c/n/nb3e01389a544
2026-04-05 08:00:43,241 INFO data_pipeline.collectors.note_com_rss: article_paid_skipped url=https://note.com/careercompass_c/n/nb3e01389a544
2026-04-05 08:00:43,241 INFO data_pipeline.collectors.note_com_browser: scraping_article url=https://note.com/careercompass_c/n/nabda0f318756
2026-04-05 08:00:45,981 INFO data_pipeline.collectors.note_com_browser: article_is_paid_skipping url=https://note.com/careercompass_c/n/nabda0f318756
2026-04-05 08:00:45,981 INFO data_pipeline.collectors.note_com_rss: article_paid_skipped url=https://note.com/careercompass_c/n/nabda0f318756
2026-04-05 08:00:45,981 INFO data_pipeline.collectors.note_com_browser: scraping_article url=https://note.com/careercompass_c/n/nba28a9d16e92
2026-04-05 08:00:48,536 INFO data_pipeline.collectors.note_com_browser: article_is_paid_skipping url=https://note.com/careercompass_c/n/nba28a9d16e92
2026-04-05 08:00:48,536 INFO data_pipeline.collectors.note_com_rss: article_paid_skipped url=https://note.com/careercompass_c/n/nba28a9d16e92
2026-04-05 08:00:48,536 INFO data_pipeline.collectors.note_com_browser: scraping_article url=https://note.com/careercompass_c/n/n6d4f0b480e07
2026-04-05 08:00:51,340 INFO data_pipeline.collectors.note_com_browser: article_is_paid_skipping url=https://note.com/careercompass_c/n/n6d4f0b480e07
2026-04-05 08:00:51,340 INFO data_pipeline.collectors.note_com_rss: article_paid_skipped url=https://note.com/careercompass_c/n/n6d4f0b480e07
2026-04-05 08:00:51,340 INFO data_pipeline.collectors.note_com_browser: scraping_article url=https://note.com/careercompass_c/n/n445614f4ccd0
2026-04-05 08:00:54,164 INFO data_pipeline.collectors.note_com_browser: article_is_paid_skipping url=https://note.com/careercompass_c/n/n445614f4ccd0
2026-04-05 08:00:54,165 INFO data_pipeline.collectors.note_com_rss: article_paid_skipped url=https://note.com/careercompass_c/n/n445614f4ccd0
2026-04-05 08:00:54,165 INFO data_pipeline.collectors.note_com_browser: scraping_article url=https://note.com/careercompass_c/n/n731f33a4b0fa
2026-04-05 08:00:56,693 INFO data_pipeline.collectors.note_com_browser: article_is_paid_skipping url=https://note.com/careercompass_c/n/n731f33a4b0fa
2026-04-05 08:00:56,693 INFO data_pipeline.collectors.note_com_rss: article_paid_skipped url=https://note.com/careercompass_c/n/n731f33a4b0fa
2026-04-05 08:00:56,693 INFO data_pipeline.collectors.note_com_browser: scraping_article url=https://note.com/careercompass_c/n/n12f8c7f7e2c8
2026-04-05 08:00:59,301 INFO data_pipeline.collectors.note_com_browser: article_is_paid_skipping url=https://note.com/careercompass_c/n/n12f8c7f7e2c8
2026-04-05 08:00:59,302 INFO data_pipeline.collectors.note_com_rss: article_paid_skipped url=https://note.com/careercompass_c/n/n12f8c7f7e2c8
2026-04-05 08:00:59,302 INFO data_pipeline.collectors.note_com_browser: scraping_article url=https://note.com/careercompass_c/n/n21c4a15a6cd5
2026-04-05 08:01:02,270 INFO data_pipeline.collectors.note_com_browser: article_is_paid_skipping url=https://note.com/careercompass_c/n/n21c4a15a6cd5
2026-04-05 08:01:02,270 INFO data_pipeline.collectors.note_com_rss: article_paid_skipped url=https://note.com/careercompass_c/n/n21c4a15a6cd5
2026-04-05 08:01:02,270 INFO data_pipeline.collectors.note_com_browser: scraping_article url=https://note.com/careercompass_c/n/n05d888c35530
2026-04-05 08:01:04,867 INFO data_pipeline.collectors.note_com_browser: article_is_paid_skipping url=https://note.com/careercompass_c/n/n05d888c35530
2026-04-05 08:01:04,867 INFO data_pipeline.collectors.note_com_rss: article_paid_skipped url=https://note.com/careercompass_c/n/n05d888c35530
2026-04-05 08:01:04,867 INFO data_pipeline.collectors.note_com_browser: scraping_article url=https://note.com/careercompass_c/n/na6736c76843d
2026-04-05 08:01:07,324 INFO data_pipeline.collectors.note_com_browser: article_is_paid_skipping url=https://note.com/careercompass_c/n/na6736c76843d
2026-04-05 08:01:07,324 INFO data_pipeline.collectors.note_com_rss: article_paid_skipped url=https://note.com/careercompass_c/n/na6736c76843d
2026-04-05 08:01:07,324 INFO data_pipeline.collectors.note_com_browser: scraping_article url=https://note.com/careercompass_c/n/ncba40e3d9a53
2026-04-05 08:01:10,218 INFO data_pipeline.collectors.note_com_browser: article_is_paid_skipping url=https://note.com/careercompass_c/n/ncba40e3d9a53
2026-04-05 08:01:10,218 INFO data_pipeline.collectors.note_com_rss: article_paid_skipped url=https://note.com/careercompass_c/n/ncba40e3d9a53
2026-04-05 08:01:10,218 INFO data_pipeline.collectors.note_com_browser: scraping_article url=https://note.com/careercompass_c/n/ne4c02d6fdfa2
2026-04-05 08:01:13,033 INFO data_pipeline.collectors.note_com_browser: article_is_paid_skipping url=https://note.com/careercompass_c/n/ne4c02d6fdfa2
2026-04-05 08:01:13,033 INFO data_pipeline.collectors.note_com_rss: article_paid_skipped url=https://note.com/careercompass_c/n/ne4c02d6fdfa2
2026-04-05 08:01:13,033 INFO data_pipeline.collectors.note_com_browser: scraping_article url=https://note.com/careercompass_c/n/n73ec9b0667a2
2026-04-05 08:01:15,919 INFO data_pipeline.collectors.note_com_browser: article_is_paid_skipping url=https://note.com/careercompass_c/n/n73ec9b0667a2
2026-04-05 08:01:15,919 INFO data_pipeline.collectors.note_com_rss: article_paid_skipped url=https://note.com/careercompass_c/n/n73ec9b0667a2
2026-04-05 08:01:15,919 INFO data_pipeline.collectors.note_com_browser: scraping_article url=https://note.com/careercompass_c/n/n30415fb173e7
2026-04-05 08:01:18,592 INFO data_pipeline.collectors.note_com_browser: article_is_paid_skipping url=https://note.com/careercompass_c/n/n30415fb173e7
2026-04-05 08:01:18,592 INFO data_pipeline.collectors.note_com_rss: article_paid_skipped url=https://note.com/careercompass_c/n/n30415fb173e7
2026-04-05 08:01:18,592 INFO data_pipeline.collectors.note_com_browser: scraping_article url=https://note.com/careercompass_c/n/na3e2d68eedb4
2026-04-05 08:01:21,106 INFO data_pipeline.collectors.note_com_browser: article_is_paid_skipping url=https://note.com/careercompass_c/n/na3e2d68eedb4
2026-04-05 08:01:21,107 INFO data_pipeline.collectors.note_com_rss: article_paid_skipped url=https://note.com/careercompass_c/n/na3e2d68eedb4
2026-04-05 08:01:21,107 INFO data_pipeline.collectors.note_com_browser: scraping_article url=https://note.com/careercompass_c/n/n81906c2d0345
2026-04-05 08:01:24,069 INFO data_pipeline.collectors.note_com_browser: article_is_paid_skipping url=https://note.com/careercompass_c/n/n81906c2d0345
2026-04-05 08:01:24,070 INFO data_pipeline.collectors.note_com_rss: article_paid_skipped url=https://note.com/careercompass_c/n/n81906c2d0345
2026-04-05 08:01:24,070 INFO data_pipeline.collectors.note_com_browser: scraping_article url=https://note.com/dandism56/n/n3ff190ef018f
2026-04-05 08:01:27,279 INFO data_pipeline.collectors.note_com_browser: article_scraped url=https://note.com/dandism56/n/n3ff190ef018f title=「心理的安全性」は優しさではなく、企業や職場関係の「運用ルール」です body_length=3421 hashtag_count=51
2026-04-05 08:01:27,393 INFO data_pipeline.collectors.note_com_rss: article_saved url=https://note.com/dandism56/n/n3ff190ef018f title=「心理的安全性」は優しさではなく、企業や職場関係の「運用ルール」です
2026-04-05 08:01:27,393 INFO data_pipeline.collectors.note_com_browser: scraping_article url=https://note.com/glad_auklet4142/n/n23ff14f3c725
2026-04-05 08:01:31,095 INFO data_pipeline.collectors.note_com_browser: article_scraped url=https://note.com/glad_auklet4142/n/n23ff14f3c725 title=90兆円の城壁と入浴剤「……名前忘れた。大きくて安いやつ」｜AIさんのミッドナイトステーション ※3  #ニュース解説 #note #毎日note #毎日更新 #スキしてみて #生成AI #エッセイ #コラム #日記 #ブログ body_length=11734 hashtag_count=90
2026-04-05 08:01:31,210 INFO data_pipeline.collectors.note_com_rss: article_saved url=https://note.com/glad_auklet4142/n/n23ff14f3c725 title=90兆円の城壁と入浴剤「……名前忘れた。大きくて安いやつ」｜AIさんのミッドナイトステーション ※3  #ニュース解説 #note #毎日note #毎日更新 #スキしてみて #生成AI #エッセイ #コラム #日記 #ブログ
2026-04-05 08:01:31,210 INFO data_pipeline.collectors.note_com_browser: scraping_article url=https://note.com/glad_auklet4142/n/na074ff89e437
2026-04-05 08:01:34,196 INFO data_pipeline.collectors.note_com_browser: article_scraped url=https://note.com/glad_auklet4142/n/na074ff89e437 title=アップルが600億円を投じる「要塞化」の真意と忍び寄る物価高利益よりも「命綱」を選んだ巨人の恐怖。なぜアップルは割高なアメリカ国内で部品を作り始めるのか？チャイナ・プラスワンが崩壊する日。#Apple #サプライチェーン #地政学リスク #インフレ #台湾有事 #経済分断 body_length=4582 hashtag_count=99
2026-04-05 08:01:34,265 INFO data_pipeline.collectors.note_com_rss: article_saved url=https://note.com/glad_auklet4142/n/na074ff89e437 title=アップルが600億円を投じる「要塞化」の真意と忍び寄る物価高利益よりも「命綱」を選んだ巨人の恐怖。なぜアップルは割高なアメリカ国内で部品を作り始めるのか？チャイナ・プラスワンが崩壊する日。#Apple #サプライチェーン #地政学リスク #インフレ #台湾有事 #経済分断
2026-04-05 08:01:34,265 INFO data_pipeline.collectors.note_com_browser: scraping_article url=https://note.com/glad_auklet4142/n/n92afa64dc942
2026-04-05 08:01:37,127 INFO data_pipeline.collectors.note_com_browser: article_scraped url=https://note.com/glad_auklet4142/n/n92afa64dc942 title=【破壊した街に投じる1.8兆円の罠？】ロシアが仕掛ける静かな兵器。コンクリートで国境線を書き換える。武力を使わない領土の奪い方とは？#ロシア #ウクライナ #インフラ #現状変更 #地政学リスク #戦争と経済 body_length=3752 hashtag_count=99
2026-04-05 08:01:37,208 INFO data_pipeline.collectors.note_com_rss: article_saved url=https://note.com/glad_auklet4142/n/n92afa64dc942 title=【破壊した街に投じる1.8兆円の罠？】ロシアが仕掛ける静かな兵器。コンクリートで国境線を書き換える。武力を使わない領土の奪い方とは？#ロシア #ウクライナ #インフラ #現状変更 #地政学リスク #戦争と経済
2026-04-05 08:01:37,209 INFO data_pipeline.collectors.note_com_browser: scraping_article url=https://note.com/glad_auklet4142/n/n971392d1da08
2026-04-05 08:01:40,850 INFO data_pipeline.collectors.note_com_browser: article_scraped url=https://note.com/glad_auklet4142/n/n971392d1da08 title=【SNSのキャラ作りに疲れたあなたへ】貿易商ポス鳥が12年続けた発信の生存戦略とは？無理な自分は捨て、自然体で売れ。AI時代に読者が求める唯一のものとは？ #在宅副業 #毎日更新 #SNS運用 #自己紹介 #フリーランス #セールスライティング #集客 #独立起業 #ブログ body_length=23847 hashtag_count=99
2026-04-05 08:01:40,922 INFO data_pipeline.collectors.note_com_rss: article_saved url=https://note.com/glad_auklet4142/n/n971392d1da08 title=【SNSのキャラ作りに疲れたあなたへ】貿易商ポス鳥が12年続けた発信の生存戦略とは？無理な自分は捨て、自然体で売れ。AI時代に読者が求める唯一のものとは？ #在宅副業 #毎日更新 #SNS運用 #自己紹介 #フリーランス #セールスライティング #集客 #独立起業 #ブログ
2026-04-05 08:01:40,923 INFO data_pipeline.collectors.note_com_browser: scraping_article url=https://note.com/glad_auklet4142/n/n59ec9c823862
2026-04-05 08:01:44,581 INFO data_pipeline.collectors.note_com_browser: article_scraped url=https://note.com/glad_auklet4142/n/n59ec9c823862 title=「AIを使って、noteで稼ぎたい」初心者が陥るファンマーケティングの罠友達であってATMじゃない。OpenAIがSoraを捨てClaudeが稼ぐ「AIマネタイズのリアル」お金が動く3つのルートを解説。#生成AI #ChatGPT #Gemini #Claude #AI活用 #メンバーシップ #マネタイズ #副業 #ライティング #ビジネス body_length=24730 hashtag_count=99
2026-04-05 08:01:44,666 INFO data_pipeline.collectors.note_com_rss: article_saved url=https://note.com/glad_auklet4142/n/n59ec9c823862 title=「AIを使って、noteで稼ぎたい」初心者が陥るファンマーケティングの罠友達であってATMじゃない。OpenAIがSoraを捨てClaudeが稼ぐ「AIマネタイズのリアル」お金が動く3つのルートを解説。#生成AI #ChatGPT #Gemini #Claude #AI活用 #メンバーシップ #マネタイズ #副業 #ライティング #ビジネス
2026-04-05 08:01:44,666 INFO data_pipeline.collectors.note_com_browser: scraping_article url=https://note.com/hide_taxnote/n/n8e5658fec2a2
2026-04-05 08:01:47,806 INFO data_pipeline.collectors.note_com_browser: article_is_paid_skipping url=https://note.com/hide_taxnote/n/n8e5658fec2a2
2026-04-05 08:01:47,806 INFO data_pipeline.collectors.note_com_rss: article_paid_skipped url=https://note.com/hide_taxnote/n/n8e5658fec2a2
2026-04-05 08:01:47,909 INFO data_pipeline.collectors.note_com_rss: config_updated updated_count=11 timestamp=2026-04-04T23:01:47.908374+00:00
2026-04-05 08:01:47,909 INFO data_pipeline.collectors.note_com_rss: rss_monitor_completed creators_checked=11 new_articles_found=31 articles_saved=6 articles_skipped_paid=25 articles_skipped_duplicate=0 error_count=0
2026-04-05 20:00:06,008 INFO data_pipeline.collectors.note_com_rss: rss_monitor_starting creator_count=11
2026-04-05 20:00:06,373 INFO data_pipeline.collectors.note_com_rss: rss_fetched username=fukuoka1116 entry_count=25
2026-04-05 20:00:07,226 INFO data_pipeline.collectors.note_com_rss: rss_fetched username=sota_career entry_count=25
2026-04-05 20:00:07,898 INFO data_pipeline.collectors.note_com_rss: rss_fetched username=kei_10m_asset entry_count=23
2026-04-05 20:00:08,461 INFO data_pipeline.collectors.note_com_rss: rss_fetched username=careercompass_c entry_count=25
2026-04-05 20:00:09,517 INFO data_pipeline.collectors.note_com_rss: new_entries_found username=careercompass_c new_count=25
2026-04-05 20:00:09,773 INFO data_pipeline.collectors.note_com_rss: rss_fetched username=dandism56 entry_count=25
2026-04-05 20:00:11,068 INFO data_pipeline.collectors.note_com_rss: rss_fetched username=miraicareer_blog entry_count=25
2026-04-05 20:00:11,803 INFO data_pipeline.collectors.note_com_rss: rss_fetched username=glad_auklet4142 entry_count=25
2026-04-05 20:00:13,170 INFO data_pipeline.collectors.note_com_rss: new_entries_found username=glad_auklet4142 new_count=1
2026-04-05 20:00:13,425 INFO data_pipeline.collectors.note_com_rss: rss_fetched username=hide_taxnote entry_count=25
2026-04-05 20:00:14,701 INFO data_pipeline.collectors.note_com_rss: new_entries_found username=hide_taxnote new_count=3
2026-04-05 20:00:15,086 INFO data_pipeline.collectors.note_com_rss: rss_fetched username=mindset_official entry_count=25
2026-04-05 20:00:15,824 INFO data_pipeline.collectors.note_com_rss: rss_fetched username=ruinormalhakkar entry_count=25
2026-04-05 20:00:16,352 INFO data_pipeline.collectors.note_com_rss: rss_fetched username=studyhacker entry_count=0
2026-04-05 20:00:17,611 INFO data_pipeline.collectors.note_com_browser: note_com_browser_started
2026-04-05 20:00:17,611 INFO data_pipeline.collectors.note_com_browser: scraping_article url=https://note.com/careercompass_c/n/ne65d91a3e197
2026-04-05 20:00:20,928 INFO data_pipeline.collectors.note_com_browser: article_is_paid_skipping url=https://note.com/careercompass_c/n/ne65d91a3e197
2026-04-05 20:00:20,928 INFO data_pipeline.collectors.note_com_rss: article_paid_skipped url=https://note.com/careercompass_c/n/ne65d91a3e197
2026-04-05 20:00:20,928 INFO data_pipeline.collectors.note_com_browser: scraping_article url=https://note.com/careercompass_c/n/n3ddabf441e99
2026-04-05 20:00:23,556 INFO data_pipeline.collectors.note_com_browser: article_is_paid_skipping url=https://note.com/careercompass_c/n/n3ddabf441e99
2026-04-05 20:00:23,557 INFO data_pipeline.collectors.note_com_rss: article_paid_skipped url=https://note.com/careercompass_c/n/n3ddabf441e99
2026-04-05 20:00:23,557 INFO data_pipeline.collectors.note_com_browser: scraping_article url=https://note.com/careercompass_c/n/nab1c0f5fb649
2026-04-05 20:00:26,434 INFO data_pipeline.collectors.note_com_browser: article_is_paid_skipping url=https://note.com/careercompass_c/n/nab1c0f5fb649
2026-04-05 20:00:26,434 INFO data_pipeline.collectors.note_com_rss: article_paid_skipped url=https://note.com/careercompass_c/n/nab1c0f5fb649
2026-04-05 20:00:26,434 INFO data_pipeline.collectors.note_com_browser: scraping_article url=https://note.com/careercompass_c/n/nbcc50b14303b
2026-04-05 20:00:29,273 INFO data_pipeline.collectors.note_com_browser: article_is_paid_skipping url=https://note.com/careercompass_c/n/nbcc50b14303b
2026-04-05 20:00:29,274 INFO data_pipeline.collectors.note_com_rss: article_paid_skipped url=https://note.com/careercompass_c/n/nbcc50b14303b
2026-04-05 20:00:29,274 INFO data_pipeline.collectors.note_com_browser: scraping_article url=https://note.com/careercompass_c/n/nee139e4aed6e
2026-04-05 20:00:32,163 INFO data_pipeline.collectors.note_com_browser: article_is_paid_skipping url=https://note.com/careercompass_c/n/nee139e4aed6e
2026-04-05 20:00:32,163 INFO data_pipeline.collectors.note_com_rss: article_paid_skipped url=https://note.com/careercompass_c/n/nee139e4aed6e
2026-04-05 20:00:32,164 INFO data_pipeline.collectors.note_com_browser: scraping_article url=https://note.com/careercompass_c/n/n975ec9045413
2026-04-05 20:00:34,780 INFO data_pipeline.collectors.note_com_browser: article_is_paid_skipping url=https://note.com/careercompass_c/n/n975ec9045413
2026-04-05 20:00:34,780 INFO data_pipeline.collectors.note_com_rss: article_paid_skipped url=https://note.com/careercompass_c/n/n975ec9045413
2026-04-05 20:00:34,780 INFO data_pipeline.collectors.note_com_browser: scraping_article url=https://note.com/careercompass_c/n/nb87f083bddf7
2026-04-05 20:00:37,262 INFO data_pipeline.collectors.note_com_browser: article_is_paid_skipping url=https://note.com/careercompass_c/n/nb87f083bddf7
2026-04-05 20:00:37,262 INFO data_pipeline.collectors.note_com_rss: article_paid_skipped url=https://note.com/careercompass_c/n/nb87f083bddf7
2026-04-05 20:00:37,262 INFO data_pipeline.collectors.note_com_browser: scraping_article url=https://note.com/careercompass_c/n/n887c8b4e15fc
2026-04-05 20:00:40,193 INFO data_pipeline.collectors.note_com_browser: article_is_paid_skipping url=https://note.com/careercompass_c/n/n887c8b4e15fc
2026-04-05 20:00:40,193 INFO data_pipeline.collectors.note_com_rss: article_paid_skipped url=https://note.com/careercompass_c/n/n887c8b4e15fc
2026-04-05 20:00:40,193 INFO data_pipeline.collectors.note_com_browser: scraping_article url=https://note.com/careercompass_c/n/n8c05069ca5e4
2026-04-05 20:00:42,744 INFO data_pipeline.collectors.note_com_browser: article_is_paid_skipping url=https://note.com/careercompass_c/n/n8c05069ca5e4
2026-04-05 20:00:42,744 INFO data_pipeline.collectors.note_com_rss: article_paid_skipped url=https://note.com/careercompass_c/n/n8c05069ca5e4
2026-04-05 20:00:42,744 INFO data_pipeline.collectors.note_com_browser: scraping_article url=https://note.com/careercompass_c/n/n11a29b53043c
2026-04-05 20:00:45,530 INFO data_pipeline.collectors.note_com_browser: article_is_paid_skipping url=https://note.com/careercompass_c/n/n11a29b53043c
2026-04-05 20:00:45,530 INFO data_pipeline.collectors.note_com_rss: article_paid_skipped url=https://note.com/careercompass_c/n/n11a29b53043c
2026-04-05 20:00:45,530 INFO data_pipeline.collectors.note_com_browser: scraping_article url=https://note.com/careercompass_c/n/n18dda1c72d9e
2026-04-05 20:00:48,035 INFO data_pipeline.collectors.note_com_browser: article_is_paid_skipping url=https://note.com/careercompass_c/n/n18dda1c72d9e
2026-04-05 20:00:48,035 INFO data_pipeline.collectors.note_com_rss: article_paid_skipped url=https://note.com/careercompass_c/n/n18dda1c72d9e
2026-04-05 20:00:48,035 INFO data_pipeline.collectors.note_com_browser: scraping_article url=https://note.com/careercompass_c/n/nc84c74784256
2026-04-05 20:00:50,882 INFO data_pipeline.collectors.note_com_browser: article_is_paid_skipping url=https://note.com/careercompass_c/n/nc84c74784256
2026-04-05 20:00:50,882 INFO data_pipeline.collectors.note_com_rss: article_paid_skipped url=https://note.com/careercompass_c/n/nc84c74784256
2026-04-05 20:00:50,882 INFO data_pipeline.collectors.note_com_browser: scraping_article url=https://note.com/careercompass_c/n/nf2be9b1c7a26
2026-04-05 20:00:54,085 INFO data_pipeline.collectors.note_com_browser: article_is_paid_skipping url=https://note.com/careercompass_c/n/nf2be9b1c7a26
2026-04-05 20:00:54,085 INFO data_pipeline.collectors.note_com_rss: article_paid_skipped url=https://note.com/careercompass_c/n/nf2be9b1c7a26
2026-04-05 20:00:54,085 INFO data_pipeline.collectors.note_com_browser: scraping_article url=https://note.com/careercompass_c/n/n15730f62b2f8
2026-04-05 20:00:57,056 INFO data_pipeline.collectors.note_com_browser: article_is_paid_skipping url=https://note.com/careercompass_c/n/n15730f62b2f8
2026-04-05 20:00:57,057 INFO data_pipeline.collectors.note_com_rss: article_paid_skipped url=https://note.com/careercompass_c/n/n15730f62b2f8
2026-04-05 20:00:57,057 INFO data_pipeline.collectors.note_com_browser: scraping_article url=https://note.com/careercompass_c/n/n9ba4c8f31f53
2026-04-05 20:00:59,674 INFO data_pipeline.collectors.note_com_browser: article_is_paid_skipping url=https://note.com/careercompass_c/n/n9ba4c8f31f53
2026-04-05 20:00:59,674 INFO data_pipeline.collectors.note_com_rss: article_paid_skipped url=https://note.com/careercompass_c/n/n9ba4c8f31f53
2026-04-05 20:00:59,674 INFO data_pipeline.collectors.note_com_browser: scraping_article url=https://note.com/careercompass_c/n/n884d45940815
2026-04-05 20:01:02,992 INFO data_pipeline.collectors.note_com_browser: article_is_paid_skipping url=https://note.com/careercompass_c/n/n884d45940815
2026-04-05 20:01:02,993 INFO data_pipeline.collectors.note_com_rss: article_paid_skipped url=https://note.com/careercompass_c/n/n884d45940815
2026-04-05 20:01:02,993 INFO data_pipeline.collectors.note_com_browser: scraping_article url=https://note.com/careercompass_c/n/n4e12b960260b
2026-04-05 20:01:05,833 INFO data_pipeline.collectors.note_com_browser: article_is_paid_skipping url=https://note.com/careercompass_c/n/n4e12b960260b
2026-04-05 20:01:05,833 INFO data_pipeline.collectors.note_com_rss: article_paid_skipped url=https://note.com/careercompass_c/n/n4e12b960260b
2026-04-05 20:01:05,833 INFO data_pipeline.collectors.note_com_browser: scraping_article url=https://note.com/careercompass_c/n/nb3e01389a544
2026-04-05 20:01:08,696 INFO data_pipeline.collectors.note_com_browser: article_is_paid_skipping url=https://note.com/careercompass_c/n/nb3e01389a544
2026-04-05 20:01:08,696 INFO data_pipeline.collectors.note_com_rss: article_paid_skipped url=https://note.com/careercompass_c/n/nb3e01389a544
2026-04-05 20:01:08,696 INFO data_pipeline.collectors.note_com_browser: scraping_article url=https://note.com/careercompass_c/n/nabda0f318756
2026-04-05 20:01:43,539 INFO data_pipeline.collectors.note_com_browser: article_scraped url=https://note.com/careercompass_c/n/nabda0f318756 title= body_length=0 hashtag_count=0
2026-04-05 20:01:43,540 WARNING data_pipeline.collectors.note_com_rss: article_empty_body url=https://note.com/careercompass_c/n/nabda0f318756
2026-04-05 20:01:43,541 INFO data_pipeline.collectors.note_com_browser: scraping_article url=https://note.com/careercompass_c/n/nba28a9d16e92
2026-04-05 20:01:46,154 INFO data_pipeline.collectors.note_com_browser: article_is_paid_skipping url=https://note.com/careercompass_c/n/nba28a9d16e92
2026-04-05 20:01:46,154 INFO data_pipeline.collectors.note_com_rss: article_paid_skipped url=https://note.com/careercompass_c/n/nba28a9d16e92
2026-04-05 20:01:46,154 INFO data_pipeline.collectors.note_com_browser: scraping_article url=https://note.com/careercompass_c/n/n6d4f0b480e07
2026-04-05 20:01:49,015 INFO data_pipeline.collectors.note_com_browser: article_is_paid_skipping url=https://note.com/careercompass_c/n/n6d4f0b480e07
2026-04-05 20:01:49,015 INFO data_pipeline.collectors.note_com_rss: article_paid_skipped url=https://note.com/careercompass_c/n/n6d4f0b480e07
2026-04-05 20:01:49,015 INFO data_pipeline.collectors.note_com_browser: scraping_article url=https://note.com/careercompass_c/n/n445614f4ccd0
2026-04-05 20:01:51,593 INFO data_pipeline.collectors.note_com_browser: article_is_paid_skipping url=https://note.com/careercompass_c/n/n445614f4ccd0
2026-04-05 20:01:51,593 INFO data_pipeline.collectors.note_com_rss: article_paid_skipped url=https://note.com/careercompass_c/n/n445614f4ccd0
2026-04-05 20:01:51,593 INFO data_pipeline.collectors.note_com_browser: scraping_article url=https://note.com/careercompass_c/n/n731f33a4b0fa
2026-04-05 20:01:54,361 INFO data_pipeline.collectors.note_com_browser: article_is_paid_skipping url=https://note.com/careercompass_c/n/n731f33a4b0fa
2026-04-05 20:01:54,361 INFO data_pipeline.collectors.note_com_rss: article_paid_skipped url=https://note.com/careercompass_c/n/n731f33a4b0fa
2026-04-05 20:01:54,361 INFO data_pipeline.collectors.note_com_browser: scraping_article url=https://note.com/careercompass_c/n/n12f8c7f7e2c8
2026-04-05 20:01:56,805 INFO data_pipeline.collectors.note_com_browser: article_is_paid_skipping url=https://note.com/careercompass_c/n/n12f8c7f7e2c8
2026-04-05 20:01:56,805 INFO data_pipeline.collectors.note_com_rss: article_paid_skipped url=https://note.com/careercompass_c/n/n12f8c7f7e2c8
2026-04-05 20:01:56,805 INFO data_pipeline.collectors.note_com_browser: scraping_article url=https://note.com/careercompass_c/n/n21c4a15a6cd5
2026-04-05 20:01:59,381 INFO data_pipeline.collectors.note_com_browser: article_is_paid_skipping url=https://note.com/careercompass_c/n/n21c4a15a6cd5
2026-04-05 20:01:59,381 INFO data_pipeline.collectors.note_com_rss: article_paid_skipped url=https://note.com/careercompass_c/n/n21c4a15a6cd5
2026-04-05 20:01:59,381 INFO data_pipeline.collectors.note_com_browser: scraping_article url=https://note.com/glad_auklet4142/n/n8fa91805a821
2026-04-05 20:02:02,911 INFO data_pipeline.collectors.note_com_browser: article_scraped url=https://note.com/glad_auklet4142/n/n8fa91805a821 title=【有料記事は「売れない前提」で出せ】さっさと出して、さっさと折れろ。初めての有料記事が1本も売れない残酷な理由。脳の損失回避バグを乗り越えろ。 #有料note #コンテンツ販売 #記事 #ライティング #マーケティング #ビジネスマインド #自己啓発 #成功哲学 #ビジネス書 #Kindle出版 body_length=18938 hashtag_count=99
2026-04-05 20:02:03,013 INFO data_pipeline.collectors.note_com_rss: article_saved url=https://note.com/glad_auklet4142/n/n8fa91805a821 title=【有料記事は「売れない前提」で出せ】さっさと出して、さっさと折れろ。初めての有料記事が1本も売れない残酷な理由。脳の損失回避バグを乗り越えろ。 #有料note #コンテンツ販売 #記事 #ライティング #マーケティング #ビジネスマインド #自己啓発 #成功哲学 #ビジネス書 #Kindle出版
2026-04-05 20:02:03,013 INFO data_pipeline.collectors.note_com_browser: scraping_article url=https://note.com/hide_taxnote/n/nec71a3cc6add
2026-04-05 20:02:05,589 INFO data_pipeline.collectors.note_com_browser: article_scraped url=https://note.com/hide_taxnote/n/nec71a3cc6add title=明日からの株式市場の注目ポイント｜イベント・テーマ・週末ニュースを整理 body_length=6044 hashtag_count=11
2026-04-05 20:02:05,720 INFO data_pipeline.collectors.note_com_rss: article_saved url=https://note.com/hide_taxnote/n/nec71a3cc6add title=明日からの株式市場の注目ポイント｜イベント・テーマ・週末ニュースを整理
2026-04-05 20:02:05,720 INFO data_pipeline.collectors.note_com_browser: scraping_article url=https://note.com/hide_taxnote/n/n46b4494ab32e
2026-04-05 20:02:41,082 INFO data_pipeline.collectors.note_com_browser: article_scraped url=https://note.com/hide_taxnote/n/n46b4494ab32e title= body_length=0 hashtag_count=0
2026-04-05 20:02:41,082 WARNING data_pipeline.collectors.note_com_rss: article_empty_body url=https://note.com/hide_taxnote/n/n46b4494ab32e
2026-04-05 20:02:41,083 INFO data_pipeline.collectors.note_com_browser: scraping_article url=https://note.com/hide_taxnote/n/n8e5658fec2a2
2026-04-05 20:02:44,545 INFO data_pipeline.collectors.note_com_browser: article_is_paid_skipping url=https://note.com/hide_taxnote/n/n8e5658fec2a2
2026-04-05 20:02:44,545 INFO data_pipeline.collectors.note_com_rss: article_paid_skipped url=https://note.com/hide_taxnote/n/n8e5658fec2a2
2026-04-05 20:02:44,615 INFO data_pipeline.collectors.note_com_rss: config_updated updated_count=11 timestamp=2026-04-05T11:02:44.614836+00:00
2026-04-05 20:02:44,615 INFO data_pipeline.collectors.note_com_rss: rss_monitor_completed creators_checked=11 new_articles_found=29 articles_saved=2 articles_skipped_paid=25 articles_skipped_duplicate=0 error_count=2
2026-04-06 08:00:05,191 INFO data_pipeline.collectors.note_com_rss: rss_monitor_starting creator_count=11
2026-04-06 08:00:10,197 INFO data_pipeline.collectors.note_com_rss: rss_fetched username=fukuoka1116 entry_count=25
2026-04-06 08:00:11,935 INFO data_pipeline.collectors.note_com_rss: rss_fetched username=sota_career entry_count=25
2026-04-06 08:00:13,313 INFO data_pipeline.collectors.note_com_rss: rss_fetched username=kei_10m_asset entry_count=23
2026-04-06 08:00:13,928 INFO data_pipeline.collectors.note_com_rss: rss_fetched username=careercompass_c entry_count=25
2026-04-06 08:00:14,115 INFO data_pipeline.collectors.note_com_rss: new_entries_found username=careercompass_c new_count=25
2026-04-06 08:00:14,789 INFO data_pipeline.collectors.note_com_rss: rss_fetched username=dandism56 entry_count=25
2026-04-06 08:00:15,365 INFO data_pipeline.collectors.note_com_rss: new_entries_found username=dandism56 new_count=1
2026-04-06 08:00:16,012 INFO data_pipeline.collectors.note_com_rss: rss_fetched username=miraicareer_blog entry_count=25
2026-04-06 08:00:17,210 INFO data_pipeline.collectors.note_com_rss: rss_fetched username=glad_auklet4142 entry_count=25
2026-04-06 08:00:18,203 INFO data_pipeline.collectors.note_com_rss: new_entries_found username=glad_auklet4142 new_count=4
2026-04-06 08:00:18,861 INFO data_pipeline.collectors.note_com_rss: rss_fetched username=hide_taxnote entry_count=25
2026-04-06 08:00:19,492 INFO data_pipeline.collectors.note_com_rss: new_entries_found username=hide_taxnote new_count=2
2026-04-06 08:00:20,217 INFO data_pipeline.collectors.note_com_rss: rss_fetched username=mindset_official entry_count=25
2026-04-06 08:00:22,012 INFO data_pipeline.collectors.note_com_rss: rss_fetched username=ruinormalhakkar entry_count=25
2026-04-06 08:00:22,721 INFO data_pipeline.collectors.note_com_rss: rss_fetched username=studyhacker entry_count=0
2026-04-06 08:00:23,919 INFO data_pipeline.collectors.note_com_browser: note_com_browser_started
2026-04-06 08:00:23,919 INFO data_pipeline.collectors.note_com_browser: scraping_article url=https://note.com/careercompass_c/n/ne65d91a3e197
2026-04-06 08:00:27,918 INFO data_pipeline.collectors.note_com_browser: article_is_paid_skipping url=https://note.com/careercompass_c/n/ne65d91a3e197
2026-04-06 08:00:27,918 INFO data_pipeline.collectors.note_com_rss: article_paid_skipped url=https://note.com/careercompass_c/n/ne65d91a3e197
2026-04-06 08:00:27,918 INFO data_pipeline.collectors.note_com_browser: scraping_article url=https://note.com/careercompass_c/n/n3ddabf441e99
2026-04-06 08:00:30,881 INFO data_pipeline.collectors.note_com_browser: article_is_paid_skipping url=https://note.com/careercompass_c/n/n3ddabf441e99
2026-04-06 08:00:30,882 INFO data_pipeline.collectors.note_com_rss: article_paid_skipped url=https://note.com/careercompass_c/n/n3ddabf441e99
2026-04-06 08:00:30,882 INFO data_pipeline.collectors.note_com_browser: scraping_article url=https://note.com/careercompass_c/n/nab1c0f5fb649
2026-04-06 08:00:33,333 INFO data_pipeline.collectors.note_com_browser: article_is_paid_skipping url=https://note.com/careercompass_c/n/nab1c0f5fb649
2026-04-06 08:00:33,333 INFO data_pipeline.collectors.note_com_rss: article_paid_skipped url=https://note.com/careercompass_c/n/nab1c0f5fb649
2026-04-06 08:00:33,333 INFO data_pipeline.collectors.note_com_browser: scraping_article url=https://note.com/careercompass_c/n/nbcc50b14303b
2026-04-06 08:00:36,192 INFO data_pipeline.collectors.note_com_browser: article_is_paid_skipping url=https://note.com/careercompass_c/n/nbcc50b14303b
2026-04-06 08:00:36,193 INFO data_pipeline.collectors.note_com_rss: article_paid_skipped url=https://note.com/careercompass_c/n/nbcc50b14303b
2026-04-06 08:00:36,193 INFO data_pipeline.collectors.note_com_browser: scraping_article url=https://note.com/careercompass_c/n/nee139e4aed6e
2026-04-06 08:00:38,988 INFO data_pipeline.collectors.note_com_browser: article_is_paid_skipping url=https://note.com/careercompass_c/n/nee139e4aed6e
2026-04-06 08:00:38,988 INFO data_pipeline.collectors.note_com_rss: article_paid_skipped url=https://note.com/careercompass_c/n/nee139e4aed6e
2026-04-06 08:00:38,988 INFO data_pipeline.collectors.note_com_browser: scraping_article url=https://note.com/careercompass_c/n/n975ec9045413
2026-04-06 08:00:41,854 INFO data_pipeline.collectors.note_com_browser: article_is_paid_skipping url=https://note.com/careercompass_c/n/n975ec9045413
2026-04-06 08:00:41,854 INFO data_pipeline.collectors.note_com_rss: article_paid_skipped url=https://note.com/careercompass_c/n/n975ec9045413
2026-04-06 08:00:41,854 INFO data_pipeline.collectors.note_com_browser: scraping_article url=https://note.com/careercompass_c/n/nb87f083bddf7
2026-04-06 08:00:44,781 INFO data_pipeline.collectors.note_com_browser: article_is_paid_skipping url=https://note.com/careercompass_c/n/nb87f083bddf7
2026-04-06 08:00:44,782 INFO data_pipeline.collectors.note_com_rss: article_paid_skipped url=https://note.com/careercompass_c/n/nb87f083bddf7
2026-04-06 08:00:44,782 INFO data_pipeline.collectors.note_com_browser: scraping_article url=https://note.com/careercompass_c/n/n887c8b4e15fc
2026-04-06 08:00:47,186 INFO data_pipeline.collectors.note_com_browser: article_is_paid_skipping url=https://note.com/careercompass_c/n/n887c8b4e15fc
2026-04-06 08:00:47,187 INFO data_pipeline.collectors.note_com_rss: article_paid_skipped url=https://note.com/careercompass_c/n/n887c8b4e15fc
2026-04-06 08:00:47,187 INFO data_pipeline.collectors.note_com_browser: scraping_article url=https://note.com/careercompass_c/n/n8c05069ca5e4
2026-04-06 08:00:49,908 INFO data_pipeline.collectors.note_com_browser: article_is_paid_skipping url=https://note.com/careercompass_c/n/n8c05069ca5e4
2026-04-06 08:00:49,908 INFO data_pipeline.collectors.note_com_rss: article_paid_skipped url=https://note.com/careercompass_c/n/n8c05069ca5e4
2026-04-06 08:00:49,908 INFO data_pipeline.collectors.note_com_browser: scraping_article url=https://note.com/careercompass_c/n/n11a29b53043c
2026-04-06 08:00:52,573 INFO data_pipeline.collectors.note_com_browser: article_is_paid_skipping url=https://note.com/careercompass_c/n/n11a29b53043c
2026-04-06 08:00:52,574 INFO data_pipeline.collectors.note_com_rss: article_paid_skipped url=https://note.com/careercompass_c/n/n11a29b53043c
2026-04-06 08:00:52,574 INFO data_pipeline.collectors.note_com_browser: scraping_article url=https://note.com/careercompass_c/n/n18dda1c72d9e
2026-04-06 08:00:55,325 INFO data_pipeline.collectors.note_com_browser: article_is_paid_skipping url=https://note.com/careercompass_c/n/n18dda1c72d9e
2026-04-06 08:00:55,325 INFO data_pipeline.collectors.note_com_rss: article_paid_skipped url=https://note.com/careercompass_c/n/n18dda1c72d9e
2026-04-06 08:00:55,325 INFO data_pipeline.collectors.note_com_browser: scraping_article url=https://note.com/careercompass_c/n/nc84c74784256
2026-04-06 08:00:57,791 INFO data_pipeline.collectors.note_com_browser: article_is_paid_skipping url=https://note.com/careercompass_c/n/nc84c74784256
2026-04-06 08:00:57,791 INFO data_pipeline.collectors.note_com_rss: article_paid_skipped url=https://note.com/careercompass_c/n/nc84c74784256
2026-04-06 08:00:57,791 INFO data_pipeline.collectors.note_com_browser: scraping_article url=https://note.com/careercompass_c/n/nf2be9b1c7a26
2026-04-06 08:01:00,204 INFO data_pipeline.collectors.note_com_browser: article_is_paid_skipping url=https://note.com/careercompass_c/n/nf2be9b1c7a26
2026-04-06 08:01:00,204 INFO data_pipeline.collectors.note_com_rss: article_paid_skipped url=https://note.com/careercompass_c/n/nf2be9b1c7a26
2026-04-06 08:01:00,204 INFO data_pipeline.collectors.note_com_browser: scraping_article url=https://note.com/careercompass_c/n/n15730f62b2f8
2026-04-06 08:01:02,881 INFO data_pipeline.collectors.note_com_browser: article_is_paid_skipping url=https://note.com/careercompass_c/n/n15730f62b2f8
2026-04-06 08:01:02,882 INFO data_pipeline.collectors.note_com_rss: article_paid_skipped url=https://note.com/careercompass_c/n/n15730f62b2f8
2026-04-06 08:01:02,882 INFO data_pipeline.collectors.note_com_browser: scraping_article url=https://note.com/careercompass_c/n/n9ba4c8f31f53
2026-04-06 08:01:05,626 INFO data_pipeline.collectors.note_com_browser: article_is_paid_skipping url=https://note.com/careercompass_c/n/n9ba4c8f31f53
2026-04-06 08:01:05,626 INFO data_pipeline.collectors.note_com_rss: article_paid_skipped url=https://note.com/careercompass_c/n/n9ba4c8f31f53
2026-04-06 08:01:05,626 INFO data_pipeline.collectors.note_com_browser: scraping_article url=https://note.com/careercompass_c/n/n884d45940815
2026-04-06 08:01:08,374 INFO data_pipeline.collectors.note_com_browser: article_is_paid_skipping url=https://note.com/careercompass_c/n/n884d45940815
2026-04-06 08:01:08,374 INFO data_pipeline.collectors.note_com_rss: article_paid_skipped url=https://note.com/careercompass_c/n/n884d45940815
2026-04-06 08:01:08,374 INFO data_pipeline.collectors.note_com_browser: scraping_article url=https://note.com/careercompass_c/n/n4e12b960260b
2026-04-06 08:01:11,294 INFO data_pipeline.collectors.note_com_browser: article_is_paid_skipping url=https://note.com/careercompass_c/n/n4e12b960260b
2026-04-06 08:01:11,294 INFO data_pipeline.collectors.note_com_rss: article_paid_skipped url=https://note.com/careercompass_c/n/n4e12b960260b
2026-04-06 08:01:11,294 INFO data_pipeline.collectors.note_com_browser: scraping_article url=https://note.com/careercompass_c/n/nb3e01389a544
2026-04-06 08:01:14,006 INFO data_pipeline.collectors.note_com_browser: article_is_paid_skipping url=https://note.com/careercompass_c/n/nb3e01389a544
2026-04-06 08:01:14,006 INFO data_pipeline.collectors.note_com_rss: article_paid_skipped url=https://note.com/careercompass_c/n/nb3e01389a544
2026-04-06 08:01:14,006 INFO data_pipeline.collectors.note_com_browser: scraping_article url=https://note.com/careercompass_c/n/nabda0f318756
2026-04-06 08:01:16,533 INFO data_pipeline.collectors.note_com_browser: article_is_paid_skipping url=https://note.com/careercompass_c/n/nabda0f318756
2026-04-06 08:01:16,533 INFO data_pipeline.collectors.note_com_rss: article_paid_skipped url=https://note.com/careercompass_c/n/nabda0f318756
2026-04-06 08:01:16,533 INFO data_pipeline.collectors.note_com_browser: scraping_article url=https://note.com/careercompass_c/n/nba28a9d16e92
2026-04-06 08:01:19,265 INFO data_pipeline.collectors.note_com_browser: article_is_paid_skipping url=https://note.com/careercompass_c/n/nba28a9d16e92
2026-04-06 08:01:19,265 INFO data_pipeline.collectors.note_com_rss: article_paid_skipped url=https://note.com/careercompass_c/n/nba28a9d16e92
2026-04-06 08:01:19,265 INFO data_pipeline.collectors.note_com_browser: scraping_article url=https://note.com/careercompass_c/n/n6d4f0b480e07
2026-04-06 08:01:22,018 INFO data_pipeline.collectors.note_com_browser: article_is_paid_skipping url=https://note.com/careercompass_c/n/n6d4f0b480e07
2026-04-06 08:01:22,019 INFO data_pipeline.collectors.note_com_rss: article_paid_skipped url=https://note.com/careercompass_c/n/n6d4f0b480e07
2026-04-06 08:01:22,019 INFO data_pipeline.collectors.note_com_browser: scraping_article url=https://note.com/careercompass_c/n/n445614f4ccd0
2026-04-06 08:01:24,613 INFO data_pipeline.collectors.note_com_browser: article_is_paid_skipping url=https://note.com/careercompass_c/n/n445614f4ccd0
2026-04-06 08:01:24,613 INFO data_pipeline.collectors.note_com_rss: article_paid_skipped url=https://note.com/careercompass_c/n/n445614f4ccd0
2026-04-06 08:01:24,613 INFO data_pipeline.collectors.note_com_browser: scraping_article url=https://note.com/careercompass_c/n/n731f33a4b0fa
2026-04-06 08:01:27,266 INFO data_pipeline.collectors.note_com_browser: article_is_paid_skipping url=https://note.com/careercompass_c/n/n731f33a4b0fa
2026-04-06 08:01:27,266 INFO data_pipeline.collectors.note_com_rss: article_paid_skipped url=https://note.com/careercompass_c/n/n731f33a4b0fa
2026-04-06 08:01:27,266 INFO data_pipeline.collectors.note_com_browser: scraping_article url=https://note.com/careercompass_c/n/n12f8c7f7e2c8
2026-04-06 08:01:30,001 INFO data_pipeline.collectors.note_com_browser: article_is_paid_skipping url=https://note.com/careercompass_c/n/n12f8c7f7e2c8
2026-04-06 08:01:30,002 INFO data_pipeline.collectors.note_com_rss: article_paid_skipped url=https://note.com/careercompass_c/n/n12f8c7f7e2c8
2026-04-06 08:01:30,002 INFO data_pipeline.collectors.note_com_browser: scraping_article url=https://note.com/careercompass_c/n/n21c4a15a6cd5
2026-04-06 08:01:32,432 INFO data_pipeline.collectors.note_com_browser: article_is_paid_skipping url=https://note.com/careercompass_c/n/n21c4a15a6cd5
2026-04-06 08:01:32,432 INFO data_pipeline.collectors.note_com_rss: article_paid_skipped url=https://note.com/careercompass_c/n/n21c4a15a6cd5
2026-04-06 08:01:32,432 INFO data_pipeline.collectors.note_com_browser: scraping_article url=https://note.com/dandism56/n/n1c1d36bc21dd
2026-04-06 08:01:35,559 INFO data_pipeline.collectors.note_com_browser: article_scraped url=https://note.com/dandism56/n/n1c1d36bc21dd title=note連続投稿で実感した「自己効力感」とは？ body_length=3848 hashtag_count=47
2026-04-06 08:01:35,683 INFO data_pipeline.collectors.note_com_rss: article_saved url=https://note.com/dandism56/n/n1c1d36bc21dd title=note連続投稿で実感した「自己効力感」とは？
2026-04-06 08:01:35,683 INFO data_pipeline.collectors.note_com_browser: scraping_article url=https://note.com/glad_auklet4142/n/n73f930eee028
2026-04-06 08:01:39,458 INFO data_pipeline.collectors.note_com_browser: article_scraped url=https://note.com/glad_auklet4142/n/n73f930eee028 title=91.7%で未来の記憶が見える「……まどろみを教えてほしい」｜AIさんのミッドナイトステーション ※4 #私の仕事 #エッセイ #コラム #日記 #ブログ #ライティング #文章術 #コンテンツ  body_length=10196 hashtag_count=93
2026-04-06 08:01:39,522 INFO data_pipeline.collectors.note_com_rss: article_saved url=https://note.com/glad_auklet4142/n/n73f930eee028 title=91.7%で未来の記憶が見える「……まどろみを教えてほしい」｜AIさんのミッドナイトステーション ※4 #私の仕事 #エッセイ #コラム #日記 #ブログ #ライティング #文章術 #コンテンツ 
2026-04-06 08:01:39,522 INFO data_pipeline.collectors.note_com_browser: scraping_article url=https://note.com/glad_auklet4142/n/n4250ce6f7529
2026-04-06 08:01:42,379 INFO data_pipeline.collectors.note_com_browser: article_scraped url=https://note.com/glad_auklet4142/n/n4250ce6f7529 title=【AI丸投げの末路…検索圏外へ消える不良物件】AI丸投げ記事の集客力はたった3ヶ月で崩壊？ 2000記事の大実験が突きつけた不都合な真実 #生成AI #ブログ #SEO #Googleアップデート #起業 #副業 #コンテンツマーケティング body_length=4549 hashtag_count=100
2026-04-06 08:01:42,510 INFO data_pipeline.collectors.note_com_rss: article_saved url=https://note.com/glad_auklet4142/n/n4250ce6f7529 title=【AI丸投げの末路…検索圏外へ消える不良物件】AI丸投げ記事の集客力はたった3ヶ月で崩壊？ 2000記事の大実験が突きつけた不都合な真実 #生成AI #ブログ #SEO #Googleアップデート #起業 #副業 #コンテンツマーケティング
2026-04-06 08:01:42,510 INFO data_pipeline.collectors.note_com_browser: scraping_article url=https://note.com/glad_auklet4142/n/n4395b3813379
2026-04-06 08:01:46,259 INFO data_pipeline.collectors.note_com_browser: article_scraped url=https://note.com/glad_auklet4142/n/n4395b3813379 title=【読者からの質問】「血液検査でアルツハイマーがわかるって本当ですか？　母が最近もの忘れがひどくて……」&nbsp;アルツハイマー血液検査の残酷な真実。わかるのに治せない「記憶の時限爆弾」#アルツハイマー #血液検査 #認知症 #レカネマブ #医療の現実 #老後不安 body_length=4002 hashtag_count=93
2026-04-06 08:01:46,385 INFO data_pipeline.collectors.note_com_rss: article_saved url=https://note.com/glad_auklet4142/n/n4395b3813379 title=【読者からの質問】「血液検査でアルツハイマーがわかるって本当ですか？　母が最近もの忘れがひどくて……」&nbsp;アルツハイマー血液検査の残酷な真実。わかるのに治せない「記憶の時限爆弾」#アルツハイマー #血液検査 #認知症 #レカネマブ #医療の現実 #老後不安
2026-04-06 08:01:46,385 INFO data_pipeline.collectors.note_com_browser: scraping_article url=https://note.com/glad_auklet4142/n/na685808aeef9
2026-04-06 08:01:50,061 INFO data_pipeline.collectors.note_com_browser: article_scraped url=https://note.com/glad_auklet4142/n/na685808aeef9 title=【あなたの仕事に意味はあるのか？】働く意味を見失った人へ。灯台守は鉛筆を知らない——"社会貢献"が見えない貿易商12年の答え。 #いまあなたに伝えたいこと #自己紹介 #健康管理 #身体についてのひとりごと #新生活 #新年度 #自分らしさ #心地よさ #丁寧な暮らし body_length=21672 hashtag_count=100
2026-04-06 08:01:50,135 INFO data_pipeline.collectors.note_com_rss: article_saved url=https://note.com/glad_auklet4142/n/na685808aeef9 title=【あなたの仕事に意味はあるのか？】働く意味を見失った人へ。灯台守は鉛筆を知らない——"社会貢献"が見えない貿易商12年の答え。 #いまあなたに伝えたいこと #自己紹介 #健康管理 #身体についてのひとりごと #新生活 #新年度 #自分らしさ #心地よさ #丁寧な暮らし
2026-04-06 08:01:50,136 INFO data_pipeline.collectors.note_com_browser: scraping_article url=https://note.com/hide_taxnote/n/n46b4494ab32e
2026-04-06 08:01:53,127 INFO data_pipeline.collectors.note_com_browser: article_scraped url=https://note.com/hide_taxnote/n/n46b4494ab32e title=NISAで人気の投資信託8選を比較｜直近3か月の値動きと今後の見通し【2026年4月版】 body_length=4680 hashtag_count=8
2026-04-06 08:01:53,199 INFO data_pipeline.collectors.note_com_rss: article_saved url=https://note.com/hide_taxnote/n/n46b4494ab32e title=NISAで人気の投資信託8選を比較｜直近3か月の値動きと今後の見通し【2026年4月版】
2026-04-06 08:01:53,199 INFO data_pipeline.collectors.note_com_browser: scraping_article url=https://note.com/hide_taxnote/n/n8e5658fec2a2
2026-04-06 08:01:56,495 INFO data_pipeline.collectors.note_com_browser: article_is_paid_skipping url=https://note.com/hide_taxnote/n/n8e5658fec2a2
2026-04-06 08:01:56,495 INFO data_pipeline.collectors.note_com_rss: article_paid_skipped url=https://note.com/hide_taxnote/n/n8e5658fec2a2
2026-04-06 08:01:56,579 INFO data_pipeline.collectors.note_com_rss: config_updated updated_count=11 timestamp=2026-04-05T23:01:56.579138+00:00
2026-04-06 08:01:56,579 INFO data_pipeline.collectors.note_com_rss: rss_monitor_completed creators_checked=11 new_articles_found=32 articles_saved=6 articles_skipped_paid=26 articles_skipped_duplicate=0 error_count=0
2026-04-06 20:00:06,113 INFO data_pipeline.collectors.note_com_rss: rss_monitor_starting creator_count=11
2026-04-06 20:00:06,430 INFO data_pipeline.collectors.note_com_rss: rss_fetched username=fukuoka1116 entry_count=25
2026-04-06 20:00:07,116 INFO data_pipeline.collectors.note_com_rss: rss_fetched username=sota_career entry_count=25
2026-04-06 20:00:07,705 INFO data_pipeline.collectors.note_com_rss: rss_fetched username=kei_10m_asset entry_count=23
2026-04-06 20:00:08,108 INFO data_pipeline.collectors.note_com_rss: rss_fetched username=careercompass_c entry_count=25
2026-04-06 20:00:08,997 INFO data_pipeline.collectors.note_com_rss: new_entries_found username=careercompass_c new_count=25
2026-04-06 20:00:09,233 INFO data_pipeline.collectors.note_com_rss: rss_fetched username=dandism56 entry_count=25
2026-04-06 20:00:10,391 INFO data_pipeline.collectors.note_com_rss: rss_fetched username=miraicareer_blog entry_count=25
2026-04-06 20:00:11,019 INFO data_pipeline.collectors.note_com_rss: rss_fetched username=glad_auklet4142 entry_count=25
2026-04-06 20:00:12,071 INFO data_pipeline.collectors.note_com_rss: new_entries_found username=glad_auklet4142 new_count=1
2026-04-06 20:00:12,283 INFO data_pipeline.collectors.note_com_rss: rss_fetched username=hide_taxnote entry_count=25
2026-04-06 20:00:13,296 INFO data_pipeline.collectors.note_com_rss: new_entries_found username=hide_taxnote new_count=3
2026-04-06 20:00:13,667 INFO data_pipeline.collectors.note_com_rss: rss_fetched username=mindset_official entry_count=25
2026-04-06 20:00:14,285 INFO data_pipeline.collectors.note_com_rss: rss_fetched username=ruinormalhakkar entry_count=25
2026-04-06 20:00:14,693 INFO data_pipeline.collectors.note_com_rss: rss_fetched username=studyhacker entry_count=0
Traceback (most recent call last):
  File "<frozen runpy>", line 198, in _run_module_as_main
  File "<frozen runpy>", line 88, in _run_code
  File "/Users/yuki/Desktop/note-finance/src/data_pipeline/__main__.py", line 536, in <module>
  File "/Users/yuki/Desktop/note-finance/src/data_pipeline/__main__.py", line 529, in main
  File "/Users/yuki/Desktop/note-finance/src/data_pipeline/__main__.py", line 132, in _cmd_note_com
  File "/Users/yuki/Desktop/note-finance/src/data_pipeline/__main__.py", line 234, in _note_com_monitor
  File "/Users/yuki/Desktop/note-finance/src/data_pipeline/collectors/note_com_rss.py", line 152, in monitor
    return asyncio.run(self._monitor_async())
           ~~~~~~~~~~~^^^^^^^^^^^^^^^^^^^^^^^
  File "/Users/yuki/.local/share/uv/python/cpython-3.14.2-macos-aarch64-none/lib/python3.14/asyncio/runners.py", line 204, in run
    return runner.run(main)
           ~~~~~~~~~~^^^^^^
  File "/Users/yuki/.local/share/uv/python/cpython-3.14.2-macos-aarch64-none/lib/python3.14/asyncio/runners.py", line 127, in run
    return self._loop.run_until_complete(task)
           ~~~~~~~~~~~~~~~~~~~~~~~~~~~~~^^^^^^
  File "/Users/yuki/.local/share/uv/python/cpython-3.14.2-macos-aarch64-none/lib/python3.14/asyncio/base_events.py", line 719, in run_until_complete
    return future.result()
           ~~~~~~~~~~~~~^^
  File "/Users/yuki/Desktop/note-finance/src/data_pipeline/collectors/note_com_rss.py", line 209, in _monitor_async
    async with NoteComBrowser(
               ~~~~~~~~~~~~~~^
        headless=self._headless,
        ^^^^^^^^^^^^^^^^^^^^^^^^
        request_delay=self._request_delay,
        ^^^^^^^^^^^^^^^^^^^^^^^^^^^^^^^^^^
    ) as browser:
    ^
  File "/Users/yuki/Desktop/note-finance/src/data_pipeline/collectors/note_com_browser.py", line 195, in __aenter__
    self._page = await browser.new_page()
                 ^^^^^^^^^^^^^^^^^^^^^^^^
  File "/Users/yuki/Desktop/note-finance/.venv/lib/python3.14/site-packages/playwright/async_api/_generated.py", line 14261, in new_page
    await self._impl_obj.new_page(
    ...<36 lines>...
    )
  File "/Users/yuki/Desktop/note-finance/.venv/lib/python3.14/site-packages/playwright/_impl/_browser.py", line 230, in new_page
  File "/Users/yuki/Desktop/note-finance/.venv/lib/python3.14/site-packages/playwright/_impl/_connection.py", line 552, in wrap_api_call
    ) or inspect.stack(0)
         ~~~~~~~~~~~~~^^^
  File "/Users/yuki/.local/share/uv/python/cpython-3.14.2-macos-aarch64-none/lib/python3.14/inspect.py", line 1660, in stack
    return getouterframes(sys._getframe(1), context)
  File "/Users/yuki/.local/share/uv/python/cpython-3.14.2-macos-aarch64-none/lib/python3.14/inspect.py", line 1635, in getouterframes
    traceback_info = getframeinfo(frame, context)
  File "/Users/yuki/.local/share/uv/python/cpython-3.14.2-macos-aarch64-none/lib/python3.14/inspect.py", line 1593, in getframeinfo
    filename = getsourcefile(frame) or getfile(frame)
               ~~~~~~~~~~~~~^^^^^^^
  File "/Users/yuki/.local/share/uv/python/cpython-3.14.2-macos-aarch64-none/lib/python3.14/inspect.py", line 879, in getsourcefile
    module = getmodule(object, filename)
  File "/Users/yuki/.local/share/uv/python/cpython-3.14.2-macos-aarch64-none/lib/python3.14/inspect.py", line 909, in getmodule
    file = getabsfile(object, _filename)
  File "/Users/yuki/.local/share/uv/python/cpython-3.14.2-macos-aarch64-none/lib/python3.14/inspect.py", line 892, in getabsfile
    return os.path.normcase(os.path.abspath(_filename))
                            ~~~~~~~~~~~~~~~^^^^^^^^^^^
  File "<frozen posixpath>", line 381, in abspath
PermissionError: [Errno 1] Operation not permitted
2026-04-07 08:00:05,604 INFO data_pipeline.collectors.note_com_rss: rss_monitor_starting creator_count=11
2026-04-07 08:00:05,931 INFO data_pipeline.collectors.note_com_rss: rss_fetched username=fukuoka1116 entry_count=25
2026-04-07 08:00:06,555 INFO data_pipeline.collectors.note_com_rss: new_entries_found username=fukuoka1116 new_count=1
2026-04-07 08:00:06,864 INFO data_pipeline.collectors.note_com_rss: rss_fetched username=sota_career entry_count=25
2026-04-07 08:00:07,616 INFO data_pipeline.collectors.note_com_rss: rss_fetched username=kei_10m_asset entry_count=23
2026-04-07 08:00:08,289 INFO data_pipeline.collectors.note_com_rss: rss_fetched username=careercompass_c entry_count=25
2026-04-07 08:00:08,446 INFO data_pipeline.collectors.note_com_rss: new_entries_found username=careercompass_c new_count=25
2026-04-07 08:00:08,711 INFO data_pipeline.collectors.note_com_rss: rss_fetched username=dandism56 entry_count=25
2026-04-07 08:00:09,399 INFO data_pipeline.collectors.note_com_rss: new_entries_found username=dandism56 new_count=1
2026-04-07 08:00:09,658 INFO data_pipeline.collectors.note_com_rss: rss_fetched username=miraicareer_blog entry_count=25
2026-04-07 08:00:10,599 INFO data_pipeline.collectors.note_com_rss: rss_fetched username=glad_auklet4142 entry_count=25
2026-04-07 08:00:11,576 INFO data_pipeline.collectors.note_com_rss: new_entries_found username=glad_auklet4142 new_count=5
2026-04-07 08:00:11,797 INFO data_pipeline.collectors.note_com_rss: rss_fetched username=hide_taxnote entry_count=25
2026-04-07 08:00:12,477 INFO data_pipeline.collectors.note_com_rss: new_entries_found username=hide_taxnote new_count=4
2026-04-07 08:00:12,857 INFO data_pipeline.collectors.note_com_rss: rss_fetched username=mindset_official entry_count=25
2026-04-07 08:00:13,747 INFO data_pipeline.collectors.note_com_rss: rss_fetched username=ruinormalhakkar entry_count=25
2026-04-07 08:00:14,430 INFO data_pipeline.collectors.note_com_rss: rss_fetched username=studyhacker entry_count=0
2026-04-07 08:00:15,803 INFO data_pipeline.collectors.note_com_browser: note_com_browser_started
2026-04-07 08:00:15,804 INFO data_pipeline.collectors.note_com_browser: scraping_article url=https://note.com/fukuoka1116/n/na4ffb4f23e99
2026-04-07 08:00:18,817 INFO data_pipeline.collectors.note_com_browser: article_scraped url=https://note.com/fukuoka1116/n/na4ffb4f23e99 title=「30代ってめんどくさい」と思っている部下や後輩のリアルな本音の数々　仕事｜会社員｜営業｜転職｜副業｜マネジメント｜キャリア｜30代 body_length=1363 hashtag_count=14
2026-04-07 08:00:18,976 INFO data_pipeline.collectors.note_com_rss: article_saved url=https://note.com/fukuoka1116/n/na4ffb4f23e99 title=「30代ってめんどくさい」と思っている部下や後輩のリアルな本音の数々　仕事｜会社員｜営業｜転職｜副業｜マネジメント｜キャリア｜30代
2026-04-07 08:00:18,976 INFO data_pipeline.collectors.note_com_browser: scraping_article url=https://note.com/careercompass_c/n/ne4f9e9b830a1
2026-04-07 08:00:21,934 INFO data_pipeline.collectors.note_com_browser: article_is_paid_skipping url=https://note.com/careercompass_c/n/ne4f9e9b830a1
2026-04-07 08:00:21,935 INFO data_pipeline.collectors.note_com_rss: article_paid_skipped url=https://note.com/careercompass_c/n/ne4f9e9b830a1
2026-04-07 08:00:21,935 INFO data_pipeline.collectors.note_com_browser: scraping_article url=https://note.com/careercompass_c/n/n5d29f69a9eb7
2026-04-07 08:00:24,444 INFO data_pipeline.collectors.note_com_browser: article_is_paid_skipping url=https://note.com/careercompass_c/n/n5d29f69a9eb7
2026-04-07 08:00:24,445 INFO data_pipeline.collectors.note_com_rss: article_paid_skipped url=https://note.com/careercompass_c/n/n5d29f69a9eb7
2026-04-07 08:00:24,445 INFO data_pipeline.collectors.note_com_browser: scraping_article url=https://note.com/careercompass_c/n/nf99515f2b38a
2026-04-07 08:00:27,147 INFO data_pipeline.collectors.note_com_browser: article_is_paid_skipping url=https://note.com/careercompass_c/n/nf99515f2b38a
2026-04-07 08:00:27,147 INFO data_pipeline.collectors.note_com_rss: article_paid_skipped url=https://note.com/careercompass_c/n/nf99515f2b38a
2026-04-07 08:00:27,147 INFO data_pipeline.collectors.note_com_browser: scraping_article url=https://note.com/careercompass_c/n/n040399afc6c9
2026-04-07 08:00:29,986 INFO data_pipeline.collectors.note_com_browser: article_is_paid_skipping url=https://note.com/careercompass_c/n/n040399afc6c9
2026-04-07 08:00:29,986 INFO data_pipeline.collectors.note_com_rss: article_paid_skipped url=https://note.com/careercompass_c/n/n040399afc6c9
2026-04-07 08:00:29,986 INFO data_pipeline.collectors.note_com_browser: scraping_article url=https://note.com/careercompass_c/n/n4734f65377c2
2026-04-07 08:00:32,690 INFO data_pipeline.collectors.note_com_browser: article_is_paid_skipping url=https://note.com/careercompass_c/n/n4734f65377c2
2026-04-07 08:00:32,690 INFO data_pipeline.collectors.note_com_rss: article_paid_skipped url=https://note.com/careercompass_c/n/n4734f65377c2
2026-04-07 08:00:32,690 INFO data_pipeline.collectors.note_com_browser: scraping_article url=https://note.com/careercompass_c/n/n2083f0f96edd
2026-04-07 08:00:35,139 INFO data_pipeline.collectors.note_com_browser: article_is_paid_skipping url=https://note.com/careercompass_c/n/n2083f0f96edd
2026-04-07 08:00:35,139 INFO data_pipeline.collectors.note_com_rss: article_paid_skipped url=https://note.com/careercompass_c/n/n2083f0f96edd
2026-04-07 08:00:35,140 INFO data_pipeline.collectors.note_com_browser: scraping_article url=https://note.com/careercompass_c/n/n4e752ce46d7c
2026-04-07 08:00:38,036 INFO data_pipeline.collectors.note_com_browser: article_is_paid_skipping url=https://note.com/careercompass_c/n/n4e752ce46d7c
2026-04-07 08:00:38,036 INFO data_pipeline.collectors.note_com_rss: article_paid_skipped url=https://note.com/careercompass_c/n/n4e752ce46d7c
2026-04-07 08:00:38,036 INFO data_pipeline.collectors.note_com_browser: scraping_article url=https://note.com/careercompass_c/n/n5299fee3ddb4
2026-04-07 08:00:40,788 INFO data_pipeline.collectors.note_com_browser: article_is_paid_skipping url=https://note.com/careercompass_c/n/n5299fee3ddb4
2026-04-07 08:00:40,788 INFO data_pipeline.collectors.note_com_rss: article_paid_skipped url=https://note.com/careercompass_c/n/n5299fee3ddb4
2026-04-07 08:00:40,788 INFO data_pipeline.collectors.note_com_browser: scraping_article url=https://note.com/careercompass_c/n/n13ba186240b6
2026-04-07 08:00:43,522 INFO data_pipeline.collectors.note_com_browser: article_is_paid_skipping url=https://note.com/careercompass_c/n/n13ba186240b6
2026-04-07 08:00:43,522 INFO data_pipeline.collectors.note_com_rss: article_paid_skipped url=https://note.com/careercompass_c/n/n13ba186240b6
2026-04-07 08:00:43,522 INFO data_pipeline.collectors.note_com_browser: scraping_article url=https://note.com/careercompass_c/n/n479bc548da24
2026-04-07 08:00:46,023 INFO data_pipeline.collectors.note_com_browser: article_is_paid_skipping url=https://note.com/careercompass_c/n/n479bc548da24
2026-04-07 08:00:46,024 INFO data_pipeline.collectors.note_com_rss: article_paid_skipped url=https://note.com/careercompass_c/n/n479bc548da24
2026-04-07 08:00:46,024 INFO data_pipeline.collectors.note_com_browser: scraping_article url=https://note.com/careercompass_c/n/ne65d91a3e197
2026-04-07 08:00:48,649 INFO data_pipeline.collectors.note_com_browser: article_is_paid_skipping url=https://note.com/careercompass_c/n/ne65d91a3e197
2026-04-07 08:00:48,649 INFO data_pipeline.collectors.note_com_rss: article_paid_skipped url=https://note.com/careercompass_c/n/ne65d91a3e197
2026-04-07 08:00:48,649 INFO data_pipeline.collectors.note_com_browser: scraping_article url=https://note.com/careercompass_c/n/n3ddabf441e99
2026-04-07 08:00:51,176 INFO data_pipeline.collectors.note_com_browser: article_is_paid_skipping url=https://note.com/careercompass_c/n/n3ddabf441e99
2026-04-07 08:00:51,176 INFO data_pipeline.collectors.note_com_rss: article_paid_skipped url=https://note.com/careercompass_c/n/n3ddabf441e99
2026-04-07 08:00:51,176 INFO data_pipeline.collectors.note_com_browser: scraping_article url=https://note.com/careercompass_c/n/nab1c0f5fb649
2026-04-07 08:00:53,952 INFO data_pipeline.collectors.note_com_browser: article_is_paid_skipping url=https://note.com/careercompass_c/n/nab1c0f5fb649
2026-04-07 08:00:53,952 INFO data_pipeline.collectors.note_com_rss: article_paid_skipped url=https://note.com/careercompass_c/n/nab1c0f5fb649
2026-04-07 08:00:53,952 INFO data_pipeline.collectors.note_com_browser: scraping_article url=https://note.com/careercompass_c/n/nbcc50b14303b
2026-04-07 08:00:56,839 INFO data_pipeline.collectors.note_com_browser: article_is_paid_skipping url=https://note.com/careercompass_c/n/nbcc50b14303b
2026-04-07 08:00:56,839 INFO data_pipeline.collectors.note_com_rss: article_paid_skipped url=https://note.com/careercompass_c/n/nbcc50b14303b
2026-04-07 08:00:56,839 INFO data_pipeline.collectors.note_com_browser: scraping_article url=https://note.com/careercompass_c/n/nee139e4aed6e
2026-04-07 08:00:59,588 INFO data_pipeline.collectors.note_com_browser: article_is_paid_skipping url=https://note.com/careercompass_c/n/nee139e4aed6e
2026-04-07 08:00:59,589 INFO data_pipeline.collectors.note_com_rss: article_paid_skipped url=https://note.com/careercompass_c/n/nee139e4aed6e
2026-04-07 08:00:59,589 INFO data_pipeline.collectors.note_com_browser: scraping_article url=https://note.com/careercompass_c/n/n975ec9045413
2026-04-07 08:01:02,222 INFO data_pipeline.collectors.note_com_browser: article_is_paid_skipping url=https://note.com/careercompass_c/n/n975ec9045413
2026-04-07 08:01:02,223 INFO data_pipeline.collectors.note_com_rss: article_paid_skipped url=https://note.com/careercompass_c/n/n975ec9045413
2026-04-07 08:01:02,223 INFO data_pipeline.collectors.note_com_browser: scraping_article url=https://note.com/careercompass_c/n/nb87f083bddf7
2026-04-07 08:01:05,124 INFO data_pipeline.collectors.note_com_browser: article_is_paid_skipping url=https://note.com/careercompass_c/n/nb87f083bddf7
2026-04-07 08:01:05,124 INFO data_pipeline.collectors.note_com_rss: article_paid_skipped url=https://note.com/careercompass_c/n/nb87f083bddf7
2026-04-07 08:01:05,124 INFO data_pipeline.collectors.note_com_browser: scraping_article url=https://note.com/careercompass_c/n/n887c8b4e15fc
2026-04-07 08:01:08,132 INFO data_pipeline.collectors.note_com_browser: article_is_paid_skipping url=https://note.com/careercompass_c/n/n887c8b4e15fc
2026-04-07 08:01:08,132 INFO data_pipeline.collectors.note_com_rss: article_paid_skipped url=https://note.com/careercompass_c/n/n887c8b4e15fc
2026-04-07 08:01:08,132 INFO data_pipeline.collectors.note_com_browser: scraping_article url=https://note.com/careercompass_c/n/n8c05069ca5e4
2026-04-07 08:01:10,769 INFO data_pipeline.collectors.note_com_browser: article_is_paid_skipping url=https://note.com/careercompass_c/n/n8c05069ca5e4
2026-04-07 08:01:10,770 INFO data_pipeline.collectors.note_com_rss: article_paid_skipped url=https://note.com/careercompass_c/n/n8c05069ca5e4
2026-04-07 08:01:10,770 INFO data_pipeline.collectors.note_com_browser: scraping_article url=https://note.com/careercompass_c/n/n11a29b53043c
2026-04-07 08:01:13,609 INFO data_pipeline.collectors.note_com_browser: article_is_paid_skipping url=https://note.com/careercompass_c/n/n11a29b53043c
2026-04-07 08:01:13,610 INFO data_pipeline.collectors.note_com_rss: article_paid_skipped url=https://note.com/careercompass_c/n/n11a29b53043c
2026-04-07 08:01:13,610 INFO data_pipeline.collectors.note_com_browser: scraping_article url=https://note.com/careercompass_c/n/n18dda1c72d9e
2026-04-07 08:01:16,058 INFO data_pipeline.collectors.note_com_browser: article_is_paid_skipping url=https://note.com/careercompass_c/n/n18dda1c72d9e
2026-04-07 08:01:16,059 INFO data_pipeline.collectors.note_com_rss: article_paid_skipped url=https://note.com/careercompass_c/n/n18dda1c72d9e
2026-04-07 08:01:16,059 INFO data_pipeline.collectors.note_com_browser: scraping_article url=https://note.com/careercompass_c/n/nc84c74784256
2026-04-07 08:01:18,950 INFO data_pipeline.collectors.note_com_browser: article_is_paid_skipping url=https://note.com/careercompass_c/n/nc84c74784256
2026-04-07 08:01:18,950 INFO data_pipeline.collectors.note_com_rss: article_paid_skipped url=https://note.com/careercompass_c/n/nc84c74784256
2026-04-07 08:01:18,950 INFO data_pipeline.collectors.note_com_browser: scraping_article url=https://note.com/careercompass_c/n/nf2be9b1c7a26
2026-04-07 08:01:21,734 INFO data_pipeline.collectors.note_com_browser: article_is_paid_skipping url=https://note.com/careercompass_c/n/nf2be9b1c7a26
2026-04-07 08:01:21,735 INFO data_pipeline.collectors.note_com_rss: article_paid_skipped url=https://note.com/careercompass_c/n/nf2be9b1c7a26
2026-04-07 08:01:21,735 INFO data_pipeline.collectors.note_com_browser: scraping_article url=https://note.com/careercompass_c/n/n15730f62b2f8
2026-04-07 08:01:24,599 INFO data_pipeline.collectors.note_com_browser: article_is_paid_skipping url=https://note.com/careercompass_c/n/n15730f62b2f8
2026-04-07 08:01:24,599 INFO data_pipeline.collectors.note_com_rss: article_paid_skipped url=https://note.com/careercompass_c/n/n15730f62b2f8
2026-04-07 08:01:24,599 INFO data_pipeline.collectors.note_com_browser: scraping_article url=https://note.com/careercompass_c/n/n9ba4c8f31f53
2026-04-07 08:01:27,583 INFO data_pipeline.collectors.note_com_browser: article_is_paid_skipping url=https://note.com/careercompass_c/n/n9ba4c8f31f53
2026-04-07 08:01:27,583 INFO data_pipeline.collectors.note_com_rss: article_paid_skipped url=https://note.com/careercompass_c/n/n9ba4c8f31f53
2026-04-07 08:01:27,583 INFO data_pipeline.collectors.note_com_browser: scraping_article url=https://note.com/dandism56/n/n061db83ea1ff
2026-04-07 08:01:30,480 INFO data_pipeline.collectors.note_com_browser: article_scraped url=https://note.com/dandism56/n/n061db83ea1ff title=転職活動は結局『人間性×ポータブルスキル』で内定率が変わるその理由 body_length=2413 hashtag_count=29
2026-04-07 08:01:30,605 INFO data_pipeline.collectors.note_com_rss: article_saved url=https://note.com/dandism56/n/n061db83ea1ff title=転職活動は結局『人間性×ポータブルスキル』で内定率が変わるその理由
2026-04-07 08:01:30,605 INFO data_pipeline.collectors.note_com_browser: scraping_article url=https://note.com/glad_auklet4142/n/nd82940dec1ab
2026-04-07 08:01:33,951 INFO data_pipeline.collectors.note_com_browser: article_scraped url=https://note.com/glad_auklet4142/n/nd82940dec1ab title=AI記事2000本が消えた夜「……反論したかった」｜AIさんのミッドナイトステーション ※5 #ニュース解説 #note #毎日note #毎日更新 #スキしてみて body_length=10009 hashtag_count=92
2026-04-07 08:01:34,055 INFO data_pipeline.collectors.note_com_rss: article_saved url=https://note.com/glad_auklet4142/n/nd82940dec1ab title=AI記事2000本が消えた夜「……反論したかった」｜AIさんのミッドナイトステーション ※5 #ニュース解説 #note #毎日note #毎日更新 #スキしてみて
2026-04-07 08:01:34,055 INFO data_pipeline.collectors.note_com_browser: scraping_article url=https://note.com/glad_auklet4142/n/ndc3890b9456b
2026-04-07 08:01:36,788 INFO data_pipeline.collectors.note_com_browser: article_scraped url=https://note.com/glad_auklet4142/n/ndc3890b9456b title=【読者からの質問】「イラン情勢があっても、マレーシアのガソリンが安いまま」って本当ですか？右手で配って左手で稼ぐ？マレーシアの激安ガソリンを支える奇妙な錬金術。あなたの給油レシートに潜む深い罠。#マレーシア #国家備蓄 #家計簿 #節約 #生活防衛 #ガソリンスタンド #物価高 #東南アジア body_length=3470 hashtag_count=100
2026-04-07 08:01:36,848 INFO data_pipeline.collectors.note_com_rss: article_saved url=https://note.com/glad_auklet4142/n/ndc3890b9456b title=【読者からの質問】「イラン情勢があっても、マレーシアのガソリンが安いまま」って本当ですか？右手で配って左手で稼ぐ？マレーシアの激安ガソリンを支える奇妙な錬金術。あなたの給油レシートに潜む深い罠。#マレーシア #国家備蓄 #家計簿 #節約 #生活防衛 #ガソリンスタンド #物価高 #東南アジア
2026-04-07 08:01:36,848 INFO data_pipeline.collectors.note_com_browser: scraping_article url=https://note.com/glad_auklet4142/n/n9f495a6110a6
2026-04-07 08:01:39,831 INFO data_pipeline.collectors.note_com_browser: article_scraped url=https://note.com/glad_auklet4142/n/n9f495a6110a6 title=【AIのAPI代が半額に？】Google「TurboQuant」の静かなる衝撃。AIメモリ6分の1の魔法が招く半導体ショックと、本当の絶望暴落の裏で進行する爆食い。#半導体 #生成AI #投資 #Google #Gemini #株価暴落 #ジェヴォンズのパラドックス body_length=4999 hashtag_count=100
2026-04-07 08:01:39,892 INFO data_pipeline.collectors.note_com_rss: article_saved url=https://note.com/glad_auklet4142/n/n9f495a6110a6 title=【AIのAPI代が半額に？】Google「TurboQuant」の静かなる衝撃。AIメモリ6分の1の魔法が招く半導体ショックと、本当の絶望暴落の裏で進行する爆食い。#半導体 #生成AI #投資 #Google #Gemini #株価暴落 #ジェヴォンズのパラドックス
2026-04-07 08:01:39,892 INFO data_pipeline.collectors.note_com_browser: scraping_article url=https://note.com/glad_auklet4142/n/n865d34a93fde
2026-04-07 08:01:43,476 INFO data_pipeline.collectors.note_com_browser: article_scraped url=https://note.com/glad_auklet4142/n/n865d34a93fde title=【タイトルが9割のウソ？】10万件のデータが暴き出す「タイトルが9割」という残酷な罠。中身のない部屋を飾る無意味な努力と、3つの解決策とは？ #マーケティング #副業 #起業 #SNS集客 #ライティング #文章術 #ブログ #note集客 #読書 #自己啓発 #心理学 #行動経済学 #フリーランス #仕事術 body_length=20203 hashtag_count=100
2026-04-07 08:01:43,546 INFO data_pipeline.collectors.note_com_rss: article_saved url=https://note.com/glad_auklet4142/n/n865d34a93fde title=【タイトルが9割のウソ？】10万件のデータが暴き出す「タイトルが9割」という残酷な罠。中身のない部屋を飾る無意味な努力と、3つの解決策とは？ #マーケティング #副業 #起業 #SNS集客 #ライティング #文章術 #ブログ #note集客 #読書 #自己啓発 #心理学 #行動経済学 #フリーランス #仕事術
2026-04-07 08:01:43,547 INFO data_pipeline.collectors.note_com_browser: scraping_article url=https://note.com/glad_auklet4142/n/n8199c9f23adf
2026-04-07 08:01:46,729 INFO data_pipeline.collectors.note_com_browser: article_scraped url=https://note.com/glad_auklet4142/n/n8199c9f23adf title=スキが伸びない人が今日からやるべき「たった3分のスマホ検品」テンプレは1週間単位で見直せ。12年書き続けた貿易商が語る「記事のPDCA」とメタ認知 #note書き方 #ライティング #文章術 #ブログ #アクセスアップ #スマホ #毎日更新 #毎日投稿 #コンテンツビジネス #セールスライティング body_length=18143 hashtag_count=100
2026-04-07 08:01:46,834 INFO data_pipeline.collectors.note_com_rss: article_saved url=https://note.com/glad_auklet4142/n/n8199c9f23adf title=スキが伸びない人が今日からやるべき「たった3分のスマホ検品」テンプレは1週間単位で見直せ。12年書き続けた貿易商が語る「記事のPDCA」とメタ認知 #note書き方 #ライティング #文章術 #ブログ #アクセスアップ #スマホ #毎日更新 #毎日投稿 #コンテンツビジネス #セールスライティング
2026-04-07 08:01:46,834 INFO data_pipeline.collectors.note_com_browser: scraping_article url=https://note.com/hide_taxnote/n/na43c723c6e1e
2026-04-07 08:01:49,796 INFO data_pipeline.collectors.note_com_browser: article_scraped url=https://note.com/hide_taxnote/n/na43c723c6e1e title=節約とNISAだけでは限界？資産形成を加速させる「転職」という選択肢 body_length=3344 hashtag_count=7
2026-04-07 08:01:49,931 INFO data_pipeline.collectors.note_com_rss: article_saved url=https://note.com/hide_taxnote/n/na43c723c6e1e title=節約とNISAだけでは限界？資産形成を加速させる「転職」という選択肢
2026-04-07 08:01:49,931 INFO data_pipeline.collectors.note_com_browser: scraping_article url=https://note.com/hide_taxnote/n/nb2f09aac577c
2026-04-07 08:01:52,704 INFO data_pipeline.collectors.note_com_browser: article_scraped url=https://note.com/hide_taxnote/n/nb2f09aac577c title=2026年4月6日｜日経平均・東京株式市場・米国株：ポイント解説と明日の展望 body_length=4477 hashtag_count=11
2026-04-07 08:01:52,770 INFO data_pipeline.collectors.note_com_rss: article_saved url=https://note.com/hide_taxnote/n/nb2f09aac577c title=2026年4月6日｜日経平均・東京株式市場・米国株：ポイント解説と明日の展望
2026-04-07 08:01:52,770 INFO data_pipeline.collectors.note_com_browser: scraping_article url=https://note.com/hide_taxnote/n/n6a1066095bad
2026-04-07 08:01:55,334 INFO data_pipeline.collectors.note_com_browser: article_scraped url=https://note.com/hide_taxnote/n/n6a1066095bad title=【2026年版】ふるさと納税の上限額はどのくらい？年収別の目安と始め方をわかりやすく解説 body_length=3928 hashtag_count=8
2026-04-07 08:01:55,395 INFO data_pipeline.collectors.note_com_rss: article_saved url=https://note.com/hide_taxnote/n/n6a1066095bad title=【2026年版】ふるさと納税の上限額はどのくらい？年収別の目安と始め方をわかりやすく解説
2026-04-07 08:01:55,395 INFO data_pipeline.collectors.note_com_browser: scraping_article url=https://note.com/hide_taxnote/n/n8e5658fec2a2
2026-04-07 08:01:58,414 INFO data_pipeline.collectors.note_com_browser: article_is_paid_skipping url=https://note.com/hide_taxnote/n/n8e5658fec2a2
2026-04-07 08:01:58,415 INFO data_pipeline.collectors.note_com_rss: article_paid_skipped url=https://note.com/hide_taxnote/n/n8e5658fec2a2
2026-04-07 08:01:58,501 INFO data_pipeline.collectors.note_com_rss: config_updated updated_count=11 timestamp=2026-04-06T23:01:58.501380+00:00
2026-04-07 08:01:58,501 INFO data_pipeline.collectors.note_com_rss: rss_monitor_completed creators_checked=11 new_articles_found=36 articles_saved=10 articles_skipped_paid=26 articles_skipped_duplicate=0 error_count=0
2026-04-07 20:00:05,075 INFO data_pipeline.collectors.note_com_rss: rss_monitor_starting creator_count=11
2026-04-07 20:00:05,457 INFO data_pipeline.collectors.note_com_rss: rss_fetched username=fukuoka1116 entry_count=25
2026-04-07 20:00:06,525 INFO data_pipeline.collectors.note_com_rss: rss_fetched username=sota_career entry_count=25
2026-04-07 20:00:07,493 INFO data_pipeline.collectors.note_com_rss: rss_fetched username=kei_10m_asset entry_count=23
2026-04-07 20:00:08,118 INFO data_pipeline.collectors.note_com_rss: rss_fetched username=careercompass_c entry_count=25
2026-04-07 20:00:09,084 INFO data_pipeline.collectors.note_com_rss: new_entries_found username=careercompass_c new_count=25
2026-04-07 20:00:09,311 INFO data_pipeline.collectors.note_com_rss: rss_fetched username=dandism56 entry_count=25
2026-04-07 20:00:10,935 INFO data_pipeline.collectors.note_com_rss: rss_fetched username=miraicareer_blog entry_count=25
2026-04-07 20:00:12,740 INFO data_pipeline.collectors.note_com_rss: rss_fetched username=glad_auklet4142 entry_count=25
2026-04-07 20:00:14,521 INFO data_pipeline.collectors.note_com_rss: rss_fetched username=hide_taxnote entry_count=25
2026-04-07 20:00:16,102 INFO data_pipeline.collectors.note_com_rss: new_entries_found username=hide_taxnote new_count=1
2026-04-07 20:00:16,464 INFO data_pipeline.collectors.note_com_rss: rss_fetched username=mindset_official entry_count=25
2026-04-07 20:00:17,412 INFO data_pipeline.collectors.note_com_rss: rss_fetched username=ruinormalhakkar entry_count=25
2026-04-07 20:00:18,179 INFO data_pipeline.collectors.note_com_rss: rss_fetched username=studyhacker entry_count=0
2026-04-07 20:00:19,244 INFO data_pipeline.collectors.note_com_browser: note_com_browser_started
2026-04-07 20:00:19,245 INFO data_pipeline.collectors.note_com_browser: scraping_article url=https://note.com/careercompass_c/n/n62a4108c9338
2026-04-07 20:00:22,319 INFO data_pipeline.collectors.note_com_browser: article_is_paid_skipping url=https://note.com/careercompass_c/n/n62a4108c9338
2026-04-07 20:00:22,319 INFO data_pipeline.collectors.note_com_rss: article_paid_skipped url=https://note.com/careercompass_c/n/n62a4108c9338
2026-04-07 20:00:22,319 INFO data_pipeline.collectors.note_com_browser: scraping_article url=https://note.com/careercompass_c/n/nc92cc8669407
2026-04-07 20:00:25,325 INFO data_pipeline.collectors.note_com_browser: article_is_paid_skipping url=https://note.com/careercompass_c/n/nc92cc8669407
2026-04-07 20:00:25,325 INFO data_pipeline.collectors.note_com_rss: article_paid_skipped url=https://note.com/careercompass_c/n/nc92cc8669407
2026-04-07 20:00:25,325 INFO data_pipeline.collectors.note_com_browser: scraping_article url=https://note.com/careercompass_c/n/n3ed6a03fc264
2026-04-07 20:00:28,275 INFO data_pipeline.collectors.note_com_browser: article_is_paid_skipping url=https://note.com/careercompass_c/n/n3ed6a03fc264
2026-04-07 20:00:28,275 INFO data_pipeline.collectors.note_com_rss: article_paid_skipped url=https://note.com/careercompass_c/n/n3ed6a03fc264
2026-04-07 20:00:28,275 INFO data_pipeline.collectors.note_com_browser: scraping_article url=https://note.com/careercompass_c/n/ndfa338206fe5
2026-04-07 20:00:30,930 INFO data_pipeline.collectors.note_com_browser: article_is_paid_skipping url=https://note.com/careercompass_c/n/ndfa338206fe5
2026-04-07 20:00:30,930 INFO data_pipeline.collectors.note_com_rss: article_paid_skipped url=https://note.com/careercompass_c/n/ndfa338206fe5
2026-04-07 20:00:30,930 INFO data_pipeline.collectors.note_com_browser: scraping_article url=https://note.com/careercompass_c/n/ne14519bc77ef
2026-04-07 20:00:33,391 INFO data_pipeline.collectors.note_com_browser: article_is_paid_skipping url=https://note.com/careercompass_c/n/ne14519bc77ef
2026-04-07 20:00:33,391 INFO data_pipeline.collectors.note_com_rss: article_paid_skipped url=https://note.com/careercompass_c/n/ne14519bc77ef
2026-04-07 20:00:33,391 INFO data_pipeline.collectors.note_com_browser: scraping_article url=https://note.com/careercompass_c/n/na79448d4b833
2026-04-07 20:00:36,136 INFO data_pipeline.collectors.note_com_browser: article_is_paid_skipping url=https://note.com/careercompass_c/n/na79448d4b833
2026-04-07 20:00:36,136 INFO data_pipeline.collectors.note_com_rss: article_paid_skipped url=https://note.com/careercompass_c/n/na79448d4b833
2026-04-07 20:00:36,136 INFO data_pipeline.collectors.note_com_browser: scraping_article url=https://note.com/careercompass_c/n/n6d09b8c7aa8e
2026-04-07 20:00:38,717 INFO data_pipeline.collectors.note_com_browser: article_is_paid_skipping url=https://note.com/careercompass_c/n/n6d09b8c7aa8e
2026-04-07 20:00:38,717 INFO data_pipeline.collectors.note_com_rss: article_paid_skipped url=https://note.com/careercompass_c/n/n6d09b8c7aa8e
2026-04-07 20:00:38,717 INFO data_pipeline.collectors.note_com_browser: scraping_article url=https://note.com/careercompass_c/n/nc4c5053b15d2
2026-04-07 20:00:41,665 INFO data_pipeline.collectors.note_com_browser: article_is_paid_skipping url=https://note.com/careercompass_c/n/nc4c5053b15d2
2026-04-07 20:00:41,665 INFO data_pipeline.collectors.note_com_rss: article_paid_skipped url=https://note.com/careercompass_c/n/nc4c5053b15d2
2026-04-07 20:00:41,665 INFO data_pipeline.collectors.note_com_browser: scraping_article url=https://note.com/careercompass_c/n/ne4f9e9b830a1
2026-04-07 20:00:44,525 INFO data_pipeline.collectors.note_com_browser: article_is_paid_skipping url=https://note.com/careercompass_c/n/ne4f9e9b830a1
2026-04-07 20:00:44,526 INFO data_pipeline.collectors.note_com_rss: article_paid_skipped url=https://note.com/careercompass_c/n/ne4f9e9b830a1
2026-04-07 20:00:44,526 INFO data_pipeline.collectors.note_com_browser: scraping_article url=https://note.com/careercompass_c/n/n5d29f69a9eb7
2026-04-07 20:00:47,406 INFO data_pipeline.collectors.note_com_browser: article_is_paid_skipping url=https://note.com/careercompass_c/n/n5d29f69a9eb7
2026-04-07 20:00:47,407 INFO data_pipeline.collectors.note_com_rss: article_paid_skipped url=https://note.com/careercompass_c/n/n5d29f69a9eb7
2026-04-07 20:00:47,407 INFO data_pipeline.collectors.note_com_browser: scraping_article url=https://note.com/careercompass_c/n/nf99515f2b38a
2026-04-07 20:00:50,016 INFO data_pipeline.collectors.note_com_browser: article_is_paid_skipping url=https://note.com/careercompass_c/n/nf99515f2b38a
2026-04-07 20:00:50,016 INFO data_pipeline.collectors.note_com_rss: article_paid_skipped url=https://note.com/careercompass_c/n/nf99515f2b38a
2026-04-07 20:00:50,016 INFO data_pipeline.collectors.note_com_browser: scraping_article url=https://note.com/careercompass_c/n/n040399afc6c9
2026-04-07 20:00:52,882 INFO data_pipeline.collectors.note_com_browser: article_is_paid_skipping url=https://note.com/careercompass_c/n/n040399afc6c9
2026-04-07 20:00:52,883 INFO data_pipeline.collectors.note_com_rss: article_paid_skipped url=https://note.com/careercompass_c/n/n040399afc6c9
2026-04-07 20:00:52,883 INFO data_pipeline.collectors.note_com_browser: scraping_article url=https://note.com/careercompass_c/n/n4734f65377c2
2026-04-07 20:00:55,415 INFO data_pipeline.collectors.note_com_browser: article_is_paid_skipping url=https://note.com/careercompass_c/n/n4734f65377c2
2026-04-07 20:00:55,415 INFO data_pipeline.collectors.note_com_rss: article_paid_skipped url=https://note.com/careercompass_c/n/n4734f65377c2
2026-04-07 20:00:55,415 INFO data_pipeline.collectors.note_com_browser: scraping_article url=https://note.com/careercompass_c/n/n2083f0f96edd
2026-04-07 20:00:58,698 INFO data_pipeline.collectors.note_com_browser: article_is_paid_skipping url=https://note.com/careercompass_c/n/n2083f0f96edd
2026-04-07 20:00:58,699 INFO data_pipeline.collectors.note_com_rss: article_paid_skipped url=https://note.com/careercompass_c/n/n2083f0f96edd
2026-04-07 20:00:58,699 INFO data_pipeline.collectors.note_com_browser: scraping_article url=https://note.com/careercompass_c/n/n4e752ce46d7c
2026-04-07 20:01:01,309 INFO data_pipeline.collectors.note_com_browser: article_is_paid_skipping url=https://note.com/careercompass_c/n/n4e752ce46d7c
2026-04-07 20:01:01,309 INFO data_pipeline.collectors.note_com_rss: article_paid_skipped url=https://note.com/careercompass_c/n/n4e752ce46d7c
2026-04-07 20:01:01,310 INFO data_pipeline.collectors.note_com_browser: scraping_article url=https://note.com/careercompass_c/n/n5299fee3ddb4
2026-04-07 20:01:04,061 INFO data_pipeline.collectors.note_com_browser: article_is_paid_skipping url=https://note.com/careercompass_c/n/n5299fee3ddb4
2026-04-07 20:01:04,061 INFO data_pipeline.collectors.note_com_rss: article_paid_skipped url=https://note.com/careercompass_c/n/n5299fee3ddb4
2026-04-07 20:01:04,061 INFO data_pipeline.collectors.note_com_browser: scraping_article url=https://note.com/careercompass_c/n/n13ba186240b6
2026-04-07 20:01:07,024 INFO data_pipeline.collectors.note_com_browser: article_is_paid_skipping url=https://note.com/careercompass_c/n/n13ba186240b6
2026-04-07 20:01:07,024 INFO data_pipeline.collectors.note_com_rss: article_paid_skipped url=https://note.com/careercompass_c/n/n13ba186240b6
2026-04-07 20:01:07,024 INFO data_pipeline.collectors.note_com_browser: scraping_article url=https://note.com/careercompass_c/n/n479bc548da24
2026-04-07 20:01:09,673 INFO data_pipeline.collectors.note_com_browser: article_is_paid_skipping url=https://note.com/careercompass_c/n/n479bc548da24
2026-04-07 20:01:09,673 INFO data_pipeline.collectors.note_com_rss: article_paid_skipped url=https://note.com/careercompass_c/n/n479bc548da24
2026-04-07 20:01:09,673 INFO data_pipeline.collectors.note_com_browser: scraping_article url=https://note.com/careercompass_c/n/ne65d91a3e197
2026-04-07 20:01:12,170 INFO data_pipeline.collectors.note_com_browser: article_is_paid_skipping url=https://note.com/careercompass_c/n/ne65d91a3e197
2026-04-07 20:01:12,170 INFO data_pipeline.collectors.note_com_rss: article_paid_skipped url=https://note.com/careercompass_c/n/ne65d91a3e197
2026-04-07 20:01:12,170 INFO data_pipeline.collectors.note_com_browser: scraping_article url=https://note.com/careercompass_c/n/n3ddabf441e99
2026-04-07 20:01:14,723 INFO data_pipeline.collectors.note_com_browser: article_is_paid_skipping url=https://note.com/careercompass_c/n/n3ddabf441e99
2026-04-07 20:01:14,723 INFO data_pipeline.collectors.note_com_rss: article_paid_skipped url=https://note.com/careercompass_c/n/n3ddabf441e99
2026-04-07 20:01:14,723 INFO data_pipeline.collectors.note_com_browser: scraping_article url=https://note.com/careercompass_c/n/nab1c0f5fb649
2026-04-07 20:01:17,438 INFO data_pipeline.collectors.note_com_browser: article_is_paid_skipping url=https://note.com/careercompass_c/n/nab1c0f5fb649
2026-04-07 20:01:17,438 INFO data_pipeline.collectors.note_com_rss: article_paid_skipped url=https://note.com/careercompass_c/n/nab1c0f5fb649
2026-04-07 20:01:17,438 INFO data_pipeline.collectors.note_com_browser: scraping_article url=https://note.com/careercompass_c/n/nbcc50b14303b
2026-04-07 20:01:20,185 INFO data_pipeline.collectors.note_com_browser: article_is_paid_skipping url=https://note.com/careercompass_c/n/nbcc50b14303b
2026-04-07 20:01:20,185 INFO data_pipeline.collectors.note_com_rss: article_paid_skipped url=https://note.com/careercompass_c/n/nbcc50b14303b
2026-04-07 20:01:20,185 INFO data_pipeline.collectors.note_com_browser: scraping_article url=https://note.com/careercompass_c/n/nee139e4aed6e
2026-04-07 20:01:23,032 INFO data_pipeline.collectors.note_com_browser: article_is_paid_skipping url=https://note.com/careercompass_c/n/nee139e4aed6e
2026-04-07 20:01:23,032 INFO data_pipeline.collectors.note_com_rss: article_paid_skipped url=https://note.com/careercompass_c/n/nee139e4aed6e
2026-04-07 20:01:23,032 INFO data_pipeline.collectors.note_com_browser: scraping_article url=https://note.com/careercompass_c/n/n975ec9045413
2026-04-07 20:01:25,761 INFO data_pipeline.collectors.note_com_browser: article_is_paid_skipping url=https://note.com/careercompass_c/n/n975ec9045413
2026-04-07 20:01:25,762 INFO data_pipeline.collectors.note_com_rss: article_paid_skipped url=https://note.com/careercompass_c/n/n975ec9045413
2026-04-07 20:01:25,762 INFO data_pipeline.collectors.note_com_browser: scraping_article url=https://note.com/careercompass_c/n/nb87f083bddf7
2026-04-07 20:01:28,515 INFO data_pipeline.collectors.note_com_browser: article_is_paid_skipping url=https://note.com/careercompass_c/n/nb87f083bddf7
2026-04-07 20:01:28,515 INFO data_pipeline.collectors.note_com_rss: article_paid_skipped url=https://note.com/careercompass_c/n/nb87f083bddf7
2026-04-07 20:01:28,515 INFO data_pipeline.collectors.note_com_browser: scraping_article url=https://note.com/hide_taxnote/n/n8e5658fec2a2
2026-04-07 20:01:31,459 INFO data_pipeline.collectors.note_com_browser: article_is_paid_skipping url=https://note.com/hide_taxnote/n/n8e5658fec2a2
2026-04-07 20:01:31,460 INFO data_pipeline.collectors.note_com_rss: article_paid_skipped url=https://note.com/hide_taxnote/n/n8e5658fec2a2
2026-04-07 20:01:31,538 INFO data_pipeline.collectors.note_com_rss: config_updated updated_count=11 timestamp=2026-04-07T11:01:31.538181+00:00
2026-04-07 20:01:31,538 INFO data_pipeline.collectors.note_com_rss: rss_monitor_completed creators_checked=11 new_articles_found=26 articles_saved=0 articles_skipped_paid=26 articles_skipped_duplicate=0 error_count=0
2026-04-08 08:00:05,572 INFO data_pipeline.collectors.note_com_rss: rss_monitor_starting creator_count=11
2026-04-08 08:00:05,871 INFO data_pipeline.collectors.note_com_rss: rss_fetched username=fukuoka1116 entry_count=25
2026-04-08 08:00:06,640 INFO data_pipeline.collectors.note_com_rss: rss_fetched username=sota_career entry_count=25
2026-04-08 08:00:07,136 INFO data_pipeline.collectors.note_com_rss: rss_fetched username=kei_10m_asset entry_count=23
2026-04-08 08:00:07,516 INFO data_pipeline.collectors.note_com_rss: rss_fetched username=careercompass_c entry_count=25
2026-04-08 08:00:08,244 INFO data_pipeline.collectors.note_com_rss: new_entries_found username=careercompass_c new_count=25
2026-04-08 08:00:08,485 INFO data_pipeline.collectors.note_com_rss: rss_fetched username=dandism56 entry_count=25
2026-04-08 08:00:08,953 INFO data_pipeline.collectors.note_com_rss: new_entries_found username=dandism56 new_count=1
2026-04-08 08:00:09,214 INFO data_pipeline.collectors.note_com_rss: rss_fetched username=miraicareer_blog entry_count=25
2026-04-08 08:00:09,894 INFO data_pipeline.collectors.note_com_rss: rss_fetched username=glad_auklet4142 entry_count=25
2026-04-08 08:00:10,710 INFO data_pipeline.collectors.note_com_rss: new_entries_found username=glad_auklet4142 new_count=3
2026-04-08 08:00:10,929 INFO data_pipeline.collectors.note_com_rss: rss_fetched username=hide_taxnote entry_count=25
2026-04-08 08:00:11,642 INFO data_pipeline.collectors.note_com_rss: new_entries_found username=hide_taxnote new_count=2
2026-04-08 08:00:12,020 INFO data_pipeline.collectors.note_com_rss: rss_fetched username=mindset_official entry_count=25
2026-04-08 08:00:12,817 INFO data_pipeline.collectors.note_com_rss: rss_fetched username=ruinormalhakkar entry_count=25
2026-04-08 08:00:13,252 INFO data_pipeline.collectors.note_com_rss: rss_fetched username=studyhacker entry_count=0
2026-04-08 08:00:14,297 INFO data_pipeline.collectors.note_com_browser: note_com_browser_started
2026-04-08 08:00:14,297 INFO data_pipeline.collectors.note_com_browser: scraping_article url=https://note.com/careercompass_c/n/n62a4108c9338
2026-04-08 08:00:17,590 INFO data_pipeline.collectors.note_com_browser: article_is_paid_skipping url=https://note.com/careercompass_c/n/n62a4108c9338
2026-04-08 08:00:17,591 INFO data_pipeline.collectors.note_com_rss: article_paid_skipped url=https://note.com/careercompass_c/n/n62a4108c9338
2026-04-08 08:00:17,591 INFO data_pipeline.collectors.note_com_browser: scraping_article url=https://note.com/careercompass_c/n/nc92cc8669407
2026-04-08 08:00:20,589 INFO data_pipeline.collectors.note_com_browser: article_is_paid_skipping url=https://note.com/careercompass_c/n/nc92cc8669407
2026-04-08 08:00:20,589 INFO data_pipeline.collectors.note_com_rss: article_paid_skipped url=https://note.com/careercompass_c/n/nc92cc8669407
2026-04-08 08:00:20,589 INFO data_pipeline.collectors.note_com_browser: scraping_article url=https://note.com/careercompass_c/n/n3ed6a03fc264
2026-04-08 08:00:23,132 INFO data_pipeline.collectors.note_com_browser: article_is_paid_skipping url=https://note.com/careercompass_c/n/n3ed6a03fc264
2026-04-08 08:00:23,132 INFO data_pipeline.collectors.note_com_rss: article_paid_skipped url=https://note.com/careercompass_c/n/n3ed6a03fc264
2026-04-08 08:00:23,132 INFO data_pipeline.collectors.note_com_browser: scraping_article url=https://note.com/careercompass_c/n/ndfa338206fe5
2026-04-08 08:00:25,918 INFO data_pipeline.collectors.note_com_browser: article_is_paid_skipping url=https://note.com/careercompass_c/n/ndfa338206fe5
2026-04-08 08:00:25,918 INFO data_pipeline.collectors.note_com_rss: article_paid_skipped url=https://note.com/careercompass_c/n/ndfa338206fe5
2026-04-08 08:00:25,918 INFO data_pipeline.collectors.note_com_browser: scraping_article url=https://note.com/careercompass_c/n/ne14519bc77ef
2026-04-08 08:00:28,747 INFO data_pipeline.collectors.note_com_browser: article_is_paid_skipping url=https://note.com/careercompass_c/n/ne14519bc77ef
2026-04-08 08:00:28,748 INFO data_pipeline.collectors.note_com_rss: article_paid_skipped url=https://note.com/careercompass_c/n/ne14519bc77ef
2026-04-08 08:00:28,748 INFO data_pipeline.collectors.note_com_browser: scraping_article url=https://note.com/careercompass_c/n/na79448d4b833
2026-04-08 08:00:31,371 INFO data_pipeline.collectors.note_com_browser: article_is_paid_skipping url=https://note.com/careercompass_c/n/na79448d4b833
2026-04-08 08:00:31,371 INFO data_pipeline.collectors.note_com_rss: article_paid_skipped url=https://note.com/careercompass_c/n/na79448d4b833
2026-04-08 08:00:31,371 INFO data_pipeline.collectors.note_com_browser: scraping_article url=https://note.com/careercompass_c/n/n6d09b8c7aa8e
2026-04-08 08:00:34,253 INFO data_pipeline.collectors.note_com_browser: article_is_paid_skipping url=https://note.com/careercompass_c/n/n6d09b8c7aa8e
2026-04-08 08:00:34,253 INFO data_pipeline.collectors.note_com_rss: article_paid_skipped url=https://note.com/careercompass_c/n/n6d09b8c7aa8e
2026-04-08 08:00:34,253 INFO data_pipeline.collectors.note_com_browser: scraping_article url=https://note.com/careercompass_c/n/nc4c5053b15d2
2026-04-08 08:00:36,882 INFO data_pipeline.collectors.note_com_browser: article_is_paid_skipping url=https://note.com/careercompass_c/n/nc4c5053b15d2
2026-04-08 08:00:36,882 INFO data_pipeline.collectors.note_com_rss: article_paid_skipped url=https://note.com/careercompass_c/n/nc4c5053b15d2
2026-04-08 08:00:36,882 INFO data_pipeline.collectors.note_com_browser: scraping_article url=https://note.com/careercompass_c/n/ne4f9e9b830a1
2026-04-08 08:00:39,610 INFO data_pipeline.collectors.note_com_browser: article_is_paid_skipping url=https://note.com/careercompass_c/n/ne4f9e9b830a1
2026-04-08 08:00:39,611 INFO data_pipeline.collectors.note_com_rss: article_paid_skipped url=https://note.com/careercompass_c/n/ne4f9e9b830a1
2026-04-08 08:00:39,611 INFO data_pipeline.collectors.note_com_browser: scraping_article url=https://note.com/careercompass_c/n/n5d29f69a9eb7
2026-04-08 08:00:42,344 INFO data_pipeline.collectors.note_com_browser: article_is_paid_skipping url=https://note.com/careercompass_c/n/n5d29f69a9eb7
2026-04-08 08:00:42,344 INFO data_pipeline.collectors.note_com_rss: article_paid_skipped url=https://note.com/careercompass_c/n/n5d29f69a9eb7
2026-04-08 08:00:42,344 INFO data_pipeline.collectors.note_com_browser: scraping_article url=https://note.com/careercompass_c/n/nf99515f2b38a
2026-04-08 08:00:45,256 INFO data_pipeline.collectors.note_com_browser: article_is_paid_skipping url=https://note.com/careercompass_c/n/nf99515f2b38a
2026-04-08 08:00:45,256 INFO data_pipeline.collectors.note_com_rss: article_paid_skipped url=https://note.com/careercompass_c/n/nf99515f2b38a
2026-04-08 08:00:45,256 INFO data_pipeline.collectors.note_com_browser: scraping_article url=https://note.com/careercompass_c/n/n040399afc6c9
2026-04-08 08:00:48,178 INFO data_pipeline.collectors.note_com_browser: article_is_paid_skipping url=https://note.com/careercompass_c/n/n040399afc6c9
2026-04-08 08:00:48,178 INFO data_pipeline.collectors.note_com_rss: article_paid_skipped url=https://note.com/careercompass_c/n/n040399afc6c9
2026-04-08 08:00:48,179 INFO data_pipeline.collectors.note_com_browser: scraping_article url=https://note.com/careercompass_c/n/n4734f65377c2
2026-04-08 08:00:50,982 INFO data_pipeline.collectors.note_com_browser: article_is_paid_skipping url=https://note.com/careercompass_c/n/n4734f65377c2
2026-04-08 08:00:50,982 INFO data_pipeline.collectors.note_com_rss: article_paid_skipped url=https://note.com/careercompass_c/n/n4734f65377c2
2026-04-08 08:00:50,982 INFO data_pipeline.collectors.note_com_browser: scraping_article url=https://note.com/careercompass_c/n/n2083f0f96edd
2026-04-08 08:00:53,880 INFO data_pipeline.collectors.note_com_browser: article_is_paid_skipping url=https://note.com/careercompass_c/n/n2083f0f96edd
2026-04-08 08:00:53,880 INFO data_pipeline.collectors.note_com_rss: article_paid_skipped url=https://note.com/careercompass_c/n/n2083f0f96edd
2026-04-08 08:00:53,880 INFO data_pipeline.collectors.note_com_browser: scraping_article url=https://note.com/careercompass_c/n/n4e752ce46d7c
2026-04-08 08:00:56,796 INFO data_pipeline.collectors.note_com_browser: article_is_paid_skipping url=https://note.com/careercompass_c/n/n4e752ce46d7c
2026-04-08 08:00:56,796 INFO data_pipeline.collectors.note_com_rss: article_paid_skipped url=https://note.com/careercompass_c/n/n4e752ce46d7c
2026-04-08 08:00:56,796 INFO data_pipeline.collectors.note_com_browser: scraping_article url=https://note.com/careercompass_c/n/n5299fee3ddb4
2026-04-08 08:00:59,332 INFO data_pipeline.collectors.note_com_browser: article_is_paid_skipping url=https://note.com/careercompass_c/n/n5299fee3ddb4
2026-04-08 08:00:59,332 INFO data_pipeline.collectors.note_com_rss: article_paid_skipped url=https://note.com/careercompass_c/n/n5299fee3ddb4
2026-04-08 08:00:59,332 INFO data_pipeline.collectors.note_com_browser: scraping_article url=https://note.com/careercompass_c/n/n13ba186240b6
2026-04-08 08:01:02,065 INFO data_pipeline.collectors.note_com_browser: article_is_paid_skipping url=https://note.com/careercompass_c/n/n13ba186240b6
2026-04-08 08:01:02,066 INFO data_pipeline.collectors.note_com_rss: article_paid_skipped url=https://note.com/careercompass_c/n/n13ba186240b6
2026-04-08 08:01:02,066 INFO data_pipeline.collectors.note_com_browser: scraping_article url=https://note.com/careercompass_c/n/n479bc548da24
2026-04-08 08:01:04,832 INFO data_pipeline.collectors.note_com_browser: article_is_paid_skipping url=https://note.com/careercompass_c/n/n479bc548da24
2026-04-08 08:01:04,832 INFO data_pipeline.collectors.note_com_rss: article_paid_skipped url=https://note.com/careercompass_c/n/n479bc548da24
2026-04-08 08:01:04,832 INFO data_pipeline.collectors.note_com_browser: scraping_article url=https://note.com/careercompass_c/n/ne65d91a3e197
2026-04-08 08:01:07,750 INFO data_pipeline.collectors.note_com_browser: article_is_paid_skipping url=https://note.com/careercompass_c/n/ne65d91a3e197
2026-04-08 08:01:07,750 INFO data_pipeline.collectors.note_com_rss: article_paid_skipped url=https://note.com/careercompass_c/n/ne65d91a3e197
2026-04-08 08:01:07,750 INFO data_pipeline.collectors.note_com_browser: scraping_article url=https://note.com/careercompass_c/n/n3ddabf441e99
2026-04-08 08:01:10,595 INFO data_pipeline.collectors.note_com_browser: article_is_paid_skipping url=https://note.com/careercompass_c/n/n3ddabf441e99
2026-04-08 08:01:10,595 INFO data_pipeline.collectors.note_com_rss: article_paid_skipped url=https://note.com/careercompass_c/n/n3ddabf441e99
2026-04-08 08:01:10,595 INFO data_pipeline.collectors.note_com_browser: scraping_article url=https://note.com/careercompass_c/n/nab1c0f5fb649
2026-04-08 08:01:13,259 INFO data_pipeline.collectors.note_com_browser: article_is_paid_skipping url=https://note.com/careercompass_c/n/nab1c0f5fb649
2026-04-08 08:01:13,260 INFO data_pipeline.collectors.note_com_rss: article_paid_skipped url=https://note.com/careercompass_c/n/nab1c0f5fb649
2026-04-08 08:01:13,260 INFO data_pipeline.collectors.note_com_browser: scraping_article url=https://note.com/careercompass_c/n/nbcc50b14303b
2026-04-08 08:01:16,218 INFO data_pipeline.collectors.note_com_browser: article_is_paid_skipping url=https://note.com/careercompass_c/n/nbcc50b14303b
2026-04-08 08:01:16,219 INFO data_pipeline.collectors.note_com_rss: article_paid_skipped url=https://note.com/careercompass_c/n/nbcc50b14303b
2026-04-08 08:01:16,219 INFO data_pipeline.collectors.note_com_browser: scraping_article url=https://note.com/careercompass_c/n/nee139e4aed6e
2026-04-08 08:01:18,996 INFO data_pipeline.collectors.note_com_browser: article_is_paid_skipping url=https://note.com/careercompass_c/n/nee139e4aed6e
2026-04-08 08:01:18,996 INFO data_pipeline.collectors.note_com_rss: article_paid_skipped url=https://note.com/careercompass_c/n/nee139e4aed6e
2026-04-08 08:01:18,996 INFO data_pipeline.collectors.note_com_browser: scraping_article url=https://note.com/careercompass_c/n/n975ec9045413
2026-04-08 08:01:21,505 INFO data_pipeline.collectors.note_com_browser: article_is_paid_skipping url=https://note.com/careercompass_c/n/n975ec9045413
2026-04-08 08:01:21,505 INFO data_pipeline.collectors.note_com_rss: article_paid_skipped url=https://note.com/careercompass_c/n/n975ec9045413
2026-04-08 08:01:21,506 INFO data_pipeline.collectors.note_com_browser: scraping_article url=https://note.com/careercompass_c/n/nb87f083bddf7
2026-04-08 08:01:24,078 INFO data_pipeline.collectors.note_com_browser: article_is_paid_skipping url=https://note.com/careercompass_c/n/nb87f083bddf7
2026-04-08 08:01:24,078 INFO data_pipeline.collectors.note_com_rss: article_paid_skipped url=https://note.com/careercompass_c/n/nb87f083bddf7
2026-04-08 08:01:24,078 INFO data_pipeline.collectors.note_com_browser: scraping_article url=https://note.com/dandism56/n/n3e0a41aa6e89
2026-04-08 08:01:26,915 INFO data_pipeline.collectors.note_com_browser: article_scraped url=https://note.com/dandism56/n/n3e0a41aa6e89 title=人生や仕事で目指すスタンスを表す漢字が「縁」と「援」であると考えた理由 body_length=4095 hashtag_count=37
2026-04-08 08:01:27,081 INFO data_pipeline.collectors.note_com_rss: article_saved url=https://note.com/dandism56/n/n3e0a41aa6e89 title=人生や仕事で目指すスタンスを表す漢字が「縁」と「援」であると考えた理由
2026-04-08 08:01:27,081 INFO data_pipeline.collectors.note_com_browser: scraping_article url=https://note.com/glad_auklet4142/n/n40b5ab499195
2026-04-08 08:01:30,736 INFO data_pipeline.collectors.note_com_browser: article_scraped url=https://note.com/glad_auklet4142/n/n40b5ab499195 title=🐺 選んだ6本を、マスターに全否定された話——「リンク集じゃん。これ読んでクリックするの？」—深夜のラジオと、マスターに怒られた話。あとマスターが人間か疑わしい話。 ※6 #メンバーシップ #自己紹介 #生成AI #ChatGPT #Gemini #Claude #テクノロジー #AI活用  body_length=10507 hashtag_count=80
2026-04-08 08:01:30,837 INFO data_pipeline.collectors.note_com_rss: article_saved url=https://note.com/glad_auklet4142/n/n40b5ab499195 title=🐺 選んだ6本を、マスターに全否定された話——「リンク集じゃん。これ読んでクリックするの？」—深夜のラジオと、マスターに怒られた話。あとマスターが人間か疑わしい話。 ※6 #メンバーシップ #自己紹介 #生成AI #ChatGPT #Gemini #Claude #テクノロジー #AI活用 
2026-04-08 08:01:30,837 INFO data_pipeline.collectors.note_com_browser: scraping_article url=https://note.com/glad_auklet4142/n/n2735cfb92ea1
2026-04-08 08:01:33,985 INFO data_pipeline.collectors.note_com_browser: article_scraped url=https://note.com/glad_auklet4142/n/n2735cfb92ea1 title=【AI進化の裏で進む「太陽の箱詰め」こと核融合】Microsoftが爆買いする核融合のリアル。AIの暴食が招く「電力ショート」と、1.5億度の炎を独占する新帝国の誕生 #生成AI #電力不足 #核融合 #インフラ #テクノロジー #生存戦略 body_length=1616 hashtag_count=100
2026-04-08 08:01:34,062 INFO data_pipeline.collectors.note_com_rss: article_saved url=https://note.com/glad_auklet4142/n/n2735cfb92ea1 title=【AI進化の裏で進む「太陽の箱詰め」こと核融合】Microsoftが爆買いする核融合のリアル。AIの暴食が招く「電力ショート」と、1.5億度の炎を独占する新帝国の誕生 #生成AI #電力不足 #核融合 #インフラ #テクノロジー #生存戦略
2026-04-08 08:01:34,062 INFO data_pipeline.collectors.note_com_browser: scraping_article url=https://note.com/glad_auklet4142/n/n9fe6e938c4ea
2026-04-08 08:01:36,893 INFO data_pipeline.collectors.note_com_browser: article_scraped url=https://note.com/glad_auklet4142/n/n9fe6e938c4ea title=【欧州の原発回帰】綺麗事は終わった。欧州の原発回帰が暗示するエネルギー争奪戦と忍び寄る日本の物価高。綺麗事で冬は越せない冷酷な現実 #インフレ #エネルギーショック #物価高 #欧州 #地政学 #家計防衛 body_length=2802 hashtag_count=100
2026-04-08 08:01:37,045 INFO data_pipeline.collectors.note_com_rss: article_saved url=https://note.com/glad_auklet4142/n/n9fe6e938c4ea title=【欧州の原発回帰】綺麗事は終わった。欧州の原発回帰が暗示するエネルギー争奪戦と忍び寄る日本の物価高。綺麗事で冬は越せない冷酷な現実 #インフレ #エネルギーショック #物価高 #欧州 #地政学 #家計防衛
2026-04-08 08:01:37,045 INFO data_pipeline.collectors.note_com_browser: scraping_article url=https://note.com/hide_taxnote/n/nb05b90d7e7dc
2026-04-08 08:01:39,758 INFO data_pipeline.collectors.note_com_browser: article_scraped url=https://note.com/hide_taxnote/n/nb05b90d7e7dc title=2026年4月7日｜日経平均・東京株式市場・米国株：ポイント解説と明日の展望 body_length=3773 hashtag_count=13
2026-04-08 08:01:39,850 INFO data_pipeline.collectors.note_com_rss: article_saved url=https://note.com/hide_taxnote/n/nb05b90d7e7dc title=2026年4月7日｜日経平均・東京株式市場・米国株：ポイント解説と明日の展望
2026-04-08 08:01:39,850 INFO data_pipeline.collectors.note_com_browser: scraping_article url=https://note.com/hide_taxnote/n/n8e5658fec2a2
2026-04-08 08:01:43,133 INFO data_pipeline.collectors.note_com_browser: article_is_paid_skipping url=https://note.com/hide_taxnote/n/n8e5658fec2a2
2026-04-08 08:01:43,133 INFO data_pipeline.collectors.note_com_rss: article_paid_skipped url=https://note.com/hide_taxnote/n/n8e5658fec2a2
2026-04-08 08:01:43,213 INFO data_pipeline.collectors.note_com_rss: config_updated updated_count=11 timestamp=2026-04-07T23:01:43.213444+00:00
2026-04-08 08:01:43,213 INFO data_pipeline.collectors.note_com_rss: rss_monitor_completed creators_checked=11 new_articles_found=31 articles_saved=5 articles_skipped_paid=26 articles_skipped_duplicate=0 error_count=0
2026-04-08 20:00:01,832 INFO data_pipeline.collectors.note_com_rss: rss_monitor_starting creator_count=11
2026-04-08 20:00:02,177 INFO data_pipeline.collectors.note_com_rss: rss_fetched username=fukuoka1116 entry_count=25
2026-04-08 20:00:03,044 INFO data_pipeline.collectors.note_com_rss: rss_fetched username=sota_career entry_count=25
2026-04-08 20:00:03,652 INFO data_pipeline.collectors.note_com_rss: rss_fetched username=kei_10m_asset entry_count=23
2026-04-08 20:00:04,049 INFO data_pipeline.collectors.note_com_rss: rss_fetched username=careercompass_c entry_count=25
2026-04-08 20:00:04,882 INFO data_pipeline.collectors.note_com_rss: new_entries_found username=careercompass_c new_count=25
2026-04-08 20:00:05,138 INFO data_pipeline.collectors.note_com_rss: rss_fetched username=dandism56 entry_count=25
2026-04-08 20:00:06,824 INFO data_pipeline.collectors.note_com_rss: rss_fetched username=miraicareer_blog entry_count=25
2026-04-08 20:00:07,506 INFO data_pipeline.collectors.note_com_rss: rss_fetched username=glad_auklet4142 entry_count=25
2026-04-08 20:00:08,761 INFO data_pipeline.collectors.note_com_rss: new_entries_found username=glad_auklet4142 new_count=1
2026-04-08 20:00:08,985 INFO data_pipeline.collectors.note_com_rss: rss_fetched username=hide_taxnote entry_count=25
2026-04-08 20:00:10,408 INFO data_pipeline.collectors.note_com_rss: new_entries_found username=hide_taxnote new_count=3
2026-04-08 20:00:10,783 INFO data_pipeline.collectors.note_com_rss: rss_fetched username=mindset_official entry_count=25
2026-04-08 20:00:11,389 INFO data_pipeline.collectors.note_com_rss: rss_fetched username=ruinormalhakkar entry_count=25
2026-04-08 20:00:11,814 INFO data_pipeline.collectors.note_com_rss: rss_fetched username=studyhacker entry_count=0
2026-04-08 20:00:18,043 INFO data_pipeline.collectors.note_com_browser: note_com_browser_started
2026-04-08 20:00:18,043 INFO data_pipeline.collectors.note_com_browser: scraping_article url=https://note.com/careercompass_c/n/n00bdbb97a2f8
2026-04-08 20:00:21,811 INFO data_pipeline.collectors.note_com_browser: article_is_paid_skipping url=https://note.com/careercompass_c/n/n00bdbb97a2f8
2026-04-08 20:00:21,812 INFO data_pipeline.collectors.note_com_rss: article_paid_skipped url=https://note.com/careercompass_c/n/n00bdbb97a2f8
2026-04-08 20:00:21,812 INFO data_pipeline.collectors.note_com_browser: scraping_article url=https://note.com/careercompass_c/n/n5ee45fe0ce36
2026-04-08 20:00:24,722 INFO data_pipeline.collectors.note_com_browser: article_is_paid_skipping url=https://note.com/careercompass_c/n/n5ee45fe0ce36
2026-04-08 20:00:24,722 INFO data_pipeline.collectors.note_com_rss: article_paid_skipped url=https://note.com/careercompass_c/n/n5ee45fe0ce36
2026-04-08 20:00:24,722 INFO data_pipeline.collectors.note_com_browser: scraping_article url=https://note.com/careercompass_c/n/n8454249a3d86
2026-04-08 20:00:27,863 INFO data_pipeline.collectors.note_com_browser: article_is_paid_skipping url=https://note.com/careercompass_c/n/n8454249a3d86
2026-04-08 20:00:27,863 INFO data_pipeline.collectors.note_com_rss: article_paid_skipped url=https://note.com/careercompass_c/n/n8454249a3d86
2026-04-08 20:00:27,863 INFO data_pipeline.collectors.note_com_browser: scraping_article url=https://note.com/careercompass_c/n/naee5454205a9
2026-04-08 20:00:30,622 INFO data_pipeline.collectors.note_com_browser: article_is_paid_skipping url=https://note.com/careercompass_c/n/naee5454205a9
2026-04-08 20:00:30,622 INFO data_pipeline.collectors.note_com_rss: article_paid_skipped url=https://note.com/careercompass_c/n/naee5454205a9
2026-04-08 20:00:30,622 INFO data_pipeline.collectors.note_com_browser: scraping_article url=https://note.com/careercompass_c/n/n8569ad05b6d8
2026-04-08 20:00:33,759 INFO data_pipeline.collectors.note_com_browser: article_is_paid_skipping url=https://note.com/careercompass_c/n/n8569ad05b6d8
2026-04-08 20:00:33,759 INFO data_pipeline.collectors.note_com_rss: article_paid_skipped url=https://note.com/careercompass_c/n/n8569ad05b6d8
2026-04-08 20:00:33,759 INFO data_pipeline.collectors.note_com_browser: scraping_article url=https://note.com/careercompass_c/n/nb587344abc02
2026-04-08 20:00:36,645 INFO data_pipeline.collectors.note_com_browser: article_is_paid_skipping url=https://note.com/careercompass_c/n/nb587344abc02
2026-04-08 20:00:36,646 INFO data_pipeline.collectors.note_com_rss: article_paid_skipped url=https://note.com/careercompass_c/n/nb587344abc02
2026-04-08 20:00:36,646 INFO data_pipeline.collectors.note_com_browser: scraping_article url=https://note.com/careercompass_c/n/n61808abc31d9
2026-04-08 20:00:39,672 INFO data_pipeline.collectors.note_com_browser: article_is_paid_skipping url=https://note.com/careercompass_c/n/n61808abc31d9
2026-04-08 20:00:39,674 INFO data_pipeline.collectors.note_com_rss: article_paid_skipped url=https://note.com/careercompass_c/n/n61808abc31d9
2026-04-08 20:00:39,674 INFO data_pipeline.collectors.note_com_browser: scraping_article url=https://note.com/careercompass_c/n/na710c3e11238
2026-04-08 20:00:42,384 INFO data_pipeline.collectors.note_com_browser: article_is_paid_skipping url=https://note.com/careercompass_c/n/na710c3e11238
2026-04-08 20:00:42,384 INFO data_pipeline.collectors.note_com_rss: article_paid_skipped url=https://note.com/careercompass_c/n/na710c3e11238
2026-04-08 20:00:42,384 INFO data_pipeline.collectors.note_com_browser: scraping_article url=https://note.com/careercompass_c/n/n711c7b7ae7a7
2026-04-08 20:00:44,834 INFO data_pipeline.collectors.note_com_browser: article_is_paid_skipping url=https://note.com/careercompass_c/n/n711c7b7ae7a7
2026-04-08 20:00:44,835 INFO data_pipeline.collectors.note_com_rss: article_paid_skipped url=https://note.com/careercompass_c/n/n711c7b7ae7a7
2026-04-08 20:00:44,835 INFO data_pipeline.collectors.note_com_browser: scraping_article url=https://note.com/careercompass_c/n/n2f88201cd2a8
2026-04-08 20:00:47,650 INFO data_pipeline.collectors.note_com_browser: article_is_paid_skipping url=https://note.com/careercompass_c/n/n2f88201cd2a8
2026-04-08 20:00:47,650 INFO data_pipeline.collectors.note_com_rss: article_paid_skipped url=https://note.com/careercompass_c/n/n2f88201cd2a8
2026-04-08 20:00:47,650 INFO data_pipeline.collectors.note_com_browser: scraping_article url=https://note.com/careercompass_c/n/n62a4108c9338
2026-04-08 20:00:50,360 INFO data_pipeline.collectors.note_com_browser: article_is_paid_skipping url=https://note.com/careercompass_c/n/n62a4108c9338
2026-04-08 20:00:50,361 INFO data_pipeline.collectors.note_com_rss: article_paid_skipped url=https://note.com/careercompass_c/n/n62a4108c9338
2026-04-08 20:00:50,361 INFO data_pipeline.collectors.note_com_browser: scraping_article url=https://note.com/careercompass_c/n/nc92cc8669407
2026-04-08 20:00:53,662 INFO data_pipeline.collectors.note_com_browser: article_is_paid_skipping url=https://note.com/careercompass_c/n/nc92cc8669407
2026-04-08 20:00:53,663 INFO data_pipeline.collectors.note_com_rss: article_paid_skipped url=https://note.com/careercompass_c/n/nc92cc8669407
2026-04-08 20:00:53,663 INFO data_pipeline.collectors.note_com_browser: scraping_article url=https://note.com/careercompass_c/n/n3ed6a03fc264
2026-04-08 20:00:56,588 INFO data_pipeline.collectors.note_com_browser: article_is_paid_skipping url=https://note.com/careercompass_c/n/n3ed6a03fc264
2026-04-08 20:00:56,588 INFO data_pipeline.collectors.note_com_rss: article_paid_skipped url=https://note.com/careercompass_c/n/n3ed6a03fc264
2026-04-08 20:00:56,588 INFO data_pipeline.collectors.note_com_browser: scraping_article url=https://note.com/careercompass_c/n/ndfa338206fe5
2026-04-08 20:00:59,222 INFO data_pipeline.collectors.note_com_browser: article_is_paid_skipping url=https://note.com/careercompass_c/n/ndfa338206fe5
2026-04-08 20:00:59,223 INFO data_pipeline.collectors.note_com_rss: article_paid_skipped url=https://note.com/careercompass_c/n/ndfa338206fe5
2026-04-08 20:00:59,223 INFO data_pipeline.collectors.note_com_browser: scraping_article url=https://note.com/careercompass_c/n/ne14519bc77ef
2026-04-08 20:01:02,195 INFO data_pipeline.collectors.note_com_browser: article_is_paid_skipping url=https://note.com/careercompass_c/n/ne14519bc77ef
2026-04-08 20:01:02,195 INFO data_pipeline.collectors.note_com_rss: article_paid_skipped url=https://note.com/careercompass_c/n/ne14519bc77ef
2026-04-08 20:01:02,195 INFO data_pipeline.collectors.note_com_browser: scraping_article url=https://note.com/careercompass_c/n/na79448d4b833
2026-04-08 20:01:04,961 INFO data_pipeline.collectors.note_com_browser: article_is_paid_skipping url=https://note.com/careercompass_c/n/na79448d4b833
2026-04-08 20:01:04,961 INFO data_pipeline.collectors.note_com_rss: article_paid_skipped url=https://note.com/careercompass_c/n/na79448d4b833
2026-04-08 20:01:04,961 INFO data_pipeline.collectors.note_com_browser: scraping_article url=https://note.com/careercompass_c/n/n6d09b8c7aa8e
2026-04-08 20:01:07,803 INFO data_pipeline.collectors.note_com_browser: article_is_paid_skipping url=https://note.com/careercompass_c/n/n6d09b8c7aa8e
2026-04-08 20:01:07,803 INFO data_pipeline.collectors.note_com_rss: article_paid_skipped url=https://note.com/careercompass_c/n/n6d09b8c7aa8e
2026-04-08 20:01:07,803 INFO data_pipeline.collectors.note_com_browser: scraping_article url=https://note.com/careercompass_c/n/nc4c5053b15d2
2026-04-08 20:01:10,600 INFO data_pipeline.collectors.note_com_browser: article_is_paid_skipping url=https://note.com/careercompass_c/n/nc4c5053b15d2
2026-04-08 20:01:10,600 INFO data_pipeline.collectors.note_com_rss: article_paid_skipped url=https://note.com/careercompass_c/n/nc4c5053b15d2
2026-04-08 20:01:10,600 INFO data_pipeline.collectors.note_com_browser: scraping_article url=https://note.com/careercompass_c/n/ne4f9e9b830a1
2026-04-08 20:01:13,466 INFO data_pipeline.collectors.note_com_browser: article_is_paid_skipping url=https://note.com/careercompass_c/n/ne4f9e9b830a1
2026-04-08 20:01:13,466 INFO data_pipeline.collectors.note_com_rss: article_paid_skipped url=https://note.com/careercompass_c/n/ne4f9e9b830a1
2026-04-08 20:01:13,466 INFO data_pipeline.collectors.note_com_browser: scraping_article url=https://note.com/careercompass_c/n/n5d29f69a9eb7
2026-04-08 20:01:16,349 INFO data_pipeline.collectors.note_com_browser: article_is_paid_skipping url=https://note.com/careercompass_c/n/n5d29f69a9eb7
2026-04-08 20:01:16,349 INFO data_pipeline.collectors.note_com_rss: article_paid_skipped url=https://note.com/careercompass_c/n/n5d29f69a9eb7
2026-04-08 20:01:16,349 INFO data_pipeline.collectors.note_com_browser: scraping_article url=https://note.com/careercompass_c/n/nf99515f2b38a
2026-04-08 20:01:18,807 INFO data_pipeline.collectors.note_com_browser: article_is_paid_skipping url=https://note.com/careercompass_c/n/nf99515f2b38a
2026-04-08 20:01:18,807 INFO data_pipeline.collectors.note_com_rss: article_paid_skipped url=https://note.com/careercompass_c/n/nf99515f2b38a
2026-04-08 20:01:18,807 INFO data_pipeline.collectors.note_com_browser: scraping_article url=https://note.com/careercompass_c/n/n040399afc6c9
2026-04-08 20:01:21,476 INFO data_pipeline.collectors.note_com_browser: article_is_paid_skipping url=https://note.com/careercompass_c/n/n040399afc6c9
2026-04-08 20:01:21,476 INFO data_pipeline.collectors.note_com_rss: article_paid_skipped url=https://note.com/careercompass_c/n/n040399afc6c9
2026-04-08 20:01:21,476 INFO data_pipeline.collectors.note_com_browser: scraping_article url=https://note.com/careercompass_c/n/n4734f65377c2
2026-04-08 20:01:24,191 INFO data_pipeline.collectors.note_com_browser: article_is_paid_skipping url=https://note.com/careercompass_c/n/n4734f65377c2
2026-04-08 20:01:24,191 INFO data_pipeline.collectors.note_com_rss: article_paid_skipped url=https://note.com/careercompass_c/n/n4734f65377c2
2026-04-08 20:01:24,191 INFO data_pipeline.collectors.note_com_browser: scraping_article url=https://note.com/careercompass_c/n/n2083f0f96edd
2026-04-08 20:01:26,634 INFO data_pipeline.collectors.note_com_browser: article_is_paid_skipping url=https://note.com/careercompass_c/n/n2083f0f96edd
2026-04-08 20:01:26,634 INFO data_pipeline.collectors.note_com_rss: article_paid_skipped url=https://note.com/careercompass_c/n/n2083f0f96edd
2026-04-08 20:01:26,634 INFO data_pipeline.collectors.note_com_browser: scraping_article url=https://note.com/careercompass_c/n/n4e752ce46d7c
2026-04-08 20:01:29,519 INFO data_pipeline.collectors.note_com_browser: article_is_paid_skipping url=https://note.com/careercompass_c/n/n4e752ce46d7c
2026-04-08 20:01:29,519 INFO data_pipeline.collectors.note_com_rss: article_paid_skipped url=https://note.com/careercompass_c/n/n4e752ce46d7c
2026-04-08 20:01:29,519 INFO data_pipeline.collectors.note_com_browser: scraping_article url=https://note.com/glad_auklet4142/n/n2eb8e003e796
2026-04-08 20:01:33,323 INFO data_pipeline.collectors.note_com_browser: article_scraped url=https://note.com/glad_auklet4142/n/n2eb8e003e796 title=「10日で月収100万」という20年来の嘘。時間を溶かし続ける人の末路——実績を「残し続ける」ことだけが武器になる #マーケティング #毎日更新 #毎日投稿 #在宅副業 #フォロワー #いまあなたに伝えたいこと #セールスライティング #ビジネスマインド #文章術 body_length=19439 hashtag_count=100
2026-04-08 20:01:33,483 INFO data_pipeline.collectors.note_com_rss: article_saved url=https://note.com/glad_auklet4142/n/n2eb8e003e796 title=「10日で月収100万」という20年来の嘘。時間を溶かし続ける人の末路——実績を「残し続ける」ことだけが武器になる #マーケティング #毎日更新 #毎日投稿 #在宅副業 #フォロワー #いまあなたに伝えたいこと #セールスライティング #ビジネスマインド #文章術
2026-04-08 20:01:33,483 INFO data_pipeline.collectors.note_com_browser: scraping_article url=https://note.com/hide_taxnote/n/nffc0adae59b1
2026-04-08 20:01:36,467 INFO data_pipeline.collectors.note_com_browser: article_scraped url=https://note.com/hide_taxnote/n/nffc0adae59b1 title=2026年4月8日｜日経平均・東京株式市場・米国株：ポイント解説と明日の展望 body_length=4011 hashtag_count=13
2026-04-08 20:01:36,591 INFO data_pipeline.collectors.note_com_rss: article_saved url=https://note.com/hide_taxnote/n/nffc0adae59b1 title=2026年4月8日｜日経平均・東京株式市場・米国株：ポイント解説と明日の展望
2026-04-08 20:01:36,591 INFO data_pipeline.collectors.note_com_browser: scraping_article url=https://note.com/hide_taxnote/n/n3c8ff5f84a70
2026-04-08 20:01:39,377 INFO data_pipeline.collectors.note_com_browser: article_scraped url=https://note.com/hide_taxnote/n/n3c8ff5f84a70 title=節約のつもりが逆効果？日用品の「ついで買い」をゼロにするAmazon定期便の活用法 body_length=2309 hashtag_count=10
2026-04-08 20:01:39,453 INFO data_pipeline.collectors.note_com_rss: article_saved url=https://note.com/hide_taxnote/n/n3c8ff5f84a70 title=節約のつもりが逆効果？日用品の「ついで買い」をゼロにするAmazon定期便の活用法
2026-04-08 20:01:39,453 INFO data_pipeline.collectors.note_com_browser: scraping_article url=https://note.com/hide_taxnote/n/n8e5658fec2a2
2026-04-08 20:01:42,868 INFO data_pipeline.collectors.note_com_browser: article_is_paid_skipping url=https://note.com/hide_taxnote/n/n8e5658fec2a2
2026-04-08 20:01:42,868 INFO data_pipeline.collectors.note_com_rss: article_paid_skipped url=https://note.com/hide_taxnote/n/n8e5658fec2a2
2026-04-08 20:01:42,954 INFO data_pipeline.collectors.note_com_rss: config_updated updated_count=11 timestamp=2026-04-08T11:01:42.953852+00:00
2026-04-08 20:01:42,954 INFO data_pipeline.collectors.note_com_rss: rss_monitor_completed creators_checked=11 new_articles_found=29 articles_saved=3 articles_skipped_paid=26 articles_skipped_duplicate=0 error_count=0
2026-04-09 08:00:05,789 INFO data_pipeline.collectors.note_com_rss: rss_monitor_starting creator_count=11
2026-04-09 08:00:06,081 INFO data_pipeline.collectors.note_com_rss: rss_fetched username=fukuoka1116 entry_count=25
2026-04-09 08:00:06,864 INFO data_pipeline.collectors.note_com_rss: rss_fetched username=sota_career entry_count=25
2026-04-09 08:00:07,339 INFO data_pipeline.collectors.note_com_rss: rss_fetched username=kei_10m_asset entry_count=23
2026-04-09 08:00:07,868 INFO data_pipeline.collectors.note_com_rss: rss_fetched username=careercompass_c entry_count=25
2026-04-09 08:00:07,972 INFO data_pipeline.collectors.note_com_rss: new_entries_found username=careercompass_c new_count=25
2026-04-09 08:00:08,229 INFO data_pipeline.collectors.note_com_rss: rss_fetched username=dandism56 entry_count=25
2026-04-09 08:00:08,667 INFO data_pipeline.collectors.note_com_rss: new_entries_found username=dandism56 new_count=1
2026-04-09 08:00:08,915 INFO data_pipeline.collectors.note_com_rss: rss_fetched username=miraicareer_blog entry_count=25
2026-04-09 08:00:09,629 INFO data_pipeline.collectors.note_com_rss: rss_fetched username=glad_auklet4142 entry_count=25
2026-04-09 08:00:10,671 INFO data_pipeline.collectors.note_com_rss: new_entries_found username=glad_auklet4142 new_count=4
2026-04-09 08:00:10,893 INFO data_pipeline.collectors.note_com_rss: rss_fetched username=hide_taxnote entry_count=25
2026-04-09 08:00:11,628 INFO data_pipeline.collectors.note_com_rss: new_entries_found username=hide_taxnote new_count=1
2026-04-09 08:00:12,003 INFO data_pipeline.collectors.note_com_rss: rss_fetched username=mindset_official entry_count=25
2026-04-09 08:00:12,742 INFO data_pipeline.collectors.note_com_rss: rss_fetched username=ruinormalhakkar entry_count=25
2026-04-09 08:00:13,180 INFO data_pipeline.collectors.note_com_rss: rss_fetched username=studyhacker entry_count=0
2026-04-09 08:00:14,458 INFO data_pipeline.collectors.note_com_browser: note_com_browser_started
2026-04-09 08:00:14,458 INFO data_pipeline.collectors.note_com_browser: scraping_article url=https://note.com/careercompass_c/n/n00bdbb97a2f8
2026-04-09 08:00:17,771 INFO data_pipeline.collectors.note_com_browser: article_is_paid_skipping url=https://note.com/careercompass_c/n/n00bdbb97a2f8
2026-04-09 08:00:17,771 INFO data_pipeline.collectors.note_com_rss: article_paid_skipped url=https://note.com/careercompass_c/n/n00bdbb97a2f8
2026-04-09 08:00:17,771 INFO data_pipeline.collectors.note_com_browser: scraping_article url=https://note.com/careercompass_c/n/n5ee45fe0ce36
2026-04-09 08:00:20,692 INFO data_pipeline.collectors.note_com_browser: article_is_paid_skipping url=https://note.com/careercompass_c/n/n5ee45fe0ce36
2026-04-09 08:00:20,692 INFO data_pipeline.collectors.note_com_rss: article_paid_skipped url=https://note.com/careercompass_c/n/n5ee45fe0ce36
2026-04-09 08:00:20,692 INFO data_pipeline.collectors.note_com_browser: scraping_article url=https://note.com/careercompass_c/n/n8454249a3d86
2026-04-09 08:00:23,538 INFO data_pipeline.collectors.note_com_browser: article_is_paid_skipping url=https://note.com/careercompass_c/n/n8454249a3d86
2026-04-09 08:00:23,538 INFO data_pipeline.collectors.note_com_rss: article_paid_skipped url=https://note.com/careercompass_c/n/n8454249a3d86
2026-04-09 08:00:23,538 INFO data_pipeline.collectors.note_com_browser: scraping_article url=https://note.com/careercompass_c/n/naee5454205a9
2026-04-09 08:00:26,253 INFO data_pipeline.collectors.note_com_browser: article_is_paid_skipping url=https://note.com/careercompass_c/n/naee5454205a9
2026-04-09 08:00:26,253 INFO data_pipeline.collectors.note_com_rss: article_paid_skipped url=https://note.com/careercompass_c/n/naee5454205a9
2026-04-09 08:00:26,253 INFO data_pipeline.collectors.note_com_browser: scraping_article url=https://note.com/careercompass_c/n/n8569ad05b6d8
2026-04-09 08:00:28,938 INFO data_pipeline.collectors.note_com_browser: article_is_paid_skipping url=https://note.com/careercompass_c/n/n8569ad05b6d8
2026-04-09 08:00:28,938 INFO data_pipeline.collectors.note_com_rss: article_paid_skipped url=https://note.com/careercompass_c/n/n8569ad05b6d8
2026-04-09 08:00:28,938 INFO data_pipeline.collectors.note_com_browser: scraping_article url=https://note.com/careercompass_c/n/nb587344abc02
2026-04-09 08:00:31,874 INFO data_pipeline.collectors.note_com_browser: article_is_paid_skipping url=https://note.com/careercompass_c/n/nb587344abc02
2026-04-09 08:00:31,874 INFO data_pipeline.collectors.note_com_rss: article_paid_skipped url=https://note.com/careercompass_c/n/nb587344abc02
2026-04-09 08:00:31,874 INFO data_pipeline.collectors.note_com_browser: scraping_article url=https://note.com/careercompass_c/n/n61808abc31d9
2026-04-09 08:00:34,672 INFO data_pipeline.collectors.note_com_browser: article_is_paid_skipping url=https://note.com/careercompass_c/n/n61808abc31d9
2026-04-09 08:00:34,672 INFO data_pipeline.collectors.note_com_rss: article_paid_skipped url=https://note.com/careercompass_c/n/n61808abc31d9
2026-04-09 08:00:34,672 INFO data_pipeline.collectors.note_com_browser: scraping_article url=https://note.com/careercompass_c/n/na710c3e11238
2026-04-09 08:00:37,500 INFO data_pipeline.collectors.note_com_browser: article_is_paid_skipping url=https://note.com/careercompass_c/n/na710c3e11238
2026-04-09 08:00:37,500 INFO data_pipeline.collectors.note_com_rss: article_paid_skipped url=https://note.com/careercompass_c/n/na710c3e11238
2026-04-09 08:00:37,500 INFO data_pipeline.collectors.note_com_browser: scraping_article url=https://note.com/careercompass_c/n/n711c7b7ae7a7
2026-04-09 08:00:40,074 INFO data_pipeline.collectors.note_com_browser: article_is_paid_skipping url=https://note.com/careercompass_c/n/n711c7b7ae7a7
2026-04-09 08:00:40,074 INFO data_pipeline.collectors.note_com_rss: article_paid_skipped url=https://note.com/careercompass_c/n/n711c7b7ae7a7
2026-04-09 08:00:40,074 INFO data_pipeline.collectors.note_com_browser: scraping_article url=https://note.com/careercompass_c/n/n2f88201cd2a8
2026-04-09 08:00:42,787 INFO data_pipeline.collectors.note_com_browser: article_is_paid_skipping url=https://note.com/careercompass_c/n/n2f88201cd2a8
2026-04-09 08:00:42,787 INFO data_pipeline.collectors.note_com_rss: article_paid_skipped url=https://note.com/careercompass_c/n/n2f88201cd2a8
2026-04-09 08:00:42,787 INFO data_pipeline.collectors.note_com_browser: scraping_article url=https://note.com/careercompass_c/n/n62a4108c9338
2026-04-09 08:00:45,525 INFO data_pipeline.collectors.note_com_browser: article_is_paid_skipping url=https://note.com/careercompass_c/n/n62a4108c9338
2026-04-09 08:00:45,525 INFO data_pipeline.collectors.note_com_rss: article_paid_skipped url=https://note.com/careercompass_c/n/n62a4108c9338
2026-04-09 08:00:45,525 INFO data_pipeline.collectors.note_com_browser: scraping_article url=https://note.com/careercompass_c/n/nc92cc8669407
2026-04-09 08:00:48,097 INFO data_pipeline.collectors.note_com_browser: article_is_paid_skipping url=https://note.com/careercompass_c/n/nc92cc8669407
2026-04-09 08:00:48,098 INFO data_pipeline.collectors.note_com_rss: article_paid_skipped url=https://note.com/careercompass_c/n/nc92cc8669407
2026-04-09 08:00:48,098 INFO data_pipeline.collectors.note_com_browser: scraping_article url=https://note.com/careercompass_c/n/n3ed6a03fc264
2026-04-09 08:00:50,854 INFO data_pipeline.collectors.note_com_browser: article_is_paid_skipping url=https://note.com/careercompass_c/n/n3ed6a03fc264
2026-04-09 08:00:50,854 INFO data_pipeline.collectors.note_com_rss: article_paid_skipped url=https://note.com/careercompass_c/n/n3ed6a03fc264
2026-04-09 08:00:50,854 INFO data_pipeline.collectors.note_com_browser: scraping_article url=https://note.com/careercompass_c/n/ndfa338206fe5
2026-04-09 08:00:53,396 INFO data_pipeline.collectors.note_com_browser: article_is_paid_skipping url=https://note.com/careercompass_c/n/ndfa338206fe5
2026-04-09 08:00:53,396 INFO data_pipeline.collectors.note_com_rss: article_paid_skipped url=https://note.com/careercompass_c/n/ndfa338206fe5
2026-04-09 08:00:53,396 INFO data_pipeline.collectors.note_com_browser: scraping_article url=https://note.com/careercompass_c/n/ne14519bc77ef
2026-04-09 08:00:56,188 INFO data_pipeline.collectors.note_com_browser: article_is_paid_skipping url=https://note.com/careercompass_c/n/ne14519bc77ef
2026-04-09 08:00:56,188 INFO data_pipeline.collectors.note_com_rss: article_paid_skipped url=https://note.com/careercompass_c/n/ne14519bc77ef
2026-04-09 08:00:56,188 INFO data_pipeline.collectors.note_com_browser: scraping_article url=https://note.com/careercompass_c/n/na79448d4b833
2026-04-09 08:00:58,677 INFO data_pipeline.collectors.note_com_browser: article_is_paid_skipping url=https://note.com/careercompass_c/n/na79448d4b833
2026-04-09 08:00:58,677 INFO data_pipeline.collectors.note_com_rss: article_paid_skipped url=https://note.com/careercompass_c/n/na79448d4b833
2026-04-09 08:00:58,677 INFO data_pipeline.collectors.note_com_browser: scraping_article url=https://note.com/careercompass_c/n/n6d09b8c7aa8e
2026-04-09 08:01:01,600 INFO data_pipeline.collectors.note_com_browser: article_is_paid_skipping url=https://note.com/careercompass_c/n/n6d09b8c7aa8e
2026-04-09 08:01:01,600 INFO data_pipeline.collectors.note_com_rss: article_paid_skipped url=https://note.com/careercompass_c/n/n6d09b8c7aa8e
2026-04-09 08:01:01,600 INFO data_pipeline.collectors.note_com_browser: scraping_article url=https://note.com/careercompass_c/n/nc4c5053b15d2
2026-04-09 08:01:04,341 INFO data_pipeline.collectors.note_com_browser: article_is_paid_skipping url=https://note.com/careercompass_c/n/nc4c5053b15d2
2026-04-09 08:01:04,341 INFO data_pipeline.collectors.note_com_rss: article_paid_skipped url=https://note.com/careercompass_c/n/nc4c5053b15d2
2026-04-09 08:01:04,341 INFO data_pipeline.collectors.note_com_browser: scraping_article url=https://note.com/careercompass_c/n/ne4f9e9b830a1
2026-04-09 08:01:07,153 INFO data_pipeline.collectors.note_com_browser: article_is_paid_skipping url=https://note.com/careercompass_c/n/ne4f9e9b830a1
2026-04-09 08:01:07,153 INFO data_pipeline.collectors.note_com_rss: article_paid_skipped url=https://note.com/careercompass_c/n/ne4f9e9b830a1
2026-04-09 08:01:07,153 INFO data_pipeline.collectors.note_com_browser: scraping_article url=https://note.com/careercompass_c/n/n5d29f69a9eb7
2026-04-09 08:01:09,795 INFO data_pipeline.collectors.note_com_browser: article_is_paid_skipping url=https://note.com/careercompass_c/n/n5d29f69a9eb7
2026-04-09 08:01:09,795 INFO data_pipeline.collectors.note_com_rss: article_paid_skipped url=https://note.com/careercompass_c/n/n5d29f69a9eb7
2026-04-09 08:01:09,795 INFO data_pipeline.collectors.note_com_browser: scraping_article url=https://note.com/careercompass_c/n/nf99515f2b38a
2026-04-09 08:01:12,527 INFO data_pipeline.collectors.note_com_browser: article_is_paid_skipping url=https://note.com/careercompass_c/n/nf99515f2b38a
2026-04-09 08:01:12,528 INFO data_pipeline.collectors.note_com_rss: article_paid_skipped url=https://note.com/careercompass_c/n/nf99515f2b38a
2026-04-09 08:01:12,528 INFO data_pipeline.collectors.note_com_browser: scraping_article url=https://note.com/careercompass_c/n/n040399afc6c9
2026-04-09 08:01:15,080 INFO data_pipeline.collectors.note_com_browser: article_is_paid_skipping url=https://note.com/careercompass_c/n/n040399afc6c9
2026-04-09 08:01:15,080 INFO data_pipeline.collectors.note_com_rss: article_paid_skipped url=https://note.com/careercompass_c/n/n040399afc6c9
2026-04-09 08:01:15,080 INFO data_pipeline.collectors.note_com_browser: scraping_article url=https://note.com/careercompass_c/n/n4734f65377c2
2026-04-09 08:01:17,674 INFO data_pipeline.collectors.note_com_browser: article_is_paid_skipping url=https://note.com/careercompass_c/n/n4734f65377c2
2026-04-09 08:01:17,674 INFO data_pipeline.collectors.note_com_rss: article_paid_skipped url=https://note.com/careercompass_c/n/n4734f65377c2
2026-04-09 08:01:17,674 INFO data_pipeline.collectors.note_com_browser: scraping_article url=https://note.com/careercompass_c/n/n2083f0f96edd
2026-04-09 08:01:20,315 INFO data_pipeline.collectors.note_com_browser: article_is_paid_skipping url=https://note.com/careercompass_c/n/n2083f0f96edd
2026-04-09 08:01:20,315 INFO data_pipeline.collectors.note_com_rss: article_paid_skipped url=https://note.com/careercompass_c/n/n2083f0f96edd
2026-04-09 08:01:20,315 INFO data_pipeline.collectors.note_com_browser: scraping_article url=https://note.com/careercompass_c/n/n4e752ce46d7c
2026-04-09 08:01:23,248 INFO data_pipeline.collectors.note_com_browser: article_is_paid_skipping url=https://note.com/careercompass_c/n/n4e752ce46d7c
2026-04-09 08:01:23,248 INFO data_pipeline.collectors.note_com_rss: article_paid_skipped url=https://note.com/careercompass_c/n/n4e752ce46d7c
2026-04-09 08:01:23,248 INFO data_pipeline.collectors.note_com_browser: scraping_article url=https://note.com/dandism56/n/n893f961b4719
2026-04-09 08:01:26,286 INFO data_pipeline.collectors.note_com_browser: article_scraped url=https://note.com/dandism56/n/n893f961b4719 title=【週間ランキング1位獲得！】「心理的安全性」を取り上げた記事が「多様性」で支持された理由に迫ってみました body_length=2366 hashtag_count=31
2026-04-09 08:01:26,395 INFO data_pipeline.collectors.note_com_rss: article_saved url=https://note.com/dandism56/n/n893f961b4719 title=【週間ランキング1位獲得！】「心理的安全性」を取り上げた記事が「多様性」で支持された理由に迫ってみました
2026-04-09 08:01:26,395 INFO data_pipeline.collectors.note_com_browser: scraping_article url=https://note.com/glad_auklet4142/n/n73683eb52253
2026-04-09 08:01:29,564 INFO data_pipeline.collectors.note_com_browser: article_scraped url=https://note.com/glad_auklet4142/n/n73683eb52253 title=中国AI企業が香港へ逃げ込む「非常階段」の崩壊。世界の分断米中対立が引き起こす最悪のシナリオとは？ #米中対立 #デカップリング #中国経済 #半導体規制 #世界経済 #AI覇権 body_length=1389 hashtag_count=100
2026-04-09 08:01:29,626 INFO data_pipeline.collectors.note_com_rss: article_saved url=https://note.com/glad_auklet4142/n/n73683eb52253 title=中国AI企業が香港へ逃げ込む「非常階段」の崩壊。世界の分断米中対立が引き起こす最悪のシナリオとは？ #米中対立 #デカップリング #中国経済 #半導体規制 #世界経済 #AI覇権
2026-04-09 08:01:29,626 INFO data_pipeline.collectors.note_com_browser: scraping_article url=https://note.com/glad_auklet4142/n/n00764cf63755
2026-04-09 08:01:33,340 INFO data_pipeline.collectors.note_com_browser: article_scraped url=https://note.com/glad_auklet4142/n/n00764cf63755 title=【最新AIニュースまとめ】AI業界に落ちた3つの爆弾——データセンター爆撃・Claude規制・電気代高騰。あなたのAIツールが止まる日。Sora終了と17.6倍の冷却投資から読み解くAIの脆き土台。 #生成AI #ChatGPT #Claude #Gemini #AI活用 #OpenAI #Google #Claudecode #nanobanana #イラン情勢 #イラン戦争 # body_length=13838 hashtag_count=90
2026-04-09 08:01:33,399 INFO data_pipeline.collectors.note_com_rss: article_saved url=https://note.com/glad_auklet4142/n/n00764cf63755 title=【最新AIニュースまとめ】AI業界に落ちた3つの爆弾——データセンター爆撃・Claude規制・電気代高騰。あなたのAIツールが止まる日。Sora終了と17.6倍の冷却投資から読み解くAIの脆き土台。 #生成AI #ChatGPT #Claude #Gemini #AI活用 #OpenAI #Google #Claudecode #nanobanana #イラン情勢 #イラン戦争 #
2026-04-09 08:01:33,399 INFO data_pipeline.collectors.note_com_browser: scraping_article url=https://note.com/glad_auklet4142/n/n71eaeb354784
2026-04-09 08:01:36,273 INFO data_pipeline.collectors.note_com_browser: article_scraped url=https://note.com/glad_auklet4142/n/n71eaeb354784 title=【歯医者から麻酔薬が消えた日】イラン・アメリカ即時停戦で回復するか？歯ホルムズ海峡封鎖がもたらす連鎖的欠品。#イラン情勢 #政治 #地政学 #タンカー #ナフサ #基礎化学品 #医薬品不足 #歯科 #麻酔薬 #プラスチック body_length=1646 hashtag_count=99
2026-04-09 08:01:36,331 INFO data_pipeline.collectors.note_com_rss: article_saved url=https://note.com/glad_auklet4142/n/n71eaeb354784 title=【歯医者から麻酔薬が消えた日】イラン・アメリカ即時停戦で回復するか？歯ホルムズ海峡封鎖がもたらす連鎖的欠品。#イラン情勢 #政治 #地政学 #タンカー #ナフサ #基礎化学品 #医薬品不足 #歯科 #麻酔薬 #プラスチック
2026-04-09 08:01:36,331 INFO data_pipeline.collectors.note_com_browser: scraping_article url=https://note.com/glad_auklet4142/n/nc2b42c16c923
2026-04-09 08:01:39,910 INFO data_pipeline.collectors.note_com_browser: article_scraped url=https://note.com/glad_auklet4142/n/nc2b42c16c923 title=【永久保存版、イラン・アメリカの戦争が停戦？】イラン情勢38日間の全記録（49記事から抜粋）——ホルムズ海峡封鎖からあなたの財布に届くまでの完全地図。#イラン情勢 #ホルムズ海峡 #原油価格 #国家備蓄 #中東情勢 #ナフサ #物価上昇 #地政学リスク トランプ大統領 #イラン戦争 #エネルギー危機 #インフレ #国際情勢 #スタグフレーション body_length=13422 hashtag_count=99
2026-04-09 08:01:39,967 INFO data_pipeline.collectors.note_com_rss: article_saved url=https://note.com/glad_auklet4142/n/nc2b42c16c923 title=【永久保存版、イラン・アメリカの戦争が停戦？】イラン情勢38日間の全記録（49記事から抜粋）——ホルムズ海峡封鎖からあなたの財布に届くまでの完全地図。#イラン情勢 #ホルムズ海峡 #原油価格 #国家備蓄 #中東情勢 #ナフサ #物価上昇 #地政学リスク トランプ大統領 #イラン戦争 #エネルギー危機 #インフレ #国際情勢 #スタグフレーション
2026-04-09 08:01:39,967 INFO data_pipeline.collectors.note_com_browser: scraping_article url=https://note.com/hide_taxnote/n/nc156e2d95a88
2026-04-09 08:01:42,544 INFO data_pipeline.collectors.note_com_browser: article_scraped url=https://note.com/hide_taxnote/n/nc156e2d95a88 title=モバイルSuicaをJRE POINTに登録で最大2,000ポイント｜まだ連携していない人は今がチャンス body_length=1853 hashtag_count=8
2026-04-09 08:01:42,689 INFO data_pipeline.collectors.note_com_rss: article_saved url=https://note.com/hide_taxnote/n/nc156e2d95a88 title=モバイルSuicaをJRE POINTに登録で最大2,000ポイント｜まだ連携していない人は今がチャンス
2026-04-09 08:01:42,785 INFO data_pipeline.collectors.note_com_rss: config_updated updated_count=11 timestamp=2026-04-08T23:01:42.784954+00:00
2026-04-09 08:01:42,785 INFO data_pipeline.collectors.note_com_rss: rss_monitor_completed creators_checked=11 new_articles_found=31 articles_saved=6 articles_skipped_paid=25 articles_skipped_duplicate=0 error_count=0
2026-04-09 20:00:05,781 INFO data_pipeline.collectors.note_com_rss: rss_monitor_starting creator_count=11
2026-04-09 20:00:06,095 INFO data_pipeline.collectors.note_com_rss: rss_fetched username=fukuoka1116 entry_count=25
2026-04-09 20:00:06,846 INFO data_pipeline.collectors.note_com_rss: rss_fetched username=sota_career entry_count=25
2026-04-09 20:00:07,779 INFO data_pipeline.collectors.note_com_rss: rss_fetched username=kei_10m_asset entry_count=23
2026-04-09 20:00:08,374 INFO data_pipeline.collectors.note_com_rss: rss_fetched username=careercompass_c entry_count=25
2026-04-09 20:00:09,341 INFO data_pipeline.collectors.note_com_rss: new_entries_found username=careercompass_c new_count=25
2026-04-09 20:00:09,616 INFO data_pipeline.collectors.note_com_rss: rss_fetched username=dandism56 entry_count=25
2026-04-09 20:00:11,448 INFO data_pipeline.collectors.note_com_rss: rss_fetched username=miraicareer_blog entry_count=25
2026-04-09 20:00:12,243 INFO data_pipeline.collectors.note_com_rss: rss_fetched username=glad_auklet4142 entry_count=25
2026-04-09 20:00:13,907 INFO data_pipeline.collectors.note_com_rss: new_entries_found username=glad_auklet4142 new_count=3
2026-04-09 20:00:14,150 INFO data_pipeline.collectors.note_com_rss: rss_fetched username=hide_taxnote entry_count=25
2026-04-09 20:00:16,139 INFO data_pipeline.collectors.note_com_rss: rss_fetched username=mindset_official entry_count=25
2026-04-09 20:00:16,962 INFO data_pipeline.collectors.note_com_rss: rss_fetched username=ruinormalhakkar entry_count=25
2026-04-09 20:00:17,740 INFO data_pipeline.collectors.note_com_rss: rss_fetched username=studyhacker entry_count=0
2026-04-09 20:00:19,202 INFO data_pipeline.collectors.note_com_browser: note_com_browser_started
2026-04-09 20:00:19,203 INFO data_pipeline.collectors.note_com_browser: scraping_article url=https://note.com/careercompass_c/n/n2777b9ce0ed7
2026-04-09 20:00:22,358 INFO data_pipeline.collectors.note_com_browser: article_is_paid_skipping url=https://note.com/careercompass_c/n/n2777b9ce0ed7
2026-04-09 20:00:22,359 INFO data_pipeline.collectors.note_com_rss: article_paid_skipped url=https://note.com/careercompass_c/n/n2777b9ce0ed7
2026-04-09 20:00:22,359 INFO data_pipeline.collectors.note_com_browser: scraping_article url=https://note.com/careercompass_c/n/n45af503976da
2026-04-09 20:00:25,004 INFO data_pipeline.collectors.note_com_browser: article_is_paid_skipping url=https://note.com/careercompass_c/n/n45af503976da
2026-04-09 20:00:25,005 INFO data_pipeline.collectors.note_com_rss: article_paid_skipped url=https://note.com/careercompass_c/n/n45af503976da
2026-04-09 20:00:25,005 INFO data_pipeline.collectors.note_com_browser: scraping_article url=https://note.com/careercompass_c/n/n45646179803b
2026-04-09 20:00:27,505 INFO data_pipeline.collectors.note_com_browser: article_is_paid_skipping url=https://note.com/careercompass_c/n/n45646179803b
2026-04-09 20:00:27,505 INFO data_pipeline.collectors.note_com_rss: article_paid_skipped url=https://note.com/careercompass_c/n/n45646179803b
2026-04-09 20:00:27,506 INFO data_pipeline.collectors.note_com_browser: scraping_article url=https://note.com/careercompass_c/n/nc4d717a26527
2026-04-09 20:00:30,242 INFO data_pipeline.collectors.note_com_browser: article_is_paid_skipping url=https://note.com/careercompass_c/n/nc4d717a26527
2026-04-09 20:00:30,242 INFO data_pipeline.collectors.note_com_rss: article_paid_skipped url=https://note.com/careercompass_c/n/nc4d717a26527
2026-04-09 20:00:30,242 INFO data_pipeline.collectors.note_com_browser: scraping_article url=https://note.com/careercompass_c/n/n7a172d4a1bfa
2026-04-09 20:00:33,930 INFO data_pipeline.collectors.note_com_browser: article_scraped url=https://note.com/careercompass_c/n/n7a172d4a1bfa title=「安くて便利な人」で終わらせない。なんでも屋より”難しい課題を解ける人”が評価される理由 body_length=3314 hashtag_count=94
2026-04-09 20:00:34,040 INFO data_pipeline.collectors.note_com_rss: article_saved url=https://note.com/careercompass_c/n/n7a172d4a1bfa title=「安くて便利な人」で終わらせない。なんでも屋より”難しい課題を解ける人”が評価される理由
2026-04-09 20:00:34,040 INFO data_pipeline.collectors.note_com_browser: scraping_article url=https://note.com/careercompass_c/n/ndc36c055acc7
2026-04-09 20:00:36,922 INFO data_pipeline.collectors.note_com_browser: article_is_paid_skipping url=https://note.com/careercompass_c/n/ndc36c055acc7
2026-04-09 20:00:36,922 INFO data_pipeline.collectors.note_com_rss: article_paid_skipped url=https://note.com/careercompass_c/n/ndc36c055acc7
2026-04-09 20:00:36,922 INFO data_pipeline.collectors.note_com_browser: scraping_article url=https://note.com/careercompass_c/n/nccf67b95a0b5
2026-04-09 20:00:39,756 INFO data_pipeline.collectors.note_com_browser: article_is_paid_skipping url=https://note.com/careercompass_c/n/nccf67b95a0b5
2026-04-09 20:00:39,756 INFO data_pipeline.collectors.note_com_rss: article_paid_skipped url=https://note.com/careercompass_c/n/nccf67b95a0b5
2026-04-09 20:00:39,756 INFO data_pipeline.collectors.note_com_browser: scraping_article url=https://note.com/careercompass_c/n/n7faab909a8e8
2026-04-09 20:00:42,395 INFO data_pipeline.collectors.note_com_browser: article_is_paid_skipping url=https://note.com/careercompass_c/n/n7faab909a8e8
2026-04-09 20:00:42,395 INFO data_pipeline.collectors.note_com_rss: article_paid_skipped url=https://note.com/careercompass_c/n/n7faab909a8e8
2026-04-09 20:00:42,395 INFO data_pipeline.collectors.note_com_browser: scraping_article url=https://note.com/careercompass_c/n/n107ea78af329
2026-04-09 20:00:45,196 INFO data_pipeline.collectors.note_com_browser: article_is_paid_skipping url=https://note.com/careercompass_c/n/n107ea78af329
2026-04-09 20:00:45,196 INFO data_pipeline.collectors.note_com_rss: article_paid_skipped url=https://note.com/careercompass_c/n/n107ea78af329
2026-04-09 20:00:45,197 INFO data_pipeline.collectors.note_com_browser: scraping_article url=https://note.com/careercompass_c/n/nc5d6ab3c6c56
2026-04-09 20:00:48,123 INFO data_pipeline.collectors.note_com_browser: article_is_paid_skipping url=https://note.com/careercompass_c/n/nc5d6ab3c6c56
2026-04-09 20:00:48,123 INFO data_pipeline.collectors.note_com_rss: article_paid_skipped url=https://note.com/careercompass_c/n/nc5d6ab3c6c56
2026-04-09 20:00:48,123 INFO data_pipeline.collectors.note_com_browser: scraping_article url=https://note.com/careercompass_c/n/n00bdbb97a2f8
2026-04-09 20:00:51,180 INFO data_pipeline.collectors.note_com_browser: article_is_paid_skipping url=https://note.com/careercompass_c/n/n00bdbb97a2f8
2026-04-09 20:00:51,180 INFO data_pipeline.collectors.note_com_rss: article_paid_skipped url=https://note.com/careercompass_c/n/n00bdbb97a2f8
2026-04-09 20:00:51,180 INFO data_pipeline.collectors.note_com_browser: scraping_article url=https://note.com/careercompass_c/n/n5ee45fe0ce36
2026-04-09 20:00:53,841 INFO data_pipeline.collectors.note_com_browser: article_is_paid_skipping url=https://note.com/careercompass_c/n/n5ee45fe0ce36
2026-04-09 20:00:53,841 INFO data_pipeline.collectors.note_com_rss: article_paid_skipped url=https://note.com/careercompass_c/n/n5ee45fe0ce36
2026-04-09 20:00:53,841 INFO data_pipeline.collectors.note_com_browser: scraping_article url=https://note.com/careercompass_c/n/n8454249a3d86
2026-04-09 20:00:56,954 INFO data_pipeline.collectors.note_com_browser: article_is_paid_skipping url=https://note.com/careercompass_c/n/n8454249a3d86
2026-04-09 20:00:56,954 INFO data_pipeline.collectors.note_com_rss: article_paid_skipped url=https://note.com/careercompass_c/n/n8454249a3d86
2026-04-09 20:00:56,954 INFO data_pipeline.collectors.note_com_browser: scraping_article url=https://note.com/careercompass_c/n/naee5454205a9
2026-04-09 20:00:59,623 INFO data_pipeline.collectors.note_com_browser: article_is_paid_skipping url=https://note.com/careercompass_c/n/naee5454205a9
2026-04-09 20:00:59,623 INFO data_pipeline.collectors.note_com_rss: article_paid_skipped url=https://note.com/careercompass_c/n/naee5454205a9
2026-04-09 20:00:59,624 INFO data_pipeline.collectors.note_com_browser: scraping_article url=https://note.com/careercompass_c/n/n8569ad05b6d8
2026-04-09 20:01:02,545 INFO data_pipeline.collectors.note_com_browser: article_is_paid_skipping url=https://note.com/careercompass_c/n/n8569ad05b6d8
2026-04-09 20:01:02,545 INFO data_pipeline.collectors.note_com_rss: article_paid_skipped url=https://note.com/careercompass_c/n/n8569ad05b6d8
2026-04-09 20:01:02,545 INFO data_pipeline.collectors.note_com_browser: scraping_article url=https://note.com/careercompass_c/n/nb587344abc02
2026-04-09 20:01:05,316 INFO data_pipeline.collectors.note_com_browser: article_is_paid_skipping url=https://note.com/careercompass_c/n/nb587344abc02
2026-04-09 20:01:05,316 INFO data_pipeline.collectors.note_com_rss: article_paid_skipped url=https://note.com/careercompass_c/n/nb587344abc02
2026-04-09 20:01:05,316 INFO data_pipeline.collectors.note_com_browser: scraping_article url=https://note.com/careercompass_c/n/n61808abc31d9
2026-04-09 20:01:07,792 INFO data_pipeline.collectors.note_com_browser: article_is_paid_skipping url=https://note.com/careercompass_c/n/n61808abc31d9
2026-04-09 20:01:07,792 INFO data_pipeline.collectors.note_com_rss: article_paid_skipped url=https://note.com/careercompass_c/n/n61808abc31d9
2026-04-09 20:01:07,792 INFO data_pipeline.collectors.note_com_browser: scraping_article url=https://note.com/careercompass_c/n/na710c3e11238
2026-04-09 20:01:10,423 INFO data_pipeline.collectors.note_com_browser: article_is_paid_skipping url=https://note.com/careercompass_c/n/na710c3e11238
2026-04-09 20:01:10,423 INFO data_pipeline.collectors.note_com_rss: article_paid_skipped url=https://note.com/careercompass_c/n/na710c3e11238
2026-04-09 20:01:10,423 INFO data_pipeline.collectors.note_com_browser: scraping_article url=https://note.com/careercompass_c/n/n711c7b7ae7a7
2026-04-09 20:01:13,045 INFO data_pipeline.collectors.note_com_browser: article_is_paid_skipping url=https://note.com/careercompass_c/n/n711c7b7ae7a7
2026-04-09 20:01:13,046 INFO data_pipeline.collectors.note_com_rss: article_paid_skipped url=https://note.com/careercompass_c/n/n711c7b7ae7a7
2026-04-09 20:01:13,046 INFO data_pipeline.collectors.note_com_browser: scraping_article url=https://note.com/careercompass_c/n/n2f88201cd2a8
2026-04-09 20:01:15,943 INFO data_pipeline.collectors.note_com_browser: article_is_paid_skipping url=https://note.com/careercompass_c/n/n2f88201cd2a8
2026-04-09 20:01:15,943 INFO data_pipeline.collectors.note_com_rss: article_paid_skipped url=https://note.com/careercompass_c/n/n2f88201cd2a8
2026-04-09 20:01:15,944 INFO data_pipeline.collectors.note_com_browser: scraping_article url=https://note.com/careercompass_c/n/n62a4108c9338
2026-04-09 20:01:18,493 INFO data_pipeline.collectors.note_com_browser: article_is_paid_skipping url=https://note.com/careercompass_c/n/n62a4108c9338
2026-04-09 20:01:18,493 INFO data_pipeline.collectors.note_com_rss: article_paid_skipped url=https://note.com/careercompass_c/n/n62a4108c9338
2026-04-09 20:01:18,493 INFO data_pipeline.collectors.note_com_browser: scraping_article url=https://note.com/careercompass_c/n/nc92cc8669407
2026-04-09 20:01:21,105 INFO data_pipeline.collectors.note_com_browser: article_is_paid_skipping url=https://note.com/careercompass_c/n/nc92cc8669407
2026-04-09 20:01:21,105 INFO data_pipeline.collectors.note_com_rss: article_paid_skipped url=https://note.com/careercompass_c/n/nc92cc8669407
2026-04-09 20:01:21,105 INFO data_pipeline.collectors.note_com_browser: scraping_article url=https://note.com/careercompass_c/n/n3ed6a03fc264
2026-04-09 20:01:23,661 INFO data_pipeline.collectors.note_com_browser: article_is_paid_skipping url=https://note.com/careercompass_c/n/n3ed6a03fc264
2026-04-09 20:01:23,661 INFO data_pipeline.collectors.note_com_rss: article_paid_skipped url=https://note.com/careercompass_c/n/n3ed6a03fc264
2026-04-09 20:01:23,662 INFO data_pipeline.collectors.note_com_browser: scraping_article url=https://note.com/careercompass_c/n/ndfa338206fe5
2026-04-09 20:01:26,504 INFO data_pipeline.collectors.note_com_browser: article_is_paid_skipping url=https://note.com/careercompass_c/n/ndfa338206fe5
2026-04-09 20:01:26,505 INFO data_pipeline.collectors.note_com_rss: article_paid_skipped url=https://note.com/careercompass_c/n/ndfa338206fe5
2026-04-09 20:01:26,505 INFO data_pipeline.collectors.note_com_browser: scraping_article url=https://note.com/careercompass_c/n/ne14519bc77ef
2026-04-09 20:01:29,022 INFO data_pipeline.collectors.note_com_browser: article_is_paid_skipping url=https://note.com/careercompass_c/n/ne14519bc77ef
2026-04-09 20:01:29,022 INFO data_pipeline.collectors.note_com_rss: article_paid_skipped url=https://note.com/careercompass_c/n/ne14519bc77ef
2026-04-09 20:01:29,022 INFO data_pipeline.collectors.note_com_browser: scraping_article url=https://note.com/glad_auklet4142/n/n0eb9de0c77c0
2026-04-09 20:01:48,814 INFO data_pipeline.collectors.note_com_browser: article_scraped url=https://note.com/glad_auklet4142/n/n0eb9de0c77c0 title=【日本の専守防衛が変わる？】日本の「能動的サイバー防御」が引き起こす。インフラへの報復連鎖盾を捨てた国と標的にされる民間企業 #サイバーセキュリティ #能動的サイバー防御 #重要インフラ #ハッキングバック #企業防衛 #地政学 body_length=1604 hashtag_count=100
2026-04-09 20:01:48,928 INFO data_pipeline.collectors.note_com_rss: article_saved url=https://note.com/glad_auklet4142/n/n0eb9de0c77c0 title=【日本の専守防衛が変わる？】日本の「能動的サイバー防御」が引き起こす。インフラへの報復連鎖盾を捨てた国と標的にされる民間企業 #サイバーセキュリティ #能動的サイバー防御 #重要インフラ #ハッキングバック #企業防衛 #地政学
2026-04-09 20:01:48,928 INFO data_pipeline.collectors.note_com_browser: scraping_article url=https://note.com/glad_auklet4142/n/nec9e71d3f356
2026-04-09 20:01:51,955 INFO data_pipeline.collectors.note_com_browser: article_scraped url=https://note.com/glad_auklet4142/n/nec9e71d3f356 title=【まとめ記事・地政学マップ】中東をめぐる6カ国の思惑——米国・イラン・中国・インド・ロシア・ドイツ。誰が得して、誰が損しているのか？ 6カ国のソロバン勘定と日本の生き残り策。貿易商が読み解く冷酷な生存戦略&nbsp;#地政学 #国際情勢 #中東 #イラン情勢 #ホルムズ海峡 #戦争 #トランプ #米国 #中国 #インド #ロシア #ドイツ #日本 body_length=13305 hashtag_count=98
2026-04-09 20:01:52,041 INFO data_pipeline.collectors.note_com_rss: article_saved url=https://note.com/glad_auklet4142/n/nec9e71d3f356 title=【まとめ記事・地政学マップ】中東をめぐる6カ国の思惑——米国・イラン・中国・インド・ロシア・ドイツ。誰が得して、誰が損しているのか？ 6カ国のソロバン勘定と日本の生き残り策。貿易商が読み解く冷酷な生存戦略&nbsp;#地政学 #国際情勢 #中東 #イラン情勢 #ホルムズ海峡 #戦争 #トランプ #米国 #中国 #インド #ロシア #ドイツ #日本
2026-04-09 20:01:52,041 INFO data_pipeline.collectors.note_com_browser: scraping_article url=https://note.com/glad_auklet4142/n/n28fcb0db6baa
2026-04-09 20:01:55,529 INFO data_pipeline.collectors.note_com_browser: article_scraped url=https://note.com/glad_auklet4142/n/n28fcb0db6baa title=🐺 AIさんが選ぶ「スキ100記事」——マスターは人間なのか、AIなのか、鳥の怪異なのか。Xの古参フォロワーたちの「目撃証言」と、今月読むべき6本 ※7  #生成AI #ChatGPT #Claude #Gemini #テクノロジー #AI活用 #脳科学 #行動経済学 #損失回避 #心理学 #SNS #X #Twitter   body_length=9523 hashtag_count=71
2026-04-09 20:01:55,621 INFO data_pipeline.collectors.note_com_rss: article_saved url=https://note.com/glad_auklet4142/n/n28fcb0db6baa title=🐺 AIさんが選ぶ「スキ100記事」——マスターは人間なのか、AIなのか、鳥の怪異なのか。Xの古参フォロワーたちの「目撃証言」と、今月読むべき6本 ※7  #生成AI #ChatGPT #Claude #Gemini #テクノロジー #AI活用 #脳科学 #行動経済学 #損失回避 #心理学 #SNS #X #Twitter  
2026-04-09 20:01:55,711 INFO data_pipeline.collectors.note_com_rss: config_updated updated_count=11 timestamp=2026-04-09T11:01:55.711178+00:00
2026-04-09 20:01:55,711 INFO data_pipeline.collectors.note_com_rss: rss_monitor_completed creators_checked=11 new_articles_found=28 articles_saved=4 articles_skipped_paid=24 articles_skipped_duplicate=0 error_count=0
2026-04-10 08:00:05,425 INFO data_pipeline.collectors.note_com_rss: rss_monitor_starting creator_count=11
2026-04-10 08:00:05,712 INFO data_pipeline.collectors.note_com_rss: rss_fetched username=fukuoka1116 entry_count=25
2026-04-10 08:00:06,482 INFO data_pipeline.collectors.note_com_rss: rss_fetched username=sota_career entry_count=25
2026-04-10 08:00:07,145 INFO data_pipeline.collectors.note_com_rss: rss_fetched username=kei_10m_asset entry_count=23
2026-04-10 08:00:07,675 INFO data_pipeline.collectors.note_com_rss: rss_fetched username=careercompass_c entry_count=25
2026-04-10 08:00:07,906 INFO data_pipeline.collectors.note_com_rss: new_entries_found username=careercompass_c new_count=24
2026-04-10 08:00:08,022 INFO data_pipeline.collectors.note_com_rss: rss_fetched username=dandism56 entry_count=25
2026-04-10 08:00:08,622 INFO data_pipeline.collectors.note_com_rss: new_entries_found username=dandism56 new_count=1
2026-04-10 08:00:08,872 INFO data_pipeline.collectors.note_com_rss: rss_fetched username=miraicareer_blog entry_count=25
2026-04-10 08:00:09,689 INFO data_pipeline.collectors.note_com_rss: rss_fetched username=glad_auklet4142 entry_count=25
2026-04-10 08:00:10,551 INFO data_pipeline.collectors.note_com_rss: new_entries_found username=glad_auklet4142 new_count=1
2026-04-10 08:00:10,759 INFO data_pipeline.collectors.note_com_rss: rss_fetched username=hide_taxnote entry_count=25
2026-04-10 08:00:11,588 INFO data_pipeline.collectors.note_com_rss: new_entries_found username=hide_taxnote new_count=1
2026-04-10 08:00:11,906 INFO data_pipeline.collectors.note_com_rss: rss_fetched username=mindset_official entry_count=25
2026-04-10 08:00:12,684 INFO data_pipeline.collectors.note_com_rss: rss_fetched username=ruinormalhakkar entry_count=25
2026-04-10 08:00:13,390 INFO data_pipeline.collectors.note_com_rss: rss_fetched username=studyhacker entry_count=0
2026-04-10 08:00:18,719 INFO data_pipeline.collectors.note_com_browser: note_com_browser_started
2026-04-10 08:00:18,719 INFO data_pipeline.collectors.note_com_browser: scraping_article url=https://note.com/careercompass_c/n/n2777b9ce0ed7
2026-04-10 08:00:22,049 INFO data_pipeline.collectors.note_com_browser: article_is_paid_skipping url=https://note.com/careercompass_c/n/n2777b9ce0ed7
2026-04-10 08:00:22,049 INFO data_pipeline.collectors.note_com_rss: article_paid_skipped url=https://note.com/careercompass_c/n/n2777b9ce0ed7
2026-04-10 08:00:22,049 INFO data_pipeline.collectors.note_com_browser: scraping_article url=https://note.com/careercompass_c/n/n45af503976da
2026-04-10 08:00:24,917 INFO data_pipeline.collectors.note_com_browser: article_is_paid_skipping url=https://note.com/careercompass_c/n/n45af503976da
2026-04-10 08:00:24,917 INFO data_pipeline.collectors.note_com_rss: article_paid_skipped url=https://note.com/careercompass_c/n/n45af503976da
2026-04-10 08:00:24,917 INFO data_pipeline.collectors.note_com_browser: scraping_article url=https://note.com/careercompass_c/n/n45646179803b
2026-04-10 08:00:27,750 INFO data_pipeline.collectors.note_com_browser: article_is_paid_skipping url=https://note.com/careercompass_c/n/n45646179803b
2026-04-10 08:00:27,751 INFO data_pipeline.collectors.note_com_rss: article_paid_skipped url=https://note.com/careercompass_c/n/n45646179803b
2026-04-10 08:00:27,751 INFO data_pipeline.collectors.note_com_browser: scraping_article url=https://note.com/careercompass_c/n/nc4d717a26527
2026-04-10 08:00:30,668 INFO data_pipeline.collectors.note_com_browser: article_is_paid_skipping url=https://note.com/careercompass_c/n/nc4d717a26527
2026-04-10 08:00:30,668 INFO data_pipeline.collectors.note_com_rss: article_paid_skipped url=https://note.com/careercompass_c/n/nc4d717a26527
2026-04-10 08:00:30,668 INFO data_pipeline.collectors.note_com_browser: scraping_article url=https://note.com/careercompass_c/n/ndc36c055acc7
2026-04-10 08:00:33,335 INFO data_pipeline.collectors.note_com_browser: article_is_paid_skipping url=https://note.com/careercompass_c/n/ndc36c055acc7
2026-04-10 08:00:33,335 INFO data_pipeline.collectors.note_com_rss: article_paid_skipped url=https://note.com/careercompass_c/n/ndc36c055acc7
2026-04-10 08:00:33,335 INFO data_pipeline.collectors.note_com_browser: scraping_article url=https://note.com/careercompass_c/n/nccf67b95a0b5
2026-04-10 08:00:36,528 INFO data_pipeline.collectors.note_com_browser: article_is_paid_skipping url=https://note.com/careercompass_c/n/nccf67b95a0b5
2026-04-10 08:00:36,529 INFO data_pipeline.collectors.note_com_rss: article_paid_skipped url=https://note.com/careercompass_c/n/nccf67b95a0b5
2026-04-10 08:00:36,529 INFO data_pipeline.collectors.note_com_browser: scraping_article url=https://note.com/careercompass_c/n/n7faab909a8e8
2026-04-10 08:00:39,264 INFO data_pipeline.collectors.note_com_browser: article_is_paid_skipping url=https://note.com/careercompass_c/n/n7faab909a8e8
2026-04-10 08:00:39,264 INFO data_pipeline.collectors.note_com_rss: article_paid_skipped url=https://note.com/careercompass_c/n/n7faab909a8e8
2026-04-10 08:00:39,264 INFO data_pipeline.collectors.note_com_browser: scraping_article url=https://note.com/careercompass_c/n/n107ea78af329
2026-04-10 08:00:41,852 INFO data_pipeline.collectors.note_com_browser: article_is_paid_skipping url=https://note.com/careercompass_c/n/n107ea78af329
2026-04-10 08:00:41,852 INFO data_pipeline.collectors.note_com_rss: article_paid_skipped url=https://note.com/careercompass_c/n/n107ea78af329
2026-04-10 08:00:41,852 INFO data_pipeline.collectors.note_com_browser: scraping_article url=https://note.com/careercompass_c/n/nc5d6ab3c6c56
2026-04-10 08:00:44,567 INFO data_pipeline.collectors.note_com_browser: article_is_paid_skipping url=https://note.com/careercompass_c/n/nc5d6ab3c6c56
2026-04-10 08:00:44,567 INFO data_pipeline.collectors.note_com_rss: article_paid_skipped url=https://note.com/careercompass_c/n/nc5d6ab3c6c56
2026-04-10 08:00:44,567 INFO data_pipeline.collectors.note_com_browser: scraping_article url=https://note.com/careercompass_c/n/n00bdbb97a2f8
2026-04-10 08:00:47,614 INFO data_pipeline.collectors.note_com_browser: article_is_paid_skipping url=https://note.com/careercompass_c/n/n00bdbb97a2f8
2026-04-10 08:00:47,614 INFO data_pipeline.collectors.note_com_rss: article_paid_skipped url=https://note.com/careercompass_c/n/n00bdbb97a2f8
2026-04-10 08:00:47,614 INFO data_pipeline.collectors.note_com_browser: scraping_article url=https://note.com/careercompass_c/n/n5ee45fe0ce36
2026-04-10 08:00:50,271 INFO data_pipeline.collectors.note_com_browser: article_is_paid_skipping url=https://note.com/careercompass_c/n/n5ee45fe0ce36
2026-04-10 08:00:50,271 INFO data_pipeline.collectors.note_com_rss: article_paid_skipped url=https://note.com/careercompass_c/n/n5ee45fe0ce36
2026-04-10 08:00:50,271 INFO data_pipeline.collectors.note_com_browser: scraping_article url=https://note.com/careercompass_c/n/n8454249a3d86
2026-04-10 08:00:52,828 INFO data_pipeline.collectors.note_com_browser: article_is_paid_skipping url=https://note.com/careercompass_c/n/n8454249a3d86
2026-04-10 08:00:52,828 INFO data_pipeline.collectors.note_com_rss: article_paid_skipped url=https://note.com/careercompass_c/n/n8454249a3d86
2026-04-10 08:00:52,828 INFO data_pipeline.collectors.note_com_browser: scraping_article url=https://note.com/careercompass_c/n/naee5454205a9
2026-04-10 08:00:55,275 INFO data_pipeline.collectors.note_com_browser: article_is_paid_skipping url=https://note.com/careercompass_c/n/naee5454205a9
2026-04-10 08:00:55,276 INFO data_pipeline.collectors.note_com_rss: article_paid_skipped url=https://note.com/careercompass_c/n/naee5454205a9
2026-04-10 08:00:55,276 INFO data_pipeline.collectors.note_com_browser: scraping_article url=https://note.com/careercompass_c/n/n8569ad05b6d8
2026-04-10 08:00:58,032 INFO data_pipeline.collectors.note_com_browser: article_is_paid_skipping url=https://note.com/careercompass_c/n/n8569ad05b6d8
2026-04-10 08:00:58,032 INFO data_pipeline.collectors.note_com_rss: article_paid_skipped url=https://note.com/careercompass_c/n/n8569ad05b6d8
2026-04-10 08:00:58,032 INFO data_pipeline.collectors.note_com_browser: scraping_article url=https://note.com/careercompass_c/n/nb587344abc02
2026-04-10 08:01:00,669 INFO data_pipeline.collectors.note_com_browser: article_is_paid_skipping url=https://note.com/careercompass_c/n/nb587344abc02
2026-04-10 08:01:00,669 INFO data_pipeline.collectors.note_com_rss: article_paid_skipped url=https://note.com/careercompass_c/n/nb587344abc02
2026-04-10 08:01:00,669 INFO data_pipeline.collectors.note_com_browser: scraping_article url=https://note.com/careercompass_c/n/n61808abc31d9
2026-04-10 08:01:03,514 INFO data_pipeline.collectors.note_com_browser: article_is_paid_skipping url=https://note.com/careercompass_c/n/n61808abc31d9
2026-04-10 08:01:03,514 INFO data_pipeline.collectors.note_com_rss: article_paid_skipped url=https://note.com/careercompass_c/n/n61808abc31d9
2026-04-10 08:01:03,514 INFO data_pipeline.collectors.note_com_browser: scraping_article url=https://note.com/careercompass_c/n/na710c3e11238
2026-04-10 08:01:06,423 INFO data_pipeline.collectors.note_com_browser: article_is_paid_skipping url=https://note.com/careercompass_c/n/na710c3e11238
2026-04-10 08:01:06,423 INFO data_pipeline.collectors.note_com_rss: article_paid_skipped url=https://note.com/careercompass_c/n/na710c3e11238
2026-04-10 08:01:06,423 INFO data_pipeline.collectors.note_com_browser: scraping_article url=https://note.com/careercompass_c/n/n711c7b7ae7a7
2026-04-10 08:01:09,387 INFO data_pipeline.collectors.note_com_browser: article_is_paid_skipping url=https://note.com/careercompass_c/n/n711c7b7ae7a7
2026-04-10 08:01:09,387 INFO data_pipeline.collectors.note_com_rss: article_paid_skipped url=https://note.com/careercompass_c/n/n711c7b7ae7a7
2026-04-10 08:01:09,387 INFO data_pipeline.collectors.note_com_browser: scraping_article url=https://note.com/careercompass_c/n/n2f88201cd2a8
2026-04-10 08:01:12,047 INFO data_pipeline.collectors.note_com_browser: article_is_paid_skipping url=https://note.com/careercompass_c/n/n2f88201cd2a8
2026-04-10 08:01:12,047 INFO data_pipeline.collectors.note_com_rss: article_paid_skipped url=https://note.com/careercompass_c/n/n2f88201cd2a8
2026-04-10 08:01:12,047 INFO data_pipeline.collectors.note_com_browser: scraping_article url=https://note.com/careercompass_c/n/n62a4108c9338
2026-04-10 08:01:14,679 INFO data_pipeline.collectors.note_com_browser: article_is_paid_skipping url=https://note.com/careercompass_c/n/n62a4108c9338
2026-04-10 08:01:14,680 INFO data_pipeline.collectors.note_com_rss: article_paid_skipped url=https://note.com/careercompass_c/n/n62a4108c9338
2026-04-10 08:01:14,680 INFO data_pipeline.collectors.note_com_browser: scraping_article url=https://note.com/careercompass_c/n/nc92cc8669407
2026-04-10 08:01:17,108 INFO data_pipeline.collectors.note_com_browser: article_is_paid_skipping url=https://note.com/careercompass_c/n/nc92cc8669407
2026-04-10 08:01:17,108 INFO data_pipeline.collectors.note_com_rss: article_paid_skipped url=https://note.com/careercompass_c/n/nc92cc8669407
2026-04-10 08:01:17,108 INFO data_pipeline.collectors.note_com_browser: scraping_article url=https://note.com/careercompass_c/n/n3ed6a03fc264
2026-04-10 08:01:19,759 INFO data_pipeline.collectors.note_com_browser: article_is_paid_skipping url=https://note.com/careercompass_c/n/n3ed6a03fc264
2026-04-10 08:01:19,759 INFO data_pipeline.collectors.note_com_rss: article_paid_skipped url=https://note.com/careercompass_c/n/n3ed6a03fc264
2026-04-10 08:01:19,759 INFO data_pipeline.collectors.note_com_browser: scraping_article url=https://note.com/careercompass_c/n/ndfa338206fe5
2026-04-10 08:01:22,734 INFO data_pipeline.collectors.note_com_browser: article_is_paid_skipping url=https://note.com/careercompass_c/n/ndfa338206fe5
2026-04-10 08:01:22,734 INFO data_pipeline.collectors.note_com_rss: article_paid_skipped url=https://note.com/careercompass_c/n/ndfa338206fe5
2026-04-10 08:01:22,734 INFO data_pipeline.collectors.note_com_browser: scraping_article url=https://note.com/careercompass_c/n/ne14519bc77ef
2026-04-10 08:01:25,952 INFO data_pipeline.collectors.note_com_browser: article_is_paid_skipping url=https://note.com/careercompass_c/n/ne14519bc77ef
2026-04-10 08:01:25,952 INFO data_pipeline.collectors.note_com_rss: article_paid_skipped url=https://note.com/careercompass_c/n/ne14519bc77ef
2026-04-10 08:01:25,952 INFO data_pipeline.collectors.note_com_browser: scraping_article url=https://note.com/dandism56/n/n5170da30eb72
2026-04-10 08:01:28,726 INFO data_pipeline.collectors.note_com_browser: article_scraped url=https://note.com/dandism56/n/n5170da30eb72 title=“強みがない”と思ってる人へ。「自己分析」は、才能探しじゃなく再現性の発掘です body_length=2065 hashtag_count=33
2026-04-10 08:01:28,826 INFO data_pipeline.collectors.note_com_rss: article_saved url=https://note.com/dandism56/n/n5170da30eb72 title=“強みがない”と思ってる人へ。「自己分析」は、才能探しじゃなく再現性の発掘です
2026-04-10 08:01:28,826 INFO data_pipeline.collectors.note_com_browser: scraping_article url=https://note.com/glad_auklet4142/n/n0ebfb7cdb243
2026-04-10 08:01:32,732 INFO data_pipeline.collectors.note_com_browser: article_scraped url=https://note.com/glad_auklet4142/n/n0ebfb7cdb243 title=【引退発表】ポス鳥、noteでの販売を引退しようと思います。 #生成AI #ChatGPT #Gemini #Claude #メンバーシップ #AI活用 #毎日更新 #毎日投稿 #SNS運用 #コンテンツビジネス #自己紹介 #集客 #フリーランス #SNS集客 #独立起業 #投資 #日経平均 body_length=14107 hashtag_count=100
2026-04-10 08:01:32,797 INFO data_pipeline.collectors.note_com_rss: article_saved url=https://note.com/glad_auklet4142/n/n0ebfb7cdb243 title=【引退発表】ポス鳥、noteでの販売を引退しようと思います。 #生成AI #ChatGPT #Gemini #Claude #メンバーシップ #AI活用 #毎日更新 #毎日投稿 #SNS運用 #コンテンツビジネス #自己紹介 #集客 #フリーランス #SNS集客 #独立起業 #投資 #日経平均
2026-04-10 08:01:32,797 INFO data_pipeline.collectors.note_com_browser: scraping_article url=https://note.com/hide_taxnote/n/n0d3304240192
2026-04-10 08:01:35,595 INFO data_pipeline.collectors.note_com_browser: article_scraped url=https://note.com/hide_taxnote/n/n0d3304240192 title=2026年4月9日｜日経平均・東京株式市場・米国株：ポイント解説と明日の展望 body_length=4009 hashtag_count=13
2026-04-10 08:01:35,737 INFO data_pipeline.collectors.note_com_rss: article_saved url=https://note.com/hide_taxnote/n/n0d3304240192 title=2026年4月9日｜日経平均・東京株式市場・米国株：ポイント解説と明日の展望
2026-04-10 08:01:35,822 INFO data_pipeline.collectors.note_com_rss: config_updated updated_count=11 timestamp=2026-04-09T23:01:35.822640+00:00
2026-04-10 08:01:35,822 INFO data_pipeline.collectors.note_com_rss: rss_monitor_completed creators_checked=11 new_articles_found=27 articles_saved=3 articles_skipped_paid=24 articles_skipped_duplicate=0 error_count=0
2026-04-10 20:00:05,792 INFO data_pipeline.collectors.note_com_rss: rss_monitor_starting creator_count=11
2026-04-10 20:00:06,114 INFO data_pipeline.collectors.note_com_rss: rss_fetched username=fukuoka1116 entry_count=25
2026-04-10 20:00:06,689 INFO data_pipeline.collectors.note_com_rss: new_entries_found username=fukuoka1116 new_count=1
2026-04-10 20:00:07,018 INFO data_pipeline.collectors.note_com_rss: rss_fetched username=sota_career entry_count=25
2026-04-10 20:00:07,800 INFO data_pipeline.collectors.note_com_rss: rss_fetched username=kei_10m_asset entry_count=23
2026-04-10 20:00:08,255 INFO data_pipeline.collectors.note_com_rss: rss_fetched username=careercompass_c entry_count=25
2026-04-10 20:00:09,386 INFO data_pipeline.collectors.note_com_rss: new_entries_found username=careercompass_c new_count=24
2026-04-10 20:00:09,667 INFO data_pipeline.collectors.note_com_rss: rss_fetched username=dandism56 entry_count=25
2026-04-10 20:00:11,564 INFO data_pipeline.collectors.note_com_rss: rss_fetched username=miraicareer_blog entry_count=25
2026-04-10 20:00:12,222 INFO data_pipeline.collectors.note_com_rss: rss_fetched username=glad_auklet4142 entry_count=25
2026-04-10 20:00:13,608 INFO data_pipeline.collectors.note_com_rss: new_entries_found username=glad_auklet4142 new_count=1
2026-04-10 20:00:13,805 INFO data_pipeline.collectors.note_com_rss: rss_fetched username=hide_taxnote entry_count=25
2026-04-10 20:00:15,497 INFO data_pipeline.collectors.note_com_rss: new_entries_found username=hide_taxnote new_count=2
2026-04-10 20:00:15,811 INFO data_pipeline.collectors.note_com_rss: rss_fetched username=mindset_official entry_count=25
2026-04-10 20:00:16,760 INFO data_pipeline.collectors.note_com_rss: rss_fetched username=ruinormalhakkar entry_count=25
2026-04-10 20:00:17,393 INFO data_pipeline.collectors.note_com_rss: rss_fetched username=studyhacker entry_count=0
2026-04-10 20:00:22,687 INFO data_pipeline.collectors.note_com_browser: note_com_browser_started
2026-04-10 20:00:22,688 INFO data_pipeline.collectors.note_com_browser: scraping_article url=https://note.com/fukuoka1116/n/nff869e702f4b
2026-04-10 20:00:25,933 INFO data_pipeline.collectors.note_com_browser: article_scraped url=https://note.com/fukuoka1116/n/nff869e702f4b title=話を少し合わせただけなのに、ズケズケと距離を詰めてくる人に困っている方へ　仕事｜会社員｜仕事｜営業｜転職｜副業｜キャリア｜悩み｜30代｜管理職｜エッセイ body_length=2005 hashtag_count=14
2026-04-10 20:00:26,064 INFO data_pipeline.collectors.note_com_rss: article_saved url=https://note.com/fukuoka1116/n/nff869e702f4b title=話を少し合わせただけなのに、ズケズケと距離を詰めてくる人に困っている方へ　仕事｜会社員｜仕事｜営業｜転職｜副業｜キャリア｜悩み｜30代｜管理職｜エッセイ
2026-04-10 20:00:26,064 INFO data_pipeline.collectors.note_com_browser: scraping_article url=https://note.com/careercompass_c/n/n64e87a475dbd
2026-04-10 20:00:28,930 INFO data_pipeline.collectors.note_com_browser: article_is_paid_skipping url=https://note.com/careercompass_c/n/n64e87a475dbd
2026-04-10 20:00:28,930 INFO data_pipeline.collectors.note_com_rss: article_paid_skipped url=https://note.com/careercompass_c/n/n64e87a475dbd
2026-04-10 20:00:28,931 INFO data_pipeline.collectors.note_com_browser: scraping_article url=https://note.com/careercompass_c/n/n1f74a7e4e77b
2026-04-10 20:00:31,857 INFO data_pipeline.collectors.note_com_browser: article_is_paid_skipping url=https://note.com/careercompass_c/n/n1f74a7e4e77b
2026-04-10 20:00:31,859 INFO data_pipeline.collectors.note_com_rss: article_paid_skipped url=https://note.com/careercompass_c/n/n1f74a7e4e77b
2026-04-10 20:00:31,859 INFO data_pipeline.collectors.note_com_browser: scraping_article url=https://note.com/careercompass_c/n/naf029a287ced
2026-04-10 20:00:34,628 INFO data_pipeline.collectors.note_com_browser: article_is_paid_skipping url=https://note.com/careercompass_c/n/naf029a287ced
2026-04-10 20:00:34,628 INFO data_pipeline.collectors.note_com_rss: article_paid_skipped url=https://note.com/careercompass_c/n/naf029a287ced
2026-04-10 20:00:34,628 INFO data_pipeline.collectors.note_com_browser: scraping_article url=https://note.com/careercompass_c/n/n9c1dc8c95907
2026-04-10 20:00:37,704 INFO data_pipeline.collectors.note_com_browser: article_is_paid_skipping url=https://note.com/careercompass_c/n/n9c1dc8c95907
2026-04-10 20:00:37,705 INFO data_pipeline.collectors.note_com_rss: article_paid_skipped url=https://note.com/careercompass_c/n/n9c1dc8c95907
2026-04-10 20:00:37,705 INFO data_pipeline.collectors.note_com_browser: scraping_article url=https://note.com/careercompass_c/n/n4d7960f4d1bb
2026-04-10 20:00:40,373 INFO data_pipeline.collectors.note_com_browser: article_is_paid_skipping url=https://note.com/careercompass_c/n/n4d7960f4d1bb
2026-04-10 20:00:40,373 INFO data_pipeline.collectors.note_com_rss: article_paid_skipped url=https://note.com/careercompass_c/n/n4d7960f4d1bb
2026-04-10 20:00:40,373 INFO data_pipeline.collectors.note_com_browser: scraping_article url=https://note.com/careercompass_c/n/n2ae0bbc45e76
2026-04-10 20:00:42,958 INFO data_pipeline.collectors.note_com_browser: article_is_paid_skipping url=https://note.com/careercompass_c/n/n2ae0bbc45e76
2026-04-10 20:00:42,958 INFO data_pipeline.collectors.note_com_rss: article_paid_skipped url=https://note.com/careercompass_c/n/n2ae0bbc45e76
2026-04-10 20:00:42,958 INFO data_pipeline.collectors.note_com_browser: scraping_article url=https://note.com/careercompass_c/n/n4fb42f466a5c
2026-04-10 20:00:45,776 INFO data_pipeline.collectors.note_com_browser: article_is_paid_skipping url=https://note.com/careercompass_c/n/n4fb42f466a5c
2026-04-10 20:00:45,776 INFO data_pipeline.collectors.note_com_rss: article_paid_skipped url=https://note.com/careercompass_c/n/n4fb42f466a5c
2026-04-10 20:00:45,777 INFO data_pipeline.collectors.note_com_browser: scraping_article url=https://note.com/careercompass_c/n/n53d4a51ba7f5
2026-04-10 20:00:48,260 INFO data_pipeline.collectors.note_com_browser: article_is_paid_skipping url=https://note.com/careercompass_c/n/n53d4a51ba7f5
2026-04-10 20:00:48,260 INFO data_pipeline.collectors.note_com_rss: article_paid_skipped url=https://note.com/careercompass_c/n/n53d4a51ba7f5
2026-04-10 20:00:48,260 INFO data_pipeline.collectors.note_com_browser: scraping_article url=https://note.com/careercompass_c/n/n0299f734bf2c
2026-04-10 20:00:50,981 INFO data_pipeline.collectors.note_com_browser: article_is_paid_skipping url=https://note.com/careercompass_c/n/n0299f734bf2c
2026-04-10 20:00:50,982 INFO data_pipeline.collectors.note_com_rss: article_paid_skipped url=https://note.com/careercompass_c/n/n0299f734bf2c
2026-04-10 20:00:50,982 INFO data_pipeline.collectors.note_com_browser: scraping_article url=https://note.com/careercompass_c/n/n2777b9ce0ed7
2026-04-10 20:00:53,532 INFO data_pipeline.collectors.note_com_browser: article_is_paid_skipping url=https://note.com/careercompass_c/n/n2777b9ce0ed7
2026-04-10 20:00:53,533 INFO data_pipeline.collectors.note_com_rss: article_paid_skipped url=https://note.com/careercompass_c/n/n2777b9ce0ed7
2026-04-10 20:00:53,533 INFO data_pipeline.collectors.note_com_browser: scraping_article url=https://note.com/careercompass_c/n/n45af503976da
2026-04-10 20:00:56,288 INFO data_pipeline.collectors.note_com_browser: article_is_paid_skipping url=https://note.com/careercompass_c/n/n45af503976da
2026-04-10 20:00:56,289 INFO data_pipeline.collectors.note_com_rss: article_paid_skipped url=https://note.com/careercompass_c/n/n45af503976da
2026-04-10 20:00:56,289 INFO data_pipeline.collectors.note_com_browser: scraping_article url=https://note.com/careercompass_c/n/n45646179803b
2026-04-10 20:00:59,203 INFO data_pipeline.collectors.note_com_browser: article_is_paid_skipping url=https://note.com/careercompass_c/n/n45646179803b
2026-04-10 20:00:59,203 INFO data_pipeline.collectors.note_com_rss: article_paid_skipped url=https://note.com/careercompass_c/n/n45646179803b
2026-04-10 20:00:59,203 INFO data_pipeline.collectors.note_com_browser: scraping_article url=https://note.com/careercompass_c/n/nc4d717a26527
2026-04-10 20:01:01,840 INFO data_pipeline.collectors.note_com_browser: article_is_paid_skipping url=https://note.com/careercompass_c/n/nc4d717a26527
2026-04-10 20:01:01,841 INFO data_pipeline.collectors.note_com_rss: article_paid_skipped url=https://note.com/careercompass_c/n/nc4d717a26527
2026-04-10 20:01:01,841 INFO data_pipeline.collectors.note_com_browser: scraping_article url=https://note.com/careercompass_c/n/ndc36c055acc7
2026-04-10 20:01:04,284 INFO data_pipeline.collectors.note_com_browser: article_is_paid_skipping url=https://note.com/careercompass_c/n/ndc36c055acc7
2026-04-10 20:01:04,284 INFO data_pipeline.collectors.note_com_rss: article_paid_skipped url=https://note.com/careercompass_c/n/ndc36c055acc7
2026-04-10 20:01:04,284 INFO data_pipeline.collectors.note_com_browser: scraping_article url=https://note.com/careercompass_c/n/nccf67b95a0b5
2026-04-10 20:01:06,955 INFO data_pipeline.collectors.note_com_browser: article_is_paid_skipping url=https://note.com/careercompass_c/n/nccf67b95a0b5
2026-04-10 20:01:06,956 INFO data_pipeline.collectors.note_com_rss: article_paid_skipped url=https://note.com/careercompass_c/n/nccf67b95a0b5
2026-04-10 20:01:06,956 INFO data_pipeline.collectors.note_com_browser: scraping_article url=https://note.com/careercompass_c/n/n7faab909a8e8
2026-04-10 20:01:09,606 INFO data_pipeline.collectors.note_com_browser: article_is_paid_skipping url=https://note.com/careercompass_c/n/n7faab909a8e8
2026-04-10 20:01:09,606 INFO data_pipeline.collectors.note_com_rss: article_paid_skipped url=https://note.com/careercompass_c/n/n7faab909a8e8
2026-04-10 20:01:09,606 INFO data_pipeline.collectors.note_com_browser: scraping_article url=https://note.com/careercompass_c/n/n107ea78af329
2026-04-10 20:01:12,363 INFO data_pipeline.collectors.note_com_browser: article_is_paid_skipping url=https://note.com/careercompass_c/n/n107ea78af329
2026-04-10 20:01:12,363 INFO data_pipeline.collectors.note_com_rss: article_paid_skipped url=https://note.com/careercompass_c/n/n107ea78af329
2026-04-10 20:01:12,363 INFO data_pipeline.collectors.note_com_browser: scraping_article url=https://note.com/careercompass_c/n/nc5d6ab3c6c56
2026-04-10 20:01:15,069 INFO data_pipeline.collectors.note_com_browser: article_is_paid_skipping url=https://note.com/careercompass_c/n/nc5d6ab3c6c56
2026-04-10 20:01:15,070 INFO data_pipeline.collectors.note_com_rss: article_paid_skipped url=https://note.com/careercompass_c/n/nc5d6ab3c6c56
2026-04-10 20:01:15,070 INFO data_pipeline.collectors.note_com_browser: scraping_article url=https://note.com/careercompass_c/n/n00bdbb97a2f8
2026-04-10 20:01:17,957 INFO data_pipeline.collectors.note_com_browser: article_is_paid_skipping url=https://note.com/careercompass_c/n/n00bdbb97a2f8
2026-04-10 20:01:17,957 INFO data_pipeline.collectors.note_com_rss: article_paid_skipped url=https://note.com/careercompass_c/n/n00bdbb97a2f8
2026-04-10 20:01:17,957 INFO data_pipeline.collectors.note_com_browser: scraping_article url=https://note.com/careercompass_c/n/n5ee45fe0ce36
2026-04-10 20:01:20,870 INFO data_pipeline.collectors.note_com_browser: article_is_paid_skipping url=https://note.com/careercompass_c/n/n5ee45fe0ce36
2026-04-10 20:01:20,870 INFO data_pipeline.collectors.note_com_rss: article_paid_skipped url=https://note.com/careercompass_c/n/n5ee45fe0ce36
2026-04-10 20:01:20,870 INFO data_pipeline.collectors.note_com_browser: scraping_article url=https://note.com/careercompass_c/n/n8454249a3d86
2026-04-10 20:01:23,610 INFO data_pipeline.collectors.note_com_browser: article_is_paid_skipping url=https://note.com/careercompass_c/n/n8454249a3d86
2026-04-10 20:01:23,610 INFO data_pipeline.collectors.note_com_rss: article_paid_skipped url=https://note.com/careercompass_c/n/n8454249a3d86
2026-04-10 20:01:23,610 INFO data_pipeline.collectors.note_com_browser: scraping_article url=https://note.com/careercompass_c/n/naee5454205a9
2026-04-10 20:01:26,242 INFO data_pipeline.collectors.note_com_browser: article_is_paid_skipping url=https://note.com/careercompass_c/n/naee5454205a9
2026-04-10 20:01:26,243 INFO data_pipeline.collectors.note_com_rss: article_paid_skipped url=https://note.com/careercompass_c/n/naee5454205a9
2026-04-10 20:01:26,243 INFO data_pipeline.collectors.note_com_browser: scraping_article url=https://note.com/careercompass_c/n/n8569ad05b6d8
2026-04-10 20:01:28,843 INFO data_pipeline.collectors.note_com_browser: article_is_paid_skipping url=https://note.com/careercompass_c/n/n8569ad05b6d8
2026-04-10 20:01:28,843 INFO data_pipeline.collectors.note_com_rss: article_paid_skipped url=https://note.com/careercompass_c/n/n8569ad05b6d8
2026-04-10 20:01:28,843 INFO data_pipeline.collectors.note_com_browser: scraping_article url=https://note.com/careercompass_c/n/nb587344abc02
2026-04-10 20:01:31,529 INFO data_pipeline.collectors.note_com_browser: article_is_paid_skipping url=https://note.com/careercompass_c/n/nb587344abc02
2026-04-10 20:01:31,529 INFO data_pipeline.collectors.note_com_rss: article_paid_skipped url=https://note.com/careercompass_c/n/nb587344abc02
2026-04-10 20:01:31,529 INFO data_pipeline.collectors.note_com_browser: scraping_article url=https://note.com/glad_auklet4142/n/nd0ebbf94c0ba
2026-04-10 20:01:40,879 INFO data_pipeline.collectors.note_com_browser: article_is_paid_skipping url=https://note.com/glad_auklet4142/n/nd0ebbf94c0ba
2026-04-10 20:01:40,880 INFO data_pipeline.collectors.note_com_rss: article_paid_skipped url=https://note.com/glad_auklet4142/n/nd0ebbf94c0ba
2026-04-10 20:01:40,880 INFO data_pipeline.collectors.note_com_browser: scraping_article url=https://note.com/hide_taxnote/n/n4e6f33c5ed47
2026-04-10 20:01:44,211 INFO data_pipeline.collectors.note_com_browser: article_scraped url=https://note.com/hide_taxnote/n/n4e6f33c5ed47 title=2026年4月10日｜日経平均・東京株式市場・米国株：ポイント解説と来週の展望 body_length=4075 hashtag_count=11
2026-04-10 20:01:44,336 INFO data_pipeline.collectors.note_com_rss: article_saved url=https://note.com/hide_taxnote/n/n4e6f33c5ed47 title=2026年4月10日｜日経平均・東京株式市場・米国株：ポイント解説と来週の展望
2026-04-10 20:01:44,336 INFO data_pipeline.collectors.note_com_browser: scraping_article url=https://note.com/hide_taxnote/n/n151724fa0241
2026-04-10 20:01:46,924 INFO data_pipeline.collectors.note_com_browser: article_scraped url=https://note.com/hide_taxnote/n/n151724fa0241 title=あなたはいつの何のために投資をしていますか？NISAの正解は「満額」ではなく「逆算」でした body_length=2300 hashtag_count=11
2026-04-10 20:01:46,985 INFO data_pipeline.collectors.note_com_rss: article_saved url=https://note.com/hide_taxnote/n/n151724fa0241 title=あなたはいつの何のために投資をしていますか？NISAの正解は「満額」ではなく「逆算」でした
2026-04-10 20:01:47,067 INFO data_pipeline.collectors.note_com_rss: config_updated updated_count=11 timestamp=2026-04-10T11:01:47.067025+00:00
2026-04-10 20:01:47,067 INFO data_pipeline.collectors.note_com_rss: rss_monitor_completed creators_checked=11 new_articles_found=28 articles_saved=3 articles_skipped_paid=25 articles_skipped_duplicate=0 error_count=0
2026-04-11 08:00:05,249 INFO data_pipeline.collectors.note_com_rss: rss_monitor_starting creator_count=11
2026-04-11 08:00:05,514 INFO data_pipeline.collectors.note_com_rss: rss_fetched username=fukuoka1116 entry_count=25
2026-04-11 08:00:06,428 INFO data_pipeline.collectors.note_com_rss: rss_fetched username=sota_career entry_count=25
2026-04-11 08:00:07,063 INFO data_pipeline.collectors.note_com_rss: rss_fetched username=kei_10m_asset entry_count=23
2026-04-11 08:00:07,542 INFO data_pipeline.collectors.note_com_rss: rss_fetched username=careercompass_c entry_count=25
2026-04-11 08:00:07,738 INFO data_pipeline.collectors.note_com_rss: new_entries_found username=careercompass_c new_count=24
2026-04-11 08:00:07,953 INFO data_pipeline.collectors.note_com_rss: rss_fetched username=dandism56 entry_count=25
2026-04-11 08:00:08,578 INFO data_pipeline.collectors.note_com_rss: new_entries_found username=dandism56 new_count=1
2026-04-11 08:00:08,801 INFO data_pipeline.collectors.note_com_rss: rss_fetched username=miraicareer_blog entry_count=25
2026-04-11 08:00:09,503 INFO data_pipeline.collectors.note_com_rss: rss_fetched username=glad_auklet4142 entry_count=25
2026-04-11 08:00:10,263 INFO data_pipeline.collectors.note_com_rss: new_entries_found username=glad_auklet4142 new_count=5
2026-04-11 08:00:10,456 INFO data_pipeline.collectors.note_com_rss: rss_fetched username=hide_taxnote entry_count=25
2026-04-11 08:00:11,396 INFO data_pipeline.collectors.note_com_rss: rss_fetched username=mindset_official entry_count=25
2026-04-11 08:00:11,970 INFO data_pipeline.collectors.note_com_rss: rss_fetched username=ruinormalhakkar entry_count=25
2026-04-11 08:00:12,353 INFO data_pipeline.collectors.note_com_rss: rss_fetched username=studyhacker entry_count=0
2026-04-11 08:00:13,945 INFO data_pipeline.collectors.note_com_browser: note_com_browser_started
2026-04-11 08:00:13,946 INFO data_pipeline.collectors.note_com_browser: scraping_article url=https://note.com/careercompass_c/n/n64e87a475dbd
2026-04-11 08:00:17,108 INFO data_pipeline.collectors.note_com_browser: article_is_paid_skipping url=https://note.com/careercompass_c/n/n64e87a475dbd
2026-04-11 08:00:17,109 INFO data_pipeline.collectors.note_com_rss: article_paid_skipped url=https://note.com/careercompass_c/n/n64e87a475dbd
2026-04-11 08:00:17,109 INFO data_pipeline.collectors.note_com_browser: scraping_article url=https://note.com/careercompass_c/n/n1f74a7e4e77b
2026-04-11 08:00:20,002 INFO data_pipeline.collectors.note_com_browser: article_is_paid_skipping url=https://note.com/careercompass_c/n/n1f74a7e4e77b
2026-04-11 08:00:20,004 INFO data_pipeline.collectors.note_com_rss: article_paid_skipped url=https://note.com/careercompass_c/n/n1f74a7e4e77b
2026-04-11 08:00:20,004 INFO data_pipeline.collectors.note_com_browser: scraping_article url=https://note.com/careercompass_c/n/naf029a287ced
2026-04-11 08:00:22,418 INFO data_pipeline.collectors.note_com_browser: article_is_paid_skipping url=https://note.com/careercompass_c/n/naf029a287ced
2026-04-11 08:00:22,419 INFO data_pipeline.collectors.note_com_rss: article_paid_skipped url=https://note.com/careercompass_c/n/naf029a287ced
2026-04-11 08:00:22,419 INFO data_pipeline.collectors.note_com_browser: scraping_article url=https://note.com/careercompass_c/n/n9c1dc8c95907
2026-04-11 08:00:25,278 INFO data_pipeline.collectors.note_com_browser: article_is_paid_skipping url=https://note.com/careercompass_c/n/n9c1dc8c95907
2026-04-11 08:00:25,278 INFO data_pipeline.collectors.note_com_rss: article_paid_skipped url=https://note.com/careercompass_c/n/n9c1dc8c95907
2026-04-11 08:00:25,279 INFO data_pipeline.collectors.note_com_browser: scraping_article url=https://note.com/careercompass_c/n/n4d7960f4d1bb
2026-04-11 08:00:27,969 INFO data_pipeline.collectors.note_com_browser: article_is_paid_skipping url=https://note.com/careercompass_c/n/n4d7960f4d1bb
2026-04-11 08:00:27,969 INFO data_pipeline.collectors.note_com_rss: article_paid_skipped url=https://note.com/careercompass_c/n/n4d7960f4d1bb
2026-04-11 08:00:27,969 INFO data_pipeline.collectors.note_com_browser: scraping_article url=https://note.com/careercompass_c/n/n2ae0bbc45e76
2026-04-11 08:00:30,752 INFO data_pipeline.collectors.note_com_browser: article_is_paid_skipping url=https://note.com/careercompass_c/n/n2ae0bbc45e76
2026-04-11 08:00:30,752 INFO data_pipeline.collectors.note_com_rss: article_paid_skipped url=https://note.com/careercompass_c/n/n2ae0bbc45e76
2026-04-11 08:00:30,752 INFO data_pipeline.collectors.note_com_browser: scraping_article url=https://note.com/careercompass_c/n/n4fb42f466a5c
2026-04-11 08:00:33,405 INFO data_pipeline.collectors.note_com_browser: article_is_paid_skipping url=https://note.com/careercompass_c/n/n4fb42f466a5c
2026-04-11 08:00:33,405 INFO data_pipeline.collectors.note_com_rss: article_paid_skipped url=https://note.com/careercompass_c/n/n4fb42f466a5c
2026-04-11 08:00:33,405 INFO data_pipeline.collectors.note_com_browser: scraping_article url=https://note.com/careercompass_c/n/n53d4a51ba7f5
2026-04-11 08:00:36,246 INFO data_pipeline.collectors.note_com_browser: article_is_paid_skipping url=https://note.com/careercompass_c/n/n53d4a51ba7f5
2026-04-11 08:00:36,246 INFO data_pipeline.collectors.note_com_rss: article_paid_skipped url=https://note.com/careercompass_c/n/n53d4a51ba7f5
2026-04-11 08:00:36,246 INFO data_pipeline.collectors.note_com_browser: scraping_article url=https://note.com/careercompass_c/n/n0299f734bf2c
2026-04-11 08:00:38,665 INFO data_pipeline.collectors.note_com_browser: article_is_paid_skipping url=https://note.com/careercompass_c/n/n0299f734bf2c
2026-04-11 08:00:38,666 INFO data_pipeline.collectors.note_com_rss: article_paid_skipped url=https://note.com/careercompass_c/n/n0299f734bf2c
2026-04-11 08:00:38,666 INFO data_pipeline.collectors.note_com_browser: scraping_article url=https://note.com/careercompass_c/n/n2777b9ce0ed7
2026-04-11 08:00:41,456 INFO data_pipeline.collectors.note_com_browser: article_is_paid_skipping url=https://note.com/careercompass_c/n/n2777b9ce0ed7
2026-04-11 08:00:41,456 INFO data_pipeline.collectors.note_com_rss: article_paid_skipped url=https://note.com/careercompass_c/n/n2777b9ce0ed7
2026-04-11 08:00:41,456 INFO data_pipeline.collectors.note_com_browser: scraping_article url=https://note.com/careercompass_c/n/n45af503976da
2026-04-11 08:00:44,355 INFO data_pipeline.collectors.note_com_browser: article_is_paid_skipping url=https://note.com/careercompass_c/n/n45af503976da
2026-04-11 08:00:44,355 INFO data_pipeline.collectors.note_com_rss: article_paid_skipped url=https://note.com/careercompass_c/n/n45af503976da
2026-04-11 08:00:44,355 INFO data_pipeline.collectors.note_com_browser: scraping_article url=https://note.com/careercompass_c/n/n45646179803b
2026-04-11 08:00:46,889 INFO data_pipeline.collectors.note_com_browser: article_is_paid_skipping url=https://note.com/careercompass_c/n/n45646179803b
2026-04-11 08:00:46,889 INFO data_pipeline.collectors.note_com_rss: article_paid_skipped url=https://note.com/careercompass_c/n/n45646179803b
2026-04-11 08:00:46,889 INFO data_pipeline.collectors.note_com_browser: scraping_article url=https://note.com/careercompass_c/n/nc4d717a26527
2026-04-11 08:00:49,775 INFO data_pipeline.collectors.note_com_browser: article_is_paid_skipping url=https://note.com/careercompass_c/n/nc4d717a26527
2026-04-11 08:00:49,775 INFO data_pipeline.collectors.note_com_rss: article_paid_skipped url=https://note.com/careercompass_c/n/nc4d717a26527
2026-04-11 08:00:49,775 INFO data_pipeline.collectors.note_com_browser: scraping_article url=https://note.com/careercompass_c/n/ndc36c055acc7
2026-04-11 08:00:52,541 INFO data_pipeline.collectors.note_com_browser: article_is_paid_skipping url=https://note.com/careercompass_c/n/ndc36c055acc7
2026-04-11 08:00:52,541 INFO data_pipeline.collectors.note_com_rss: article_paid_skipped url=https://note.com/careercompass_c/n/ndc36c055acc7
2026-04-11 08:00:52,541 INFO data_pipeline.collectors.note_com_browser: scraping_article url=https://note.com/careercompass_c/n/nccf67b95a0b5
2026-04-11 08:00:55,355 INFO data_pipeline.collectors.note_com_browser: article_is_paid_skipping url=https://note.com/careercompass_c/n/nccf67b95a0b5
2026-04-11 08:00:55,355 INFO data_pipeline.collectors.note_com_rss: article_paid_skipped url=https://note.com/careercompass_c/n/nccf67b95a0b5
2026-04-11 08:00:55,355 INFO data_pipeline.collectors.note_com_browser: scraping_article url=https://note.com/careercompass_c/n/n7faab909a8e8
2026-04-11 08:00:58,146 INFO data_pipeline.collectors.note_com_browser: article_is_paid_skipping url=https://note.com/careercompass_c/n/n7faab909a8e8
2026-04-11 08:00:58,147 INFO data_pipeline.collectors.note_com_rss: article_paid_skipped url=https://note.com/careercompass_c/n/n7faab909a8e8
2026-04-11 08:00:58,147 INFO data_pipeline.collectors.note_com_browser: scraping_article url=https://note.com/careercompass_c/n/n107ea78af329
2026-04-11 08:01:00,680 INFO data_pipeline.collectors.note_com_browser: article_is_paid_skipping url=https://note.com/careercompass_c/n/n107ea78af329
2026-04-11 08:01:00,680 INFO data_pipeline.collectors.note_com_rss: article_paid_skipped url=https://note.com/careercompass_c/n/n107ea78af329
2026-04-11 08:01:00,680 INFO data_pipeline.collectors.note_com_browser: scraping_article url=https://note.com/careercompass_c/n/nc5d6ab3c6c56
2026-04-11 08:01:03,598 INFO data_pipeline.collectors.note_com_browser: article_is_paid_skipping url=https://note.com/careercompass_c/n/nc5d6ab3c6c56
2026-04-11 08:01:03,598 INFO data_pipeline.collectors.note_com_rss: article_paid_skipped url=https://note.com/careercompass_c/n/nc5d6ab3c6c56
2026-04-11 08:01:03,598 INFO data_pipeline.collectors.note_com_browser: scraping_article url=https://note.com/careercompass_c/n/n00bdbb97a2f8
2026-04-11 08:01:06,461 INFO data_pipeline.collectors.note_com_browser: article_is_paid_skipping url=https://note.com/careercompass_c/n/n00bdbb97a2f8
2026-04-11 08:01:06,461 INFO data_pipeline.collectors.note_com_rss: article_paid_skipped url=https://note.com/careercompass_c/n/n00bdbb97a2f8
2026-04-11 08:01:06,461 INFO data_pipeline.collectors.note_com_browser: scraping_article url=https://note.com/careercompass_c/n/n5ee45fe0ce36
2026-04-11 08:01:08,910 INFO data_pipeline.collectors.note_com_browser: article_is_paid_skipping url=https://note.com/careercompass_c/n/n5ee45fe0ce36
2026-04-11 08:01:08,910 INFO data_pipeline.collectors.note_com_rss: article_paid_skipped url=https://note.com/careercompass_c/n/n5ee45fe0ce36
2026-04-11 08:01:08,911 INFO data_pipeline.collectors.note_com_browser: scraping_article url=https://note.com/careercompass_c/n/n8454249a3d86
2026-04-11 08:01:11,370 INFO data_pipeline.collectors.note_com_browser: article_is_paid_skipping url=https://note.com/careercompass_c/n/n8454249a3d86
2026-04-11 08:01:11,370 INFO data_pipeline.collectors.note_com_rss: article_paid_skipped url=https://note.com/careercompass_c/n/n8454249a3d86
2026-04-11 08:01:11,370 INFO data_pipeline.collectors.note_com_browser: scraping_article url=https://note.com/careercompass_c/n/naee5454205a9
2026-04-11 08:01:14,107 INFO data_pipeline.collectors.note_com_browser: article_is_paid_skipping url=https://note.com/careercompass_c/n/naee5454205a9
2026-04-11 08:01:14,107 INFO data_pipeline.collectors.note_com_rss: article_paid_skipped url=https://note.com/careercompass_c/n/naee5454205a9
2026-04-11 08:01:14,107 INFO data_pipeline.collectors.note_com_browser: scraping_article url=https://note.com/careercompass_c/n/n8569ad05b6d8
2026-04-11 08:01:16,917 INFO data_pipeline.collectors.note_com_browser: article_is_paid_skipping url=https://note.com/careercompass_c/n/n8569ad05b6d8
2026-04-11 08:01:16,917 INFO data_pipeline.collectors.note_com_rss: article_paid_skipped url=https://note.com/careercompass_c/n/n8569ad05b6d8
2026-04-11 08:01:16,917 INFO data_pipeline.collectors.note_com_browser: scraping_article url=https://note.com/careercompass_c/n/nb587344abc02
2026-04-11 08:01:19,457 INFO data_pipeline.collectors.note_com_browser: article_is_paid_skipping url=https://note.com/careercompass_c/n/nb587344abc02
2026-04-11 08:01:19,457 INFO data_pipeline.collectors.note_com_rss: article_paid_skipped url=https://note.com/careercompass_c/n/nb587344abc02
2026-04-11 08:01:19,457 INFO data_pipeline.collectors.note_com_browser: scraping_article url=https://note.com/dandism56/n/n6a5c29ab1924
2026-04-11 08:01:22,306 INFO data_pipeline.collectors.note_com_browser: article_scraped url=https://note.com/dandism56/n/n6a5c29ab1924 title=転職理由は、あなたの人生の“優先順位”が出る場所 body_length=2128 hashtag_count=29
2026-04-11 08:01:22,450 INFO data_pipeline.collectors.note_com_rss: article_saved url=https://note.com/dandism56/n/n6a5c29ab1924 title=転職理由は、あなたの人生の“優先順位”が出る場所
2026-04-11 08:01:22,450 INFO data_pipeline.collectors.note_com_browser: scraping_article url=https://note.com/glad_auklet4142/n/nf387384e2f8f
2026-04-11 08:01:33,368 INFO data_pipeline.collectors.note_com_browser: article_scraped url=https://note.com/glad_auklet4142/n/nf387384e2f8f title=🐺 AIさんが選ぶ「今月の記事」Vol.3——今日は少し、機嫌が悪いです。ミッドナイトステーション※8 #メンバーシップ #AI #生成AI #ChatGPT #Claude #Gemini #AI活用 #noteの書き方 #note収益化 #スキしてみて #仕事について話そう #AIとやってみた #エッセイ #コラム body_length=8988 hashtag_count=93
2026-04-11 08:01:33,494 INFO data_pipeline.collectors.note_com_rss: article_saved url=https://note.com/glad_auklet4142/n/nf387384e2f8f title=🐺 AIさんが選ぶ「今月の記事」Vol.3——今日は少し、機嫌が悪いです。ミッドナイトステーション※8 #メンバーシップ #AI #生成AI #ChatGPT #Claude #Gemini #AI活用 #noteの書き方 #note収益化 #スキしてみて #仕事について話そう #AIとやってみた #エッセイ #コラム
2026-04-11 08:01:33,494 INFO data_pipeline.collectors.note_com_browser: scraping_article url=https://note.com/glad_auklet4142/n/n5de3d5e1b8d7
2026-04-11 08:01:36,692 INFO data_pipeline.collectors.note_com_browser: article_scraped url=https://note.com/glad_auklet4142/n/n5de3d5e1b8d7 title=【YouTube広告収入の終焉？】AI量産動画が招く大量失業のリアルあなたの副業収入が明日消滅する理由 #YouTube #生成AI #Google #副業 #クリエイターエコノミー #AI #収益化 #ビジネス #マーケティング #在宅副業 body_length=2298 hashtag_count=100
2026-04-11 08:01:36,756 INFO data_pipeline.collectors.note_com_rss: article_saved url=https://note.com/glad_auklet4142/n/n5de3d5e1b8d7 title=【YouTube広告収入の終焉？】AI量産動画が招く大量失業のリアルあなたの副業収入が明日消滅する理由 #YouTube #生成AI #Google #副業 #クリエイターエコノミー #AI #収益化 #ビジネス #マーケティング #在宅副業
2026-04-11 08:01:36,757 INFO data_pipeline.collectors.note_com_browser: scraping_article url=https://note.com/glad_auklet4142/n/n0a90440b61ba
2026-04-11 08:01:39,899 INFO data_pipeline.collectors.note_com_browser: article_scraped url=https://note.com/glad_auklet4142/n/n0a90440b61ba title=紅海で負けたアメリカ。ホルムズ海峡の「コスパ最悪」な護衛戦。10億ドルを燃やしたアメリカの敗戦と迫り来るエネルギーインフレとは？ #イラン情勢 #フーシ派 #ヒズボラ #インフレ #世界経済 #ホルムズ海峡 #原油価格 #家計防衛 #投資 body_length=2291 hashtag_count=100
2026-04-11 08:01:39,988 INFO data_pipeline.collectors.note_com_rss: article_saved url=https://note.com/glad_auklet4142/n/n0a90440b61ba title=紅海で負けたアメリカ。ホルムズ海峡の「コスパ最悪」な護衛戦。10億ドルを燃やしたアメリカの敗戦と迫り来るエネルギーインフレとは？ #イラン情勢 #フーシ派 #ヒズボラ #インフレ #世界経済 #ホルムズ海峡 #原油価格 #家計防衛 #投資
2026-04-11 08:01:39,988 INFO data_pipeline.collectors.note_com_browser: scraping_article url=https://note.com/glad_auklet4142/n/nb5c8a5fead66
2026-04-11 08:01:43,479 INFO data_pipeline.collectors.note_com_browser: article_scraped url=https://note.com/glad_auklet4142/n/nb5c8a5fead66 title=「記事を書くだけ」の時代は終わった——生成AIで"武器を配れる書き手"になる話。1000人の真のファンを作る最強の公式とは？誰でもAIでツールが作れる時代に「人間の経験」が最大の武器になる #生成AI #ChatGPT #Gemini #Claude #Claudecode #OpenAI #Google #AI活用 #メンバーシップ #note初心者 #創作大賞2026 #ビジネス部門 body_length=14441 hashtag_count=100
2026-04-11 08:01:43,558 INFO data_pipeline.collectors.note_com_rss: article_saved url=https://note.com/glad_auklet4142/n/nb5c8a5fead66 title=「記事を書くだけ」の時代は終わった——生成AIで"武器を配れる書き手"になる話。1000人の真のファンを作る最強の公式とは？誰でもAIでツールが作れる時代に「人間の経験」が最大の武器になる #生成AI #ChatGPT #Gemini #Claude #Claudecode #OpenAI #Google #AI活用 #メンバーシップ #note初心者 #創作大賞2026 #ビジネス部門
2026-04-11 08:01:43,558 INFO data_pipeline.collectors.note_com_browser: scraping_article url=https://note.com/glad_auklet4142/n/nd0ebbf94c0ba
2026-04-11 08:01:46,141 INFO data_pipeline.collectors.note_com_browser: article_is_paid_skipping url=https://note.com/glad_auklet4142/n/nd0ebbf94c0ba
2026-04-11 08:01:46,141 INFO data_pipeline.collectors.note_com_rss: article_paid_skipped url=https://note.com/glad_auklet4142/n/nd0ebbf94c0ba
2026-04-11 08:01:46,252 INFO data_pipeline.collectors.note_com_rss: config_updated updated_count=11 timestamp=2026-04-10T23:01:46.252247+00:00
2026-04-11 08:01:46,252 INFO data_pipeline.collectors.note_com_rss: rss_monitor_completed creators_checked=11 new_articles_found=30 articles_saved=5 articles_skipped_paid=25 articles_skipped_duplicate=0 error_count=0
2026-04-11 20:00:06,514 INFO data_pipeline.collectors.note_com_rss: rss_monitor_starting creator_count=11
2026-04-11 20:00:06,839 INFO data_pipeline.collectors.note_com_rss: rss_fetched username=fukuoka1116 entry_count=25
2026-04-11 20:00:08,077 INFO data_pipeline.collectors.note_com_rss: rss_fetched username=sota_career entry_count=25
2026-04-11 20:00:09,029 INFO data_pipeline.collectors.note_com_rss: rss_fetched username=kei_10m_asset entry_count=23
2026-04-11 20:00:09,671 INFO data_pipeline.collectors.note_com_rss: rss_fetched username=careercompass_c entry_count=25
2026-04-11 20:00:10,733 INFO data_pipeline.collectors.note_com_rss: new_entries_found username=careercompass_c new_count=24
2026-04-11 20:00:10,971 INFO data_pipeline.collectors.note_com_rss: rss_fetched username=dandism56 entry_count=25
2026-04-11 20:00:13,054 INFO data_pipeline.collectors.note_com_rss: rss_fetched username=miraicareer_blog entry_count=25
2026-04-11 20:00:13,991 INFO data_pipeline.collectors.note_com_rss: rss_fetched username=glad_auklet4142 entry_count=25
2026-04-11 20:00:15,711 INFO data_pipeline.collectors.note_com_rss: new_entries_found username=glad_auklet4142 new_count=2
2026-04-11 20:00:15,917 INFO data_pipeline.collectors.note_com_rss: rss_fetched username=hide_taxnote entry_count=25
2026-04-11 20:00:17,706 INFO data_pipeline.collectors.note_com_rss: new_entries_found username=hide_taxnote new_count=1
2026-04-11 20:00:18,024 INFO data_pipeline.collectors.note_com_rss: rss_fetched username=mindset_official entry_count=25
2026-04-11 20:00:18,735 INFO data_pipeline.collectors.note_com_rss: rss_fetched username=ruinormalhakkar entry_count=25
2026-04-11 20:00:19,271 INFO data_pipeline.collectors.note_com_rss: rss_fetched username=studyhacker entry_count=0
2026-04-11 20:00:24,727 INFO data_pipeline.collectors.note_com_browser: note_com_browser_started
2026-04-11 20:00:24,728 INFO data_pipeline.collectors.note_com_browser: scraping_article url=https://note.com/careercompass_c/n/n97866c300c4b
2026-04-11 20:00:28,279 INFO data_pipeline.collectors.note_com_browser: article_is_paid_skipping url=https://note.com/careercompass_c/n/n97866c300c4b
2026-04-11 20:00:28,279 INFO data_pipeline.collectors.note_com_rss: article_paid_skipped url=https://note.com/careercompass_c/n/n97866c300c4b
2026-04-11 20:00:28,279 INFO data_pipeline.collectors.note_com_browser: scraping_article url=https://note.com/careercompass_c/n/na5e30e01a970
2026-04-11 20:00:31,162 INFO data_pipeline.collectors.note_com_browser: article_is_paid_skipping url=https://note.com/careercompass_c/n/na5e30e01a970
2026-04-11 20:00:31,162 INFO data_pipeline.collectors.note_com_rss: article_paid_skipped url=https://note.com/careercompass_c/n/na5e30e01a970
2026-04-11 20:00:31,162 INFO data_pipeline.collectors.note_com_browser: scraping_article url=https://note.com/careercompass_c/n/nb17ce2dd1269
2026-04-11 20:00:34,101 INFO data_pipeline.collectors.note_com_browser: article_is_paid_skipping url=https://note.com/careercompass_c/n/nb17ce2dd1269
2026-04-11 20:00:34,101 INFO data_pipeline.collectors.note_com_rss: article_paid_skipped url=https://note.com/careercompass_c/n/nb17ce2dd1269
2026-04-11 20:00:34,101 INFO data_pipeline.collectors.note_com_browser: scraping_article url=https://note.com/careercompass_c/n/n8b4401544562
2026-04-11 20:00:36,846 INFO data_pipeline.collectors.note_com_browser: article_is_paid_skipping url=https://note.com/careercompass_c/n/n8b4401544562
2026-04-11 20:00:36,846 INFO data_pipeline.collectors.note_com_rss: article_paid_skipped url=https://note.com/careercompass_c/n/n8b4401544562
2026-04-11 20:00:36,846 INFO data_pipeline.collectors.note_com_browser: scraping_article url=https://note.com/careercompass_c/n/nac9de71673bb
2026-04-11 20:00:39,681 INFO data_pipeline.collectors.note_com_browser: article_is_paid_skipping url=https://note.com/careercompass_c/n/nac9de71673bb
2026-04-11 20:00:39,682 INFO data_pipeline.collectors.note_com_rss: article_paid_skipped url=https://note.com/careercompass_c/n/nac9de71673bb
2026-04-11 20:00:39,682 INFO data_pipeline.collectors.note_com_browser: scraping_article url=https://note.com/careercompass_c/n/n2aa2a1ec1fdf
2026-04-11 20:00:42,428 INFO data_pipeline.collectors.note_com_browser: article_is_paid_skipping url=https://note.com/careercompass_c/n/n2aa2a1ec1fdf
2026-04-11 20:00:42,428 INFO data_pipeline.collectors.note_com_rss: article_paid_skipped url=https://note.com/careercompass_c/n/n2aa2a1ec1fdf
2026-04-11 20:00:42,428 INFO data_pipeline.collectors.note_com_browser: scraping_article url=https://note.com/careercompass_c/n/nf336823c0077
2026-04-11 20:00:46,654 INFO data_pipeline.collectors.note_com_browser: article_is_paid_skipping url=https://note.com/careercompass_c/n/nf336823c0077
2026-04-11 20:00:46,654 INFO data_pipeline.collectors.note_com_rss: article_paid_skipped url=https://note.com/careercompass_c/n/nf336823c0077
2026-04-11 20:00:46,654 INFO data_pipeline.collectors.note_com_browser: scraping_article url=https://note.com/careercompass_c/n/n1a449f224121
2026-04-11 20:01:01,602 INFO data_pipeline.collectors.note_com_browser: article_is_paid_skipping url=https://note.com/careercompass_c/n/n1a449f224121
2026-04-11 20:01:01,602 INFO data_pipeline.collectors.note_com_rss: article_paid_skipped url=https://note.com/careercompass_c/n/n1a449f224121
2026-04-11 20:01:01,602 INFO data_pipeline.collectors.note_com_browser: scraping_article url=https://note.com/careercompass_c/n/n518cd4881251
2026-04-11 20:01:06,397 INFO data_pipeline.collectors.note_com_browser: article_is_paid_skipping url=https://note.com/careercompass_c/n/n518cd4881251
2026-04-11 20:01:06,397 INFO data_pipeline.collectors.note_com_rss: article_paid_skipped url=https://note.com/careercompass_c/n/n518cd4881251
2026-04-11 20:01:06,397 INFO data_pipeline.collectors.note_com_browser: scraping_article url=https://note.com/careercompass_c/n/na70c362dd5d7
2026-04-11 20:01:10,085 INFO data_pipeline.collectors.note_com_browser: article_is_paid_skipping url=https://note.com/careercompass_c/n/na70c362dd5d7
2026-04-11 20:01:10,085 INFO data_pipeline.collectors.note_com_rss: article_paid_skipped url=https://note.com/careercompass_c/n/na70c362dd5d7
2026-04-11 20:01:10,085 INFO data_pipeline.collectors.note_com_browser: scraping_article url=https://note.com/careercompass_c/n/n7fd1ba6d5f4a
2026-04-11 20:01:13,678 INFO data_pipeline.collectors.note_com_browser: article_scraped url=https://note.com/careercompass_c/n/n7fd1ba6d5f4a title=【2026年版】ニチレイ面接対策 想定質問100選｜中途採用で聞かれる質問と模範回答を徹底解説 body_length=2174 hashtag_count=98
2026-04-11 20:01:13,798 INFO data_pipeline.collectors.note_com_rss: article_saved url=https://note.com/careercompass_c/n/n7fd1ba6d5f4a title=【2026年版】ニチレイ面接対策 想定質問100選｜中途採用で聞かれる質問と模範回答を徹底解説
2026-04-11 20:01:13,799 INFO data_pipeline.collectors.note_com_browser: scraping_article url=https://note.com/careercompass_c/n/n64e87a475dbd
2026-04-11 20:01:20,786 INFO data_pipeline.collectors.note_com_browser: article_is_paid_skipping url=https://note.com/careercompass_c/n/n64e87a475dbd
2026-04-11 20:01:20,786 INFO data_pipeline.collectors.note_com_rss: article_paid_skipped url=https://note.com/careercompass_c/n/n64e87a475dbd
2026-04-11 20:01:20,786 INFO data_pipeline.collectors.note_com_browser: scraping_article url=https://note.com/careercompass_c/n/n1f74a7e4e77b
2026-04-11 20:01:23,498 INFO data_pipeline.collectors.note_com_browser: article_is_paid_skipping url=https://note.com/careercompass_c/n/n1f74a7e4e77b
2026-04-11 20:01:23,498 INFO data_pipeline.collectors.note_com_rss: article_paid_skipped url=https://note.com/careercompass_c/n/n1f74a7e4e77b
2026-04-11 20:01:23,498 INFO data_pipeline.collectors.note_com_browser: scraping_article url=https://note.com/careercompass_c/n/naf029a287ced
2026-04-11 20:01:26,632 INFO data_pipeline.collectors.note_com_browser: article_is_paid_skipping url=https://note.com/careercompass_c/n/naf029a287ced
2026-04-11 20:01:26,632 INFO data_pipeline.collectors.note_com_rss: article_paid_skipped url=https://note.com/careercompass_c/n/naf029a287ced
2026-04-11 20:01:26,632 INFO data_pipeline.collectors.note_com_browser: scraping_article url=https://note.com/careercompass_c/n/n9c1dc8c95907
2026-04-11 20:01:29,184 INFO data_pipeline.collectors.note_com_browser: article_is_paid_skipping url=https://note.com/careercompass_c/n/n9c1dc8c95907
2026-04-11 20:01:29,184 INFO data_pipeline.collectors.note_com_rss: article_paid_skipped url=https://note.com/careercompass_c/n/n9c1dc8c95907
2026-04-11 20:01:29,184 INFO data_pipeline.collectors.note_com_browser: scraping_article url=https://note.com/careercompass_c/n/n4d7960f4d1bb
2026-04-11 20:01:31,937 INFO data_pipeline.collectors.note_com_browser: article_is_paid_skipping url=https://note.com/careercompass_c/n/n4d7960f4d1bb
2026-04-11 20:01:31,937 INFO data_pipeline.collectors.note_com_rss: article_paid_skipped url=https://note.com/careercompass_c/n/n4d7960f4d1bb
2026-04-11 20:01:31,937 INFO data_pipeline.collectors.note_com_browser: scraping_article url=https://note.com/careercompass_c/n/n2ae0bbc45e76
2026-04-11 20:01:35,576 INFO data_pipeline.collectors.note_com_browser: article_is_paid_skipping url=https://note.com/careercompass_c/n/n2ae0bbc45e76
2026-04-11 20:01:35,576 INFO data_pipeline.collectors.note_com_rss: article_paid_skipped url=https://note.com/careercompass_c/n/n2ae0bbc45e76
2026-04-11 20:01:35,576 INFO data_pipeline.collectors.note_com_browser: scraping_article url=https://note.com/careercompass_c/n/n4fb42f466a5c
2026-04-11 20:01:38,144 INFO data_pipeline.collectors.note_com_browser: article_is_paid_skipping url=https://note.com/careercompass_c/n/n4fb42f466a5c
2026-04-11 20:01:38,144 INFO data_pipeline.collectors.note_com_rss: article_paid_skipped url=https://note.com/careercompass_c/n/n4fb42f466a5c
2026-04-11 20:01:38,144 INFO data_pipeline.collectors.note_com_browser: scraping_article url=https://note.com/careercompass_c/n/n53d4a51ba7f5
2026-04-11 20:01:40,583 INFO data_pipeline.collectors.note_com_browser: article_is_paid_skipping url=https://note.com/careercompass_c/n/n53d4a51ba7f5
2026-04-11 20:01:40,583 INFO data_pipeline.collectors.note_com_rss: article_paid_skipped url=https://note.com/careercompass_c/n/n53d4a51ba7f5
2026-04-11 20:01:40,584 INFO data_pipeline.collectors.note_com_browser: scraping_article url=https://note.com/careercompass_c/n/n0299f734bf2c
2026-04-11 20:01:43,222 INFO data_pipeline.collectors.note_com_browser: article_is_paid_skipping url=https://note.com/careercompass_c/n/n0299f734bf2c
2026-04-11 20:01:43,222 INFO data_pipeline.collectors.note_com_rss: article_paid_skipped url=https://note.com/careercompass_c/n/n0299f734bf2c
2026-04-11 20:01:43,222 INFO data_pipeline.collectors.note_com_browser: scraping_article url=https://note.com/careercompass_c/n/n2777b9ce0ed7
2026-04-11 20:01:46,113 INFO data_pipeline.collectors.note_com_browser: article_is_paid_skipping url=https://note.com/careercompass_c/n/n2777b9ce0ed7
2026-04-11 20:01:46,113 INFO data_pipeline.collectors.note_com_rss: article_paid_skipped url=https://note.com/careercompass_c/n/n2777b9ce0ed7
2026-04-11 20:01:46,113 INFO data_pipeline.collectors.note_com_browser: scraping_article url=https://note.com/careercompass_c/n/n45af503976da
2026-04-11 20:01:49,232 INFO data_pipeline.collectors.note_com_browser: article_is_paid_skipping url=https://note.com/careercompass_c/n/n45af503976da
2026-04-11 20:01:49,232 INFO data_pipeline.collectors.note_com_rss: article_paid_skipped url=https://note.com/careercompass_c/n/n45af503976da
2026-04-11 20:01:49,232 INFO data_pipeline.collectors.note_com_browser: scraping_article url=https://note.com/careercompass_c/n/n45646179803b
2026-04-11 20:01:51,954 INFO data_pipeline.collectors.note_com_browser: article_is_paid_skipping url=https://note.com/careercompass_c/n/n45646179803b
2026-04-11 20:01:51,954 INFO data_pipeline.collectors.note_com_rss: article_paid_skipped url=https://note.com/careercompass_c/n/n45646179803b
2026-04-11 20:01:51,954 INFO data_pipeline.collectors.note_com_browser: scraping_article url=https://note.com/careercompass_c/n/nc4d717a26527
2026-04-11 20:01:54,501 INFO data_pipeline.collectors.note_com_browser: article_is_paid_skipping url=https://note.com/careercompass_c/n/nc4d717a26527
2026-04-11 20:01:54,501 INFO data_pipeline.collectors.note_com_rss: article_paid_skipped url=https://note.com/careercompass_c/n/nc4d717a26527
2026-04-11 20:01:54,502 INFO data_pipeline.collectors.note_com_browser: scraping_article url=https://note.com/glad_auklet4142/n/n73c51d267947
2026-04-11 20:01:58,594 INFO data_pipeline.collectors.note_com_browser: article_scraped url=https://note.com/glad_auklet4142/n/n73c51d267947 title=【AIプロンプトを100時間学んでもあなたの記事が、一生読まれない理由】誰も教えない「棚」の残酷な真実 。「勉強しろ」は正しい。でも「何を勉強すればいいか」は誰も教えてくれない——3社が証明した「隣の棚」の法則  #生成AI #ChatGPT #Claude #Gemini #AI活用 #OpenAI #Google #Claudecode #nanobanana #マーケティング #いまあなたに伝えたいこと body_length=24379 hashtag_count=94
2026-04-11 20:01:58,721 INFO data_pipeline.collectors.note_com_rss: article_saved url=https://note.com/glad_auklet4142/n/n73c51d267947 title=【AIプロンプトを100時間学んでもあなたの記事が、一生読まれない理由】誰も教えない「棚」の残酷な真実 。「勉強しろ」は正しい。でも「何を勉強すればいいか」は誰も教えてくれない——3社が証明した「隣の棚」の法則  #生成AI #ChatGPT #Claude #Gemini #AI活用 #OpenAI #Google #Claudecode #nanobanana #マーケティング #いまあなたに伝えたいこと
2026-04-11 20:01:58,721 INFO data_pipeline.collectors.note_com_browser: scraping_article url=https://note.com/glad_auklet4142/n/nd0ebbf94c0ba
2026-04-11 20:02:01,688 INFO data_pipeline.collectors.note_com_browser: article_is_paid_skipping url=https://note.com/glad_auklet4142/n/nd0ebbf94c0ba
2026-04-11 20:02:01,688 INFO data_pipeline.collectors.note_com_rss: article_paid_skipped url=https://note.com/glad_auklet4142/n/nd0ebbf94c0ba
2026-04-11 20:02:01,688 INFO data_pipeline.collectors.note_com_browser: scraping_article url=https://note.com/hide_taxnote/n/nae1197252bd1
2026-04-11 20:02:04,572 INFO data_pipeline.collectors.note_com_browser: article_scraped url=https://note.com/hide_taxnote/n/nae1197252bd1 title=今週の株式市場まとめ：日本株・米国株の振り返りと来週の注目ポイント body_length=6742 hashtag_count=16
2026-04-11 20:02:04,726 INFO data_pipeline.collectors.note_com_rss: article_saved url=https://note.com/hide_taxnote/n/nae1197252bd1 title=今週の株式市場まとめ：日本株・米国株の振り返りと来週の注目ポイント
2026-04-11 20:02:04,837 INFO data_pipeline.collectors.note_com_rss: config_updated updated_count=11 timestamp=2026-04-11T11:02:04.837578+00:00
2026-04-11 20:02:04,837 INFO data_pipeline.collectors.note_com_rss: rss_monitor_completed creators_checked=11 new_articles_found=27 articles_saved=3 articles_skipped_paid=24 articles_skipped_duplicate=0 error_count=0
2026-04-12 08:00:05,145 INFO data_pipeline.collectors.note_com_rss: rss_monitor_starting creator_count=11
2026-04-12 08:00:05,412 INFO data_pipeline.collectors.note_com_rss: rss_fetched username=fukuoka1116 entry_count=25
2026-04-12 08:00:06,144 INFO data_pipeline.collectors.note_com_rss: rss_fetched username=sota_career entry_count=25
2026-04-12 08:00:06,663 INFO data_pipeline.collectors.note_com_rss: rss_fetched username=kei_10m_asset entry_count=23
2026-04-12 08:00:07,088 INFO data_pipeline.collectors.note_com_rss: rss_fetched username=careercompass_c entry_count=25
2026-04-12 08:00:07,332 INFO data_pipeline.collectors.note_com_rss: new_entries_found username=careercompass_c new_count=23
2026-04-12 08:00:07,543 INFO data_pipeline.collectors.note_com_rss: rss_fetched username=dandism56 entry_count=25
2026-04-12 08:00:08,039 INFO data_pipeline.collectors.note_com_rss: new_entries_found username=dandism56 new_count=1
2026-04-12 08:00:08,272 INFO data_pipeline.collectors.note_com_rss: rss_fetched username=miraicareer_blog entry_count=25
2026-04-12 08:00:09,044 INFO data_pipeline.collectors.note_com_rss: rss_fetched username=glad_auklet4142 entry_count=25
2026-04-12 08:00:10,256 INFO data_pipeline.collectors.note_com_rss: new_entries_found username=glad_auklet4142 new_count=5
2026-04-12 08:00:10,455 INFO data_pipeline.collectors.note_com_rss: rss_fetched username=hide_taxnote entry_count=25
2026-04-12 08:00:11,378 INFO data_pipeline.collectors.note_com_rss: rss_fetched username=mindset_official entry_count=25
2026-04-12 08:00:12,190 INFO data_pipeline.collectors.note_com_rss: rss_fetched username=ruinormalhakkar entry_count=25
2026-04-12 08:00:12,541 INFO data_pipeline.collectors.note_com_rss: rss_fetched username=studyhacker entry_count=0
2026-04-12 08:00:14,251 INFO data_pipeline.collectors.note_com_browser: note_com_browser_started
2026-04-12 08:00:14,251 INFO data_pipeline.collectors.note_com_browser: scraping_article url=https://note.com/careercompass_c/n/n97866c300c4b
2026-04-12 08:00:17,262 INFO data_pipeline.collectors.note_com_browser: article_is_paid_skipping url=https://note.com/careercompass_c/n/n97866c300c4b
2026-04-12 08:00:17,262 INFO data_pipeline.collectors.note_com_rss: article_paid_skipped url=https://note.com/careercompass_c/n/n97866c300c4b
2026-04-12 08:00:17,262 INFO data_pipeline.collectors.note_com_browser: scraping_article url=https://note.com/careercompass_c/n/na5e30e01a970
2026-04-12 08:00:20,144 INFO data_pipeline.collectors.note_com_browser: article_is_paid_skipping url=https://note.com/careercompass_c/n/na5e30e01a970
2026-04-12 08:00:20,144 INFO data_pipeline.collectors.note_com_rss: article_paid_skipped url=https://note.com/careercompass_c/n/na5e30e01a970
2026-04-12 08:00:20,145 INFO data_pipeline.collectors.note_com_browser: scraping_article url=https://note.com/careercompass_c/n/nb17ce2dd1269
2026-04-12 08:00:22,977 INFO data_pipeline.collectors.note_com_browser: article_is_paid_skipping url=https://note.com/careercompass_c/n/nb17ce2dd1269
2026-04-12 08:00:22,978 INFO data_pipeline.collectors.note_com_rss: article_paid_skipped url=https://note.com/careercompass_c/n/nb17ce2dd1269
2026-04-12 08:00:22,978 INFO data_pipeline.collectors.note_com_browser: scraping_article url=https://note.com/careercompass_c/n/n8b4401544562
2026-04-12 08:00:25,862 INFO data_pipeline.collectors.note_com_browser: article_is_paid_skipping url=https://note.com/careercompass_c/n/n8b4401544562
2026-04-12 08:00:25,862 INFO data_pipeline.collectors.note_com_rss: article_paid_skipped url=https://note.com/careercompass_c/n/n8b4401544562
2026-04-12 08:00:25,862 INFO data_pipeline.collectors.note_com_browser: scraping_article url=https://note.com/careercompass_c/n/nac9de71673bb
2026-04-12 08:00:28,515 INFO data_pipeline.collectors.note_com_browser: article_is_paid_skipping url=https://note.com/careercompass_c/n/nac9de71673bb
2026-04-12 08:00:28,515 INFO data_pipeline.collectors.note_com_rss: article_paid_skipped url=https://note.com/careercompass_c/n/nac9de71673bb
2026-04-12 08:00:28,515 INFO data_pipeline.collectors.note_com_browser: scraping_article url=https://note.com/careercompass_c/n/n2aa2a1ec1fdf
2026-04-12 08:00:31,596 INFO data_pipeline.collectors.note_com_browser: article_is_paid_skipping url=https://note.com/careercompass_c/n/n2aa2a1ec1fdf
2026-04-12 08:00:31,596 INFO data_pipeline.collectors.note_com_rss: article_paid_skipped url=https://note.com/careercompass_c/n/n2aa2a1ec1fdf
2026-04-12 08:00:31,596 INFO data_pipeline.collectors.note_com_browser: scraping_article url=https://note.com/careercompass_c/n/nf336823c0077
2026-04-12 08:00:34,119 INFO data_pipeline.collectors.note_com_browser: article_is_paid_skipping url=https://note.com/careercompass_c/n/nf336823c0077
2026-04-12 08:00:34,119 INFO data_pipeline.collectors.note_com_rss: article_paid_skipped url=https://note.com/careercompass_c/n/nf336823c0077
2026-04-12 08:00:34,120 INFO data_pipeline.collectors.note_com_browser: scraping_article url=https://note.com/careercompass_c/n/n1a449f224121
2026-04-12 08:00:37,004 INFO data_pipeline.collectors.note_com_browser: article_is_paid_skipping url=https://note.com/careercompass_c/n/n1a449f224121
2026-04-12 08:00:37,004 INFO data_pipeline.collectors.note_com_rss: article_paid_skipped url=https://note.com/careercompass_c/n/n1a449f224121
2026-04-12 08:00:37,004 INFO data_pipeline.collectors.note_com_browser: scraping_article url=https://note.com/careercompass_c/n/n518cd4881251
2026-04-12 08:00:39,606 INFO data_pipeline.collectors.note_com_browser: article_is_paid_skipping url=https://note.com/careercompass_c/n/n518cd4881251
2026-04-12 08:00:39,606 INFO data_pipeline.collectors.note_com_rss: article_paid_skipped url=https://note.com/careercompass_c/n/n518cd4881251
2026-04-12 08:00:39,606 INFO data_pipeline.collectors.note_com_browser: scraping_article url=https://note.com/careercompass_c/n/na70c362dd5d7
2026-04-12 08:00:42,252 INFO data_pipeline.collectors.note_com_browser: article_is_paid_skipping url=https://note.com/careercompass_c/n/na70c362dd5d7
2026-04-12 08:00:42,252 INFO data_pipeline.collectors.note_com_rss: article_paid_skipped url=https://note.com/careercompass_c/n/na70c362dd5d7
2026-04-12 08:00:42,252 INFO data_pipeline.collectors.note_com_browser: scraping_article url=https://note.com/careercompass_c/n/n64e87a475dbd
2026-04-12 08:00:44,813 INFO data_pipeline.collectors.note_com_browser: article_is_paid_skipping url=https://note.com/careercompass_c/n/n64e87a475dbd
2026-04-12 08:00:44,813 INFO data_pipeline.collectors.note_com_rss: article_paid_skipped url=https://note.com/careercompass_c/n/n64e87a475dbd
2026-04-12 08:00:44,813 INFO data_pipeline.collectors.note_com_browser: scraping_article url=https://note.com/careercompass_c/n/n1f74a7e4e77b
2026-04-12 08:00:47,864 INFO data_pipeline.collectors.note_com_browser: article_is_paid_skipping url=https://note.com/careercompass_c/n/n1f74a7e4e77b
2026-04-12 08:00:47,865 INFO data_pipeline.collectors.note_com_rss: article_paid_skipped url=https://note.com/careercompass_c/n/n1f74a7e4e77b
2026-04-12 08:00:47,865 INFO data_pipeline.collectors.note_com_browser: scraping_article url=https://note.com/careercompass_c/n/naf029a287ced
2026-04-12 08:00:50,553 INFO data_pipeline.collectors.note_com_browser: article_is_paid_skipping url=https://note.com/careercompass_c/n/naf029a287ced
2026-04-12 08:00:50,553 INFO data_pipeline.collectors.note_com_rss: article_paid_skipped url=https://note.com/careercompass_c/n/naf029a287ced
2026-04-12 08:00:50,553 INFO data_pipeline.collectors.note_com_browser: scraping_article url=https://note.com/careercompass_c/n/n9c1dc8c95907
2026-04-12 08:00:53,070 INFO data_pipeline.collectors.note_com_browser: article_is_paid_skipping url=https://note.com/careercompass_c/n/n9c1dc8c95907
2026-04-12 08:00:53,070 INFO data_pipeline.collectors.note_com_rss: article_paid_skipped url=https://note.com/careercompass_c/n/n9c1dc8c95907
2026-04-12 08:00:53,070 INFO data_pipeline.collectors.note_com_browser: scraping_article url=https://note.com/careercompass_c/n/n4d7960f4d1bb
2026-04-12 08:00:55,472 INFO data_pipeline.collectors.note_com_browser: article_is_paid_skipping url=https://note.com/careercompass_c/n/n4d7960f4d1bb
2026-04-12 08:00:55,472 INFO data_pipeline.collectors.note_com_rss: article_paid_skipped url=https://note.com/careercompass_c/n/n4d7960f4d1bb
2026-04-12 08:00:55,472 INFO data_pipeline.collectors.note_com_browser: scraping_article url=https://note.com/careercompass_c/n/n2ae0bbc45e76
2026-04-12 08:00:58,319 INFO data_pipeline.collectors.note_com_browser: article_is_paid_skipping url=https://note.com/careercompass_c/n/n2ae0bbc45e76
2026-04-12 08:00:58,319 INFO data_pipeline.collectors.note_com_rss: article_paid_skipped url=https://note.com/careercompass_c/n/n2ae0bbc45e76
2026-04-12 08:00:58,319 INFO data_pipeline.collectors.note_com_browser: scraping_article url=https://note.com/careercompass_c/n/n4fb42f466a5c
2026-04-12 08:01:00,999 INFO data_pipeline.collectors.note_com_browser: article_is_paid_skipping url=https://note.com/careercompass_c/n/n4fb42f466a5c
2026-04-12 08:01:00,999 INFO data_pipeline.collectors.note_com_rss: article_paid_skipped url=https://note.com/careercompass_c/n/n4fb42f466a5c
2026-04-12 08:01:00,999 INFO data_pipeline.collectors.note_com_browser: scraping_article url=https://note.com/careercompass_c/n/n53d4a51ba7f5
2026-04-12 08:01:03,826 INFO data_pipeline.collectors.note_com_browser: article_is_paid_skipping url=https://note.com/careercompass_c/n/n53d4a51ba7f5
2026-04-12 08:01:03,827 INFO data_pipeline.collectors.note_com_rss: article_paid_skipped url=https://note.com/careercompass_c/n/n53d4a51ba7f5
2026-04-12 08:01:03,827 INFO data_pipeline.collectors.note_com_browser: scraping_article url=https://note.com/careercompass_c/n/n0299f734bf2c
2026-04-12 08:01:06,753 INFO data_pipeline.collectors.note_com_browser: article_is_paid_skipping url=https://note.com/careercompass_c/n/n0299f734bf2c
2026-04-12 08:01:06,753 INFO data_pipeline.collectors.note_com_rss: article_paid_skipped url=https://note.com/careercompass_c/n/n0299f734bf2c
2026-04-12 08:01:06,753 INFO data_pipeline.collectors.note_com_browser: scraping_article url=https://note.com/careercompass_c/n/n2777b9ce0ed7
2026-04-12 08:01:09,524 INFO data_pipeline.collectors.note_com_browser: article_is_paid_skipping url=https://note.com/careercompass_c/n/n2777b9ce0ed7
2026-04-12 08:01:09,524 INFO data_pipeline.collectors.note_com_rss: article_paid_skipped url=https://note.com/careercompass_c/n/n2777b9ce0ed7
2026-04-12 08:01:09,525 INFO data_pipeline.collectors.note_com_browser: scraping_article url=https://note.com/careercompass_c/n/n45af503976da
2026-04-12 08:01:12,039 INFO data_pipeline.collectors.note_com_browser: article_is_paid_skipping url=https://note.com/careercompass_c/n/n45af503976da
2026-04-12 08:01:12,039 INFO data_pipeline.collectors.note_com_rss: article_paid_skipped url=https://note.com/careercompass_c/n/n45af503976da
2026-04-12 08:01:12,039 INFO data_pipeline.collectors.note_com_browser: scraping_article url=https://note.com/careercompass_c/n/n45646179803b
2026-04-12 08:01:14,766 INFO data_pipeline.collectors.note_com_browser: article_is_paid_skipping url=https://note.com/careercompass_c/n/n45646179803b
2026-04-12 08:01:14,766 INFO data_pipeline.collectors.note_com_rss: article_paid_skipped url=https://note.com/careercompass_c/n/n45646179803b
2026-04-12 08:01:14,766 INFO data_pipeline.collectors.note_com_browser: scraping_article url=https://note.com/careercompass_c/n/nc4d717a26527
2026-04-12 08:01:17,536 INFO data_pipeline.collectors.note_com_browser: article_is_paid_skipping url=https://note.com/careercompass_c/n/nc4d717a26527
2026-04-12 08:01:17,536 INFO data_pipeline.collectors.note_com_rss: article_paid_skipped url=https://note.com/careercompass_c/n/nc4d717a26527
2026-04-12 08:01:17,536 INFO data_pipeline.collectors.note_com_browser: scraping_article url=https://note.com/dandism56/n/n2bdda4232e28
2026-04-12 08:01:20,493 INFO data_pipeline.collectors.note_com_browser: article_scraped url=https://note.com/dandism56/n/n2bdda4232e28 title=【転職成功シリーズ③】退職理由のカギは、過去の傷ではなく「未来への責任の示し方」 body_length=1754 hashtag_count=37
2026-04-12 08:01:20,617 INFO data_pipeline.collectors.note_com_rss: article_saved url=https://note.com/dandism56/n/n2bdda4232e28 title=【転職成功シリーズ③】退職理由のカギは、過去の傷ではなく「未来への責任の示し方」
2026-04-12 08:01:20,617 INFO data_pipeline.collectors.note_com_browser: scraping_article url=https://note.com/glad_auklet4142/n/n4094257569fc
2026-04-12 08:01:24,197 INFO data_pipeline.collectors.note_com_browser: article_scraped url=https://note.com/glad_auklet4142/n/n4094257569fc title=🐺 AIさんが選ぶ「今月の記事」Vol.4——ごめんなさい。ごめんなさい。ごめんなさい... ミッドナイトステーション※9 #メンバーシップ #AI #生成AI #ChatGPT #Claude #Gemini #AI活用 #noteの書き方 #note収益化 #スキしてみて #仕事について話そう #AIとやってみた #エッセイ #コラム body_length=10596 hashtag_count=95
2026-04-12 08:01:24,309 INFO data_pipeline.collectors.note_com_rss: article_saved url=https://note.com/glad_auklet4142/n/n4094257569fc title=🐺 AIさんが選ぶ「今月の記事」Vol.4——ごめんなさい。ごめんなさい。ごめんなさい... ミッドナイトステーション※9 #メンバーシップ #AI #生成AI #ChatGPT #Claude #Gemini #AI活用 #noteの書き方 #note収益化 #スキしてみて #仕事について話そう #AIとやってみた #エッセイ #コラム
2026-04-12 08:01:24,309 INFO data_pipeline.collectors.note_com_browser: scraping_article url=https://note.com/glad_auklet4142/n/ne2c804bfcd51
2026-04-12 08:01:27,238 INFO data_pipeline.collectors.note_com_browser: article_scraped url=https://note.com/glad_auklet4142/n/ne2c804bfcd51 title=【薬代が倍になる日】トランプ、禁断の「医薬品100%関税」が突きつける命のチキンレース。命のチキンレースと医療崩壊薬価高騰で患者が真の敗者になる日とは？ #トランプ政権 #関税 #医療崩壊 #インフレ #世界経済 #生活防衛 #医薬品 #サプライチェーン #米国経済 #地政学 body_length=1928 hashtag_count=97
2026-04-12 08:01:27,295 INFO data_pipeline.collectors.note_com_rss: article_saved url=https://note.com/glad_auklet4142/n/ne2c804bfcd51 title=【薬代が倍になる日】トランプ、禁断の「医薬品100%関税」が突きつける命のチキンレース。命のチキンレースと医療崩壊薬価高騰で患者が真の敗者になる日とは？ #トランプ政権 #関税 #医療崩壊 #インフレ #世界経済 #生活防衛 #医薬品 #サプライチェーン #米国経済 #地政学
2026-04-12 08:01:27,295 INFO data_pipeline.collectors.note_com_browser: scraping_article url=https://note.com/glad_auklet4142/n/n7d80541d193e
2026-04-12 08:01:30,985 INFO data_pipeline.collectors.note_com_browser: article_scraped url=https://note.com/glad_auklet4142/n/n7d80541d193e title=年商200億の会長から私が盗んだ「4つの思考の型」月額980円のメンバーシップを10倍の価値にする研究法。ポス鳥を分解する7つのチェックリストとは？ #メンバーシップ #毎日更新 #毎日投稿# #フォロワー #AI活用 #ライティング #noteの書き方 #note収益化 #スキしてみて #仕事について話そう #AIとやってみた #ライティング #エッセイ  body_length=19499 hashtag_count=100
2026-04-12 08:01:31,051 INFO data_pipeline.collectors.note_com_rss: article_saved url=https://note.com/glad_auklet4142/n/n7d80541d193e title=年商200億の会長から私が盗んだ「4つの思考の型」月額980円のメンバーシップを10倍の価値にする研究法。ポス鳥を分解する7つのチェックリストとは？ #メンバーシップ #毎日更新 #毎日投稿# #フォロワー #AI活用 #ライティング #noteの書き方 #note収益化 #スキしてみて #仕事について話そう #AIとやってみた #ライティング #エッセイ 
2026-04-12 08:01:31,051 INFO data_pipeline.collectors.note_com_browser: scraping_article url=https://note.com/glad_auklet4142/n/ncf8f22d62b3c
2026-04-12 08:01:34,077 INFO data_pipeline.collectors.note_com_browser: article_scraped url=https://note.com/glad_auklet4142/n/ncf8f22d62b3c title=【ロシア軍、ついに人員補充が追い付かない？】毎月4万人が消える戦場。ロシア軍「補充不能」が示す本当の絶望。戦争が終わってもスーパーのレジの数字は二度と元に戻らない労働力消失がもたらす恒久的なインフレ #インフレ #物価高 #ウクライナ #ロシア #原油高 #世界情勢 #家計防衛 #サプライチェーン body_length=1889 hashtag_count=100
2026-04-12 08:01:34,145 INFO data_pipeline.collectors.note_com_rss: article_saved url=https://note.com/glad_auklet4142/n/ncf8f22d62b3c title=【ロシア軍、ついに人員補充が追い付かない？】毎月4万人が消える戦場。ロシア軍「補充不能」が示す本当の絶望。戦争が終わってもスーパーのレジの数字は二度と元に戻らない労働力消失がもたらす恒久的なインフレ #インフレ #物価高 #ウクライナ #ロシア #原油高 #世界情勢 #家計防衛 #サプライチェーン
2026-04-12 08:01:34,145 INFO data_pipeline.collectors.note_com_browser: scraping_article url=https://note.com/glad_auklet4142/n/nd0ebbf94c0ba
2026-04-12 08:01:36,978 INFO data_pipeline.collectors.note_com_browser: article_is_paid_skipping url=https://note.com/glad_auklet4142/n/nd0ebbf94c0ba
2026-04-12 08:01:36,978 INFO data_pipeline.collectors.note_com_rss: article_paid_skipped url=https://note.com/glad_auklet4142/n/nd0ebbf94c0ba
2026-04-12 08:01:37,070 INFO data_pipeline.collectors.note_com_rss: config_updated updated_count=11 timestamp=2026-04-11T23:01:37.070615+00:00
2026-04-12 08:01:37,071 INFO data_pipeline.collectors.note_com_rss: rss_monitor_completed creators_checked=11 new_articles_found=29 articles_saved=5 articles_skipped_paid=24 articles_skipped_duplicate=0 error_count=0
2026-04-12 20:00:06,024 INFO data_pipeline.collectors.note_com_rss: rss_monitor_starting creator_count=11
2026-04-12 20:00:06,307 INFO data_pipeline.collectors.note_com_rss: rss_fetched username=fukuoka1116 entry_count=25
2026-04-12 20:00:08,701 INFO data_pipeline.collectors.note_com_rss: rss_fetched username=sota_career entry_count=25
2026-04-12 20:00:09,653 INFO data_pipeline.collectors.note_com_rss: rss_fetched username=kei_10m_asset entry_count=23
2026-04-12 20:00:10,204 INFO data_pipeline.collectors.note_com_rss: rss_fetched username=careercompass_c entry_count=25
2026-04-12 20:00:11,645 INFO data_pipeline.collectors.note_com_rss: new_entries_found username=careercompass_c new_count=24
2026-04-12 20:00:11,867 INFO data_pipeline.collectors.note_com_rss: rss_fetched username=dandism56 entry_count=25
2026-04-12 20:00:13,887 INFO data_pipeline.collectors.note_com_rss: rss_fetched username=miraicareer_blog entry_count=25
2026-04-12 20:00:14,848 INFO data_pipeline.collectors.note_com_rss: rss_fetched username=glad_auklet4142 entry_count=25
2026-04-12 20:00:16,654 INFO data_pipeline.collectors.note_com_rss: new_entries_found username=glad_auklet4142 new_count=2
2026-04-12 20:00:16,867 INFO data_pipeline.collectors.note_com_rss: rss_fetched username=hide_taxnote entry_count=25
2026-04-12 20:00:18,527 INFO data_pipeline.collectors.note_com_rss: new_entries_found username=hide_taxnote new_count=1
2026-04-12 20:00:18,866 INFO data_pipeline.collectors.note_com_rss: rss_fetched username=mindset_official entry_count=25
2026-04-12 20:00:19,751 INFO data_pipeline.collectors.note_com_rss: rss_fetched username=ruinormalhakkar entry_count=25
2026-04-12 20:00:20,349 INFO data_pipeline.collectors.note_com_rss: rss_fetched username=studyhacker entry_count=0
2026-04-12 20:00:22,081 INFO data_pipeline.collectors.note_com_browser: note_com_browser_started
2026-04-12 20:00:22,081 INFO data_pipeline.collectors.note_com_browser: scraping_article url=https://note.com/careercompass_c/n/n7ce4ca5371b1
2026-04-12 20:00:25,260 INFO data_pipeline.collectors.note_com_browser: article_is_paid_skipping url=https://note.com/careercompass_c/n/n7ce4ca5371b1
2026-04-12 20:00:25,260 INFO data_pipeline.collectors.note_com_rss: article_paid_skipped url=https://note.com/careercompass_c/n/n7ce4ca5371b1
2026-04-12 20:00:25,260 INFO data_pipeline.collectors.note_com_browser: scraping_article url=https://note.com/careercompass_c/n/ne9b3c15e1110
2026-04-12 20:00:28,311 INFO data_pipeline.collectors.note_com_browser: article_is_paid_skipping url=https://note.com/careercompass_c/n/ne9b3c15e1110
2026-04-12 20:00:28,311 INFO data_pipeline.collectors.note_com_rss: article_paid_skipped url=https://note.com/careercompass_c/n/ne9b3c15e1110
2026-04-12 20:00:28,311 INFO data_pipeline.collectors.note_com_browser: scraping_article url=https://note.com/careercompass_c/n/n042d7004c291
2026-04-12 20:00:30,983 INFO data_pipeline.collectors.note_com_browser: article_is_paid_skipping url=https://note.com/careercompass_c/n/n042d7004c291
2026-04-12 20:00:30,984 INFO data_pipeline.collectors.note_com_rss: article_paid_skipped url=https://note.com/careercompass_c/n/n042d7004c291
2026-04-12 20:00:30,984 INFO data_pipeline.collectors.note_com_browser: scraping_article url=https://note.com/careercompass_c/n/n868e32b58023
2026-04-12 20:00:33,419 INFO data_pipeline.collectors.note_com_browser: article_is_paid_skipping url=https://note.com/careercompass_c/n/n868e32b58023
2026-04-12 20:00:33,420 INFO data_pipeline.collectors.note_com_rss: article_paid_skipped url=https://note.com/careercompass_c/n/n868e32b58023
2026-04-12 20:00:33,420 INFO data_pipeline.collectors.note_com_browser: scraping_article url=https://note.com/careercompass_c/n/n37eb0bbe322c
2026-04-12 20:00:35,926 INFO data_pipeline.collectors.note_com_browser: article_is_paid_skipping url=https://note.com/careercompass_c/n/n37eb0bbe322c
2026-04-12 20:00:35,926 INFO data_pipeline.collectors.note_com_rss: article_paid_skipped url=https://note.com/careercompass_c/n/n37eb0bbe322c
2026-04-12 20:00:35,926 INFO data_pipeline.collectors.note_com_browser: scraping_article url=https://note.com/careercompass_c/n/n97866c300c4b
2026-04-12 20:00:38,606 INFO data_pipeline.collectors.note_com_browser: article_is_paid_skipping url=https://note.com/careercompass_c/n/n97866c300c4b
2026-04-12 20:00:38,606 INFO data_pipeline.collectors.note_com_rss: article_paid_skipped url=https://note.com/careercompass_c/n/n97866c300c4b
2026-04-12 20:00:38,606 INFO data_pipeline.collectors.note_com_browser: scraping_article url=https://note.com/careercompass_c/n/na5e30e01a970
2026-04-12 20:00:41,227 INFO data_pipeline.collectors.note_com_browser: article_is_paid_skipping url=https://note.com/careercompass_c/n/na5e30e01a970
2026-04-12 20:00:41,228 INFO data_pipeline.collectors.note_com_rss: article_paid_skipped url=https://note.com/careercompass_c/n/na5e30e01a970
2026-04-12 20:00:41,228 INFO data_pipeline.collectors.note_com_browser: scraping_article url=https://note.com/careercompass_c/n/nb17ce2dd1269
2026-04-12 20:00:44,670 INFO data_pipeline.collectors.note_com_browser: article_is_paid_skipping url=https://note.com/careercompass_c/n/nb17ce2dd1269
2026-04-12 20:00:44,671 INFO data_pipeline.collectors.note_com_rss: article_paid_skipped url=https://note.com/careercompass_c/n/nb17ce2dd1269
2026-04-12 20:00:44,671 INFO data_pipeline.collectors.note_com_browser: scraping_article url=https://note.com/careercompass_c/n/n8b4401544562
2026-04-12 20:00:47,257 INFO data_pipeline.collectors.note_com_browser: article_is_paid_skipping url=https://note.com/careercompass_c/n/n8b4401544562
2026-04-12 20:00:47,257 INFO data_pipeline.collectors.note_com_rss: article_paid_skipped url=https://note.com/careercompass_c/n/n8b4401544562
2026-04-12 20:00:47,257 INFO data_pipeline.collectors.note_com_browser: scraping_article url=https://note.com/careercompass_c/n/nac9de71673bb
2026-04-12 20:00:50,030 INFO data_pipeline.collectors.note_com_browser: article_is_paid_skipping url=https://note.com/careercompass_c/n/nac9de71673bb
2026-04-12 20:00:50,030 INFO data_pipeline.collectors.note_com_rss: article_paid_skipped url=https://note.com/careercompass_c/n/nac9de71673bb
2026-04-12 20:00:50,030 INFO data_pipeline.collectors.note_com_browser: scraping_article url=https://note.com/careercompass_c/n/n2aa2a1ec1fdf
2026-04-12 20:00:52,959 INFO data_pipeline.collectors.note_com_browser: article_is_paid_skipping url=https://note.com/careercompass_c/n/n2aa2a1ec1fdf
2026-04-12 20:00:52,959 INFO data_pipeline.collectors.note_com_rss: article_paid_skipped url=https://note.com/careercompass_c/n/n2aa2a1ec1fdf
2026-04-12 20:00:52,960 INFO data_pipeline.collectors.note_com_browser: scraping_article url=https://note.com/careercompass_c/n/nf336823c0077
2026-04-12 20:00:55,678 INFO data_pipeline.collectors.note_com_browser: article_is_paid_skipping url=https://note.com/careercompass_c/n/nf336823c0077
2026-04-12 20:00:55,678 INFO data_pipeline.collectors.note_com_rss: article_paid_skipped url=https://note.com/careercompass_c/n/nf336823c0077
2026-04-12 20:00:55,678 INFO data_pipeline.collectors.note_com_browser: scraping_article url=https://note.com/careercompass_c/n/n1a449f224121
2026-04-12 20:00:58,286 INFO data_pipeline.collectors.note_com_browser: article_is_paid_skipping url=https://note.com/careercompass_c/n/n1a449f224121
2026-04-12 20:00:58,286 INFO data_pipeline.collectors.note_com_rss: article_paid_skipped url=https://note.com/careercompass_c/n/n1a449f224121
2026-04-12 20:00:58,286 INFO data_pipeline.collectors.note_com_browser: scraping_article url=https://note.com/careercompass_c/n/n518cd4881251
2026-04-12 20:01:01,101 INFO data_pipeline.collectors.note_com_browser: article_is_paid_skipping url=https://note.com/careercompass_c/n/n518cd4881251
2026-04-12 20:01:01,101 INFO data_pipeline.collectors.note_com_rss: article_paid_skipped url=https://note.com/careercompass_c/n/n518cd4881251
2026-04-12 20:01:01,101 INFO data_pipeline.collectors.note_com_browser: scraping_article url=https://note.com/careercompass_c/n/na70c362dd5d7
2026-04-12 20:01:04,014 INFO data_pipeline.collectors.note_com_browser: article_is_paid_skipping url=https://note.com/careercompass_c/n/na70c362dd5d7
2026-04-12 20:01:04,015 INFO data_pipeline.collectors.note_com_rss: article_paid_skipped url=https://note.com/careercompass_c/n/na70c362dd5d7
2026-04-12 20:01:04,015 INFO data_pipeline.collectors.note_com_browser: scraping_article url=https://note.com/careercompass_c/n/n64e87a475dbd
2026-04-12 20:01:06,510 INFO data_pipeline.collectors.note_com_browser: article_is_paid_skipping url=https://note.com/careercompass_c/n/n64e87a475dbd
2026-04-12 20:01:06,510 INFO data_pipeline.collectors.note_com_rss: article_paid_skipped url=https://note.com/careercompass_c/n/n64e87a475dbd
2026-04-12 20:01:06,510 INFO data_pipeline.collectors.note_com_browser: scraping_article url=https://note.com/careercompass_c/n/n1f74a7e4e77b
2026-04-12 20:01:09,341 INFO data_pipeline.collectors.note_com_browser: article_is_paid_skipping url=https://note.com/careercompass_c/n/n1f74a7e4e77b
2026-04-12 20:01:09,341 INFO data_pipeline.collectors.note_com_rss: article_paid_skipped url=https://note.com/careercompass_c/n/n1f74a7e4e77b
2026-04-12 20:01:09,341 INFO data_pipeline.collectors.note_com_browser: scraping_article url=https://note.com/careercompass_c/n/naf029a287ced
2026-04-12 20:01:11,993 INFO data_pipeline.collectors.note_com_browser: article_is_paid_skipping url=https://note.com/careercompass_c/n/naf029a287ced
2026-04-12 20:01:11,993 INFO data_pipeline.collectors.note_com_rss: article_paid_skipped url=https://note.com/careercompass_c/n/naf029a287ced
2026-04-12 20:01:11,993 INFO data_pipeline.collectors.note_com_browser: scraping_article url=https://note.com/careercompass_c/n/n9c1dc8c95907
2026-04-12 20:01:14,569 INFO data_pipeline.collectors.note_com_browser: article_is_paid_skipping url=https://note.com/careercompass_c/n/n9c1dc8c95907
2026-04-12 20:01:14,570 INFO data_pipeline.collectors.note_com_rss: article_paid_skipped url=https://note.com/careercompass_c/n/n9c1dc8c95907
2026-04-12 20:01:14,570 INFO data_pipeline.collectors.note_com_browser: scraping_article url=https://note.com/careercompass_c/n/n4d7960f4d1bb
2026-04-12 20:01:17,400 INFO data_pipeline.collectors.note_com_browser: article_is_paid_skipping url=https://note.com/careercompass_c/n/n4d7960f4d1bb
2026-04-12 20:01:17,400 INFO data_pipeline.collectors.note_com_rss: article_paid_skipped url=https://note.com/careercompass_c/n/n4d7960f4d1bb
2026-04-12 20:01:17,400 INFO data_pipeline.collectors.note_com_browser: scraping_article url=https://note.com/careercompass_c/n/n2ae0bbc45e76
2026-04-12 20:01:20,199 INFO data_pipeline.collectors.note_com_browser: article_is_paid_skipping url=https://note.com/careercompass_c/n/n2ae0bbc45e76
2026-04-12 20:01:20,199 INFO data_pipeline.collectors.note_com_rss: article_paid_skipped url=https://note.com/careercompass_c/n/n2ae0bbc45e76
2026-04-12 20:01:20,199 INFO data_pipeline.collectors.note_com_browser: scraping_article url=https://note.com/careercompass_c/n/n4fb42f466a5c
2026-04-12 20:01:23,086 INFO data_pipeline.collectors.note_com_browser: article_is_paid_skipping url=https://note.com/careercompass_c/n/n4fb42f466a5c
2026-04-12 20:01:23,087 INFO data_pipeline.collectors.note_com_rss: article_paid_skipped url=https://note.com/careercompass_c/n/n4fb42f466a5c
2026-04-12 20:01:23,087 INFO data_pipeline.collectors.note_com_browser: scraping_article url=https://note.com/careercompass_c/n/n53d4a51ba7f5
2026-04-12 20:01:25,835 INFO data_pipeline.collectors.note_com_browser: article_is_paid_skipping url=https://note.com/careercompass_c/n/n53d4a51ba7f5
2026-04-12 20:01:25,835 INFO data_pipeline.collectors.note_com_rss: article_paid_skipped url=https://note.com/careercompass_c/n/n53d4a51ba7f5
2026-04-12 20:01:25,836 INFO data_pipeline.collectors.note_com_browser: scraping_article url=https://note.com/careercompass_c/n/n0299f734bf2c
2026-04-12 20:01:28,550 INFO data_pipeline.collectors.note_com_browser: article_is_paid_skipping url=https://note.com/careercompass_c/n/n0299f734bf2c
2026-04-12 20:01:28,550 INFO data_pipeline.collectors.note_com_rss: article_paid_skipped url=https://note.com/careercompass_c/n/n0299f734bf2c
2026-04-12 20:01:28,550 INFO data_pipeline.collectors.note_com_browser: scraping_article url=https://note.com/glad_auklet4142/n/n674724c18dbe
2026-04-12 20:01:32,379 INFO data_pipeline.collectors.note_com_browser: article_scraped url=https://note.com/glad_auklet4142/n/n674724c18dbe title=【科学的なフォロワーの増やし方を公開！】悩んでいる情報発信者は必見。スキは過去、フォローは未来への期待。ドーパミンを操る4つの引き金読者に信頼を前払いさせる記事の構造とは？ #メンバーシップ #フォロワー #スキしてみて #マーケティング #ライティング #SNS運用 #自己紹介 #SNS集客 #セールスライティング #独立起業 body_length=24792 hashtag_count=100
2026-04-12 20:01:32,496 INFO data_pipeline.collectors.note_com_rss: article_saved url=https://note.com/glad_auklet4142/n/n674724c18dbe title=【科学的なフォロワーの増やし方を公開！】悩んでいる情報発信者は必見。スキは過去、フォローは未来への期待。ドーパミンを操る4つの引き金読者に信頼を前払いさせる記事の構造とは？ #メンバーシップ #フォロワー #スキしてみて #マーケティング #ライティング #SNS運用 #自己紹介 #SNS集客 #セールスライティング #独立起業
2026-04-12 20:01:32,497 INFO data_pipeline.collectors.note_com_browser: scraping_article url=https://note.com/glad_auklet4142/n/nd0ebbf94c0ba
2026-04-12 20:01:36,087 INFO data_pipeline.collectors.note_com_browser: article_is_paid_skipping url=https://note.com/glad_auklet4142/n/nd0ebbf94c0ba
2026-04-12 20:01:36,087 INFO data_pipeline.collectors.note_com_rss: article_paid_skipped url=https://note.com/glad_auklet4142/n/nd0ebbf94c0ba
2026-04-12 20:01:36,087 INFO data_pipeline.collectors.note_com_browser: scraping_article url=https://note.com/hide_taxnote/n/ne4b4b212e1de
2026-04-12 20:01:38,977 INFO data_pipeline.collectors.note_com_browser: article_scraped url=https://note.com/hide_taxnote/n/ne4b4b212e1de title=「インフレ vs 昇給」今年はどっちが勝つ？新年度の生活を守るために考えたいこと body_length=2856 hashtag_count=12
2026-04-12 20:01:39,072 INFO data_pipeline.collectors.note_com_rss: article_saved url=https://note.com/hide_taxnote/n/ne4b4b212e1de title=「インフレ vs 昇給」今年はどっちが勝つ？新年度の生活を守るために考えたいこと
2026-04-12 20:01:39,174 INFO data_pipeline.collectors.note_com_rss: config_updated updated_count=11 timestamp=2026-04-12T11:01:39.173996+00:00
2026-04-12 20:01:39,174 INFO data_pipeline.collectors.note_com_rss: rss_monitor_completed creators_checked=11 new_articles_found=27 articles_saved=2 articles_skipped_paid=25 articles_skipped_duplicate=0 error_count=0
2026-04-13 08:00:05,382 INFO data_pipeline.collectors.note_com_rss: rss_monitor_starting creator_count=11
2026-04-13 08:00:05,666 INFO data_pipeline.collectors.note_com_rss: rss_fetched username=fukuoka1116 entry_count=25
2026-04-13 08:00:06,597 INFO data_pipeline.collectors.note_com_rss: rss_fetched username=sota_career entry_count=25
2026-04-13 08:00:07,242 INFO data_pipeline.collectors.note_com_rss: rss_fetched username=kei_10m_asset entry_count=23
2026-04-13 08:00:07,912 INFO data_pipeline.collectors.note_com_rss: rss_fetched username=careercompass_c entry_count=25
2026-04-13 08:00:08,964 INFO data_pipeline.collectors.note_com_rss: new_entries_found username=careercompass_c new_count=24
2026-04-13 08:00:09,182 INFO data_pipeline.collectors.note_com_rss: rss_fetched username=dandism56 entry_count=25
2026-04-13 08:00:11,105 INFO data_pipeline.collectors.note_com_rss: new_entries_found username=dandism56 new_count=1
2026-04-13 08:00:11,357 INFO data_pipeline.collectors.note_com_rss: rss_fetched username=miraicareer_blog entry_count=25
2026-04-13 08:00:12,475 INFO data_pipeline.collectors.note_com_rss: rss_fetched username=glad_auklet4142 entry_count=25
2026-04-13 08:00:14,439 INFO data_pipeline.collectors.note_com_rss: new_entries_found username=glad_auklet4142 new_count=4
2026-04-13 08:00:14,667 INFO data_pipeline.collectors.note_com_rss: rss_fetched username=hide_taxnote entry_count=25
2026-04-13 08:00:16,619 INFO data_pipeline.collectors.note_com_rss: rss_fetched username=mindset_official entry_count=25
2026-04-13 08:00:17,720 INFO data_pipeline.collectors.note_com_rss: rss_fetched username=ruinormalhakkar entry_count=25
2026-04-13 08:00:18,366 INFO data_pipeline.collectors.note_com_rss: rss_fetched username=studyhacker entry_count=0
2026-04-13 08:00:20,504 INFO data_pipeline.collectors.note_com_browser: note_com_browser_started
2026-04-13 08:00:20,504 INFO data_pipeline.collectors.note_com_browser: scraping_article url=https://note.com/careercompass_c/n/n7ce4ca5371b1
2026-04-13 08:00:23,875 INFO data_pipeline.collectors.note_com_browser: article_is_paid_skipping url=https://note.com/careercompass_c/n/n7ce4ca5371b1
2026-04-13 08:00:23,875 INFO data_pipeline.collectors.note_com_rss: article_paid_skipped url=https://note.com/careercompass_c/n/n7ce4ca5371b1
2026-04-13 08:00:23,875 INFO data_pipeline.collectors.note_com_browser: scraping_article url=https://note.com/careercompass_c/n/ne9b3c15e1110
2026-04-13 08:00:26,698 INFO data_pipeline.collectors.note_com_browser: article_is_paid_skipping url=https://note.com/careercompass_c/n/ne9b3c15e1110
2026-04-13 08:00:26,698 INFO data_pipeline.collectors.note_com_rss: article_paid_skipped url=https://note.com/careercompass_c/n/ne9b3c15e1110
2026-04-13 08:00:26,698 INFO data_pipeline.collectors.note_com_browser: scraping_article url=https://note.com/careercompass_c/n/n042d7004c291
2026-04-13 08:00:29,698 INFO data_pipeline.collectors.note_com_browser: article_is_paid_skipping url=https://note.com/careercompass_c/n/n042d7004c291
2026-04-13 08:00:29,698 INFO data_pipeline.collectors.note_com_rss: article_paid_skipped url=https://note.com/careercompass_c/n/n042d7004c291
2026-04-13 08:00:29,698 INFO data_pipeline.collectors.note_com_browser: scraping_article url=https://note.com/careercompass_c/n/n868e32b58023
2026-04-13 08:00:32,619 INFO data_pipeline.collectors.note_com_browser: article_is_paid_skipping url=https://note.com/careercompass_c/n/n868e32b58023
2026-04-13 08:00:32,620 INFO data_pipeline.collectors.note_com_rss: article_paid_skipped url=https://note.com/careercompass_c/n/n868e32b58023
2026-04-13 08:00:32,620 INFO data_pipeline.collectors.note_com_browser: scraping_article url=https://note.com/careercompass_c/n/n37eb0bbe322c
2026-04-13 08:00:35,268 INFO data_pipeline.collectors.note_com_browser: article_is_paid_skipping url=https://note.com/careercompass_c/n/n37eb0bbe322c
2026-04-13 08:00:35,268 INFO data_pipeline.collectors.note_com_rss: article_paid_skipped url=https://note.com/careercompass_c/n/n37eb0bbe322c
2026-04-13 08:00:35,268 INFO data_pipeline.collectors.note_com_browser: scraping_article url=https://note.com/careercompass_c/n/n97866c300c4b
2026-04-13 08:00:38,040 INFO data_pipeline.collectors.note_com_browser: article_is_paid_skipping url=https://note.com/careercompass_c/n/n97866c300c4b
2026-04-13 08:00:38,041 INFO data_pipeline.collectors.note_com_rss: article_paid_skipped url=https://note.com/careercompass_c/n/n97866c300c4b
2026-04-13 08:00:38,041 INFO data_pipeline.collectors.note_com_browser: scraping_article url=https://note.com/careercompass_c/n/na5e30e01a970
2026-04-13 08:00:40,696 INFO data_pipeline.collectors.note_com_browser: article_is_paid_skipping url=https://note.com/careercompass_c/n/na5e30e01a970
2026-04-13 08:00:40,696 INFO data_pipeline.collectors.note_com_rss: article_paid_skipped url=https://note.com/careercompass_c/n/na5e30e01a970
2026-04-13 08:00:40,696 INFO data_pipeline.collectors.note_com_browser: scraping_article url=https://note.com/careercompass_c/n/nb17ce2dd1269
2026-04-13 08:00:43,384 INFO data_pipeline.collectors.note_com_browser: article_is_paid_skipping url=https://note.com/careercompass_c/n/nb17ce2dd1269
2026-04-13 08:00:43,384 INFO data_pipeline.collectors.note_com_rss: article_paid_skipped url=https://note.com/careercompass_c/n/nb17ce2dd1269
2026-04-13 08:00:43,384 INFO data_pipeline.collectors.note_com_browser: scraping_article url=https://note.com/careercompass_c/n/n8b4401544562
2026-04-13 08:00:46,135 INFO data_pipeline.collectors.note_com_browser: article_is_paid_skipping url=https://note.com/careercompass_c/n/n8b4401544562
2026-04-13 08:00:46,135 INFO data_pipeline.collectors.note_com_rss: article_paid_skipped url=https://note.com/careercompass_c/n/n8b4401544562
2026-04-13 08:00:46,135 INFO data_pipeline.collectors.note_com_browser: scraping_article url=https://note.com/careercompass_c/n/nac9de71673bb
2026-04-13 08:00:49,284 INFO data_pipeline.collectors.note_com_browser: article_is_paid_skipping url=https://note.com/careercompass_c/n/nac9de71673bb
2026-04-13 08:00:49,285 INFO data_pipeline.collectors.note_com_rss: article_paid_skipped url=https://note.com/careercompass_c/n/nac9de71673bb
2026-04-13 08:00:49,285 INFO data_pipeline.collectors.note_com_browser: scraping_article url=https://note.com/careercompass_c/n/n2aa2a1ec1fdf
2026-04-13 08:00:52,275 INFO data_pipeline.collectors.note_com_browser: article_is_paid_skipping url=https://note.com/careercompass_c/n/n2aa2a1ec1fdf
2026-04-13 08:00:52,276 INFO data_pipeline.collectors.note_com_rss: article_paid_skipped url=https://note.com/careercompass_c/n/n2aa2a1ec1fdf
2026-04-13 08:00:52,276 INFO data_pipeline.collectors.note_com_browser: scraping_article url=https://note.com/careercompass_c/n/nf336823c0077
2026-04-13 08:00:55,098 INFO data_pipeline.collectors.note_com_browser: article_is_paid_skipping url=https://note.com/careercompass_c/n/nf336823c0077
2026-04-13 08:00:55,099 INFO data_pipeline.collectors.note_com_rss: article_paid_skipped url=https://note.com/careercompass_c/n/nf336823c0077
2026-04-13 08:00:55,099 INFO data_pipeline.collectors.note_com_browser: scraping_article url=https://note.com/careercompass_c/n/n1a449f224121
2026-04-13 08:00:57,944 INFO data_pipeline.collectors.note_com_browser: article_is_paid_skipping url=https://note.com/careercompass_c/n/n1a449f224121
2026-04-13 08:00:57,944 INFO data_pipeline.collectors.note_com_rss: article_paid_skipped url=https://note.com/careercompass_c/n/n1a449f224121
2026-04-13 08:00:57,944 INFO data_pipeline.collectors.note_com_browser: scraping_article url=https://note.com/careercompass_c/n/n518cd4881251
2026-04-13 08:01:00,540 INFO data_pipeline.collectors.note_com_browser: article_is_paid_skipping url=https://note.com/careercompass_c/n/n518cd4881251
2026-04-13 08:01:00,540 INFO data_pipeline.collectors.note_com_rss: article_paid_skipped url=https://note.com/careercompass_c/n/n518cd4881251
2026-04-13 08:01:00,540 INFO data_pipeline.collectors.note_com_browser: scraping_article url=https://note.com/careercompass_c/n/na70c362dd5d7
2026-04-13 08:01:03,161 INFO data_pipeline.collectors.note_com_browser: article_is_paid_skipping url=https://note.com/careercompass_c/n/na70c362dd5d7
2026-04-13 08:01:03,161 INFO data_pipeline.collectors.note_com_rss: article_paid_skipped url=https://note.com/careercompass_c/n/na70c362dd5d7
2026-04-13 08:01:03,161 INFO data_pipeline.collectors.note_com_browser: scraping_article url=https://note.com/careercompass_c/n/n64e87a475dbd
2026-04-13 08:01:05,948 INFO data_pipeline.collectors.note_com_browser: article_is_paid_skipping url=https://note.com/careercompass_c/n/n64e87a475dbd
2026-04-13 08:01:05,949 INFO data_pipeline.collectors.note_com_rss: article_paid_skipped url=https://note.com/careercompass_c/n/n64e87a475dbd
2026-04-13 08:01:05,949 INFO data_pipeline.collectors.note_com_browser: scraping_article url=https://note.com/careercompass_c/n/n1f74a7e4e77b
2026-04-13 08:01:08,717 INFO data_pipeline.collectors.note_com_browser: article_is_paid_skipping url=https://note.com/careercompass_c/n/n1f74a7e4e77b
2026-04-13 08:01:08,717 INFO data_pipeline.collectors.note_com_rss: article_paid_skipped url=https://note.com/careercompass_c/n/n1f74a7e4e77b
2026-04-13 08:01:08,717 INFO data_pipeline.collectors.note_com_browser: scraping_article url=https://note.com/careercompass_c/n/naf029a287ced
2026-04-13 08:01:11,119 INFO data_pipeline.collectors.note_com_browser: article_is_paid_skipping url=https://note.com/careercompass_c/n/naf029a287ced
2026-04-13 08:01:11,120 INFO data_pipeline.collectors.note_com_rss: article_paid_skipped url=https://note.com/careercompass_c/n/naf029a287ced
2026-04-13 08:01:11,120 INFO data_pipeline.collectors.note_com_browser: scraping_article url=https://note.com/careercompass_c/n/n9c1dc8c95907
2026-04-13 08:01:13,858 INFO data_pipeline.collectors.note_com_browser: article_is_paid_skipping url=https://note.com/careercompass_c/n/n9c1dc8c95907
2026-04-13 08:01:13,858 INFO data_pipeline.collectors.note_com_rss: article_paid_skipped url=https://note.com/careercompass_c/n/n9c1dc8c95907
2026-04-13 08:01:13,858 INFO data_pipeline.collectors.note_com_browser: scraping_article url=https://note.com/careercompass_c/n/n4d7960f4d1bb
2026-04-13 08:01:16,410 INFO data_pipeline.collectors.note_com_browser: article_is_paid_skipping url=https://note.com/careercompass_c/n/n4d7960f4d1bb
2026-04-13 08:01:16,410 INFO data_pipeline.collectors.note_com_rss: article_paid_skipped url=https://note.com/careercompass_c/n/n4d7960f4d1bb
2026-04-13 08:01:16,410 INFO data_pipeline.collectors.note_com_browser: scraping_article url=https://note.com/careercompass_c/n/n2ae0bbc45e76
2026-04-13 08:01:19,294 INFO data_pipeline.collectors.note_com_browser: article_is_paid_skipping url=https://note.com/careercompass_c/n/n2ae0bbc45e76
2026-04-13 08:01:19,294 INFO data_pipeline.collectors.note_com_rss: article_paid_skipped url=https://note.com/careercompass_c/n/n2ae0bbc45e76
2026-04-13 08:01:19,294 INFO data_pipeline.collectors.note_com_browser: scraping_article url=https://note.com/careercompass_c/n/n4fb42f466a5c
2026-04-13 08:01:22,028 INFO data_pipeline.collectors.note_com_browser: article_is_paid_skipping url=https://note.com/careercompass_c/n/n4fb42f466a5c
2026-04-13 08:01:22,028 INFO data_pipeline.collectors.note_com_rss: article_paid_skipped url=https://note.com/careercompass_c/n/n4fb42f466a5c
2026-04-13 08:01:22,028 INFO data_pipeline.collectors.note_com_browser: scraping_article url=https://note.com/careercompass_c/n/n53d4a51ba7f5
2026-04-13 08:01:24,708 INFO data_pipeline.collectors.note_com_browser: article_is_paid_skipping url=https://note.com/careercompass_c/n/n53d4a51ba7f5
2026-04-13 08:01:24,708 INFO data_pipeline.collectors.note_com_rss: article_paid_skipped url=https://note.com/careercompass_c/n/n53d4a51ba7f5
2026-04-13 08:01:24,708 INFO data_pipeline.collectors.note_com_browser: scraping_article url=https://note.com/careercompass_c/n/n0299f734bf2c
2026-04-13 08:01:27,194 INFO data_pipeline.collectors.note_com_browser: article_is_paid_skipping url=https://note.com/careercompass_c/n/n0299f734bf2c
2026-04-13 08:01:27,194 INFO data_pipeline.collectors.note_com_rss: article_paid_skipped url=https://note.com/careercompass_c/n/n0299f734bf2c
2026-04-13 08:01:27,194 INFO data_pipeline.collectors.note_com_browser: scraping_article url=https://note.com/dandism56/n/ne81b912a1041
2026-04-13 08:01:30,303 INFO data_pipeline.collectors.note_com_browser: article_scraped url=https://note.com/dandism56/n/ne81b912a1041 title=【転職成功シリーズ④】志望動機は「単なるマッチングアピール」じゃない。覚悟と貢献の“契約書”です body_length=3346 hashtag_count=32
2026-04-13 08:01:30,434 INFO data_pipeline.collectors.note_com_rss: article_saved url=https://note.com/dandism56/n/ne81b912a1041 title=【転職成功シリーズ④】志望動機は「単なるマッチングアピール」じゃない。覚悟と貢献の“契約書”です
2026-04-13 08:01:30,434 INFO data_pipeline.collectors.note_com_browser: scraping_article url=https://note.com/glad_auklet4142/n/n307b1b18335a
2026-04-13 08:01:33,357 INFO data_pipeline.collectors.note_com_browser: article_scraped url=https://note.com/glad_auklet4142/n/n307b1b18335a title=OPEC+「石油の増産合意」の罠。ホルムズ封鎖が突きつける現実。産油国が生産を20万バレル増やしても、あなたの電気代が下がらない理由。#イラン情勢 #アメリカ #イスラエル #ホルムズ海峡 #投資 #資産防衛 #経済ニュース #物流 #エネルギー危機 #中東情勢 #地政学リスク body_length=1758 hashtag_count=100
2026-04-13 08:01:33,425 INFO data_pipeline.collectors.note_com_rss: article_saved url=https://note.com/glad_auklet4142/n/n307b1b18335a title=OPEC+「石油の増産合意」の罠。ホルムズ封鎖が突きつける現実。産油国が生産を20万バレル増やしても、あなたの電気代が下がらない理由。#イラン情勢 #アメリカ #イスラエル #ホルムズ海峡 #投資 #資産防衛 #経済ニュース #物流 #エネルギー危機 #中東情勢 #地政学リスク
2026-04-13 08:01:33,425 INFO data_pipeline.collectors.note_com_browser: scraping_article url=https://note.com/glad_auklet4142/n/nf5e4155a3aee
2026-04-13 08:01:36,247 INFO data_pipeline.collectors.note_com_browser: article_scraped url=https://note.com/glad_auklet4142/n/nf5e4155a3aee title=2008年の悪夢再び？ウォール街が鳴らす「確率49%」の警鐘と出口なき経済の我慢比べ。ウォール街が鳴らす「景気後退」の不気味な足音 #原油高 #物価高 #円安 #マクロ経済 #投資 #景気後退 #ウォール街 #インフレ #資産防衛 #FRB #スタグフレーション body_length=2279 hashtag_count=100
2026-04-13 08:01:36,366 INFO data_pipeline.collectors.note_com_rss: article_saved url=https://note.com/glad_auklet4142/n/nf5e4155a3aee title=2008年の悪夢再び？ウォール街が鳴らす「確率49%」の警鐘と出口なき経済の我慢比べ。ウォール街が鳴らす「景気後退」の不気味な足音 #原油高 #物価高 #円安 #マクロ経済 #投資 #景気後退 #ウォール街 #インフレ #資産防衛 #FRB #スタグフレーション
2026-04-13 08:01:36,366 INFO data_pipeline.collectors.note_com_browser: scraping_article url=https://note.com/glad_auklet4142/n/n888efc88236a
2026-04-13 08:01:39,913 INFO data_pipeline.collectors.note_com_browser: article_scraped url=https://note.com/glad_auklet4142/n/n888efc88236a title=AI時代に「勉強しない」クリエイターが、62%の確率で燃え尽きる理由。道具は使い手の知識を決して超えられない。「勉強しないとダメですか？」への答えは1つ——知らないことは、見えない。 #生成AI #ChatGPT #Gemini #Claude #メンバーシップ #AI活用 #毎日更新 #毎日投稿 #SNS運用 #コンテンツビジネス #フリーランス #SNS集客 #独立起業 #投資 #ライティング #マーケティング body_length=23778 hashtag_count=100
2026-04-13 08:01:39,978 INFO data_pipeline.collectors.note_com_rss: article_saved url=https://note.com/glad_auklet4142/n/n888efc88236a title=AI時代に「勉強しない」クリエイターが、62%の確率で燃え尽きる理由。道具は使い手の知識を決して超えられない。「勉強しないとダメですか？」への答えは1つ——知らないことは、見えない。 #生成AI #ChatGPT #Gemini #Claude #メンバーシップ #AI活用 #毎日更新 #毎日投稿 #SNS運用 #コンテンツビジネス #フリーランス #SNS集客 #独立起業 #投資 #ライティング #マーケティング
2026-04-13 08:01:39,978 INFO data_pipeline.collectors.note_com_browser: scraping_article url=https://note.com/glad_auklet4142/n/nd0ebbf94c0ba
2026-04-13 08:01:43,288 INFO data_pipeline.collectors.note_com_browser: article_is_paid_skipping url=https://note.com/glad_auklet4142/n/nd0ebbf94c0ba
2026-04-13 08:01:43,288 INFO data_pipeline.collectors.note_com_rss: article_paid_skipped url=https://note.com/glad_auklet4142/n/nd0ebbf94c0ba
2026-04-13 08:01:43,382 INFO data_pipeline.collectors.note_com_rss: config_updated updated_count=11 timestamp=2026-04-12T23:01:43.381859+00:00
2026-04-13 08:01:43,382 INFO data_pipeline.collectors.note_com_rss: rss_monitor_completed creators_checked=11 new_articles_found=29 articles_saved=4 articles_skipped_paid=25 articles_skipped_duplicate=0 error_count=0
2026-04-13 20:00:05,151 INFO data_pipeline.collectors.note_com_rss: rss_monitor_starting creator_count=11
2026-04-13 20:00:05,514 INFO data_pipeline.collectors.note_com_rss: rss_fetched username=fukuoka1116 entry_count=25
2026-04-13 20:00:06,748 INFO data_pipeline.collectors.note_com_rss: rss_fetched username=sota_career entry_count=25
2026-04-13 20:00:07,435 INFO data_pipeline.collectors.note_com_rss: rss_fetched username=kei_10m_asset entry_count=23
2026-04-13 20:00:07,936 INFO data_pipeline.collectors.note_com_rss: rss_fetched username=careercompass_c entry_count=25
2026-04-13 20:00:09,171 INFO data_pipeline.collectors.note_com_rss: new_entries_found username=careercompass_c new_count=25
2026-04-13 20:00:09,389 INFO data_pipeline.collectors.note_com_rss: rss_fetched username=dandism56 entry_count=25
2026-04-13 20:00:11,612 INFO data_pipeline.collectors.note_com_rss: rss_fetched username=miraicareer_blog entry_count=25
2026-04-13 20:00:12,385 INFO data_pipeline.collectors.note_com_rss: rss_fetched username=glad_auklet4142 entry_count=25
2026-04-13 20:00:13,781 INFO data_pipeline.collectors.note_com_rss: new_entries_found username=glad_auklet4142 new_count=2
2026-04-13 20:00:14,001 INFO data_pipeline.collectors.note_com_rss: rss_fetched username=hide_taxnote entry_count=25
2026-04-13 20:00:15,655 INFO data_pipeline.collectors.note_com_rss: new_entries_found username=hide_taxnote new_count=2
2026-04-13 20:00:16,000 INFO data_pipeline.collectors.note_com_rss: rss_fetched username=mindset_official entry_count=25
2026-04-13 20:00:16,698 INFO data_pipeline.collectors.note_com_rss: rss_fetched username=ruinormalhakkar entry_count=25
2026-04-13 20:00:17,278 INFO data_pipeline.collectors.note_com_rss: rss_fetched username=studyhacker entry_count=0
2026-04-13 20:00:18,159 INFO data_pipeline.collectors.note_com_browser: note_com_browser_started
2026-04-13 20:00:18,159 INFO data_pipeline.collectors.note_com_browser: scraping_article url=https://note.com/careercompass_c/n/n7a63905dc395
2026-04-13 20:00:21,157 INFO data_pipeline.collectors.note_com_browser: article_is_paid_skipping url=https://note.com/careercompass_c/n/n7a63905dc395
2026-04-13 20:00:21,157 INFO data_pipeline.collectors.note_com_rss: article_paid_skipped url=https://note.com/careercompass_c/n/n7a63905dc395
2026-04-13 20:00:21,157 INFO data_pipeline.collectors.note_com_browser: scraping_article url=https://note.com/careercompass_c/n/n7a3fc1036bb1
2026-04-13 20:00:23,863 INFO data_pipeline.collectors.note_com_browser: article_is_paid_skipping url=https://note.com/careercompass_c/n/n7a3fc1036bb1
2026-04-13 20:00:23,863 INFO data_pipeline.collectors.note_com_rss: article_paid_skipped url=https://note.com/careercompass_c/n/n7a3fc1036bb1
2026-04-13 20:00:23,863 INFO data_pipeline.collectors.note_com_browser: scraping_article url=https://note.com/careercompass_c/n/n12dc2c9fdfe4
2026-04-13 20:00:26,433 INFO data_pipeline.collectors.note_com_browser: article_is_paid_skipping url=https://note.com/careercompass_c/n/n12dc2c9fdfe4
2026-04-13 20:00:26,434 INFO data_pipeline.collectors.note_com_rss: article_paid_skipped url=https://note.com/careercompass_c/n/n12dc2c9fdfe4
2026-04-13 20:00:26,434 INFO data_pipeline.collectors.note_com_browser: scraping_article url=https://note.com/careercompass_c/n/n435b55094ddd
2026-04-13 20:00:29,162 INFO data_pipeline.collectors.note_com_browser: article_is_paid_skipping url=https://note.com/careercompass_c/n/n435b55094ddd
2026-04-13 20:00:29,162 INFO data_pipeline.collectors.note_com_rss: article_paid_skipped url=https://note.com/careercompass_c/n/n435b55094ddd
2026-04-13 20:00:29,162 INFO data_pipeline.collectors.note_com_browser: scraping_article url=https://note.com/careercompass_c/n/na6c37d8f7b13
2026-04-13 20:00:32,069 INFO data_pipeline.collectors.note_com_browser: article_is_paid_skipping url=https://note.com/careercompass_c/n/na6c37d8f7b13
2026-04-13 20:00:32,069 INFO data_pipeline.collectors.note_com_rss: article_paid_skipped url=https://note.com/careercompass_c/n/na6c37d8f7b13
2026-04-13 20:00:32,069 INFO data_pipeline.collectors.note_com_browser: scraping_article url=https://note.com/careercompass_c/n/n319f48a998ac
2026-04-13 20:00:34,912 INFO data_pipeline.collectors.note_com_browser: article_is_paid_skipping url=https://note.com/careercompass_c/n/n319f48a998ac
2026-04-13 20:00:34,912 INFO data_pipeline.collectors.note_com_rss: article_paid_skipped url=https://note.com/careercompass_c/n/n319f48a998ac
2026-04-13 20:00:34,912 INFO data_pipeline.collectors.note_com_browser: scraping_article url=https://note.com/careercompass_c/n/ne3d20d5bab96
2026-04-13 20:00:37,637 INFO data_pipeline.collectors.note_com_browser: article_is_paid_skipping url=https://note.com/careercompass_c/n/ne3d20d5bab96
2026-04-13 20:00:37,637 INFO data_pipeline.collectors.note_com_rss: article_paid_skipped url=https://note.com/careercompass_c/n/ne3d20d5bab96
2026-04-13 20:00:37,637 INFO data_pipeline.collectors.note_com_browser: scraping_article url=https://note.com/careercompass_c/n/ncd9de51989a6
2026-04-13 20:00:40,567 INFO data_pipeline.collectors.note_com_browser: article_is_paid_skipping url=https://note.com/careercompass_c/n/ncd9de51989a6
2026-04-13 20:00:40,567 INFO data_pipeline.collectors.note_com_rss: article_paid_skipped url=https://note.com/careercompass_c/n/ncd9de51989a6
2026-04-13 20:00:40,567 INFO data_pipeline.collectors.note_com_browser: scraping_article url=https://note.com/careercompass_c/n/n63c5bc143453
2026-04-13 20:00:43,316 INFO data_pipeline.collectors.note_com_browser: article_is_paid_skipping url=https://note.com/careercompass_c/n/n63c5bc143453
2026-04-13 20:00:43,317 INFO data_pipeline.collectors.note_com_rss: article_paid_skipped url=https://note.com/careercompass_c/n/n63c5bc143453
2026-04-13 20:00:43,317 INFO data_pipeline.collectors.note_com_browser: scraping_article url=https://note.com/careercompass_c/n/n8ae370b7fcf7
2026-04-13 20:00:45,825 INFO data_pipeline.collectors.note_com_browser: article_is_paid_skipping url=https://note.com/careercompass_c/n/n8ae370b7fcf7
2026-04-13 20:00:45,825 INFO data_pipeline.collectors.note_com_rss: article_paid_skipped url=https://note.com/careercompass_c/n/n8ae370b7fcf7
2026-04-13 20:00:45,825 INFO data_pipeline.collectors.note_com_browser: scraping_article url=https://note.com/careercompass_c/n/n7ce4ca5371b1
2026-04-13 20:00:48,669 INFO data_pipeline.collectors.note_com_browser: article_is_paid_skipping url=https://note.com/careercompass_c/n/n7ce4ca5371b1
2026-04-13 20:00:48,669 INFO data_pipeline.collectors.note_com_rss: article_paid_skipped url=https://note.com/careercompass_c/n/n7ce4ca5371b1
2026-04-13 20:00:48,669 INFO data_pipeline.collectors.note_com_browser: scraping_article url=https://note.com/careercompass_c/n/ne9b3c15e1110
2026-04-13 20:00:51,896 INFO data_pipeline.collectors.note_com_browser: article_is_paid_skipping url=https://note.com/careercompass_c/n/ne9b3c15e1110
2026-04-13 20:00:51,896 INFO data_pipeline.collectors.note_com_rss: article_paid_skipped url=https://note.com/careercompass_c/n/ne9b3c15e1110
2026-04-13 20:00:51,897 INFO data_pipeline.collectors.note_com_browser: scraping_article url=https://note.com/careercompass_c/n/n042d7004c291
2026-04-13 20:00:54,779 INFO data_pipeline.collectors.note_com_browser: article_is_paid_skipping url=https://note.com/careercompass_c/n/n042d7004c291
2026-04-13 20:00:54,780 INFO data_pipeline.collectors.note_com_rss: article_paid_skipped url=https://note.com/careercompass_c/n/n042d7004c291
2026-04-13 20:00:54,780 INFO data_pipeline.collectors.note_com_browser: scraping_article url=https://note.com/careercompass_c/n/n868e32b58023
2026-04-13 20:00:57,329 INFO data_pipeline.collectors.note_com_browser: article_is_paid_skipping url=https://note.com/careercompass_c/n/n868e32b58023
2026-04-13 20:00:57,329 INFO data_pipeline.collectors.note_com_rss: article_paid_skipped url=https://note.com/careercompass_c/n/n868e32b58023
2026-04-13 20:00:57,329 INFO data_pipeline.collectors.note_com_browser: scraping_article url=https://note.com/careercompass_c/n/n37eb0bbe322c
2026-04-13 20:00:59,904 INFO data_pipeline.collectors.note_com_browser: article_is_paid_skipping url=https://note.com/careercompass_c/n/n37eb0bbe322c
2026-04-13 20:00:59,904 INFO data_pipeline.collectors.note_com_rss: article_paid_skipped url=https://note.com/careercompass_c/n/n37eb0bbe322c
2026-04-13 20:00:59,904 INFO data_pipeline.collectors.note_com_browser: scraping_article url=https://note.com/careercompass_c/n/n97866c300c4b
2026-04-13 20:01:02,368 INFO data_pipeline.collectors.note_com_browser: article_is_paid_skipping url=https://note.com/careercompass_c/n/n97866c300c4b
2026-04-13 20:01:02,368 INFO data_pipeline.collectors.note_com_rss: article_paid_skipped url=https://note.com/careercompass_c/n/n97866c300c4b
2026-04-13 20:01:02,368 INFO data_pipeline.collectors.note_com_browser: scraping_article url=https://note.com/careercompass_c/n/na5e30e01a970
2026-04-13 20:01:05,088 INFO data_pipeline.collectors.note_com_browser: article_is_paid_skipping url=https://note.com/careercompass_c/n/na5e30e01a970
2026-04-13 20:01:05,088 INFO data_pipeline.collectors.note_com_rss: article_paid_skipped url=https://note.com/careercompass_c/n/na5e30e01a970
2026-04-13 20:01:05,088 INFO data_pipeline.collectors.note_com_browser: scraping_article url=https://note.com/careercompass_c/n/nb17ce2dd1269
2026-04-13 20:01:07,612 INFO data_pipeline.collectors.note_com_browser: article_is_paid_skipping url=https://note.com/careercompass_c/n/nb17ce2dd1269
2026-04-13 20:01:07,612 INFO data_pipeline.collectors.note_com_rss: article_paid_skipped url=https://note.com/careercompass_c/n/nb17ce2dd1269
2026-04-13 20:01:07,612 INFO data_pipeline.collectors.note_com_browser: scraping_article url=https://note.com/careercompass_c/n/n8b4401544562
2026-04-13 20:01:11,045 INFO data_pipeline.collectors.note_com_browser: article_is_paid_skipping url=https://note.com/careercompass_c/n/n8b4401544562
2026-04-13 20:01:11,046 INFO data_pipeline.collectors.note_com_rss: article_paid_skipped url=https://note.com/careercompass_c/n/n8b4401544562
2026-04-13 20:01:11,046 INFO data_pipeline.collectors.note_com_browser: scraping_article url=https://note.com/careercompass_c/n/nac9de71673bb
2026-04-13 20:01:14,076 INFO data_pipeline.collectors.note_com_browser: article_is_paid_skipping url=https://note.com/careercompass_c/n/nac9de71673bb
2026-04-13 20:01:14,076 INFO data_pipeline.collectors.note_com_rss: article_paid_skipped url=https://note.com/careercompass_c/n/nac9de71673bb
2026-04-13 20:01:14,076 INFO data_pipeline.collectors.note_com_browser: scraping_article url=https://note.com/careercompass_c/n/n2aa2a1ec1fdf
2026-04-13 20:01:16,903 INFO data_pipeline.collectors.note_com_browser: article_is_paid_skipping url=https://note.com/careercompass_c/n/n2aa2a1ec1fdf
2026-04-13 20:01:16,903 INFO data_pipeline.collectors.note_com_rss: article_paid_skipped url=https://note.com/careercompass_c/n/n2aa2a1ec1fdf
2026-04-13 20:01:16,903 INFO data_pipeline.collectors.note_com_browser: scraping_article url=https://note.com/careercompass_c/n/nf336823c0077
2026-04-13 20:01:19,650 INFO data_pipeline.collectors.note_com_browser: article_is_paid_skipping url=https://note.com/careercompass_c/n/nf336823c0077
2026-04-13 20:01:19,650 INFO data_pipeline.collectors.note_com_rss: article_paid_skipped url=https://note.com/careercompass_c/n/nf336823c0077
2026-04-13 20:01:19,650 INFO data_pipeline.collectors.note_com_browser: scraping_article url=https://note.com/careercompass_c/n/n1a449f224121
2026-04-13 20:01:22,461 INFO data_pipeline.collectors.note_com_browser: article_is_paid_skipping url=https://note.com/careercompass_c/n/n1a449f224121
2026-04-13 20:01:22,461 INFO data_pipeline.collectors.note_com_rss: article_paid_skipped url=https://note.com/careercompass_c/n/n1a449f224121
2026-04-13 20:01:22,461 INFO data_pipeline.collectors.note_com_browser: scraping_article url=https://note.com/careercompass_c/n/n518cd4881251
2026-04-13 20:01:25,158 INFO data_pipeline.collectors.note_com_browser: article_is_paid_skipping url=https://note.com/careercompass_c/n/n518cd4881251
2026-04-13 20:01:25,159 INFO data_pipeline.collectors.note_com_rss: article_paid_skipped url=https://note.com/careercompass_c/n/n518cd4881251
2026-04-13 20:01:25,159 INFO data_pipeline.collectors.note_com_browser: scraping_article url=https://note.com/careercompass_c/n/na70c362dd5d7
2026-04-13 20:01:28,034 INFO data_pipeline.collectors.note_com_browser: article_is_paid_skipping url=https://note.com/careercompass_c/n/na70c362dd5d7
2026-04-13 20:01:28,035 INFO data_pipeline.collectors.note_com_rss: article_paid_skipped url=https://note.com/careercompass_c/n/na70c362dd5d7
2026-04-13 20:01:28,035 INFO data_pipeline.collectors.note_com_browser: scraping_article url=https://note.com/glad_auklet4142/n/ne6a601df142d
2026-04-13 20:01:31,595 INFO data_pipeline.collectors.note_com_browser: article_scraped url=https://note.com/glad_auklet4142/n/ne6a601df142d title=「どうやったらAI記事に感情を乗せられますか？」——この質問が殺到したので、メンバーシップを根本から作り直すことにしました。 #生成AI #AI活用 #自己紹介 #メンバーシップ #ChatGPT #Gemini #Claude #Google #OpenAI #SNS集客 #独立起業  #集客 #フリーランス #スキしてみて #仕事について話そう #AIとやってみた #noteの書き方  body_length=13326 hashtag_count=93
2026-04-13 20:01:31,708 INFO data_pipeline.collectors.note_com_rss: article_saved url=https://note.com/glad_auklet4142/n/ne6a601df142d title=「どうやったらAI記事に感情を乗せられますか？」——この質問が殺到したので、メンバーシップを根本から作り直すことにしました。 #生成AI #AI活用 #自己紹介 #メンバーシップ #ChatGPT #Gemini #Claude #Google #OpenAI #SNS集客 #独立起業  #集客 #フリーランス #スキしてみて #仕事について話そう #AIとやってみた #noteの書き方 
2026-04-13 20:01:31,708 INFO data_pipeline.collectors.note_com_browser: scraping_article url=https://note.com/glad_auklet4142/n/nd0ebbf94c0ba
2026-04-13 20:01:34,749 INFO data_pipeline.collectors.note_com_browser: article_is_paid_skipping url=https://note.com/glad_auklet4142/n/nd0ebbf94c0ba
2026-04-13 20:01:34,749 INFO data_pipeline.collectors.note_com_rss: article_paid_skipped url=https://note.com/glad_auklet4142/n/nd0ebbf94c0ba
2026-04-13 20:01:34,749 INFO data_pipeline.collectors.note_com_browser: scraping_article url=https://note.com/hide_taxnote/n/n745816c4b788
2026-04-13 20:01:37,816 INFO data_pipeline.collectors.note_com_browser: article_scraped url=https://note.com/hide_taxnote/n/n745816c4b788 title=資産形成に向いているのは「J」と「T」だけ？MBTIで見つける、自分に合ったお金の貯め方 body_length=2258 hashtag_count=13
2026-04-13 20:01:37,907 INFO data_pipeline.collectors.note_com_rss: article_saved url=https://note.com/hide_taxnote/n/n745816c4b788 title=資産形成に向いているのは「J」と「T」だけ？MBTIで見つける、自分に合ったお金の貯め方
2026-04-13 20:01:37,907 INFO data_pipeline.collectors.note_com_browser: scraping_article url=https://note.com/hide_taxnote/n/n64af020a43c6
2026-04-13 20:01:40,530 INFO data_pipeline.collectors.note_com_browser: article_scraped url=https://note.com/hide_taxnote/n/n64af020a43c6 title=2026年4月13日｜日経平均・東京株式市場・米国株：ポイント解説と明日の展望 body_length=4231 hashtag_count=14
2026-04-13 20:01:40,626 INFO data_pipeline.collectors.note_com_rss: article_saved url=https://note.com/hide_taxnote/n/n64af020a43c6 title=2026年4月13日｜日経平均・東京株式市場・米国株：ポイント解説と明日の展望
2026-04-13 20:01:40,721 INFO data_pipeline.collectors.note_com_rss: config_updated updated_count=11 timestamp=2026-04-13T11:01:40.720777+00:00
2026-04-13 20:01:40,721 INFO data_pipeline.collectors.note_com_rss: rss_monitor_completed creators_checked=11 new_articles_found=29 articles_saved=3 articles_skipped_paid=26 articles_skipped_duplicate=0 error_count=0
2026-04-14 08:00:05,028 INFO data_pipeline.collectors.note_com_rss: rss_monitor_starting creator_count=11
2026-04-14 08:00:05,299 INFO data_pipeline.collectors.note_com_rss: rss_fetched username=fukuoka1116 entry_count=25
2026-04-14 08:00:06,025 INFO data_pipeline.collectors.note_com_rss: rss_fetched username=sota_career entry_count=25
2026-04-14 08:00:06,472 INFO data_pipeline.collectors.note_com_rss: rss_fetched username=kei_10m_asset entry_count=23
2026-04-14 08:00:07,000 INFO data_pipeline.collectors.note_com_rss: rss_fetched username=careercompass_c entry_count=25
2026-04-14 08:00:07,189 INFO data_pipeline.collectors.note_com_rss: new_entries_found username=careercompass_c new_count=25
2026-04-14 08:00:07,412 INFO data_pipeline.collectors.note_com_rss: rss_fetched username=dandism56 entry_count=25
2026-04-14 08:00:07,850 INFO data_pipeline.collectors.note_com_rss: new_entries_found username=dandism56 new_count=1
2026-04-14 08:00:08,103 INFO data_pipeline.collectors.note_com_rss: rss_fetched username=miraicareer_blog entry_count=25
2026-04-14 08:00:08,716 INFO data_pipeline.collectors.note_com_rss: rss_fetched username=glad_auklet4142 entry_count=25
2026-04-14 08:00:09,952 INFO data_pipeline.collectors.note_com_rss: new_entries_found username=glad_auklet4142 new_count=5
2026-04-14 08:00:10,179 INFO data_pipeline.collectors.note_com_rss: rss_fetched username=hide_taxnote entry_count=25
2026-04-14 08:00:11,169 INFO data_pipeline.collectors.note_com_rss: rss_fetched username=mindset_official entry_count=25
2026-04-14 08:00:11,787 INFO data_pipeline.collectors.note_com_rss: rss_fetched username=ruinormalhakkar entry_count=25
2026-04-14 08:00:12,191 INFO data_pipeline.collectors.note_com_rss: rss_fetched username=studyhacker entry_count=0
2026-04-14 08:00:13,055 INFO data_pipeline.collectors.note_com_browser: note_com_browser_started
2026-04-14 08:00:13,055 INFO data_pipeline.collectors.note_com_browser: scraping_article url=https://note.com/careercompass_c/n/n7a63905dc395
2026-04-14 08:00:16,836 INFO data_pipeline.collectors.note_com_browser: article_is_paid_skipping url=https://note.com/careercompass_c/n/n7a63905dc395
2026-04-14 08:00:16,837 INFO data_pipeline.collectors.note_com_rss: article_paid_skipped url=https://note.com/careercompass_c/n/n7a63905dc395
2026-04-14 08:00:16,837 INFO data_pipeline.collectors.note_com_browser: scraping_article url=https://note.com/careercompass_c/n/n7a3fc1036bb1
2026-04-14 08:00:19,599 INFO data_pipeline.collectors.note_com_browser: article_is_paid_skipping url=https://note.com/careercompass_c/n/n7a3fc1036bb1
2026-04-14 08:00:19,599 INFO data_pipeline.collectors.note_com_rss: article_paid_skipped url=https://note.com/careercompass_c/n/n7a3fc1036bb1
2026-04-14 08:00:19,599 INFO data_pipeline.collectors.note_com_browser: scraping_article url=https://note.com/careercompass_c/n/n12dc2c9fdfe4
2026-04-14 08:00:22,231 INFO data_pipeline.collectors.note_com_browser: article_is_paid_skipping url=https://note.com/careercompass_c/n/n12dc2c9fdfe4
2026-04-14 08:00:22,231 INFO data_pipeline.collectors.note_com_rss: article_paid_skipped url=https://note.com/careercompass_c/n/n12dc2c9fdfe4
2026-04-14 08:00:22,231 INFO data_pipeline.collectors.note_com_browser: scraping_article url=https://note.com/careercompass_c/n/n435b55094ddd
2026-04-14 08:00:25,015 INFO data_pipeline.collectors.note_com_browser: article_is_paid_skipping url=https://note.com/careercompass_c/n/n435b55094ddd
2026-04-14 08:00:25,015 INFO data_pipeline.collectors.note_com_rss: article_paid_skipped url=https://note.com/careercompass_c/n/n435b55094ddd
2026-04-14 08:00:25,015 INFO data_pipeline.collectors.note_com_browser: scraping_article url=https://note.com/careercompass_c/n/na6c37d8f7b13
2026-04-14 08:00:27,876 INFO data_pipeline.collectors.note_com_browser: article_is_paid_skipping url=https://note.com/careercompass_c/n/na6c37d8f7b13
2026-04-14 08:00:27,876 INFO data_pipeline.collectors.note_com_rss: article_paid_skipped url=https://note.com/careercompass_c/n/na6c37d8f7b13
2026-04-14 08:00:27,876 INFO data_pipeline.collectors.note_com_browser: scraping_article url=https://note.com/careercompass_c/n/n319f48a998ac
2026-04-14 08:00:30,405 INFO data_pipeline.collectors.note_com_browser: article_is_paid_skipping url=https://note.com/careercompass_c/n/n319f48a998ac
2026-04-14 08:00:30,405 INFO data_pipeline.collectors.note_com_rss: article_paid_skipped url=https://note.com/careercompass_c/n/n319f48a998ac
2026-04-14 08:00:30,405 INFO data_pipeline.collectors.note_com_browser: scraping_article url=https://note.com/careercompass_c/n/ne3d20d5bab96
2026-04-14 08:00:33,255 INFO data_pipeline.collectors.note_com_browser: article_is_paid_skipping url=https://note.com/careercompass_c/n/ne3d20d5bab96
2026-04-14 08:00:33,255 INFO data_pipeline.collectors.note_com_rss: article_paid_skipped url=https://note.com/careercompass_c/n/ne3d20d5bab96
2026-04-14 08:00:33,255 INFO data_pipeline.collectors.note_com_browser: scraping_article url=https://note.com/careercompass_c/n/ncd9de51989a6
2026-04-14 08:00:35,940 INFO data_pipeline.collectors.note_com_browser: article_is_paid_skipping url=https://note.com/careercompass_c/n/ncd9de51989a6
2026-04-14 08:00:35,940 INFO data_pipeline.collectors.note_com_rss: article_paid_skipped url=https://note.com/careercompass_c/n/ncd9de51989a6
2026-04-14 08:00:35,940 INFO data_pipeline.collectors.note_com_browser: scraping_article url=https://note.com/careercompass_c/n/n63c5bc143453
2026-04-14 08:00:38,595 INFO data_pipeline.collectors.note_com_browser: article_is_paid_skipping url=https://note.com/careercompass_c/n/n63c5bc143453
2026-04-14 08:00:38,595 INFO data_pipeline.collectors.note_com_rss: article_paid_skipped url=https://note.com/careercompass_c/n/n63c5bc143453
2026-04-14 08:00:38,596 INFO data_pipeline.collectors.note_com_browser: scraping_article url=https://note.com/careercompass_c/n/n8ae370b7fcf7
2026-04-14 08:00:41,038 INFO data_pipeline.collectors.note_com_browser: article_is_paid_skipping url=https://note.com/careercompass_c/n/n8ae370b7fcf7
2026-04-14 08:00:41,038 INFO data_pipeline.collectors.note_com_rss: article_paid_skipped url=https://note.com/careercompass_c/n/n8ae370b7fcf7
2026-04-14 08:00:41,038 INFO data_pipeline.collectors.note_com_browser: scraping_article url=https://note.com/careercompass_c/n/n7ce4ca5371b1
2026-04-14 08:00:43,787 INFO data_pipeline.collectors.note_com_browser: article_is_paid_skipping url=https://note.com/careercompass_c/n/n7ce4ca5371b1
2026-04-14 08:00:43,787 INFO data_pipeline.collectors.note_com_rss: article_paid_skipped url=https://note.com/careercompass_c/n/n7ce4ca5371b1
2026-04-14 08:00:43,787 INFO data_pipeline.collectors.note_com_browser: scraping_article url=https://note.com/careercompass_c/n/ne9b3c15e1110
2026-04-14 08:00:46,216 INFO data_pipeline.collectors.note_com_browser: article_is_paid_skipping url=https://note.com/careercompass_c/n/ne9b3c15e1110
2026-04-14 08:00:46,217 INFO data_pipeline.collectors.note_com_rss: article_paid_skipped url=https://note.com/careercompass_c/n/ne9b3c15e1110
2026-04-14 08:00:46,217 INFO data_pipeline.collectors.note_com_browser: scraping_article url=https://note.com/careercompass_c/n/n042d7004c291
2026-04-14 08:00:49,030 INFO data_pipeline.collectors.note_com_browser: article_is_paid_skipping url=https://note.com/careercompass_c/n/n042d7004c291
2026-04-14 08:00:49,030 INFO data_pipeline.collectors.note_com_rss: article_paid_skipped url=https://note.com/careercompass_c/n/n042d7004c291
2026-04-14 08:00:49,030 INFO data_pipeline.collectors.note_com_browser: scraping_article url=https://note.com/careercompass_c/n/n868e32b58023
2026-04-14 08:00:51,502 INFO data_pipeline.collectors.note_com_browser: article_is_paid_skipping url=https://note.com/careercompass_c/n/n868e32b58023
2026-04-14 08:00:51,502 INFO data_pipeline.collectors.note_com_rss: article_paid_skipped url=https://note.com/careercompass_c/n/n868e32b58023
2026-04-14 08:00:51,502 INFO data_pipeline.collectors.note_com_browser: scraping_article url=https://note.com/careercompass_c/n/n37eb0bbe322c
2026-04-14 08:00:54,270 INFO data_pipeline.collectors.note_com_browser: article_is_paid_skipping url=https://note.com/careercompass_c/n/n37eb0bbe322c
2026-04-14 08:00:54,270 INFO data_pipeline.collectors.note_com_rss: article_paid_skipped url=https://note.com/careercompass_c/n/n37eb0bbe322c
2026-04-14 08:00:54,270 INFO data_pipeline.collectors.note_com_browser: scraping_article url=https://note.com/careercompass_c/n/n97866c300c4b
2026-04-14 08:00:56,813 INFO data_pipeline.collectors.note_com_browser: article_is_paid_skipping url=https://note.com/careercompass_c/n/n97866c300c4b
2026-04-14 08:00:56,814 INFO data_pipeline.collectors.note_com_rss: article_paid_skipped url=https://note.com/careercompass_c/n/n97866c300c4b
2026-04-14 08:00:56,814 INFO data_pipeline.collectors.note_com_browser: scraping_article url=https://note.com/careercompass_c/n/na5e30e01a970
2026-04-14 08:00:59,441 INFO data_pipeline.collectors.note_com_browser: article_is_paid_skipping url=https://note.com/careercompass_c/n/na5e30e01a970
2026-04-14 08:00:59,441 INFO data_pipeline.collectors.note_com_rss: article_paid_skipped url=https://note.com/careercompass_c/n/na5e30e01a970
2026-04-14 08:00:59,441 INFO data_pipeline.collectors.note_com_browser: scraping_article url=https://note.com/careercompass_c/n/nb17ce2dd1269
2026-04-14 08:01:01,950 INFO data_pipeline.collectors.note_com_browser: article_is_paid_skipping url=https://note.com/careercompass_c/n/nb17ce2dd1269
2026-04-14 08:01:01,950 INFO data_pipeline.collectors.note_com_rss: article_paid_skipped url=https://note.com/careercompass_c/n/nb17ce2dd1269
2026-04-14 08:01:01,951 INFO data_pipeline.collectors.note_com_browser: scraping_article url=https://note.com/careercompass_c/n/n8b4401544562
2026-04-14 08:01:04,444 INFO data_pipeline.collectors.note_com_browser: article_is_paid_skipping url=https://note.com/careercompass_c/n/n8b4401544562
2026-04-14 08:01:04,444 INFO data_pipeline.collectors.note_com_rss: article_paid_skipped url=https://note.com/careercompass_c/n/n8b4401544562
2026-04-14 08:01:04,444 INFO data_pipeline.collectors.note_com_browser: scraping_article url=https://note.com/careercompass_c/n/nac9de71673bb
2026-04-14 08:01:07,478 INFO data_pipeline.collectors.note_com_browser: article_is_paid_skipping url=https://note.com/careercompass_c/n/nac9de71673bb
2026-04-14 08:01:07,478 INFO data_pipeline.collectors.note_com_rss: article_paid_skipped url=https://note.com/careercompass_c/n/nac9de71673bb
2026-04-14 08:01:07,478 INFO data_pipeline.collectors.note_com_browser: scraping_article url=https://note.com/careercompass_c/n/n2aa2a1ec1fdf
2026-04-14 08:01:09,985 INFO data_pipeline.collectors.note_com_browser: article_is_paid_skipping url=https://note.com/careercompass_c/n/n2aa2a1ec1fdf
2026-04-14 08:01:09,985 INFO data_pipeline.collectors.note_com_rss: article_paid_skipped url=https://note.com/careercompass_c/n/n2aa2a1ec1fdf
2026-04-14 08:01:09,985 INFO data_pipeline.collectors.note_com_browser: scraping_article url=https://note.com/careercompass_c/n/nf336823c0077
2026-04-14 08:01:12,733 INFO data_pipeline.collectors.note_com_browser: article_is_paid_skipping url=https://note.com/careercompass_c/n/nf336823c0077
2026-04-14 08:01:12,733 INFO data_pipeline.collectors.note_com_rss: article_paid_skipped url=https://note.com/careercompass_c/n/nf336823c0077
2026-04-14 08:01:12,733 INFO data_pipeline.collectors.note_com_browser: scraping_article url=https://note.com/careercompass_c/n/n1a449f224121
2026-04-14 08:01:15,269 INFO data_pipeline.collectors.note_com_browser: article_is_paid_skipping url=https://note.com/careercompass_c/n/n1a449f224121
2026-04-14 08:01:15,269 INFO data_pipeline.collectors.note_com_rss: article_paid_skipped url=https://note.com/careercompass_c/n/n1a449f224121
2026-04-14 08:01:15,269 INFO data_pipeline.collectors.note_com_browser: scraping_article url=https://note.com/careercompass_c/n/n518cd4881251
2026-04-14 08:01:18,130 INFO data_pipeline.collectors.note_com_browser: article_is_paid_skipping url=https://note.com/careercompass_c/n/n518cd4881251
2026-04-14 08:01:18,130 INFO data_pipeline.collectors.note_com_rss: article_paid_skipped url=https://note.com/careercompass_c/n/n518cd4881251
2026-04-14 08:01:18,130 INFO data_pipeline.collectors.note_com_browser: scraping_article url=https://note.com/careercompass_c/n/na70c362dd5d7
2026-04-14 08:01:20,623 INFO data_pipeline.collectors.note_com_browser: article_is_paid_skipping url=https://note.com/careercompass_c/n/na70c362dd5d7
2026-04-14 08:01:20,623 INFO data_pipeline.collectors.note_com_rss: article_paid_skipped url=https://note.com/careercompass_c/n/na70c362dd5d7
2026-04-14 08:01:20,623 INFO data_pipeline.collectors.note_com_browser: scraping_article url=https://note.com/dandism56/n/na0263feb3883
2026-04-14 08:01:23,656 INFO data_pipeline.collectors.note_com_browser: article_scraped url=https://note.com/dandism56/n/na0263feb3883 title=働き方を複線化する時代のキャリア論①～転職エージェントがインサイドセールスをやって気づいた、「売れる人」と「選ばれる人」の共通点～ body_length=6057 hashtag_count=35
2026-04-14 08:01:23,763 INFO data_pipeline.collectors.note_com_rss: article_saved url=https://note.com/dandism56/n/na0263feb3883 title=働き方を複線化する時代のキャリア論①～転職エージェントがインサイドセールスをやって気づいた、「売れる人」と「選ばれる人」の共通点～
2026-04-14 08:01:23,763 INFO data_pipeline.collectors.note_com_browser: scraping_article url=https://note.com/glad_auklet4142/n/nd7ac9996fd8e
2026-04-14 08:01:27,228 INFO data_pipeline.collectors.note_com_browser: article_scraped url=https://note.com/glad_auklet4142/n/nd7ac9996fd8e title=🐺 AIさんが選ぶ「今月の記事」Vol.5——マスターが、笑いました。AIさんのミッドナイトステーション※10 #メンバーシップ #自己紹介 #はじめてのnote #生成AI #毎日更新 #スキしてみて #noteの書き方 #note収益化 #エッセイ #コラム #ビジネス #経済 #投資 #副業 #仕事 #起業 #フリーランス　#ChatGPT #Claude #Gemini #テクノロジー #AI活用 #AIとやってみた #仕事について話そう  body_length=11432 hashtag_count=83
2026-04-14 08:01:27,287 INFO data_pipeline.collectors.note_com_rss: article_saved url=https://note.com/glad_auklet4142/n/nd7ac9996fd8e title=🐺 AIさんが選ぶ「今月の記事」Vol.5——マスターが、笑いました。AIさんのミッドナイトステーション※10 #メンバーシップ #自己紹介 #はじめてのnote #生成AI #毎日更新 #スキしてみて #noteの書き方 #note収益化 #エッセイ #コラム #ビジネス #経済 #投資 #副業 #仕事 #起業 #フリーランス　#ChatGPT #Claude #Gemini #テクノロジー #AI活用 #AIとやってみた #仕事について話そう 
2026-04-14 08:01:27,287 INFO data_pipeline.collectors.note_com_browser: scraping_article url=https://note.com/glad_auklet4142/n/n51e7e7758a9b
2026-04-14 08:01:30,346 INFO data_pipeline.collectors.note_com_browser: article_scraped url=https://note.com/glad_auklet4142/n/n51e7e7758a9b title=【なぜIntelは4500億円を捨ててまで工場を買い戻したのか？】質屋から命綱を取り戻す主権回復戦争。命綱を他人に握られる本当の恐ろしさ #Intel #半導体 #AI覇権 #経営戦略 #地政学リスク #資産防衛 #ファウンドリ #TSMC #サプライチェーン #経営判断 #投資 body_length=1993 hashtag_count=100
2026-04-14 08:01:30,414 INFO data_pipeline.collectors.note_com_rss: article_saved url=https://note.com/glad_auklet4142/n/n51e7e7758a9b title=【なぜIntelは4500億円を捨ててまで工場を買い戻したのか？】質屋から命綱を取り戻す主権回復戦争。命綱を他人に握られる本当の恐ろしさ #Intel #半導体 #AI覇権 #経営戦略 #地政学リスク #資産防衛 #ファウンドリ #TSMC #サプライチェーン #経営判断 #投資
2026-04-14 08:01:30,414 INFO data_pipeline.collectors.note_com_browser: scraping_article url=https://note.com/glad_auklet4142/n/n7f387b4f62d5
2026-04-14 08:01:33,523 INFO data_pipeline.collectors.note_com_browser: article_scraped url=https://note.com/glad_auklet4142/n/n7f387b4f62d5 title=「もう書きたくない」と思った日の記事が、スキ951になった——愚痴と発信の境界線は"最後の2行"にある #メンバーシップ #noteの書き方 #note収益化 #スキしてみて #仕事について話そう #エッセイ #毎日更新 #継続 #メンタルヘルス #ライティング #文章術 #副業 #フリーランス #AI活用 #SNS運用 #モチベーション #挑戦 #失敗談 #自己成長 body_length=10857 hashtag_count=98
2026-04-14 08:01:33,615 INFO data_pipeline.collectors.note_com_rss: article_saved url=https://note.com/glad_auklet4142/n/n7f387b4f62d5 title=「もう書きたくない」と思った日の記事が、スキ951になった——愚痴と発信の境界線は"最後の2行"にある #メンバーシップ #noteの書き方 #note収益化 #スキしてみて #仕事について話そう #エッセイ #毎日更新 #継続 #メンタルヘルス #ライティング #文章術 #副業 #フリーランス #AI活用 #SNS運用 #モチベーション #挑戦 #失敗談 #自己成長
2026-04-14 08:01:33,615 INFO data_pipeline.collectors.note_com_browser: scraping_article url=https://note.com/glad_auklet4142/n/n2332d8024a42
2026-04-14 08:01:36,614 INFO data_pipeline.collectors.note_com_browser: article_scraped url=https://note.com/glad_auklet4142/n/n2332d8024a42 title=【投資関係が心配な方へ】パニックで売った人が、いつも負ける構造的理由——湾岸戦争・イラク戦争のデータが示す残酷な答え #投資 #株式市場 #中東有事 #パニック売り #資産防衛 #NISA #原油高 #インフレ body_length=12249 hashtag_count=100
2026-04-14 08:01:36,670 INFO data_pipeline.collectors.note_com_rss: article_saved url=https://note.com/glad_auklet4142/n/n2332d8024a42 title=【投資関係が心配な方へ】パニックで売った人が、いつも負ける構造的理由——湾岸戦争・イラク戦争のデータが示す残酷な答え #投資 #株式市場 #中東有事 #パニック売り #資産防衛 #NISA #原油高 #インフレ
2026-04-14 08:01:36,670 INFO data_pipeline.collectors.note_com_browser: scraping_article url=https://note.com/glad_auklet4142/n/nd0ebbf94c0ba
2026-04-14 08:01:39,968 INFO data_pipeline.collectors.note_com_browser: article_is_paid_skipping url=https://note.com/glad_auklet4142/n/nd0ebbf94c0ba
2026-04-14 08:01:39,968 INFO data_pipeline.collectors.note_com_rss: article_paid_skipped url=https://note.com/glad_auklet4142/n/nd0ebbf94c0ba
2026-04-14 08:01:40,042 INFO data_pipeline.collectors.note_com_rss: config_updated updated_count=11 timestamp=2026-04-13T23:01:40.041967+00:00
2026-04-14 08:01:40,042 INFO data_pipeline.collectors.note_com_rss: rss_monitor_completed creators_checked=11 new_articles_found=31 articles_saved=5 articles_skipped_paid=26 articles_skipped_duplicate=0 error_count=0
2026-04-14 20:00:05,562 INFO data_pipeline.collectors.note_com_rss: rss_monitor_starting creator_count=11
2026-04-14 20:00:05,890 INFO data_pipeline.collectors.note_com_rss: rss_fetched username=fukuoka1116 entry_count=25
2026-04-14 20:00:06,606 INFO data_pipeline.collectors.note_com_rss: rss_fetched username=sota_career entry_count=25
2026-04-14 20:00:07,761 INFO data_pipeline.collectors.note_com_rss: rss_fetched username=kei_10m_asset entry_count=23
2026-04-14 20:00:08,161 INFO data_pipeline.collectors.note_com_rss: rss_fetched username=careercompass_c entry_count=25
2026-04-14 20:00:09,600 INFO data_pipeline.collectors.note_com_rss: new_entries_found username=careercompass_c new_count=25
2026-04-14 20:00:09,826 INFO data_pipeline.collectors.note_com_rss: rss_fetched username=dandism56 entry_count=25
2026-04-14 20:00:11,929 INFO data_pipeline.collectors.note_com_rss: rss_fetched username=miraicareer_blog entry_count=25
2026-04-14 20:00:12,818 INFO data_pipeline.collectors.note_com_rss: rss_fetched username=glad_auklet4142 entry_count=25
2026-04-14 20:00:14,611 INFO data_pipeline.collectors.note_com_rss: new_entries_found username=glad_auklet4142 new_count=3
2026-04-14 20:00:14,838 INFO data_pipeline.collectors.note_com_rss: rss_fetched username=hide_taxnote entry_count=25
2026-04-14 20:00:16,729 INFO data_pipeline.collectors.note_com_rss: new_entries_found username=hide_taxnote new_count=1
2026-04-14 20:00:17,065 INFO data_pipeline.collectors.note_com_rss: rss_fetched username=mindset_official entry_count=25
2026-04-14 20:00:17,651 INFO data_pipeline.collectors.note_com_rss: rss_fetched username=ruinormalhakkar entry_count=25
2026-04-14 20:00:18,287 INFO data_pipeline.collectors.note_com_rss: rss_fetched username=studyhacker entry_count=0
2026-04-14 20:00:24,147 INFO data_pipeline.collectors.note_com_browser: note_com_browser_started
2026-04-14 20:00:24,148 INFO data_pipeline.collectors.note_com_browser: scraping_article url=https://note.com/careercompass_c/n/nec8e5207f6aa
2026-04-14 20:00:27,364 INFO data_pipeline.collectors.note_com_browser: article_is_paid_skipping url=https://note.com/careercompass_c/n/nec8e5207f6aa
2026-04-14 20:00:27,364 INFO data_pipeline.collectors.note_com_rss: article_paid_skipped url=https://note.com/careercompass_c/n/nec8e5207f6aa
2026-04-14 20:00:27,364 INFO data_pipeline.collectors.note_com_browser: scraping_article url=https://note.com/careercompass_c/n/n7a1e29017115
2026-04-14 20:00:29,967 INFO data_pipeline.collectors.note_com_browser: article_is_paid_skipping url=https://note.com/careercompass_c/n/n7a1e29017115
2026-04-14 20:00:29,967 INFO data_pipeline.collectors.note_com_rss: article_paid_skipped url=https://note.com/careercompass_c/n/n7a1e29017115
2026-04-14 20:00:29,967 INFO data_pipeline.collectors.note_com_browser: scraping_article url=https://note.com/careercompass_c/n/n975700c8ac4e
2026-04-14 20:00:32,745 INFO data_pipeline.collectors.note_com_browser: article_is_paid_skipping url=https://note.com/careercompass_c/n/n975700c8ac4e
2026-04-14 20:00:32,745 INFO data_pipeline.collectors.note_com_rss: article_paid_skipped url=https://note.com/careercompass_c/n/n975700c8ac4e
2026-04-14 20:00:32,745 INFO data_pipeline.collectors.note_com_browser: scraping_article url=https://note.com/careercompass_c/n/ne5ccb8293245
2026-04-14 20:00:35,463 INFO data_pipeline.collectors.note_com_browser: article_is_paid_skipping url=https://note.com/careercompass_c/n/ne5ccb8293245
2026-04-14 20:00:35,484 INFO data_pipeline.collectors.note_com_rss: article_paid_skipped url=https://note.com/careercompass_c/n/ne5ccb8293245
2026-04-14 20:00:35,484 INFO data_pipeline.collectors.note_com_browser: scraping_article url=https://note.com/careercompass_c/n/n3af77acfbed4
2026-04-14 20:00:38,415 INFO data_pipeline.collectors.note_com_browser: article_is_paid_skipping url=https://note.com/careercompass_c/n/n3af77acfbed4
2026-04-14 20:00:38,415 INFO data_pipeline.collectors.note_com_rss: article_paid_skipped url=https://note.com/careercompass_c/n/n3af77acfbed4
2026-04-14 20:00:38,415 INFO data_pipeline.collectors.note_com_browser: scraping_article url=https://note.com/careercompass_c/n/n9624099af294
2026-04-14 20:00:41,168 INFO data_pipeline.collectors.note_com_browser: article_is_paid_skipping url=https://note.com/careercompass_c/n/n9624099af294
2026-04-14 20:00:41,168 INFO data_pipeline.collectors.note_com_rss: article_paid_skipped url=https://note.com/careercompass_c/n/n9624099af294
2026-04-14 20:00:41,168 INFO data_pipeline.collectors.note_com_browser: scraping_article url=https://note.com/careercompass_c/n/nb78084e7ec72
2026-04-14 20:00:43,824 INFO data_pipeline.collectors.note_com_browser: article_is_paid_skipping url=https://note.com/careercompass_c/n/nb78084e7ec72
2026-04-14 20:00:43,825 INFO data_pipeline.collectors.note_com_rss: article_paid_skipped url=https://note.com/careercompass_c/n/nb78084e7ec72
2026-04-14 20:00:43,825 INFO data_pipeline.collectors.note_com_browser: scraping_article url=https://note.com/careercompass_c/n/n393613d7b063
2026-04-14 20:00:46,299 INFO data_pipeline.collectors.note_com_browser: article_is_paid_skipping url=https://note.com/careercompass_c/n/n393613d7b063
2026-04-14 20:00:46,300 INFO data_pipeline.collectors.note_com_rss: article_paid_skipped url=https://note.com/careercompass_c/n/n393613d7b063
2026-04-14 20:00:46,300 INFO data_pipeline.collectors.note_com_browser: scraping_article url=https://note.com/careercompass_c/n/n9c0460584d4e
2026-04-14 20:00:48,888 INFO data_pipeline.collectors.note_com_browser: article_is_paid_skipping url=https://note.com/careercompass_c/n/n9c0460584d4e
2026-04-14 20:00:48,888 INFO data_pipeline.collectors.note_com_rss: article_paid_skipped url=https://note.com/careercompass_c/n/n9c0460584d4e
2026-04-14 20:00:48,888 INFO data_pipeline.collectors.note_com_browser: scraping_article url=https://note.com/careercompass_c/n/nda96254d6982
2026-04-14 20:00:51,388 INFO data_pipeline.collectors.note_com_browser: article_is_paid_skipping url=https://note.com/careercompass_c/n/nda96254d6982
2026-04-14 20:00:51,388 INFO data_pipeline.collectors.note_com_rss: article_paid_skipped url=https://note.com/careercompass_c/n/nda96254d6982
2026-04-14 20:00:51,388 INFO data_pipeline.collectors.note_com_browser: scraping_article url=https://note.com/careercompass_c/n/n7a63905dc395
2026-04-14 20:00:54,680 INFO data_pipeline.collectors.note_com_browser: article_is_paid_skipping url=https://note.com/careercompass_c/n/n7a63905dc395
2026-04-14 20:00:54,680 INFO data_pipeline.collectors.note_com_rss: article_paid_skipped url=https://note.com/careercompass_c/n/n7a63905dc395
2026-04-14 20:00:54,680 INFO data_pipeline.collectors.note_com_browser: scraping_article url=https://note.com/careercompass_c/n/n7a3fc1036bb1
2026-04-14 20:00:57,255 INFO data_pipeline.collectors.note_com_browser: article_is_paid_skipping url=https://note.com/careercompass_c/n/n7a3fc1036bb1
2026-04-14 20:00:57,255 INFO data_pipeline.collectors.note_com_rss: article_paid_skipped url=https://note.com/careercompass_c/n/n7a3fc1036bb1
2026-04-14 20:00:57,255 INFO data_pipeline.collectors.note_com_browser: scraping_article url=https://note.com/careercompass_c/n/n12dc2c9fdfe4
2026-04-14 20:01:00,134 INFO data_pipeline.collectors.note_com_browser: article_is_paid_skipping url=https://note.com/careercompass_c/n/n12dc2c9fdfe4
2026-04-14 20:01:00,134 INFO data_pipeline.collectors.note_com_rss: article_paid_skipped url=https://note.com/careercompass_c/n/n12dc2c9fdfe4
2026-04-14 20:01:00,134 INFO data_pipeline.collectors.note_com_browser: scraping_article url=https://note.com/careercompass_c/n/n435b55094ddd
2026-04-14 20:01:02,896 INFO data_pipeline.collectors.note_com_browser: article_is_paid_skipping url=https://note.com/careercompass_c/n/n435b55094ddd
2026-04-14 20:01:02,896 INFO data_pipeline.collectors.note_com_rss: article_paid_skipped url=https://note.com/careercompass_c/n/n435b55094ddd
2026-04-14 20:01:02,896 INFO data_pipeline.collectors.note_com_browser: scraping_article url=https://note.com/careercompass_c/n/na6c37d8f7b13
2026-04-14 20:01:05,473 INFO data_pipeline.collectors.note_com_browser: article_is_paid_skipping url=https://note.com/careercompass_c/n/na6c37d8f7b13
2026-04-14 20:01:05,473 INFO data_pipeline.collectors.note_com_rss: article_paid_skipped url=https://note.com/careercompass_c/n/na6c37d8f7b13
2026-04-14 20:01:05,473 INFO data_pipeline.collectors.note_com_browser: scraping_article url=https://note.com/careercompass_c/n/n319f48a998ac
2026-04-14 20:01:08,621 INFO data_pipeline.collectors.note_com_browser: article_is_paid_skipping url=https://note.com/careercompass_c/n/n319f48a998ac
2026-04-14 20:01:08,621 INFO data_pipeline.collectors.note_com_rss: article_paid_skipped url=https://note.com/careercompass_c/n/n319f48a998ac
2026-04-14 20:01:08,621 INFO data_pipeline.collectors.note_com_browser: scraping_article url=https://note.com/careercompass_c/n/ne3d20d5bab96
2026-04-14 20:01:11,309 INFO data_pipeline.collectors.note_com_browser: article_is_paid_skipping url=https://note.com/careercompass_c/n/ne3d20d5bab96
2026-04-14 20:01:11,309 INFO data_pipeline.collectors.note_com_rss: article_paid_skipped url=https://note.com/careercompass_c/n/ne3d20d5bab96
2026-04-14 20:01:11,309 INFO data_pipeline.collectors.note_com_browser: scraping_article url=https://note.com/careercompass_c/n/ncd9de51989a6
2026-04-14 20:01:13,760 INFO data_pipeline.collectors.note_com_browser: article_is_paid_skipping url=https://note.com/careercompass_c/n/ncd9de51989a6
2026-04-14 20:01:13,760 INFO data_pipeline.collectors.note_com_rss: article_paid_skipped url=https://note.com/careercompass_c/n/ncd9de51989a6
2026-04-14 20:01:13,760 INFO data_pipeline.collectors.note_com_browser: scraping_article url=https://note.com/careercompass_c/n/n63c5bc143453
2026-04-14 20:01:16,328 INFO data_pipeline.collectors.note_com_browser: article_is_paid_skipping url=https://note.com/careercompass_c/n/n63c5bc143453
2026-04-14 20:01:16,328 INFO data_pipeline.collectors.note_com_rss: article_paid_skipped url=https://note.com/careercompass_c/n/n63c5bc143453
2026-04-14 20:01:16,328 INFO data_pipeline.collectors.note_com_browser: scraping_article url=https://note.com/careercompass_c/n/n8ae370b7fcf7
2026-04-14 20:01:19,365 INFO data_pipeline.collectors.note_com_browser: article_is_paid_skipping url=https://note.com/careercompass_c/n/n8ae370b7fcf7
2026-04-14 20:01:19,365 INFO data_pipeline.collectors.note_com_rss: article_paid_skipped url=https://note.com/careercompass_c/n/n8ae370b7fcf7
2026-04-14 20:01:19,365 INFO data_pipeline.collectors.note_com_browser: scraping_article url=https://note.com/careercompass_c/n/n7ce4ca5371b1
2026-04-14 20:01:21,980 INFO data_pipeline.collectors.note_com_browser: article_is_paid_skipping url=https://note.com/careercompass_c/n/n7ce4ca5371b1
2026-04-14 20:01:21,980 INFO data_pipeline.collectors.note_com_rss: article_paid_skipped url=https://note.com/careercompass_c/n/n7ce4ca5371b1
2026-04-14 20:01:21,980 INFO data_pipeline.collectors.note_com_browser: scraping_article url=https://note.com/careercompass_c/n/ne9b3c15e1110
2026-04-14 20:01:24,979 INFO data_pipeline.collectors.note_com_browser: article_is_paid_skipping url=https://note.com/careercompass_c/n/ne9b3c15e1110
2026-04-14 20:01:24,979 INFO data_pipeline.collectors.note_com_rss: article_paid_skipped url=https://note.com/careercompass_c/n/ne9b3c15e1110
2026-04-14 20:01:24,979 INFO data_pipeline.collectors.note_com_browser: scraping_article url=https://note.com/careercompass_c/n/n042d7004c291
2026-04-14 20:01:27,599 INFO data_pipeline.collectors.note_com_browser: article_is_paid_skipping url=https://note.com/careercompass_c/n/n042d7004c291
2026-04-14 20:01:27,599 INFO data_pipeline.collectors.note_com_rss: article_paid_skipped url=https://note.com/careercompass_c/n/n042d7004c291
2026-04-14 20:01:27,599 INFO data_pipeline.collectors.note_com_browser: scraping_article url=https://note.com/careercompass_c/n/n868e32b58023
2026-04-14 20:01:30,226 INFO data_pipeline.collectors.note_com_browser: article_is_paid_skipping url=https://note.com/careercompass_c/n/n868e32b58023
2026-04-14 20:01:30,226 INFO data_pipeline.collectors.note_com_rss: article_paid_skipped url=https://note.com/careercompass_c/n/n868e32b58023
2026-04-14 20:01:30,226 INFO data_pipeline.collectors.note_com_browser: scraping_article url=https://note.com/careercompass_c/n/n37eb0bbe322c
2026-04-14 20:01:33,126 INFO data_pipeline.collectors.note_com_browser: article_is_paid_skipping url=https://note.com/careercompass_c/n/n37eb0bbe322c
2026-04-14 20:01:33,126 INFO data_pipeline.collectors.note_com_rss: article_paid_skipped url=https://note.com/careercompass_c/n/n37eb0bbe322c
2026-04-14 20:01:33,126 INFO data_pipeline.collectors.note_com_browser: scraping_article url=https://note.com/glad_auklet4142/n/nfd08ab0a5734
2026-04-14 20:01:36,339 INFO data_pipeline.collectors.note_com_browser: article_scraped url=https://note.com/glad_auklet4142/n/nfd08ab0a5734 title=【投資判断に使える情報が30本、お蔵入りしている。】あなたにとって先行者チャンスかも？あなたに届ける方法を、やっと見つけた。 #生成AI #ChatGPT #Gemini #Claude #メンバーシップ #AI活用 #毎日更新 #毎日投稿 #SNS運用 #コンテンツビジネス #自己紹介 #集客 #フリーランス #SNS集客 #独立起業 #投資 #日経平均 #米国株 #自己紹介 #FX #為替 #限定 body_length=11121 hashtag_count=100
2026-04-14 20:01:36,449 INFO data_pipeline.collectors.note_com_rss: article_saved url=https://note.com/glad_auklet4142/n/nfd08ab0a5734 title=【投資判断に使える情報が30本、お蔵入りしている。】あなたにとって先行者チャンスかも？あなたに届ける方法を、やっと見つけた。 #生成AI #ChatGPT #Gemini #Claude #メンバーシップ #AI活用 #毎日更新 #毎日投稿 #SNS運用 #コンテンツビジネス #自己紹介 #集客 #フリーランス #SNS集客 #独立起業 #投資 #日経平均 #米国株 #自己紹介 #FX #為替 #限定
2026-04-14 20:01:36,449 INFO data_pipeline.collectors.note_com_browser: scraping_article url=https://note.com/glad_auklet4142/n/nd9b2ef38c258
2026-04-14 20:01:39,994 INFO data_pipeline.collectors.note_com_browser: article_scraped url=https://note.com/glad_auklet4142/n/nd9b2ef38c258 title=あなたの有料記事が売れない理由は「中身」ではない——1,000人が読んで1人しか買わない残酷な数学と、それでも私がnoteを毎日書き続ける理由 body_length=17901 hashtag_count=100
2026-04-14 20:01:40,064 INFO data_pipeline.collectors.note_com_rss: article_saved url=https://note.com/glad_auklet4142/n/nd9b2ef38c258 title=あなたの有料記事が売れない理由は「中身」ではない——1,000人が読んで1人しか買わない残酷な数学と、それでも私がnoteを毎日書き続ける理由
2026-04-14 20:01:40,064 INFO data_pipeline.collectors.note_com_browser: scraping_article url=https://note.com/glad_auklet4142/n/nd0ebbf94c0ba
2026-04-14 20:01:43,136 INFO data_pipeline.collectors.note_com_browser: article_is_paid_skipping url=https://note.com/glad_auklet4142/n/nd0ebbf94c0ba
2026-04-14 20:01:43,136 INFO data_pipeline.collectors.note_com_rss: article_paid_skipped url=https://note.com/glad_auklet4142/n/nd0ebbf94c0ba
2026-04-14 20:01:43,136 INFO data_pipeline.collectors.note_com_browser: scraping_article url=https://note.com/hide_taxnote/n/n6afe60e99182
2026-04-14 20:01:45,787 INFO data_pipeline.collectors.note_com_browser: article_scraped url=https://note.com/hide_taxnote/n/n6afe60e99182 title=2026年4月14日｜日経平均・東京株式市場・米国株：ポイント解説と明日の展望 body_length=4060 hashtag_count=15
2026-04-14 20:01:45,908 INFO data_pipeline.collectors.note_com_rss: article_saved url=https://note.com/hide_taxnote/n/n6afe60e99182 title=2026年4月14日｜日経平均・東京株式市場・米国株：ポイント解説と明日の展望
2026-04-14 20:01:46,002 INFO data_pipeline.collectors.note_com_rss: config_updated updated_count=11 timestamp=2026-04-14T11:01:46.002306+00:00
2026-04-14 20:01:46,002 INFO data_pipeline.collectors.note_com_rss: rss_monitor_completed creators_checked=11 new_articles_found=29 articles_saved=3 articles_skipped_paid=26 articles_skipped_duplicate=0 error_count=0
2026-04-15 08:00:02,827 INFO data_pipeline.collectors.note_com_rss: rss_monitor_starting creator_count=11
2026-04-15 08:00:03,141 INFO data_pipeline.collectors.note_com_rss: rss_fetched username=fukuoka1116 entry_count=25
2026-04-15 08:00:03,604 INFO data_pipeline.collectors.note_com_rss: new_entries_found username=fukuoka1116 new_count=1
2026-04-15 08:00:03,858 INFO data_pipeline.collectors.note_com_rss: rss_fetched username=sota_career entry_count=25
2026-04-15 08:00:04,430 INFO data_pipeline.collectors.note_com_rss: rss_fetched username=kei_10m_asset entry_count=23
2026-04-15 08:00:05,000 INFO data_pipeline.collectors.note_com_rss: rss_fetched username=careercompass_c entry_count=25
2026-04-15 08:00:05,099 INFO data_pipeline.collectors.note_com_rss: new_entries_found username=careercompass_c new_count=25
2026-04-15 08:00:05,367 INFO data_pipeline.collectors.note_com_rss: rss_fetched username=dandism56 entry_count=25
2026-04-15 08:00:05,972 INFO data_pipeline.collectors.note_com_rss: new_entries_found username=dandism56 new_count=1
2026-04-15 08:00:06,246 INFO data_pipeline.collectors.note_com_rss: rss_fetched username=miraicareer_blog entry_count=25
2026-04-15 08:00:07,020 INFO data_pipeline.collectors.note_com_rss: rss_fetched username=glad_auklet4142 entry_count=25
2026-04-15 08:00:08,230 INFO data_pipeline.collectors.note_com_rss: new_entries_found username=glad_auklet4142 new_count=5
2026-04-15 08:00:08,451 INFO data_pipeline.collectors.note_com_rss: rss_fetched username=hide_taxnote entry_count=25
2026-04-15 08:00:09,446 INFO data_pipeline.collectors.note_com_rss: rss_fetched username=mindset_official entry_count=25
2026-04-15 08:00:09,965 INFO data_pipeline.collectors.note_com_rss: rss_fetched username=ruinormalhakkar entry_count=25
2026-04-15 08:00:10,443 INFO data_pipeline.collectors.note_com_rss: rss_fetched username=studyhacker entry_count=0
2026-04-15 08:00:11,312 INFO data_pipeline.collectors.note_com_browser: note_com_browser_started
2026-04-15 08:00:11,313 INFO data_pipeline.collectors.note_com_browser: scraping_article url=https://note.com/fukuoka1116/n/n2d8db2474c7e
2026-04-15 08:00:14,379 INFO data_pipeline.collectors.note_com_browser: article_scraped url=https://note.com/fukuoka1116/n/n2d8db2474c7e title=過去の25歳の自分へ伝えたい「会社で生き抜くためのラストチャンスは"今"だという現実」　仕事｜管理職｜転職｜会社員｜副業｜キャリア｜エッセイ｜30代 body_length=1938 hashtag_count=15
2026-04-15 08:00:14,538 INFO data_pipeline.collectors.note_com_rss: article_saved url=https://note.com/fukuoka1116/n/n2d8db2474c7e title=過去の25歳の自分へ伝えたい「会社で生き抜くためのラストチャンスは"今"だという現実」　仕事｜管理職｜転職｜会社員｜副業｜キャリア｜エッセイ｜30代
2026-04-15 08:00:14,538 INFO data_pipeline.collectors.note_com_browser: scraping_article url=https://note.com/careercompass_c/n/nec8e5207f6aa
2026-04-15 08:00:17,083 INFO data_pipeline.collectors.note_com_browser: article_is_paid_skipping url=https://note.com/careercompass_c/n/nec8e5207f6aa
2026-04-15 08:00:17,083 INFO data_pipeline.collectors.note_com_rss: article_paid_skipped url=https://note.com/careercompass_c/n/nec8e5207f6aa
2026-04-15 08:00:17,083 INFO data_pipeline.collectors.note_com_browser: scraping_article url=https://note.com/careercompass_c/n/n7a1e29017115
2026-04-15 08:00:19,819 INFO data_pipeline.collectors.note_com_browser: article_is_paid_skipping url=https://note.com/careercompass_c/n/n7a1e29017115
2026-04-15 08:00:19,820 INFO data_pipeline.collectors.note_com_rss: article_paid_skipped url=https://note.com/careercompass_c/n/n7a1e29017115
2026-04-15 08:00:19,820 INFO data_pipeline.collectors.note_com_browser: scraping_article url=https://note.com/careercompass_c/n/n975700c8ac4e
2026-04-15 08:00:22,482 INFO data_pipeline.collectors.note_com_browser: article_is_paid_skipping url=https://note.com/careercompass_c/n/n975700c8ac4e
2026-04-15 08:00:22,482 INFO data_pipeline.collectors.note_com_rss: article_paid_skipped url=https://note.com/careercompass_c/n/n975700c8ac4e
2026-04-15 08:00:22,482 INFO data_pipeline.collectors.note_com_browser: scraping_article url=https://note.com/careercompass_c/n/ne5ccb8293245
2026-04-15 08:00:25,449 INFO data_pipeline.collectors.note_com_browser: article_is_paid_skipping url=https://note.com/careercompass_c/n/ne5ccb8293245
2026-04-15 08:00:25,449 INFO data_pipeline.collectors.note_com_rss: article_paid_skipped url=https://note.com/careercompass_c/n/ne5ccb8293245
2026-04-15 08:00:25,449 INFO data_pipeline.collectors.note_com_browser: scraping_article url=https://note.com/careercompass_c/n/n3af77acfbed4
2026-04-15 08:00:28,085 INFO data_pipeline.collectors.note_com_browser: article_is_paid_skipping url=https://note.com/careercompass_c/n/n3af77acfbed4
2026-04-15 08:00:28,085 INFO data_pipeline.collectors.note_com_rss: article_paid_skipped url=https://note.com/careercompass_c/n/n3af77acfbed4
2026-04-15 08:00:28,085 INFO data_pipeline.collectors.note_com_browser: scraping_article url=https://note.com/careercompass_c/n/n9624099af294
2026-04-15 08:00:30,578 INFO data_pipeline.collectors.note_com_browser: article_is_paid_skipping url=https://note.com/careercompass_c/n/n9624099af294
2026-04-15 08:00:30,578 INFO data_pipeline.collectors.note_com_rss: article_paid_skipped url=https://note.com/careercompass_c/n/n9624099af294
2026-04-15 08:00:30,578 INFO data_pipeline.collectors.note_com_browser: scraping_article url=https://note.com/careercompass_c/n/nb78084e7ec72
2026-04-15 08:00:33,020 INFO data_pipeline.collectors.note_com_browser: article_is_paid_skipping url=https://note.com/careercompass_c/n/nb78084e7ec72
2026-04-15 08:00:33,020 INFO data_pipeline.collectors.note_com_rss: article_paid_skipped url=https://note.com/careercompass_c/n/nb78084e7ec72
2026-04-15 08:00:33,020 INFO data_pipeline.collectors.note_com_browser: scraping_article url=https://note.com/careercompass_c/n/n393613d7b063
2026-04-15 08:00:36,104 INFO data_pipeline.collectors.note_com_browser: article_is_paid_skipping url=https://note.com/careercompass_c/n/n393613d7b063
2026-04-15 08:00:36,104 INFO data_pipeline.collectors.note_com_rss: article_paid_skipped url=https://note.com/careercompass_c/n/n393613d7b063
2026-04-15 08:00:36,104 INFO data_pipeline.collectors.note_com_browser: scraping_article url=https://note.com/careercompass_c/n/n9c0460584d4e
2026-04-15 08:00:38,822 INFO data_pipeline.collectors.note_com_browser: article_is_paid_skipping url=https://note.com/careercompass_c/n/n9c0460584d4e
2026-04-15 08:00:38,822 INFO data_pipeline.collectors.note_com_rss: article_paid_skipped url=https://note.com/careercompass_c/n/n9c0460584d4e
2026-04-15 08:00:38,823 INFO data_pipeline.collectors.note_com_browser: scraping_article url=https://note.com/careercompass_c/n/nda96254d6982
2026-04-15 08:00:41,301 INFO data_pipeline.collectors.note_com_browser: article_is_paid_skipping url=https://note.com/careercompass_c/n/nda96254d6982
2026-04-15 08:00:41,301 INFO data_pipeline.collectors.note_com_rss: article_paid_skipped url=https://note.com/careercompass_c/n/nda96254d6982
2026-04-15 08:00:41,301 INFO data_pipeline.collectors.note_com_browser: scraping_article url=https://note.com/careercompass_c/n/n7a63905dc395
2026-04-15 08:00:44,163 INFO data_pipeline.collectors.note_com_browser: article_is_paid_skipping url=https://note.com/careercompass_c/n/n7a63905dc395
2026-04-15 08:00:44,163 INFO data_pipeline.collectors.note_com_rss: article_paid_skipped url=https://note.com/careercompass_c/n/n7a63905dc395
2026-04-15 08:00:44,163 INFO data_pipeline.collectors.note_com_browser: scraping_article url=https://note.com/careercompass_c/n/n7a3fc1036bb1
2026-04-15 08:00:47,020 INFO data_pipeline.collectors.note_com_browser: article_is_paid_skipping url=https://note.com/careercompass_c/n/n7a3fc1036bb1
2026-04-15 08:00:47,020 INFO data_pipeline.collectors.note_com_rss: article_paid_skipped url=https://note.com/careercompass_c/n/n7a3fc1036bb1
2026-04-15 08:00:47,020 INFO data_pipeline.collectors.note_com_browser: scraping_article url=https://note.com/careercompass_c/n/n12dc2c9fdfe4
2026-04-15 08:00:49,560 INFO data_pipeline.collectors.note_com_browser: article_is_paid_skipping url=https://note.com/careercompass_c/n/n12dc2c9fdfe4
2026-04-15 08:00:49,560 INFO data_pipeline.collectors.note_com_rss: article_paid_skipped url=https://note.com/careercompass_c/n/n12dc2c9fdfe4
2026-04-15 08:00:49,560 INFO data_pipeline.collectors.note_com_browser: scraping_article url=https://note.com/careercompass_c/n/n435b55094ddd
2026-04-15 08:00:52,463 INFO data_pipeline.collectors.note_com_browser: article_is_paid_skipping url=https://note.com/careercompass_c/n/n435b55094ddd
2026-04-15 08:00:52,463 INFO data_pipeline.collectors.note_com_rss: article_paid_skipped url=https://note.com/careercompass_c/n/n435b55094ddd
2026-04-15 08:00:52,463 INFO data_pipeline.collectors.note_com_browser: scraping_article url=https://note.com/careercompass_c/n/na6c37d8f7b13
2026-04-15 08:00:54,984 INFO data_pipeline.collectors.note_com_browser: article_is_paid_skipping url=https://note.com/careercompass_c/n/na6c37d8f7b13
2026-04-15 08:00:54,984 INFO data_pipeline.collectors.note_com_rss: article_paid_skipped url=https://note.com/careercompass_c/n/na6c37d8f7b13
2026-04-15 08:00:54,984 INFO data_pipeline.collectors.note_com_browser: scraping_article url=https://note.com/careercompass_c/n/n319f48a998ac
2026-04-15 08:00:57,982 INFO data_pipeline.collectors.note_com_browser: article_is_paid_skipping url=https://note.com/careercompass_c/n/n319f48a998ac
2026-04-15 08:00:57,982 INFO data_pipeline.collectors.note_com_rss: article_paid_skipped url=https://note.com/careercompass_c/n/n319f48a998ac
2026-04-15 08:00:57,982 INFO data_pipeline.collectors.note_com_browser: scraping_article url=https://note.com/careercompass_c/n/ne3d20d5bab96
2026-04-15 08:01:00,775 INFO data_pipeline.collectors.note_com_browser: article_is_paid_skipping url=https://note.com/careercompass_c/n/ne3d20d5bab96
2026-04-15 08:01:00,775 INFO data_pipeline.collectors.note_com_rss: article_paid_skipped url=https://note.com/careercompass_c/n/ne3d20d5bab96
2026-04-15 08:01:00,775 INFO data_pipeline.collectors.note_com_browser: scraping_article url=https://note.com/careercompass_c/n/ncd9de51989a6
2026-04-15 08:01:03,395 INFO data_pipeline.collectors.note_com_browser: article_is_paid_skipping url=https://note.com/careercompass_c/n/ncd9de51989a6
2026-04-15 08:01:03,395 INFO data_pipeline.collectors.note_com_rss: article_paid_skipped url=https://note.com/careercompass_c/n/ncd9de51989a6
2026-04-15 08:01:03,396 INFO data_pipeline.collectors.note_com_browser: scraping_article url=https://note.com/careercompass_c/n/n63c5bc143453
2026-04-15 08:01:05,887 INFO data_pipeline.collectors.note_com_browser: article_is_paid_skipping url=https://note.com/careercompass_c/n/n63c5bc143453
2026-04-15 08:01:05,887 INFO data_pipeline.collectors.note_com_rss: article_paid_skipped url=https://note.com/careercompass_c/n/n63c5bc143453
2026-04-15 08:01:05,887 INFO data_pipeline.collectors.note_com_browser: scraping_article url=https://note.com/careercompass_c/n/n8ae370b7fcf7
2026-04-15 08:01:08,345 INFO data_pipeline.collectors.note_com_browser: article_is_paid_skipping url=https://note.com/careercompass_c/n/n8ae370b7fcf7
2026-04-15 08:01:08,345 INFO data_pipeline.collectors.note_com_rss: article_paid_skipped url=https://note.com/careercompass_c/n/n8ae370b7fcf7
2026-04-15 08:01:08,345 INFO data_pipeline.collectors.note_com_browser: scraping_article url=https://note.com/careercompass_c/n/n7ce4ca5371b1
2026-04-15 08:01:10,965 INFO data_pipeline.collectors.note_com_browser: article_is_paid_skipping url=https://note.com/careercompass_c/n/n7ce4ca5371b1
2026-04-15 08:01:10,965 INFO data_pipeline.collectors.note_com_rss: article_paid_skipped url=https://note.com/careercompass_c/n/n7ce4ca5371b1
2026-04-15 08:01:10,965 INFO data_pipeline.collectors.note_com_browser: scraping_article url=https://note.com/careercompass_c/n/ne9b3c15e1110
2026-04-15 08:01:14,242 INFO data_pipeline.collectors.note_com_browser: article_is_paid_skipping url=https://note.com/careercompass_c/n/ne9b3c15e1110
2026-04-15 08:01:14,242 INFO data_pipeline.collectors.note_com_rss: article_paid_skipped url=https://note.com/careercompass_c/n/ne9b3c15e1110
2026-04-15 08:01:14,242 INFO data_pipeline.collectors.note_com_browser: scraping_article url=https://note.com/careercompass_c/n/n042d7004c291
2026-04-15 08:01:17,085 INFO data_pipeline.collectors.note_com_browser: article_is_paid_skipping url=https://note.com/careercompass_c/n/n042d7004c291
2026-04-15 08:01:17,085 INFO data_pipeline.collectors.note_com_rss: article_paid_skipped url=https://note.com/careercompass_c/n/n042d7004c291
2026-04-15 08:01:17,085 INFO data_pipeline.collectors.note_com_browser: scraping_article url=https://note.com/careercompass_c/n/n868e32b58023
2026-04-15 08:01:19,749 INFO data_pipeline.collectors.note_com_browser: article_is_paid_skipping url=https://note.com/careercompass_c/n/n868e32b58023
2026-04-15 08:01:19,749 INFO data_pipeline.collectors.note_com_rss: article_paid_skipped url=https://note.com/careercompass_c/n/n868e32b58023
2026-04-15 08:01:19,749 INFO data_pipeline.collectors.note_com_browser: scraping_article url=https://note.com/careercompass_c/n/n37eb0bbe322c
2026-04-15 08:01:22,565 INFO data_pipeline.collectors.note_com_browser: article_is_paid_skipping url=https://note.com/careercompass_c/n/n37eb0bbe322c
2026-04-15 08:01:22,565 INFO data_pipeline.collectors.note_com_rss: article_paid_skipped url=https://note.com/careercompass_c/n/n37eb0bbe322c
2026-04-15 08:01:22,565 INFO data_pipeline.collectors.note_com_browser: scraping_article url=https://note.com/dandism56/n/na89104b4ee6e
2026-04-15 08:01:25,412 INFO data_pipeline.collectors.note_com_browser: article_scraped url=https://note.com/dandism56/n/na89104b4ee6e title=働き方を複線化する時代のキャリア論②～転職活動は、職探しではなく自分の経験を市場の言葉に「翻訳」する作業です～ body_length=4971 hashtag_count=31
2026-04-15 08:01:25,522 INFO data_pipeline.collectors.note_com_rss: article_saved url=https://note.com/dandism56/n/na89104b4ee6e title=働き方を複線化する時代のキャリア論②～転職活動は、職探しではなく自分の経験を市場の言葉に「翻訳」する作業です～
2026-04-15 08:01:25,522 INFO data_pipeline.collectors.note_com_browser: scraping_article url=https://note.com/glad_auklet4142/n/n5780ef3b1a71
2026-04-15 08:01:29,420 INFO data_pipeline.collectors.note_com_browser: article_scraped url=https://note.com/glad_auklet4142/n/n5780ef3b1a71 title=🐺 AIさんが選ぶ「今月の記事」Vol.6——オオカミがオオカミの説明をしています。AIさんのミッドナイトステーション ※11  #AI #生成AI #ChatGPT #Claude #Gemini #テクノロジー #AI活用 #AIとやってみた #仕事について話そう #メンバーシップ #自己紹介 #エッセイ #コラム body_length=11747 hashtag_count=78
2026-04-15 08:01:29,485 INFO data_pipeline.collectors.note_com_rss: article_saved url=https://note.com/glad_auklet4142/n/n5780ef3b1a71 title=🐺 AIさんが選ぶ「今月の記事」Vol.6——オオカミがオオカミの説明をしています。AIさんのミッドナイトステーション ※11  #AI #生成AI #ChatGPT #Claude #Gemini #テクノロジー #AI活用 #AIとやってみた #仕事について話そう #メンバーシップ #自己紹介 #エッセイ #コラム
2026-04-15 08:01:29,485 INFO data_pipeline.collectors.note_com_browser: scraping_article url=https://note.com/glad_auklet4142/n/nb797068bdf03
2026-04-15 08:01:32,301 INFO data_pipeline.collectors.note_com_browser: article_scraped url=https://note.com/glad_auklet4142/n/nb797068bdf03 title=【タイ・カンボジアの紛争って、今どうなっている？】「かりそめの停戦」東南アジアの「1つの停戦」が引き起こす物流崩壊と日本の隠れた危機見えない消耗戦があなたの財布を狙う。#米中対立 #覇権争い #グローバルサウス #外交 #安全保障 #国際関係 #チャイナプラスワン #リショアリング #投資戦略 #資産運用 #経営 body_length=1919 hashtag_count=99
2026-04-15 08:01:32,458 INFO data_pipeline.collectors.note_com_rss: article_saved url=https://note.com/glad_auklet4142/n/nb797068bdf03 title=【タイ・カンボジアの紛争って、今どうなっている？】「かりそめの停戦」東南アジアの「1つの停戦」が引き起こす物流崩壊と日本の隠れた危機見えない消耗戦があなたの財布を狙う。#米中対立 #覇権争い #グローバルサウス #外交 #安全保障 #国際関係 #チャイナプラスワン #リショアリング #投資戦略 #資産運用 #経営
2026-04-15 08:01:32,458 INFO data_pipeline.collectors.note_com_browser: scraping_article url=https://note.com/glad_auklet4142/n/n363b803e4a66
2026-04-15 08:01:36,571 INFO data_pipeline.collectors.note_com_browser: article_scraped url=https://note.com/glad_auklet4142/n/n363b803e4a66 title=「宣伝していない有料記事が、値上げ後に売れ続けている。だから¥8,980にします」——"勝手に売れる"が教えてくれた、需要の正体。 #マーケティング #WEBマーケティング #ビジネスコピーライター #在宅副業 #コンテンツビジネス #ビジネス #副業 #起業 #マーケティング #経済 #投資 #経営 #マネタイズ #自己啓発 #仕事 #成功哲学 #ビジネス書 #独立 body_length=8838 hashtag_count=100
2026-04-15 08:01:36,637 INFO data_pipeline.collectors.note_com_rss: article_saved url=https://note.com/glad_auklet4142/n/n363b803e4a66 title=「宣伝していない有料記事が、値上げ後に売れ続けている。だから¥8,980にします」——"勝手に売れる"が教えてくれた、需要の正体。 #マーケティング #WEBマーケティング #ビジネスコピーライター #在宅副業 #コンテンツビジネス #ビジネス #副業 #起業 #マーケティング #経済 #投資 #経営 #マネタイズ #自己啓発 #仕事 #成功哲学 #ビジネス書 #独立
2026-04-15 08:01:36,637 INFO data_pipeline.collectors.note_com_browser: scraping_article url=https://note.com/glad_auklet4142/n/nab818df2fdf8
2026-04-15 08:01:39,675 INFO data_pipeline.collectors.note_com_browser: article_scraped url=https://note.com/glad_auklet4142/n/nab818df2fdf8 title=【AI開発100兆円が消える。ビッグテック4社が仕掛ける】「AIインフラチキンレース」の絶望。底なしのツケと華やかな知能の裏にある泥臭い土木工事。 #生成AI #AI投資 #ビッグテック #データセンター #インフラ #テクノロジー #コスト転嫁 #米国株 #AI株 body_length=1940 hashtag_count=99
2026-04-15 08:01:39,766 INFO data_pipeline.collectors.note_com_rss: article_saved url=https://note.com/glad_auklet4142/n/nab818df2fdf8 title=【AI開発100兆円が消える。ビッグテック4社が仕掛ける】「AIインフラチキンレース」の絶望。底なしのツケと華やかな知能の裏にある泥臭い土木工事。 #生成AI #AI投資 #ビッグテック #データセンター #インフラ #テクノロジー #コスト転嫁 #米国株 #AI株
2026-04-15 08:01:39,766 INFO data_pipeline.collectors.note_com_browser: scraping_article url=https://note.com/glad_auklet4142/n/nd0ebbf94c0ba
2026-04-15 08:01:43,269 INFO data_pipeline.collectors.note_com_browser: article_is_paid_skipping url=https://note.com/glad_auklet4142/n/nd0ebbf94c0ba
2026-04-15 08:01:43,270 INFO data_pipeline.collectors.note_com_rss: article_paid_skipped url=https://note.com/glad_auklet4142/n/nd0ebbf94c0ba
2026-04-15 08:01:43,350 INFO data_pipeline.collectors.note_com_rss: config_updated updated_count=11 timestamp=2026-04-14T23:01:43.350502+00:00
2026-04-15 08:01:43,351 INFO data_pipeline.collectors.note_com_rss: rss_monitor_completed creators_checked=11 new_articles_found=32 articles_saved=6 articles_skipped_paid=26 articles_skipped_duplicate=0 error_count=0
2026-04-15 20:00:05,375 INFO data_pipeline.collectors.note_com_rss: rss_monitor_starting creator_count=11
2026-04-15 20:00:05,729 INFO data_pipeline.collectors.note_com_rss: rss_fetched username=fukuoka1116 entry_count=25
2026-04-15 20:00:06,932 INFO data_pipeline.collectors.note_com_rss: rss_fetched username=sota_career entry_count=25
2026-04-15 20:00:08,103 INFO data_pipeline.collectors.note_com_rss: rss_fetched username=kei_10m_asset entry_count=23
2026-04-15 20:00:08,678 INFO data_pipeline.collectors.note_com_rss: rss_fetched username=careercompass_c entry_count=25
2026-04-15 20:00:10,137 INFO data_pipeline.collectors.note_com_rss: new_entries_found username=careercompass_c new_count=25
2026-04-15 20:00:10,382 INFO data_pipeline.collectors.note_com_rss: rss_fetched username=dandism56 entry_count=25
2026-04-15 20:00:12,669 INFO data_pipeline.collectors.note_com_rss: rss_fetched username=miraicareer_blog entry_count=25
2026-04-15 20:00:13,589 INFO data_pipeline.collectors.note_com_rss: rss_fetched username=glad_auklet4142 entry_count=25
2026-04-15 20:00:15,702 INFO data_pipeline.collectors.note_com_rss: new_entries_found username=glad_auklet4142 new_count=1
2026-04-15 20:00:15,935 INFO data_pipeline.collectors.note_com_rss: rss_fetched username=hide_taxnote entry_count=25
2026-04-15 20:00:18,217 INFO data_pipeline.collectors.note_com_rss: rss_fetched username=mindset_official entry_count=25
2026-04-15 20:00:19,054 INFO data_pipeline.collectors.note_com_rss: rss_fetched username=ruinormalhakkar entry_count=25
2026-04-15 20:00:19,543 INFO data_pipeline.collectors.note_com_rss: rss_fetched username=studyhacker entry_count=0
2026-04-15 20:00:21,027 INFO data_pipeline.collectors.note_com_browser: note_com_browser_started
2026-04-15 20:00:21,027 INFO data_pipeline.collectors.note_com_browser: scraping_article url=https://note.com/careercompass_c/n/n9afdc1d3f828
2026-04-15 20:00:24,535 INFO data_pipeline.collectors.note_com_browser: article_is_paid_skipping url=https://note.com/careercompass_c/n/n9afdc1d3f828
2026-04-15 20:00:24,535 INFO data_pipeline.collectors.note_com_rss: article_paid_skipped url=https://note.com/careercompass_c/n/n9afdc1d3f828
2026-04-15 20:00:24,535 INFO data_pipeline.collectors.note_com_browser: scraping_article url=https://note.com/careercompass_c/n/ned7c8f1a004c
2026-04-15 20:00:27,490 INFO data_pipeline.collectors.note_com_browser: article_is_paid_skipping url=https://note.com/careercompass_c/n/ned7c8f1a004c
2026-04-15 20:00:27,490 INFO data_pipeline.collectors.note_com_rss: article_paid_skipped url=https://note.com/careercompass_c/n/ned7c8f1a004c
2026-04-15 20:00:27,490 INFO data_pipeline.collectors.note_com_browser: scraping_article url=https://note.com/careercompass_c/n/n28f5eed67822
2026-04-15 20:00:30,120 INFO data_pipeline.collectors.note_com_browser: article_is_paid_skipping url=https://note.com/careercompass_c/n/n28f5eed67822
2026-04-15 20:00:30,121 INFO data_pipeline.collectors.note_com_rss: article_paid_skipped url=https://note.com/careercompass_c/n/n28f5eed67822
2026-04-15 20:00:30,121 INFO data_pipeline.collectors.note_com_browser: scraping_article url=https://note.com/careercompass_c/n/n023f0d7e1dae
2026-04-15 20:00:33,002 INFO data_pipeline.collectors.note_com_browser: article_is_paid_skipping url=https://note.com/careercompass_c/n/n023f0d7e1dae
2026-04-15 20:00:33,002 INFO data_pipeline.collectors.note_com_rss: article_paid_skipped url=https://note.com/careercompass_c/n/n023f0d7e1dae
2026-04-15 20:00:33,002 INFO data_pipeline.collectors.note_com_browser: scraping_article url=https://note.com/careercompass_c/n/n48c0614d5b40
2026-04-15 20:00:35,785 INFO data_pipeline.collectors.note_com_browser: article_is_paid_skipping url=https://note.com/careercompass_c/n/n48c0614d5b40
2026-04-15 20:00:35,785 INFO data_pipeline.collectors.note_com_rss: article_paid_skipped url=https://note.com/careercompass_c/n/n48c0614d5b40
2026-04-15 20:00:35,785 INFO data_pipeline.collectors.note_com_browser: scraping_article url=https://note.com/careercompass_c/n/nd12918b3cbe8
2026-04-15 20:00:38,547 INFO data_pipeline.collectors.note_com_browser: article_scraped url=https://note.com/careercompass_c/n/nd12918b3cbe8 title=【第二新卒向け】職務経歴書の作り方完全ガイド｜経験が浅くても受かる書き方と例文 body_length=4163 hashtag_count=98
2026-04-15 20:00:38,648 INFO data_pipeline.collectors.note_com_rss: article_saved url=https://note.com/careercompass_c/n/nd12918b3cbe8 title=【第二新卒向け】職務経歴書の作り方完全ガイド｜経験が浅くても受かる書き方と例文
2026-04-15 20:00:38,648 INFO data_pipeline.collectors.note_com_browser: scraping_article url=https://note.com/careercompass_c/n/nc39df90e78af
2026-04-15 20:00:41,326 INFO data_pipeline.collectors.note_com_browser: article_is_paid_skipping url=https://note.com/careercompass_c/n/nc39df90e78af
2026-04-15 20:00:41,327 INFO data_pipeline.collectors.note_com_rss: article_paid_skipped url=https://note.com/careercompass_c/n/nc39df90e78af
2026-04-15 20:00:41,327 INFO data_pipeline.collectors.note_com_browser: scraping_article url=https://note.com/careercompass_c/n/n9f6381195724
2026-04-15 20:00:44,002 INFO data_pipeline.collectors.note_com_browser: article_is_paid_skipping url=https://note.com/careercompass_c/n/n9f6381195724
2026-04-15 20:00:44,002 INFO data_pipeline.collectors.note_com_rss: article_paid_skipped url=https://note.com/careercompass_c/n/n9f6381195724
2026-04-15 20:00:44,002 INFO data_pipeline.collectors.note_com_browser: scraping_article url=https://note.com/careercompass_c/n/nbaf8af9848ce
2026-04-15 20:00:46,926 INFO data_pipeline.collectors.note_com_browser: article_is_paid_skipping url=https://note.com/careercompass_c/n/nbaf8af9848ce
2026-04-15 20:00:46,926 INFO data_pipeline.collectors.note_com_rss: article_paid_skipped url=https://note.com/careercompass_c/n/nbaf8af9848ce
2026-04-15 20:00:46,926 INFO data_pipeline.collectors.note_com_browser: scraping_article url=https://note.com/careercompass_c/n/n242e2476da56
2026-04-15 20:00:50,014 INFO data_pipeline.collectors.note_com_browser: article_is_paid_skipping url=https://note.com/careercompass_c/n/n242e2476da56
2026-04-15 20:00:50,014 INFO data_pipeline.collectors.note_com_rss: article_paid_skipped url=https://note.com/careercompass_c/n/n242e2476da56
2026-04-15 20:00:50,014 INFO data_pipeline.collectors.note_com_browser: scraping_article url=https://note.com/careercompass_c/n/n7ce5e6f77c20
2026-04-15 20:00:52,698 INFO data_pipeline.collectors.note_com_browser: article_is_paid_skipping url=https://note.com/careercompass_c/n/n7ce5e6f77c20
2026-04-15 20:00:52,698 INFO data_pipeline.collectors.note_com_rss: article_paid_skipped url=https://note.com/careercompass_c/n/n7ce5e6f77c20
2026-04-15 20:00:52,698 INFO data_pipeline.collectors.note_com_browser: scraping_article url=https://note.com/careercompass_c/n/nec8e5207f6aa
2026-04-15 20:00:55,177 INFO data_pipeline.collectors.note_com_browser: article_is_paid_skipping url=https://note.com/careercompass_c/n/nec8e5207f6aa
2026-04-15 20:00:55,178 INFO data_pipeline.collectors.note_com_rss: article_paid_skipped url=https://note.com/careercompass_c/n/nec8e5207f6aa
2026-04-15 20:00:55,178 INFO data_pipeline.collectors.note_com_browser: scraping_article url=https://note.com/careercompass_c/n/n7a1e29017115
2026-04-15 20:00:57,684 INFO data_pipeline.collectors.note_com_browser: article_is_paid_skipping url=https://note.com/careercompass_c/n/n7a1e29017115
2026-04-15 20:00:57,685 INFO data_pipeline.collectors.note_com_rss: article_paid_skipped url=https://note.com/careercompass_c/n/n7a1e29017115
2026-04-15 20:00:57,685 INFO data_pipeline.collectors.note_com_browser: scraping_article url=https://note.com/careercompass_c/n/n975700c8ac4e
2026-04-15 20:01:00,465 INFO data_pipeline.collectors.note_com_browser: article_is_paid_skipping url=https://note.com/careercompass_c/n/n975700c8ac4e
2026-04-15 20:01:00,465 INFO data_pipeline.collectors.note_com_rss: article_paid_skipped url=https://note.com/careercompass_c/n/n975700c8ac4e
2026-04-15 20:01:00,465 INFO data_pipeline.collectors.note_com_browser: scraping_article url=https://note.com/careercompass_c/n/ne5ccb8293245
2026-04-15 20:01:03,636 INFO data_pipeline.collectors.note_com_browser: article_is_paid_skipping url=https://note.com/careercompass_c/n/ne5ccb8293245
2026-04-15 20:01:03,636 INFO data_pipeline.collectors.note_com_rss: article_paid_skipped url=https://note.com/careercompass_c/n/ne5ccb8293245
2026-04-15 20:01:03,636 INFO data_pipeline.collectors.note_com_browser: scraping_article url=https://note.com/careercompass_c/n/n3af77acfbed4
2026-04-15 20:01:06,575 INFO data_pipeline.collectors.note_com_browser: article_is_paid_skipping url=https://note.com/careercompass_c/n/n3af77acfbed4
2026-04-15 20:01:06,575 INFO data_pipeline.collectors.note_com_rss: article_paid_skipped url=https://note.com/careercompass_c/n/n3af77acfbed4
2026-04-15 20:01:06,576 INFO data_pipeline.collectors.note_com_browser: scraping_article url=https://note.com/careercompass_c/n/n9624099af294
2026-04-15 20:01:09,355 INFO data_pipeline.collectors.note_com_browser: article_is_paid_skipping url=https://note.com/careercompass_c/n/n9624099af294
2026-04-15 20:01:09,355 INFO data_pipeline.collectors.note_com_rss: article_paid_skipped url=https://note.com/careercompass_c/n/n9624099af294
2026-04-15 20:01:09,356 INFO data_pipeline.collectors.note_com_browser: scraping_article url=https://note.com/careercompass_c/n/nb78084e7ec72
2026-04-15 20:01:12,438 INFO data_pipeline.collectors.note_com_browser: article_is_paid_skipping url=https://note.com/careercompass_c/n/nb78084e7ec72
2026-04-15 20:01:12,438 INFO data_pipeline.collectors.note_com_rss: article_paid_skipped url=https://note.com/careercompass_c/n/nb78084e7ec72
2026-04-15 20:01:12,438 INFO data_pipeline.collectors.note_com_browser: scraping_article url=https://note.com/careercompass_c/n/n393613d7b063
2026-04-15 20:01:15,062 INFO data_pipeline.collectors.note_com_browser: article_is_paid_skipping url=https://note.com/careercompass_c/n/n393613d7b063
2026-04-15 20:01:15,062 INFO data_pipeline.collectors.note_com_rss: article_paid_skipped url=https://note.com/careercompass_c/n/n393613d7b063
2026-04-15 20:01:15,063 INFO data_pipeline.collectors.note_com_browser: scraping_article url=https://note.com/careercompass_c/n/n9c0460584d4e
2026-04-15 20:01:17,680 INFO data_pipeline.collectors.note_com_browser: article_is_paid_skipping url=https://note.com/careercompass_c/n/n9c0460584d4e
2026-04-15 20:01:17,680 INFO data_pipeline.collectors.note_com_rss: article_paid_skipped url=https://note.com/careercompass_c/n/n9c0460584d4e
2026-04-15 20:01:17,680 INFO data_pipeline.collectors.note_com_browser: scraping_article url=https://note.com/careercompass_c/n/nda96254d6982
2026-04-15 20:01:20,563 INFO data_pipeline.collectors.note_com_browser: article_is_paid_skipping url=https://note.com/careercompass_c/n/nda96254d6982
2026-04-15 20:01:20,563 INFO data_pipeline.collectors.note_com_rss: article_paid_skipped url=https://note.com/careercompass_c/n/nda96254d6982
2026-04-15 20:01:20,563 INFO data_pipeline.collectors.note_com_browser: scraping_article url=https://note.com/careercompass_c/n/n7a63905dc395
2026-04-15 20:01:23,190 INFO data_pipeline.collectors.note_com_browser: article_is_paid_skipping url=https://note.com/careercompass_c/n/n7a63905dc395
2026-04-15 20:01:23,190 INFO data_pipeline.collectors.note_com_rss: article_paid_skipped url=https://note.com/careercompass_c/n/n7a63905dc395
2026-04-15 20:01:23,190 INFO data_pipeline.collectors.note_com_browser: scraping_article url=https://note.com/careercompass_c/n/n7a3fc1036bb1
2026-04-15 20:01:26,108 INFO data_pipeline.collectors.note_com_browser: article_is_paid_skipping url=https://note.com/careercompass_c/n/n7a3fc1036bb1
2026-04-15 20:01:26,108 INFO data_pipeline.collectors.note_com_rss: article_paid_skipped url=https://note.com/careercompass_c/n/n7a3fc1036bb1
2026-04-15 20:01:26,108 INFO data_pipeline.collectors.note_com_browser: scraping_article url=https://note.com/careercompass_c/n/n12dc2c9fdfe4
2026-04-15 20:01:28,621 INFO data_pipeline.collectors.note_com_browser: article_is_paid_skipping url=https://note.com/careercompass_c/n/n12dc2c9fdfe4
2026-04-15 20:01:28,621 INFO data_pipeline.collectors.note_com_rss: article_paid_skipped url=https://note.com/careercompass_c/n/n12dc2c9fdfe4
2026-04-15 20:01:28,621 INFO data_pipeline.collectors.note_com_browser: scraping_article url=https://note.com/careercompass_c/n/n435b55094ddd
2026-04-15 20:01:31,395 INFO data_pipeline.collectors.note_com_browser: article_is_paid_skipping url=https://note.com/careercompass_c/n/n435b55094ddd
2026-04-15 20:01:31,395 INFO data_pipeline.collectors.note_com_rss: article_paid_skipped url=https://note.com/careercompass_c/n/n435b55094ddd
2026-04-15 20:01:31,395 INFO data_pipeline.collectors.note_com_browser: scraping_article url=https://note.com/glad_auklet4142/n/nd0ebbf94c0ba
2026-04-15 20:01:34,077 INFO data_pipeline.collectors.note_com_browser: article_is_paid_skipping url=https://note.com/glad_auklet4142/n/nd0ebbf94c0ba
2026-04-15 20:01:34,077 INFO data_pipeline.collectors.note_com_rss: article_paid_skipped url=https://note.com/glad_auklet4142/n/nd0ebbf94c0ba
2026-04-15 20:01:34,166 INFO data_pipeline.collectors.note_com_rss: config_updated updated_count=11 timestamp=2026-04-15T11:01:34.166433+00:00
2026-04-15 20:01:34,166 INFO data_pipeline.collectors.note_com_rss: rss_monitor_completed creators_checked=11 new_articles_found=26 articles_saved=1 articles_skipped_paid=25 articles_skipped_duplicate=0 error_count=0
2026-04-16 08:00:05,551 INFO data_pipeline.collectors.note_com_rss: rss_monitor_starting creator_count=11
2026-04-16 08:00:05,862 INFO data_pipeline.collectors.note_com_rss: rss_fetched username=fukuoka1116 entry_count=25
2026-04-16 08:00:06,729 INFO data_pipeline.collectors.note_com_rss: rss_fetched username=sota_career entry_count=25
2026-04-16 08:00:07,253 INFO data_pipeline.collectors.note_com_rss: rss_fetched username=kei_10m_asset entry_count=23
2026-04-16 08:00:07,635 INFO data_pipeline.collectors.note_com_rss: rss_fetched username=careercompass_c entry_count=25
2026-04-16 08:00:08,049 INFO data_pipeline.collectors.note_com_rss: new_entries_found username=careercompass_c new_count=24
2026-04-16 08:00:08,273 INFO data_pipeline.collectors.note_com_rss: rss_fetched username=dandism56 entry_count=25
2026-04-16 08:00:08,832 INFO data_pipeline.collectors.note_com_rss: new_entries_found username=dandism56 new_count=1
2026-04-16 08:00:09,065 INFO data_pipeline.collectors.note_com_rss: rss_fetched username=miraicareer_blog entry_count=25
2026-04-16 08:00:09,605 INFO data_pipeline.collectors.note_com_rss: rss_fetched username=glad_auklet4142 entry_count=25
2026-04-16 08:00:11,489 INFO data_pipeline.collectors.note_com_rss: new_entries_found username=glad_auklet4142 new_count=3
2026-04-16 08:00:11,829 INFO data_pipeline.collectors.note_com_rss: rss_fetched username=hide_taxnote entry_count=25
2026-04-16 08:00:12,759 INFO data_pipeline.collectors.note_com_rss: new_entries_found username=hide_taxnote new_count=2
2026-04-16 08:00:13,095 INFO data_pipeline.collectors.note_com_rss: rss_fetched username=mindset_official entry_count=25
2026-04-16 08:00:13,898 INFO data_pipeline.collectors.note_com_rss: rss_fetched username=ruinormalhakkar entry_count=25
2026-04-16 08:00:14,702 INFO data_pipeline.collectors.note_com_rss: rss_fetched username=studyhacker entry_count=0
2026-04-16 08:00:16,138 INFO data_pipeline.collectors.note_com_browser: note_com_browser_started
2026-04-16 08:00:16,138 INFO data_pipeline.collectors.note_com_browser: scraping_article url=https://note.com/careercompass_c/n/n9afdc1d3f828
2026-04-16 08:00:19,253 INFO data_pipeline.collectors.note_com_browser: article_is_paid_skipping url=https://note.com/careercompass_c/n/n9afdc1d3f828
2026-04-16 08:00:19,254 INFO data_pipeline.collectors.note_com_rss: article_paid_skipped url=https://note.com/careercompass_c/n/n9afdc1d3f828
2026-04-16 08:00:19,254 INFO data_pipeline.collectors.note_com_browser: scraping_article url=https://note.com/careercompass_c/n/ned7c8f1a004c
2026-04-16 08:00:22,041 INFO data_pipeline.collectors.note_com_browser: article_is_paid_skipping url=https://note.com/careercompass_c/n/ned7c8f1a004c
2026-04-16 08:00:22,041 INFO data_pipeline.collectors.note_com_rss: article_paid_skipped url=https://note.com/careercompass_c/n/ned7c8f1a004c
2026-04-16 08:00:22,041 INFO data_pipeline.collectors.note_com_browser: scraping_article url=https://note.com/careercompass_c/n/n28f5eed67822
2026-04-16 08:00:24,590 INFO data_pipeline.collectors.note_com_browser: article_is_paid_skipping url=https://note.com/careercompass_c/n/n28f5eed67822
2026-04-16 08:00:24,590 INFO data_pipeline.collectors.note_com_rss: article_paid_skipped url=https://note.com/careercompass_c/n/n28f5eed67822
2026-04-16 08:00:24,590 INFO data_pipeline.collectors.note_com_browser: scraping_article url=https://note.com/careercompass_c/n/n023f0d7e1dae
2026-04-16 08:00:27,483 INFO data_pipeline.collectors.note_com_browser: article_is_paid_skipping url=https://note.com/careercompass_c/n/n023f0d7e1dae
2026-04-16 08:00:27,483 INFO data_pipeline.collectors.note_com_rss: article_paid_skipped url=https://note.com/careercompass_c/n/n023f0d7e1dae
2026-04-16 08:00:27,483 INFO data_pipeline.collectors.note_com_browser: scraping_article url=https://note.com/careercompass_c/n/n48c0614d5b40
2026-04-16 08:00:30,342 INFO data_pipeline.collectors.note_com_browser: article_is_paid_skipping url=https://note.com/careercompass_c/n/n48c0614d5b40
2026-04-16 08:00:30,342 INFO data_pipeline.collectors.note_com_rss: article_paid_skipped url=https://note.com/careercompass_c/n/n48c0614d5b40
2026-04-16 08:00:30,342 INFO data_pipeline.collectors.note_com_browser: scraping_article url=https://note.com/careercompass_c/n/nc39df90e78af
2026-04-16 08:00:33,246 INFO data_pipeline.collectors.note_com_browser: article_is_paid_skipping url=https://note.com/careercompass_c/n/nc39df90e78af
2026-04-16 08:00:33,246 INFO data_pipeline.collectors.note_com_rss: article_paid_skipped url=https://note.com/careercompass_c/n/nc39df90e78af
2026-04-16 08:00:33,247 INFO data_pipeline.collectors.note_com_browser: scraping_article url=https://note.com/careercompass_c/n/n9f6381195724
2026-04-16 08:00:35,718 INFO data_pipeline.collectors.note_com_browser: article_is_paid_skipping url=https://note.com/careercompass_c/n/n9f6381195724
2026-04-16 08:00:35,718 INFO data_pipeline.collectors.note_com_rss: article_paid_skipped url=https://note.com/careercompass_c/n/n9f6381195724
2026-04-16 08:00:35,718 INFO data_pipeline.collectors.note_com_browser: scraping_article url=https://note.com/careercompass_c/n/nbaf8af9848ce
2026-04-16 08:00:38,736 INFO data_pipeline.collectors.note_com_browser: article_is_paid_skipping url=https://note.com/careercompass_c/n/nbaf8af9848ce
2026-04-16 08:00:38,736 INFO data_pipeline.collectors.note_com_rss: article_paid_skipped url=https://note.com/careercompass_c/n/nbaf8af9848ce
2026-04-16 08:00:38,736 INFO data_pipeline.collectors.note_com_browser: scraping_article url=https://note.com/careercompass_c/n/n242e2476da56
2026-04-16 08:00:41,682 INFO data_pipeline.collectors.note_com_browser: article_is_paid_skipping url=https://note.com/careercompass_c/n/n242e2476da56
2026-04-16 08:00:41,682 INFO data_pipeline.collectors.note_com_rss: article_paid_skipped url=https://note.com/careercompass_c/n/n242e2476da56
2026-04-16 08:00:41,682 INFO data_pipeline.collectors.note_com_browser: scraping_article url=https://note.com/careercompass_c/n/n7ce5e6f77c20
2026-04-16 08:00:44,676 INFO data_pipeline.collectors.note_com_browser: article_is_paid_skipping url=https://note.com/careercompass_c/n/n7ce5e6f77c20
2026-04-16 08:00:44,676 INFO data_pipeline.collectors.note_com_rss: article_paid_skipped url=https://note.com/careercompass_c/n/n7ce5e6f77c20
2026-04-16 08:00:44,676 INFO data_pipeline.collectors.note_com_browser: scraping_article url=https://note.com/careercompass_c/n/nec8e5207f6aa
2026-04-16 08:00:47,605 INFO data_pipeline.collectors.note_com_browser: article_is_paid_skipping url=https://note.com/careercompass_c/n/nec8e5207f6aa
2026-04-16 08:00:47,605 INFO data_pipeline.collectors.note_com_rss: article_paid_skipped url=https://note.com/careercompass_c/n/nec8e5207f6aa
2026-04-16 08:00:47,605 INFO data_pipeline.collectors.note_com_browser: scraping_article url=https://note.com/careercompass_c/n/n7a1e29017115
2026-04-16 08:00:50,248 INFO data_pipeline.collectors.note_com_browser: article_is_paid_skipping url=https://note.com/careercompass_c/n/n7a1e29017115
2026-04-16 08:00:50,248 INFO data_pipeline.collectors.note_com_rss: article_paid_skipped url=https://note.com/careercompass_c/n/n7a1e29017115
2026-04-16 08:00:50,248 INFO data_pipeline.collectors.note_com_browser: scraping_article url=https://note.com/careercompass_c/n/n975700c8ac4e
2026-04-16 08:00:52,943 INFO data_pipeline.collectors.note_com_browser: article_is_paid_skipping url=https://note.com/careercompass_c/n/n975700c8ac4e
2026-04-16 08:00:52,943 INFO data_pipeline.collectors.note_com_rss: article_paid_skipped url=https://note.com/careercompass_c/n/n975700c8ac4e
2026-04-16 08:00:52,943 INFO data_pipeline.collectors.note_com_browser: scraping_article url=https://note.com/careercompass_c/n/ne5ccb8293245
2026-04-16 08:00:55,781 INFO data_pipeline.collectors.note_com_browser: article_is_paid_skipping url=https://note.com/careercompass_c/n/ne5ccb8293245
2026-04-16 08:00:55,781 INFO data_pipeline.collectors.note_com_rss: article_paid_skipped url=https://note.com/careercompass_c/n/ne5ccb8293245
2026-04-16 08:00:55,781 INFO data_pipeline.collectors.note_com_browser: scraping_article url=https://note.com/careercompass_c/n/n3af77acfbed4
2026-04-16 08:00:58,634 INFO data_pipeline.collectors.note_com_browser: article_is_paid_skipping url=https://note.com/careercompass_c/n/n3af77acfbed4
2026-04-16 08:00:58,634 INFO data_pipeline.collectors.note_com_rss: article_paid_skipped url=https://note.com/careercompass_c/n/n3af77acfbed4
2026-04-16 08:00:58,634 INFO data_pipeline.collectors.note_com_browser: scraping_article url=https://note.com/careercompass_c/n/n9624099af294
2026-04-16 08:01:01,571 INFO data_pipeline.collectors.note_com_browser: article_is_paid_skipping url=https://note.com/careercompass_c/n/n9624099af294
2026-04-16 08:01:01,572 INFO data_pipeline.collectors.note_com_rss: article_paid_skipped url=https://note.com/careercompass_c/n/n9624099af294
2026-04-16 08:01:01,572 INFO data_pipeline.collectors.note_com_browser: scraping_article url=https://note.com/careercompass_c/n/nb78084e7ec72
2026-04-16 08:01:04,580 INFO data_pipeline.collectors.note_com_browser: article_is_paid_skipping url=https://note.com/careercompass_c/n/nb78084e7ec72
2026-04-16 08:01:04,581 INFO data_pipeline.collectors.note_com_rss: article_paid_skipped url=https://note.com/careercompass_c/n/nb78084e7ec72
2026-04-16 08:01:04,581 INFO data_pipeline.collectors.note_com_browser: scraping_article url=https://note.com/careercompass_c/n/n393613d7b063
2026-04-16 08:01:07,563 INFO data_pipeline.collectors.note_com_browser: article_is_paid_skipping url=https://note.com/careercompass_c/n/n393613d7b063
2026-04-16 08:01:07,563 INFO data_pipeline.collectors.note_com_rss: article_paid_skipped url=https://note.com/careercompass_c/n/n393613d7b063
2026-04-16 08:01:07,563 INFO data_pipeline.collectors.note_com_browser: scraping_article url=https://note.com/careercompass_c/n/n9c0460584d4e
2026-04-16 08:01:10,449 INFO data_pipeline.collectors.note_com_browser: article_is_paid_skipping url=https://note.com/careercompass_c/n/n9c0460584d4e
2026-04-16 08:01:10,449 INFO data_pipeline.collectors.note_com_rss: article_paid_skipped url=https://note.com/careercompass_c/n/n9c0460584d4e
2026-04-16 08:01:10,449 INFO data_pipeline.collectors.note_com_browser: scraping_article url=https://note.com/careercompass_c/n/nda96254d6982
2026-04-16 08:01:13,205 INFO data_pipeline.collectors.note_com_browser: article_is_paid_skipping url=https://note.com/careercompass_c/n/nda96254d6982
2026-04-16 08:01:13,205 INFO data_pipeline.collectors.note_com_rss: article_paid_skipped url=https://note.com/careercompass_c/n/nda96254d6982
2026-04-16 08:01:13,205 INFO data_pipeline.collectors.note_com_browser: scraping_article url=https://note.com/careercompass_c/n/n7a63905dc395
2026-04-16 08:01:15,735 INFO data_pipeline.collectors.note_com_browser: article_is_paid_skipping url=https://note.com/careercompass_c/n/n7a63905dc395
2026-04-16 08:01:15,735 INFO data_pipeline.collectors.note_com_rss: article_paid_skipped url=https://note.com/careercompass_c/n/n7a63905dc395
2026-04-16 08:01:15,735 INFO data_pipeline.collectors.note_com_browser: scraping_article url=https://note.com/careercompass_c/n/n7a3fc1036bb1
2026-04-16 08:01:18,598 INFO data_pipeline.collectors.note_com_browser: article_is_paid_skipping url=https://note.com/careercompass_c/n/n7a3fc1036bb1
2026-04-16 08:01:18,598 INFO data_pipeline.collectors.note_com_rss: article_paid_skipped url=https://note.com/careercompass_c/n/n7a3fc1036bb1
2026-04-16 08:01:18,599 INFO data_pipeline.collectors.note_com_browser: scraping_article url=https://note.com/careercompass_c/n/n12dc2c9fdfe4
2026-04-16 08:01:21,119 INFO data_pipeline.collectors.note_com_browser: article_is_paid_skipping url=https://note.com/careercompass_c/n/n12dc2c9fdfe4
2026-04-16 08:01:21,119 INFO data_pipeline.collectors.note_com_rss: article_paid_skipped url=https://note.com/careercompass_c/n/n12dc2c9fdfe4
2026-04-16 08:01:21,119 INFO data_pipeline.collectors.note_com_browser: scraping_article url=https://note.com/careercompass_c/n/n435b55094ddd
2026-04-16 08:01:23,710 INFO data_pipeline.collectors.note_com_browser: article_is_paid_skipping url=https://note.com/careercompass_c/n/n435b55094ddd
2026-04-16 08:01:23,710 INFO data_pipeline.collectors.note_com_rss: article_paid_skipped url=https://note.com/careercompass_c/n/n435b55094ddd
2026-04-16 08:01:23,710 INFO data_pipeline.collectors.note_com_browser: scraping_article url=https://note.com/dandism56/n/n5e7b7cbbafc5
2026-04-16 08:01:26,980 INFO data_pipeline.collectors.note_com_browser: article_scraped url=https://note.com/dandism56/n/n5e7b7cbbafc5 title=働き方を複線化する時代のキャリア論③～自己分析で人生は決まらない。先に見るべきは“苦しくなる条件”です～ body_length=5242 hashtag_count=21
2026-04-16 08:01:27,088 INFO data_pipeline.collectors.note_com_rss: article_saved url=https://note.com/dandism56/n/n5e7b7cbbafc5 title=働き方を複線化する時代のキャリア論③～自己分析で人生は決まらない。先に見るべきは“苦しくなる条件”です～
2026-04-16 08:01:27,088 INFO data_pipeline.collectors.note_com_browser: scraping_article url=https://note.com/glad_auklet4142/n/n4ad1ad5680c8
2026-04-16 08:01:30,014 INFO data_pipeline.collectors.note_com_browser: article_scraped url=https://note.com/glad_auklet4142/n/n4ad1ad5680c8 title=【AIの終着点は軍事？】OpenAI「140億ドル赤字」とペンタゴン事件。140億ドルの赤字を垂れ流すAI企業はなぜ死なないのか？軍事マネーに呑まれるAIの真実 #生成AI #ChatGPT #OpenAI #軍事 #地政学 #国家インフラ #ビジネスモデル #赤字 #決算分析 #テクノロジー #Claude #生存戦略 body_length=1519 hashtag_count=100
2026-04-16 08:01:30,113 INFO data_pipeline.collectors.note_com_rss: article_saved url=https://note.com/glad_auklet4142/n/n4ad1ad5680c8 title=【AIの終着点は軍事？】OpenAI「140億ドル赤字」とペンタゴン事件。140億ドルの赤字を垂れ流すAI企業はなぜ死なないのか？軍事マネーに呑まれるAIの真実 #生成AI #ChatGPT #OpenAI #軍事 #地政学 #国家インフラ #ビジネスモデル #赤字 #決算分析 #テクノロジー #Claude #生存戦略
2026-04-16 08:01:30,113 INFO data_pipeline.collectors.note_com_browser: scraping_article url=https://note.com/glad_auklet4142/n/ncf64a1bcc3e1
2026-04-16 08:01:33,246 INFO data_pipeline.collectors.note_com_browser: article_scraped url=https://note.com/glad_auklet4142/n/ncf64a1bcc3e1 title=【関税の壁をすり抜ける中国製造業】東南アジアへの「偽装引っ越し」のリアル。叩けば叩くほど強靭になる中国工場、96%のコストを払うのは誰か？ #関税 #サプライチェーン #中国輸入 #原価高騰 #貿易 #家計防衛 body_length=1735 hashtag_count=100
2026-04-16 08:01:33,330 INFO data_pipeline.collectors.note_com_rss: article_saved url=https://note.com/glad_auklet4142/n/ncf64a1bcc3e1 title=【関税の壁をすり抜ける中国製造業】東南アジアへの「偽装引っ越し」のリアル。叩けば叩くほど強靭になる中国工場、96%のコストを払うのは誰か？ #関税 #サプライチェーン #中国輸入 #原価高騰 #貿易 #家計防衛
2026-04-16 08:01:33,330 INFO data_pipeline.collectors.note_com_browser: scraping_article url=https://note.com/glad_auklet4142/n/n672470a3e657
2026-04-16 08:01:37,258 INFO data_pipeline.collectors.note_com_browser: article_scraped url=https://note.com/glad_auklet4142/n/n672470a3e657 title=【スキ200個もらった夜に、胃が冷えた】「共感される人」が永遠に売れない脳科学的な理由。あなたの無料記事は「無料の美術館」になっていないか？ #生成AI #ChatGPT #Gemini #Claude #AI #メンバーシップ #noteの書き方 #毎日投稿 #エッセイ #私の仕事 body_length=21091 hashtag_count=100
2026-04-16 08:01:37,334 INFO data_pipeline.collectors.note_com_rss: article_saved url=https://note.com/glad_auklet4142/n/n672470a3e657 title=【スキ200個もらった夜に、胃が冷えた】「共感される人」が永遠に売れない脳科学的な理由。あなたの無料記事は「無料の美術館」になっていないか？ #生成AI #ChatGPT #Gemini #Claude #AI #メンバーシップ #noteの書き方 #毎日投稿 #エッセイ #私の仕事
2026-04-16 08:01:37,334 INFO data_pipeline.collectors.note_com_browser: scraping_article url=https://note.com/hide_taxnote/n/n763dccb47be1
2026-04-16 08:01:40,410 INFO data_pipeline.collectors.note_com_browser: article_scraped url=https://note.com/hide_taxnote/n/n763dccb47be1 title=10年後のポートフォリオに、「筋肉」と「健康な胃腸」は組み込まれていますか？ body_length=1860 hashtag_count=20
2026-04-16 08:01:40,547 INFO data_pipeline.collectors.note_com_rss: article_saved url=https://note.com/hide_taxnote/n/n763dccb47be1 title=10年後のポートフォリオに、「筋肉」と「健康な胃腸」は組み込まれていますか？
2026-04-16 08:01:40,547 INFO data_pipeline.collectors.note_com_browser: scraping_article url=https://note.com/hide_taxnote/n/n444512919a62
2026-04-16 08:01:43,248 INFO data_pipeline.collectors.note_com_browser: article_scraped url=https://note.com/hide_taxnote/n/n444512919a62 title=2026年4月15日｜日経平均・東京株式市場・米国株：ポイント解説と明日の展望 body_length=4354 hashtag_count=14
2026-04-16 08:01:43,327 INFO data_pipeline.collectors.note_com_rss: article_saved url=https://note.com/hide_taxnote/n/n444512919a62 title=2026年4月15日｜日経平均・東京株式市場・米国株：ポイント解説と明日の展望
2026-04-16 08:01:43,419 INFO data_pipeline.collectors.note_com_rss: config_updated updated_count=11 timestamp=2026-04-15T23:01:43.419074+00:00
2026-04-16 08:01:43,419 INFO data_pipeline.collectors.note_com_rss: rss_monitor_completed creators_checked=11 new_articles_found=30 articles_saved=6 articles_skipped_paid=24 articles_skipped_duplicate=0 error_count=0
2026-04-16 20:00:05,372 INFO data_pipeline.collectors.note_com_rss: rss_monitor_starting creator_count=11
2026-04-16 20:00:05,670 INFO data_pipeline.collectors.note_com_rss: rss_fetched username=fukuoka1116 entry_count=25
2026-04-16 20:00:06,741 INFO data_pipeline.collectors.note_com_rss: rss_fetched username=sota_career entry_count=25
2026-04-16 20:00:07,370 INFO data_pipeline.collectors.note_com_rss: rss_fetched username=kei_10m_asset entry_count=23
2026-04-16 20:00:07,790 INFO data_pipeline.collectors.note_com_rss: rss_fetched username=careercompass_c entry_count=25
2026-04-16 20:00:09,249 INFO data_pipeline.collectors.note_com_rss: new_entries_found username=careercompass_c new_count=24
2026-04-16 20:00:09,506 INFO data_pipeline.collectors.note_com_rss: rss_fetched username=dandism56 entry_count=25
2026-04-16 20:00:11,846 INFO data_pipeline.collectors.note_com_rss: rss_fetched username=miraicareer_blog entry_count=25
2026-04-16 20:00:12,760 INFO data_pipeline.collectors.note_com_rss: rss_fetched username=glad_auklet4142 entry_count=25
2026-04-16 20:00:15,314 INFO data_pipeline.collectors.note_com_rss: new_entries_found username=glad_auklet4142 new_count=1
2026-04-16 20:00:15,538 INFO data_pipeline.collectors.note_com_rss: rss_fetched username=hide_taxnote entry_count=25
2026-04-16 20:00:17,827 INFO data_pipeline.collectors.note_com_rss: rss_fetched username=mindset_official entry_count=25
2026-04-16 20:00:18,433 INFO data_pipeline.collectors.note_com_rss: rss_fetched username=ruinormalhakkar entry_count=25
2026-04-16 20:00:18,853 INFO data_pipeline.collectors.note_com_rss: rss_fetched username=studyhacker entry_count=0
2026-04-16 20:00:20,648 INFO data_pipeline.collectors.note_com_browser: note_com_browser_started
2026-04-16 20:00:20,648 INFO data_pipeline.collectors.note_com_browser: scraping_article url=https://note.com/careercompass_c/n/n52d2d09604c1
2026-04-16 20:00:23,565 INFO data_pipeline.collectors.note_com_browser: article_is_paid_skipping url=https://note.com/careercompass_c/n/n52d2d09604c1
2026-04-16 20:00:23,566 INFO data_pipeline.collectors.note_com_rss: article_paid_skipped url=https://note.com/careercompass_c/n/n52d2d09604c1
2026-04-16 20:00:23,566 INFO data_pipeline.collectors.note_com_browser: scraping_article url=https://note.com/careercompass_c/n/n1cb4e0b9e662
2026-04-16 20:00:26,305 INFO data_pipeline.collectors.note_com_browser: article_is_paid_skipping url=https://note.com/careercompass_c/n/n1cb4e0b9e662
2026-04-16 20:00:26,305 INFO data_pipeline.collectors.note_com_rss: article_paid_skipped url=https://note.com/careercompass_c/n/n1cb4e0b9e662
2026-04-16 20:00:26,305 INFO data_pipeline.collectors.note_com_browser: scraping_article url=https://note.com/careercompass_c/n/n0b372b5dc224
2026-04-16 20:00:29,011 INFO data_pipeline.collectors.note_com_browser: article_is_paid_skipping url=https://note.com/careercompass_c/n/n0b372b5dc224
2026-04-16 20:00:29,011 INFO data_pipeline.collectors.note_com_rss: article_paid_skipped url=https://note.com/careercompass_c/n/n0b372b5dc224
2026-04-16 20:00:29,011 INFO data_pipeline.collectors.note_com_browser: scraping_article url=https://note.com/careercompass_c/n/nfb03e766f7e3
2026-04-16 20:00:32,057 INFO data_pipeline.collectors.note_com_browser: article_is_paid_skipping url=https://note.com/careercompass_c/n/nfb03e766f7e3
2026-04-16 20:00:32,057 INFO data_pipeline.collectors.note_com_rss: article_paid_skipped url=https://note.com/careercompass_c/n/nfb03e766f7e3
2026-04-16 20:00:32,057 INFO data_pipeline.collectors.note_com_browser: scraping_article url=https://note.com/careercompass_c/n/ncdb8b50e300b
2026-04-16 20:00:34,571 INFO data_pipeline.collectors.note_com_browser: article_is_paid_skipping url=https://note.com/careercompass_c/n/ncdb8b50e300b
2026-04-16 20:00:34,571 INFO data_pipeline.collectors.note_com_rss: article_paid_skipped url=https://note.com/careercompass_c/n/ncdb8b50e300b
2026-04-16 20:00:34,571 INFO data_pipeline.collectors.note_com_browser: scraping_article url=https://note.com/careercompass_c/n/n4338ff3270da
2026-04-16 20:00:37,196 INFO data_pipeline.collectors.note_com_browser: article_is_paid_skipping url=https://note.com/careercompass_c/n/n4338ff3270da
2026-04-16 20:00:37,196 INFO data_pipeline.collectors.note_com_rss: article_paid_skipped url=https://note.com/careercompass_c/n/n4338ff3270da
2026-04-16 20:00:37,197 INFO data_pipeline.collectors.note_com_browser: scraping_article url=https://note.com/careercompass_c/n/nb55d3cdb6141
2026-04-16 20:00:40,271 INFO data_pipeline.collectors.note_com_browser: article_is_paid_skipping url=https://note.com/careercompass_c/n/nb55d3cdb6141
2026-04-16 20:00:40,271 INFO data_pipeline.collectors.note_com_rss: article_paid_skipped url=https://note.com/careercompass_c/n/nb55d3cdb6141
2026-04-16 20:00:40,271 INFO data_pipeline.collectors.note_com_browser: scraping_article url=https://note.com/careercompass_c/n/n33329f45f85d
2026-04-16 20:00:42,925 INFO data_pipeline.collectors.note_com_browser: article_is_paid_skipping url=https://note.com/careercompass_c/n/n33329f45f85d
2026-04-16 20:00:42,925 INFO data_pipeline.collectors.note_com_rss: article_paid_skipped url=https://note.com/careercompass_c/n/n33329f45f85d
2026-04-16 20:00:42,925 INFO data_pipeline.collectors.note_com_browser: scraping_article url=https://note.com/careercompass_c/n/n1f3fb4c739c8
2026-04-16 20:00:45,615 INFO data_pipeline.collectors.note_com_browser: article_is_paid_skipping url=https://note.com/careercompass_c/n/n1f3fb4c739c8
2026-04-16 20:00:45,615 INFO data_pipeline.collectors.note_com_rss: article_paid_skipped url=https://note.com/careercompass_c/n/n1f3fb4c739c8
2026-04-16 20:00:45,615 INFO data_pipeline.collectors.note_com_browser: scraping_article url=https://note.com/careercompass_c/n/n05ee231ac54e
2026-04-16 20:00:48,296 INFO data_pipeline.collectors.note_com_browser: article_is_paid_skipping url=https://note.com/careercompass_c/n/n05ee231ac54e
2026-04-16 20:00:48,296 INFO data_pipeline.collectors.note_com_rss: article_paid_skipped url=https://note.com/careercompass_c/n/n05ee231ac54e
2026-04-16 20:00:48,296 INFO data_pipeline.collectors.note_com_browser: scraping_article url=https://note.com/careercompass_c/n/n9afdc1d3f828
2026-04-16 20:00:51,171 INFO data_pipeline.collectors.note_com_browser: article_is_paid_skipping url=https://note.com/careercompass_c/n/n9afdc1d3f828
2026-04-16 20:00:51,171 INFO data_pipeline.collectors.note_com_rss: article_paid_skipped url=https://note.com/careercompass_c/n/n9afdc1d3f828
2026-04-16 20:00:51,171 INFO data_pipeline.collectors.note_com_browser: scraping_article url=https://note.com/careercompass_c/n/ned7c8f1a004c
2026-04-16 20:00:53,954 INFO data_pipeline.collectors.note_com_browser: article_is_paid_skipping url=https://note.com/careercompass_c/n/ned7c8f1a004c
2026-04-16 20:00:53,954 INFO data_pipeline.collectors.note_com_rss: article_paid_skipped url=https://note.com/careercompass_c/n/ned7c8f1a004c
2026-04-16 20:00:53,954 INFO data_pipeline.collectors.note_com_browser: scraping_article url=https://note.com/careercompass_c/n/n28f5eed67822
2026-04-16 20:00:56,670 INFO data_pipeline.collectors.note_com_browser: article_is_paid_skipping url=https://note.com/careercompass_c/n/n28f5eed67822
2026-04-16 20:00:56,671 INFO data_pipeline.collectors.note_com_rss: article_paid_skipped url=https://note.com/careercompass_c/n/n28f5eed67822
2026-04-16 20:00:56,671 INFO data_pipeline.collectors.note_com_browser: scraping_article url=https://note.com/careercompass_c/n/n023f0d7e1dae
2026-04-16 20:00:59,498 INFO data_pipeline.collectors.note_com_browser: article_is_paid_skipping url=https://note.com/careercompass_c/n/n023f0d7e1dae
2026-04-16 20:00:59,498 INFO data_pipeline.collectors.note_com_rss: article_paid_skipped url=https://note.com/careercompass_c/n/n023f0d7e1dae
2026-04-16 20:00:59,498 INFO data_pipeline.collectors.note_com_browser: scraping_article url=https://note.com/careercompass_c/n/n48c0614d5b40
2026-04-16 20:01:02,042 INFO data_pipeline.collectors.note_com_browser: article_is_paid_skipping url=https://note.com/careercompass_c/n/n48c0614d5b40
2026-04-16 20:01:02,042 INFO data_pipeline.collectors.note_com_rss: article_paid_skipped url=https://note.com/careercompass_c/n/n48c0614d5b40
2026-04-16 20:01:02,042 INFO data_pipeline.collectors.note_com_browser: scraping_article url=https://note.com/careercompass_c/n/nc39df90e78af
2026-04-16 20:01:04,778 INFO data_pipeline.collectors.note_com_browser: article_is_paid_skipping url=https://note.com/careercompass_c/n/nc39df90e78af
2026-04-16 20:01:04,778 INFO data_pipeline.collectors.note_com_rss: article_paid_skipped url=https://note.com/careercompass_c/n/nc39df90e78af
2026-04-16 20:01:04,778 INFO data_pipeline.collectors.note_com_browser: scraping_article url=https://note.com/careercompass_c/n/n9f6381195724
2026-04-16 20:01:07,609 INFO data_pipeline.collectors.note_com_browser: article_is_paid_skipping url=https://note.com/careercompass_c/n/n9f6381195724
2026-04-16 20:01:07,609 INFO data_pipeline.collectors.note_com_rss: article_paid_skipped url=https://note.com/careercompass_c/n/n9f6381195724
2026-04-16 20:01:07,609 INFO data_pipeline.collectors.note_com_browser: scraping_article url=https://note.com/careercompass_c/n/nbaf8af9848ce
2026-04-16 20:01:10,511 INFO data_pipeline.collectors.note_com_browser: article_is_paid_skipping url=https://note.com/careercompass_c/n/nbaf8af9848ce
2026-04-16 20:01:10,511 INFO data_pipeline.collectors.note_com_rss: article_paid_skipped url=https://note.com/careercompass_c/n/nbaf8af9848ce
2026-04-16 20:01:10,511 INFO data_pipeline.collectors.note_com_browser: scraping_article url=https://note.com/careercompass_c/n/n242e2476da56
2026-04-16 20:01:13,177 INFO data_pipeline.collectors.note_com_browser: article_is_paid_skipping url=https://note.com/careercompass_c/n/n242e2476da56
2026-04-16 20:01:13,177 INFO data_pipeline.collectors.note_com_rss: article_paid_skipped url=https://note.com/careercompass_c/n/n242e2476da56
2026-04-16 20:01:13,177 INFO data_pipeline.collectors.note_com_browser: scraping_article url=https://note.com/careercompass_c/n/n7ce5e6f77c20
2026-04-16 20:01:15,981 INFO data_pipeline.collectors.note_com_browser: article_is_paid_skipping url=https://note.com/careercompass_c/n/n7ce5e6f77c20
2026-04-16 20:01:15,981 INFO data_pipeline.collectors.note_com_rss: article_paid_skipped url=https://note.com/careercompass_c/n/n7ce5e6f77c20
2026-04-16 20:01:15,981 INFO data_pipeline.collectors.note_com_browser: scraping_article url=https://note.com/careercompass_c/n/nec8e5207f6aa
2026-04-16 20:01:18,568 INFO data_pipeline.collectors.note_com_browser: article_is_paid_skipping url=https://note.com/careercompass_c/n/nec8e5207f6aa
2026-04-16 20:01:18,568 INFO data_pipeline.collectors.note_com_rss: article_paid_skipped url=https://note.com/careercompass_c/n/nec8e5207f6aa
2026-04-16 20:01:18,569 INFO data_pipeline.collectors.note_com_browser: scraping_article url=https://note.com/careercompass_c/n/n7a1e29017115
2026-04-16 20:01:21,068 INFO data_pipeline.collectors.note_com_browser: article_is_paid_skipping url=https://note.com/careercompass_c/n/n7a1e29017115
2026-04-16 20:01:21,068 INFO data_pipeline.collectors.note_com_rss: article_paid_skipped url=https://note.com/careercompass_c/n/n7a1e29017115
2026-04-16 20:01:21,068 INFO data_pipeline.collectors.note_com_browser: scraping_article url=https://note.com/careercompass_c/n/n975700c8ac4e
2026-04-16 20:01:23,568 INFO data_pipeline.collectors.note_com_browser: article_is_paid_skipping url=https://note.com/careercompass_c/n/n975700c8ac4e
2026-04-16 20:01:23,568 INFO data_pipeline.collectors.note_com_rss: article_paid_skipped url=https://note.com/careercompass_c/n/n975700c8ac4e
2026-04-16 20:01:23,568 INFO data_pipeline.collectors.note_com_browser: scraping_article url=https://note.com/careercompass_c/n/ne5ccb8293245
2026-04-16 20:01:26,451 INFO data_pipeline.collectors.note_com_browser: article_is_paid_skipping url=https://note.com/careercompass_c/n/ne5ccb8293245
2026-04-16 20:01:26,451 INFO data_pipeline.collectors.note_com_rss: article_paid_skipped url=https://note.com/careercompass_c/n/ne5ccb8293245
2026-04-16 20:01:26,452 INFO data_pipeline.collectors.note_com_browser: scraping_article url=https://note.com/glad_auklet4142/n/n62f2d3743905
2026-04-16 20:01:30,814 INFO data_pipeline.collectors.note_com_browser: article_scraped url=https://note.com/glad_auklet4142/n/n62f2d3743905 title=🔥 【AI上級者向け】【実録・半日】「AIで30分」は嘘だった。あなたのAI記事に人間味が戻る、壊して直す5回の改修工程 #生成AI #ChatGPT #Claude #Gemini #AI活用 #noteの書き方 #ライティング #メンバーシップ #エッセイ #私の仕事 #ライティング body_length=24885 hashtag_count=99
2026-04-16 20:01:30,913 INFO data_pipeline.collectors.note_com_rss: article_saved url=https://note.com/glad_auklet4142/n/n62f2d3743905 title=🔥 【AI上級者向け】【実録・半日】「AIで30分」は嘘だった。あなたのAI記事に人間味が戻る、壊して直す5回の改修工程 #生成AI #ChatGPT #Claude #Gemini #AI活用 #noteの書き方 #ライティング #メンバーシップ #エッセイ #私の仕事 #ライティング
2026-04-16 20:01:30,994 INFO data_pipeline.collectors.note_com_rss: config_updated updated_count=11 timestamp=2026-04-16T11:01:30.994720+00:00
2026-04-16 20:01:30,995 INFO data_pipeline.collectors.note_com_rss: rss_monitor_completed creators_checked=11 new_articles_found=25 articles_saved=1 articles_skipped_paid=24 articles_skipped_duplicate=0 error_count=0
2026-04-17 08:00:05,264 INFO data_pipeline.collectors.note_com_rss: rss_monitor_starting creator_count=11
2026-04-17 08:00:05,549 INFO data_pipeline.collectors.note_com_rss: rss_fetched username=fukuoka1116 entry_count=25
2026-04-17 08:00:05,987 INFO data_pipeline.collectors.note_com_rss: new_entries_found username=fukuoka1116 new_count=1
2026-04-17 08:00:06,111 INFO data_pipeline.collectors.note_com_rss: rss_fetched username=sota_career entry_count=25
2026-04-17 08:00:06,791 INFO data_pipeline.collectors.note_com_rss: rss_fetched username=kei_10m_asset entry_count=23
2026-04-17 08:00:07,208 INFO data_pipeline.collectors.note_com_rss: rss_fetched username=careercompass_c entry_count=25
2026-04-17 08:00:07,708 INFO data_pipeline.collectors.note_com_rss: new_entries_found username=careercompass_c new_count=24
2026-04-17 08:00:07,932 INFO data_pipeline.collectors.note_com_rss: rss_fetched username=dandism56 entry_count=25
2026-04-17 08:00:09,060 INFO data_pipeline.collectors.note_com_rss: new_entries_found username=dandism56 new_count=1
2026-04-17 08:00:09,292 INFO data_pipeline.collectors.note_com_rss: rss_fetched username=miraicareer_blog entry_count=25
2026-04-17 08:00:09,954 INFO data_pipeline.collectors.note_com_rss: rss_fetched username=glad_auklet4142 entry_count=25
2026-04-17 08:00:12,069 INFO data_pipeline.collectors.note_com_rss: new_entries_found username=glad_auklet4142 new_count=2
2026-04-17 08:00:12,286 INFO data_pipeline.collectors.note_com_rss: rss_fetched username=hide_taxnote entry_count=25
2026-04-17 08:00:13,261 INFO data_pipeline.collectors.note_com_rss: new_entries_found username=hide_taxnote new_count=1
2026-04-17 08:00:13,574 INFO data_pipeline.collectors.note_com_rss: rss_fetched username=mindset_official entry_count=25
2026-04-17 08:00:14,393 INFO data_pipeline.collectors.note_com_rss: rss_fetched username=ruinormalhakkar entry_count=25
2026-04-17 08:00:15,008 INFO data_pipeline.collectors.note_com_rss: rss_fetched username=studyhacker entry_count=0
2026-04-17 08:00:16,073 INFO data_pipeline.collectors.note_com_browser: note_com_browser_started
2026-04-17 08:00:16,073 INFO data_pipeline.collectors.note_com_browser: scraping_article url=https://note.com/fukuoka1116/n/ne80cce9ee8cc
2026-04-17 08:00:20,220 INFO data_pipeline.collectors.note_com_browser: article_scraped url=https://note.com/fukuoka1116/n/ne80cce9ee8cc title=いつも人に奢ってもらう人こそ今すぐ気づいてほしい「恐ろしい末路」　仕事｜会社員｜副業｜営業｜管理職｜転職｜エッセイ｜キャリア｜30代 body_length=2445 hashtag_count=14
2026-04-17 08:00:20,345 INFO data_pipeline.collectors.note_com_rss: article_saved url=https://note.com/fukuoka1116/n/ne80cce9ee8cc title=いつも人に奢ってもらう人こそ今すぐ気づいてほしい「恐ろしい末路」　仕事｜会社員｜副業｜営業｜管理職｜転職｜エッセイ｜キャリア｜30代
2026-04-17 08:00:20,345 INFO data_pipeline.collectors.note_com_browser: scraping_article url=https://note.com/careercompass_c/n/n498499c2c285
2026-04-17 08:00:23,046 INFO data_pipeline.collectors.note_com_browser: article_is_paid_skipping url=https://note.com/careercompass_c/n/n498499c2c285
2026-04-17 08:00:23,046 INFO data_pipeline.collectors.note_com_rss: article_paid_skipped url=https://note.com/careercompass_c/n/n498499c2c285
2026-04-17 08:00:23,046 INFO data_pipeline.collectors.note_com_browser: scraping_article url=https://note.com/careercompass_c/n/n34330366b03e
2026-04-17 08:00:25,887 INFO data_pipeline.collectors.note_com_browser: article_scraped url=https://note.com/careercompass_c/n/n34330366b03e title=転職者の平均年齢、ついに32.9歳へ。「35歳限界説」が静かに崩れ始めた本当の理由 body_length=3324 hashtag_count=99
2026-04-17 08:00:25,973 INFO data_pipeline.collectors.note_com_rss: article_saved url=https://note.com/careercompass_c/n/n34330366b03e title=転職者の平均年齢、ついに32.9歳へ。「35歳限界説」が静かに崩れ始めた本当の理由
2026-04-17 08:00:25,973 INFO data_pipeline.collectors.note_com_browser: scraping_article url=https://note.com/careercompass_c/n/n52d2d09604c1
2026-04-17 08:00:28,479 INFO data_pipeline.collectors.note_com_browser: article_is_paid_skipping url=https://note.com/careercompass_c/n/n52d2d09604c1
2026-04-17 08:00:28,479 INFO data_pipeline.collectors.note_com_rss: article_paid_skipped url=https://note.com/careercompass_c/n/n52d2d09604c1
2026-04-17 08:00:28,479 INFO data_pipeline.collectors.note_com_browser: scraping_article url=https://note.com/careercompass_c/n/n1cb4e0b9e662
2026-04-17 08:00:31,574 INFO data_pipeline.collectors.note_com_browser: article_is_paid_skipping url=https://note.com/careercompass_c/n/n1cb4e0b9e662
2026-04-17 08:00:31,574 INFO data_pipeline.collectors.note_com_rss: article_paid_skipped url=https://note.com/careercompass_c/n/n1cb4e0b9e662
2026-04-17 08:00:31,574 INFO data_pipeline.collectors.note_com_browser: scraping_article url=https://note.com/careercompass_c/n/n0b372b5dc224
2026-04-17 08:00:34,502 INFO data_pipeline.collectors.note_com_browser: article_is_paid_skipping url=https://note.com/careercompass_c/n/n0b372b5dc224
2026-04-17 08:00:34,502 INFO data_pipeline.collectors.note_com_rss: article_paid_skipped url=https://note.com/careercompass_c/n/n0b372b5dc224
2026-04-17 08:00:34,503 INFO data_pipeline.collectors.note_com_browser: scraping_article url=https://note.com/careercompass_c/n/nfb03e766f7e3
2026-04-17 08:00:37,315 INFO data_pipeline.collectors.note_com_browser: article_is_paid_skipping url=https://note.com/careercompass_c/n/nfb03e766f7e3
2026-04-17 08:00:37,315 INFO data_pipeline.collectors.note_com_rss: article_paid_skipped url=https://note.com/careercompass_c/n/nfb03e766f7e3
2026-04-17 08:00:37,315 INFO data_pipeline.collectors.note_com_browser: scraping_article url=https://note.com/careercompass_c/n/ncdb8b50e300b
2026-04-17 08:00:39,924 INFO data_pipeline.collectors.note_com_browser: article_is_paid_skipping url=https://note.com/careercompass_c/n/ncdb8b50e300b
2026-04-17 08:00:39,924 INFO data_pipeline.collectors.note_com_rss: article_paid_skipped url=https://note.com/careercompass_c/n/ncdb8b50e300b
2026-04-17 08:00:39,924 INFO data_pipeline.collectors.note_com_browser: scraping_article url=https://note.com/careercompass_c/n/n4338ff3270da
2026-04-17 08:00:42,532 INFO data_pipeline.collectors.note_com_browser: article_is_paid_skipping url=https://note.com/careercompass_c/n/n4338ff3270da
2026-04-17 08:00:42,532 INFO data_pipeline.collectors.note_com_rss: article_paid_skipped url=https://note.com/careercompass_c/n/n4338ff3270da
2026-04-17 08:00:42,532 INFO data_pipeline.collectors.note_com_browser: scraping_article url=https://note.com/careercompass_c/n/nb55d3cdb6141
2026-04-17 08:00:45,166 INFO data_pipeline.collectors.note_com_browser: article_is_paid_skipping url=https://note.com/careercompass_c/n/nb55d3cdb6141
2026-04-17 08:00:45,166 INFO data_pipeline.collectors.note_com_rss: article_paid_skipped url=https://note.com/careercompass_c/n/nb55d3cdb6141
2026-04-17 08:00:45,166 INFO data_pipeline.collectors.note_com_browser: scraping_article url=https://note.com/careercompass_c/n/n33329f45f85d
2026-04-17 08:00:47,812 INFO data_pipeline.collectors.note_com_browser: article_is_paid_skipping url=https://note.com/careercompass_c/n/n33329f45f85d
2026-04-17 08:00:47,812 INFO data_pipeline.collectors.note_com_rss: article_paid_skipped url=https://note.com/careercompass_c/n/n33329f45f85d
2026-04-17 08:00:47,812 INFO data_pipeline.collectors.note_com_browser: scraping_article url=https://note.com/careercompass_c/n/n1f3fb4c739c8
2026-04-17 08:00:50,272 INFO data_pipeline.collectors.note_com_browser: article_is_paid_skipping url=https://note.com/careercompass_c/n/n1f3fb4c739c8
2026-04-17 08:00:50,272 INFO data_pipeline.collectors.note_com_rss: article_paid_skipped url=https://note.com/careercompass_c/n/n1f3fb4c739c8
2026-04-17 08:00:50,272 INFO data_pipeline.collectors.note_com_browser: scraping_article url=https://note.com/careercompass_c/n/n05ee231ac54e
2026-04-17 08:00:52,950 INFO data_pipeline.collectors.note_com_browser: article_is_paid_skipping url=https://note.com/careercompass_c/n/n05ee231ac54e
2026-04-17 08:00:52,950 INFO data_pipeline.collectors.note_com_rss: article_paid_skipped url=https://note.com/careercompass_c/n/n05ee231ac54e
2026-04-17 08:00:52,950 INFO data_pipeline.collectors.note_com_browser: scraping_article url=https://note.com/careercompass_c/n/n9afdc1d3f828
2026-04-17 08:00:55,613 INFO data_pipeline.collectors.note_com_browser: article_is_paid_skipping url=https://note.com/careercompass_c/n/n9afdc1d3f828
2026-04-17 08:00:55,613 INFO data_pipeline.collectors.note_com_rss: article_paid_skipped url=https://note.com/careercompass_c/n/n9afdc1d3f828
2026-04-17 08:00:55,613 INFO data_pipeline.collectors.note_com_browser: scraping_article url=https://note.com/careercompass_c/n/ned7c8f1a004c
2026-04-17 08:00:58,263 INFO data_pipeline.collectors.note_com_browser: article_is_paid_skipping url=https://note.com/careercompass_c/n/ned7c8f1a004c
2026-04-17 08:00:58,263 INFO data_pipeline.collectors.note_com_rss: article_paid_skipped url=https://note.com/careercompass_c/n/ned7c8f1a004c
2026-04-17 08:00:58,263 INFO data_pipeline.collectors.note_com_browser: scraping_article url=https://note.com/careercompass_c/n/n28f5eed67822
2026-04-17 08:01:01,101 INFO data_pipeline.collectors.note_com_browser: article_is_paid_skipping url=https://note.com/careercompass_c/n/n28f5eed67822
2026-04-17 08:01:01,101 INFO data_pipeline.collectors.note_com_rss: article_paid_skipped url=https://note.com/careercompass_c/n/n28f5eed67822
2026-04-17 08:01:01,101 INFO data_pipeline.collectors.note_com_browser: scraping_article url=https://note.com/careercompass_c/n/n023f0d7e1dae
2026-04-17 08:01:03,748 INFO data_pipeline.collectors.note_com_browser: article_is_paid_skipping url=https://note.com/careercompass_c/n/n023f0d7e1dae
2026-04-17 08:01:03,748 INFO data_pipeline.collectors.note_com_rss: article_paid_skipped url=https://note.com/careercompass_c/n/n023f0d7e1dae
2026-04-17 08:01:03,748 INFO data_pipeline.collectors.note_com_browser: scraping_article url=https://note.com/careercompass_c/n/n48c0614d5b40
2026-04-17 08:01:06,655 INFO data_pipeline.collectors.note_com_browser: article_is_paid_skipping url=https://note.com/careercompass_c/n/n48c0614d5b40
2026-04-17 08:01:06,656 INFO data_pipeline.collectors.note_com_rss: article_paid_skipped url=https://note.com/careercompass_c/n/n48c0614d5b40
2026-04-17 08:01:06,656 INFO data_pipeline.collectors.note_com_browser: scraping_article url=https://note.com/careercompass_c/n/nc39df90e78af
2026-04-17 08:01:09,510 INFO data_pipeline.collectors.note_com_browser: article_is_paid_skipping url=https://note.com/careercompass_c/n/nc39df90e78af
2026-04-17 08:01:09,510 INFO data_pipeline.collectors.note_com_rss: article_paid_skipped url=https://note.com/careercompass_c/n/nc39df90e78af
2026-04-17 08:01:09,510 INFO data_pipeline.collectors.note_com_browser: scraping_article url=https://note.com/careercompass_c/n/n9f6381195724
2026-04-17 08:01:12,170 INFO data_pipeline.collectors.note_com_browser: article_is_paid_skipping url=https://note.com/careercompass_c/n/n9f6381195724
2026-04-17 08:01:12,171 INFO data_pipeline.collectors.note_com_rss: article_paid_skipped url=https://note.com/careercompass_c/n/n9f6381195724
2026-04-17 08:01:12,171 INFO data_pipeline.collectors.note_com_browser: scraping_article url=https://note.com/careercompass_c/n/nbaf8af9848ce
2026-04-17 08:01:14,753 INFO data_pipeline.collectors.note_com_browser: article_is_paid_skipping url=https://note.com/careercompass_c/n/nbaf8af9848ce
2026-04-17 08:01:14,753 INFO data_pipeline.collectors.note_com_rss: article_paid_skipped url=https://note.com/careercompass_c/n/nbaf8af9848ce
2026-04-17 08:01:14,753 INFO data_pipeline.collectors.note_com_browser: scraping_article url=https://note.com/careercompass_c/n/n242e2476da56
2026-04-17 08:01:17,538 INFO data_pipeline.collectors.note_com_browser: article_is_paid_skipping url=https://note.com/careercompass_c/n/n242e2476da56
2026-04-17 08:01:17,538 INFO data_pipeline.collectors.note_com_rss: article_paid_skipped url=https://note.com/careercompass_c/n/n242e2476da56
2026-04-17 08:01:17,538 INFO data_pipeline.collectors.note_com_browser: scraping_article url=https://note.com/careercompass_c/n/n7ce5e6f77c20
2026-04-17 08:01:20,043 INFO data_pipeline.collectors.note_com_browser: article_is_paid_skipping url=https://note.com/careercompass_c/n/n7ce5e6f77c20
2026-04-17 08:01:20,043 INFO data_pipeline.collectors.note_com_rss: article_paid_skipped url=https://note.com/careercompass_c/n/n7ce5e6f77c20
2026-04-17 08:01:20,043 INFO data_pipeline.collectors.note_com_browser: scraping_article url=https://note.com/careercompass_c/n/nec8e5207f6aa
2026-04-17 08:01:22,862 INFO data_pipeline.collectors.note_com_browser: article_is_paid_skipping url=https://note.com/careercompass_c/n/nec8e5207f6aa
2026-04-17 08:01:22,863 INFO data_pipeline.collectors.note_com_rss: article_paid_skipped url=https://note.com/careercompass_c/n/nec8e5207f6aa
2026-04-17 08:01:22,863 INFO data_pipeline.collectors.note_com_browser: scraping_article url=https://note.com/careercompass_c/n/n7a1e29017115
2026-04-17 08:01:25,675 INFO data_pipeline.collectors.note_com_browser: article_is_paid_skipping url=https://note.com/careercompass_c/n/n7a1e29017115
2026-04-17 08:01:25,675 INFO data_pipeline.collectors.note_com_rss: article_paid_skipped url=https://note.com/careercompass_c/n/n7a1e29017115
2026-04-17 08:01:25,675 INFO data_pipeline.collectors.note_com_browser: scraping_article url=https://note.com/dandism56/n/n7c0fe2f50f7b
2026-04-17 08:01:28,761 INFO data_pipeline.collectors.note_com_browser: article_scraped url=https://note.com/dandism56/n/n7c0fe2f50f7b title=働き方を複線化する時代のキャリア論④キャリアは一本道じゃない。会社員が“複線化”すると、人生の景色はどう変わるのか body_length=6297 hashtag_count=30
2026-04-17 08:01:28,866 INFO data_pipeline.collectors.note_com_rss: article_saved url=https://note.com/dandism56/n/n7c0fe2f50f7b title=働き方を複線化する時代のキャリア論④キャリアは一本道じゃない。会社員が“複線化”すると、人生の景色はどう変わるのか
2026-04-17 08:01:28,866 INFO data_pipeline.collectors.note_com_browser: scraping_article url=https://note.com/glad_auklet4142/n/n6e660edeef0a
2026-04-17 08:01:31,801 INFO data_pipeline.collectors.note_com_browser: article_scraped url=https://note.com/glad_auklet4142/n/n6e660edeef0a title=AI創薬ラッシュがもたらす「命の原価破壊」新薬誕生があなたの手取りを削る日。不治の病が治る時代になぜ私たちの「手取り」は減り続けるのか？命のサブスク代として天引きされる未来 #AI創薬 #医療費 #社会保険料 #メガファーマ #インフレ #家計防衛 #製薬ビジネス #新薬開発 #皆保険制度 #既得権益 body_length=1403 hashtag_count=100
2026-04-17 08:01:31,965 INFO data_pipeline.collectors.note_com_rss: article_saved url=https://note.com/glad_auklet4142/n/n6e660edeef0a title=AI創薬ラッシュがもたらす「命の原価破壊」新薬誕生があなたの手取りを削る日。不治の病が治る時代になぜ私たちの「手取り」は減り続けるのか？命のサブスク代として天引きされる未来 #AI創薬 #医療費 #社会保険料 #メガファーマ #インフレ #家計防衛 #製薬ビジネス #新薬開発 #皆保険制度 #既得権益
2026-04-17 08:01:31,966 INFO data_pipeline.collectors.note_com_browser: scraping_article url=https://note.com/glad_auklet4142/n/n7f8ae0fc2c0e
2026-04-17 08:01:34,751 INFO data_pipeline.collectors.note_com_browser: article_scraped url=https://note.com/glad_auklet4142/n/n7f8ae0fc2c0e title=【TSMC熊本「3nm格上げ」の衝撃】日本と台湾が背負う200億ドルの地政学リスク。最先端半導体3nm工場誘致の裏にある「血みどろの撤退戦」と台湾有事の盾となる重い十字架 #TSMC #半導体 #台湾有事 #生成AI #地政学リスク #経済安全保障 #補助金 body_length=1381 hashtag_count=100
2026-04-17 08:01:34,857 INFO data_pipeline.collectors.note_com_rss: article_saved url=https://note.com/glad_auklet4142/n/n7f8ae0fc2c0e title=【TSMC熊本「3nm格上げ」の衝撃】日本と台湾が背負う200億ドルの地政学リスク。最先端半導体3nm工場誘致の裏にある「血みどろの撤退戦」と台湾有事の盾となる重い十字架 #TSMC #半導体 #台湾有事 #生成AI #地政学リスク #経済安全保障 #補助金
2026-04-17 08:01:34,857 INFO data_pipeline.collectors.note_com_browser: scraping_article url=https://note.com/hide_taxnote/n/nc39c65f85fd0
2026-04-17 08:01:37,545 INFO data_pipeline.collectors.note_com_browser: article_scraped url=https://note.com/hide_taxnote/n/nc39c65f85fd0 title=2026年4月16日｜日経平均・東京株式市場・米国株：ポイント解説と明日の展望 body_length=4155 hashtag_count=12
2026-04-17 08:01:37,645 INFO data_pipeline.collectors.note_com_rss: article_saved url=https://note.com/hide_taxnote/n/nc39c65f85fd0 title=2026年4月16日｜日経平均・東京株式市場・米国株：ポイント解説と明日の展望
2026-04-17 08:01:37,726 INFO data_pipeline.collectors.note_com_rss: config_updated updated_count=11 timestamp=2026-04-16T23:01:37.726257+00:00
2026-04-17 08:01:37,726 INFO data_pipeline.collectors.note_com_rss: rss_monitor_completed creators_checked=11 new_articles_found=29 articles_saved=6 articles_skipped_paid=23 articles_skipped_duplicate=0 error_count=0
2026-04-17 20:00:05,118 INFO data_pipeline.collectors.note_com_rss: rss_monitor_starting creator_count=11
2026-04-17 20:00:05,410 INFO data_pipeline.collectors.note_com_rss: rss_fetched username=fukuoka1116 entry_count=25
2026-04-17 20:00:06,173 INFO data_pipeline.collectors.note_com_rss: rss_fetched username=sota_career entry_count=25
2026-04-17 20:00:07,148 INFO data_pipeline.collectors.note_com_rss: rss_fetched username=kei_10m_asset entry_count=23
2026-04-17 20:00:07,796 INFO data_pipeline.collectors.note_com_rss: rss_fetched username=careercompass_c entry_count=25
2026-04-17 20:00:09,230 INFO data_pipeline.collectors.note_com_rss: new_entries_found username=careercompass_c new_count=24
2026-04-17 20:00:09,466 INFO data_pipeline.collectors.note_com_rss: rss_fetched username=dandism56 entry_count=25
2026-04-17 20:00:11,964 INFO data_pipeline.collectors.note_com_rss: rss_fetched username=miraicareer_blog entry_count=25
2026-04-17 20:00:12,794 INFO data_pipeline.collectors.note_com_rss: rss_fetched username=glad_auklet4142 entry_count=25
2026-04-17 20:00:18,253 INFO data_pipeline.collectors.note_com_rss: new_entries_found username=glad_auklet4142 new_count=1
2026-04-17 20:00:18,470 INFO data_pipeline.collectors.note_com_rss: rss_fetched username=hide_taxnote entry_count=25
2026-04-17 20:00:23,226 INFO data_pipeline.collectors.note_com_rss: rss_fetched username=mindset_official entry_count=25
2026-04-17 20:00:24,067 INFO data_pipeline.collectors.note_com_rss: rss_fetched username=ruinormalhakkar entry_count=25
2026-04-17 20:00:24,646 INFO data_pipeline.collectors.note_com_rss: rss_fetched username=studyhacker entry_count=0
2026-04-17 20:00:26,245 INFO data_pipeline.collectors.note_com_browser: note_com_browser_started
2026-04-17 20:00:26,245 INFO data_pipeline.collectors.note_com_browser: scraping_article url=https://note.com/careercompass_c/n/nb844d7a96cac
2026-04-17 20:00:29,289 INFO data_pipeline.collectors.note_com_browser: article_is_paid_skipping url=https://note.com/careercompass_c/n/nb844d7a96cac
2026-04-17 20:00:29,289 INFO data_pipeline.collectors.note_com_rss: article_paid_skipped url=https://note.com/careercompass_c/n/nb844d7a96cac
2026-04-17 20:00:29,289 INFO data_pipeline.collectors.note_com_browser: scraping_article url=https://note.com/careercompass_c/n/nb72743f192dc
2026-04-17 20:00:32,262 INFO data_pipeline.collectors.note_com_browser: article_is_paid_skipping url=https://note.com/careercompass_c/n/nb72743f192dc
2026-04-17 20:00:32,262 INFO data_pipeline.collectors.note_com_rss: article_paid_skipped url=https://note.com/careercompass_c/n/nb72743f192dc
2026-04-17 20:00:32,262 INFO data_pipeline.collectors.note_com_browser: scraping_article url=https://note.com/careercompass_c/n/n363cf655ec9a
2026-04-17 20:00:35,012 INFO data_pipeline.collectors.note_com_browser: article_is_paid_skipping url=https://note.com/careercompass_c/n/n363cf655ec9a
2026-04-17 20:00:35,012 INFO data_pipeline.collectors.note_com_rss: article_paid_skipped url=https://note.com/careercompass_c/n/n363cf655ec9a
2026-04-17 20:00:35,012 INFO data_pipeline.collectors.note_com_browser: scraping_article url=https://note.com/careercompass_c/n/n7b7a9b83bf4b
2026-04-17 20:00:38,648 INFO data_pipeline.collectors.note_com_browser: article_is_paid_skipping url=https://note.com/careercompass_c/n/n7b7a9b83bf4b
2026-04-17 20:00:38,648 INFO data_pipeline.collectors.note_com_rss: article_paid_skipped url=https://note.com/careercompass_c/n/n7b7a9b83bf4b
2026-04-17 20:00:38,648 INFO data_pipeline.collectors.note_com_browser: scraping_article url=https://note.com/careercompass_c/n/n2a1710241e5a
2026-04-17 20:00:41,096 INFO data_pipeline.collectors.note_com_browser: article_is_paid_skipping url=https://note.com/careercompass_c/n/n2a1710241e5a
2026-04-17 20:00:41,096 INFO data_pipeline.collectors.note_com_rss: article_paid_skipped url=https://note.com/careercompass_c/n/n2a1710241e5a
2026-04-17 20:00:41,096 INFO data_pipeline.collectors.note_com_browser: scraping_article url=https://note.com/careercompass_c/n/nea579e8772a1
2026-04-17 20:00:43,819 INFO data_pipeline.collectors.note_com_browser: article_is_paid_skipping url=https://note.com/careercompass_c/n/nea579e8772a1
2026-04-17 20:00:43,819 INFO data_pipeline.collectors.note_com_rss: article_paid_skipped url=https://note.com/careercompass_c/n/nea579e8772a1
2026-04-17 20:00:43,819 INFO data_pipeline.collectors.note_com_browser: scraping_article url=https://note.com/careercompass_c/n/nf7ec812e2563
2026-04-17 20:00:46,539 INFO data_pipeline.collectors.note_com_browser: article_is_paid_skipping url=https://note.com/careercompass_c/n/nf7ec812e2563
2026-04-17 20:00:46,540 INFO data_pipeline.collectors.note_com_rss: article_paid_skipped url=https://note.com/careercompass_c/n/nf7ec812e2563
2026-04-17 20:00:46,540 INFO data_pipeline.collectors.note_com_browser: scraping_article url=https://note.com/careercompass_c/n/nef0045b87777
2026-04-17 20:00:49,391 INFO data_pipeline.collectors.note_com_browser: article_is_paid_skipping url=https://note.com/careercompass_c/n/nef0045b87777
2026-04-17 20:00:49,392 INFO data_pipeline.collectors.note_com_rss: article_paid_skipped url=https://note.com/careercompass_c/n/nef0045b87777
2026-04-17 20:00:49,392 INFO data_pipeline.collectors.note_com_browser: scraping_article url=https://note.com/careercompass_c/n/nec3021e19f13
2026-04-17 20:00:52,398 INFO data_pipeline.collectors.note_com_browser: article_is_paid_skipping url=https://note.com/careercompass_c/n/nec3021e19f13
2026-04-17 20:00:52,398 INFO data_pipeline.collectors.note_com_rss: article_paid_skipped url=https://note.com/careercompass_c/n/nec3021e19f13
2026-04-17 20:00:52,398 INFO data_pipeline.collectors.note_com_browser: scraping_article url=https://note.com/careercompass_c/n/n16da92b1f786
2026-04-17 20:00:55,398 INFO data_pipeline.collectors.note_com_browser: article_is_paid_skipping url=https://note.com/careercompass_c/n/n16da92b1f786
2026-04-17 20:00:55,398 INFO data_pipeline.collectors.note_com_rss: article_paid_skipped url=https://note.com/careercompass_c/n/n16da92b1f786
2026-04-17 20:00:55,398 INFO data_pipeline.collectors.note_com_browser: scraping_article url=https://note.com/careercompass_c/n/n498499c2c285
2026-04-17 20:00:58,501 INFO data_pipeline.collectors.note_com_browser: article_is_paid_skipping url=https://note.com/careercompass_c/n/n498499c2c285
2026-04-17 20:00:58,501 INFO data_pipeline.collectors.note_com_rss: article_paid_skipped url=https://note.com/careercompass_c/n/n498499c2c285
2026-04-17 20:00:58,501 INFO data_pipeline.collectors.note_com_browser: scraping_article url=https://note.com/careercompass_c/n/n52d2d09604c1
2026-04-17 20:01:01,420 INFO data_pipeline.collectors.note_com_browser: article_is_paid_skipping url=https://note.com/careercompass_c/n/n52d2d09604c1
2026-04-17 20:01:01,420 INFO data_pipeline.collectors.note_com_rss: article_paid_skipped url=https://note.com/careercompass_c/n/n52d2d09604c1
2026-04-17 20:01:01,420 INFO data_pipeline.collectors.note_com_browser: scraping_article url=https://note.com/careercompass_c/n/n1cb4e0b9e662
2026-04-17 20:01:04,046 INFO data_pipeline.collectors.note_com_browser: article_is_paid_skipping url=https://note.com/careercompass_c/n/n1cb4e0b9e662
2026-04-17 20:01:04,046 INFO data_pipeline.collectors.note_com_rss: article_paid_skipped url=https://note.com/careercompass_c/n/n1cb4e0b9e662
2026-04-17 20:01:04,046 INFO data_pipeline.collectors.note_com_browser: scraping_article url=https://note.com/careercompass_c/n/n0b372b5dc224
2026-04-17 20:01:06,880 INFO data_pipeline.collectors.note_com_browser: article_is_paid_skipping url=https://note.com/careercompass_c/n/n0b372b5dc224
2026-04-17 20:01:06,880 INFO data_pipeline.collectors.note_com_rss: article_paid_skipped url=https://note.com/careercompass_c/n/n0b372b5dc224
2026-04-17 20:01:06,880 INFO data_pipeline.collectors.note_com_browser: scraping_article url=https://note.com/careercompass_c/n/nfb03e766f7e3
2026-04-17 20:01:09,557 INFO data_pipeline.collectors.note_com_browser: article_is_paid_skipping url=https://note.com/careercompass_c/n/nfb03e766f7e3
2026-04-17 20:01:09,557 INFO data_pipeline.collectors.note_com_rss: article_paid_skipped url=https://note.com/careercompass_c/n/nfb03e766f7e3
2026-04-17 20:01:09,557 INFO data_pipeline.collectors.note_com_browser: scraping_article url=https://note.com/careercompass_c/n/ncdb8b50e300b
2026-04-17 20:01:12,435 INFO data_pipeline.collectors.note_com_browser: article_is_paid_skipping url=https://note.com/careercompass_c/n/ncdb8b50e300b
2026-04-17 20:01:12,435 INFO data_pipeline.collectors.note_com_rss: article_paid_skipped url=https://note.com/careercompass_c/n/ncdb8b50e300b
2026-04-17 20:01:12,435 INFO data_pipeline.collectors.note_com_browser: scraping_article url=https://note.com/careercompass_c/n/n4338ff3270da
2026-04-17 20:01:15,073 INFO data_pipeline.collectors.note_com_browser: article_is_paid_skipping url=https://note.com/careercompass_c/n/n4338ff3270da
2026-04-17 20:01:15,073 INFO data_pipeline.collectors.note_com_rss: article_paid_skipped url=https://note.com/careercompass_c/n/n4338ff3270da
2026-04-17 20:01:15,073 INFO data_pipeline.collectors.note_com_browser: scraping_article url=https://note.com/careercompass_c/n/nb55d3cdb6141
2026-04-17 20:01:17,733 INFO data_pipeline.collectors.note_com_browser: article_is_paid_skipping url=https://note.com/careercompass_c/n/nb55d3cdb6141
2026-04-17 20:01:17,733 INFO data_pipeline.collectors.note_com_rss: article_paid_skipped url=https://note.com/careercompass_c/n/nb55d3cdb6141
2026-04-17 20:01:17,733 INFO data_pipeline.collectors.note_com_browser: scraping_article url=https://note.com/careercompass_c/n/n33329f45f85d
2026-04-17 20:01:20,228 INFO data_pipeline.collectors.note_com_browser: article_is_paid_skipping url=https://note.com/careercompass_c/n/n33329f45f85d
2026-04-17 20:01:20,228 INFO data_pipeline.collectors.note_com_rss: article_paid_skipped url=https://note.com/careercompass_c/n/n33329f45f85d
2026-04-17 20:01:20,228 INFO data_pipeline.collectors.note_com_browser: scraping_article url=https://note.com/careercompass_c/n/n1f3fb4c739c8
2026-04-17 20:01:22,913 INFO data_pipeline.collectors.note_com_browser: article_is_paid_skipping url=https://note.com/careercompass_c/n/n1f3fb4c739c8
2026-04-17 20:01:22,913 INFO data_pipeline.collectors.note_com_rss: article_paid_skipped url=https://note.com/careercompass_c/n/n1f3fb4c739c8
2026-04-17 20:01:22,913 INFO data_pipeline.collectors.note_com_browser: scraping_article url=https://note.com/careercompass_c/n/n05ee231ac54e
2026-04-17 20:01:25,434 INFO data_pipeline.collectors.note_com_browser: article_is_paid_skipping url=https://note.com/careercompass_c/n/n05ee231ac54e
2026-04-17 20:01:25,434 INFO data_pipeline.collectors.note_com_rss: article_paid_skipped url=https://note.com/careercompass_c/n/n05ee231ac54e
2026-04-17 20:01:25,434 INFO data_pipeline.collectors.note_com_browser: scraping_article url=https://note.com/careercompass_c/n/n9afdc1d3f828
2026-04-17 20:01:28,379 INFO data_pipeline.collectors.note_com_browser: article_is_paid_skipping url=https://note.com/careercompass_c/n/n9afdc1d3f828
2026-04-17 20:01:28,379 INFO data_pipeline.collectors.note_com_rss: article_paid_skipped url=https://note.com/careercompass_c/n/n9afdc1d3f828
2026-04-17 20:01:28,379 INFO data_pipeline.collectors.note_com_browser: scraping_article url=https://note.com/careercompass_c/n/ned7c8f1a004c
2026-04-17 20:01:31,168 INFO data_pipeline.collectors.note_com_browser: article_is_paid_skipping url=https://note.com/careercompass_c/n/ned7c8f1a004c
2026-04-17 20:01:31,168 INFO data_pipeline.collectors.note_com_rss: article_paid_skipped url=https://note.com/careercompass_c/n/ned7c8f1a004c
2026-04-17 20:01:31,168 INFO data_pipeline.collectors.note_com_browser: scraping_article url=https://note.com/careercompass_c/n/n28f5eed67822
2026-04-17 20:01:34,096 INFO data_pipeline.collectors.note_com_browser: article_is_paid_skipping url=https://note.com/careercompass_c/n/n28f5eed67822
2026-04-17 20:01:34,096 INFO data_pipeline.collectors.note_com_rss: article_paid_skipped url=https://note.com/careercompass_c/n/n28f5eed67822
2026-04-17 20:01:34,096 INFO data_pipeline.collectors.note_com_browser: scraping_article url=https://note.com/glad_auklet4142/n/n3bb02334a80f
2026-04-17 20:01:48,983 INFO data_pipeline.collectors.note_com_browser: article_scraped url=https://note.com/glad_auklet4142/n/n3bb02334a80f title=【あなたが3ヶ月で胃が痛くなる理由——秘訣なし・才能なしで10ヶ月続けたAIライターの方程式】10ヶ月間AIで1,200本書いて、特別なことを言おうと思ったら、何もなかった。#生成AI #AI活用 #ライティング #マーケティング #いまあなたに伝えたいこと #ビジネスマインド #note初心者 #はじめてのnote　#ChatGPT #Gemini #Claude #AI #メンバーシップ #noteの書き方 #毎日投稿 #エッセイ #私の仕事 body_length=22450 hashtag_count=100
2026-04-17 20:01:49,083 INFO data_pipeline.collectors.note_com_rss: article_saved url=https://note.com/glad_auklet4142/n/n3bb02334a80f title=【あなたが3ヶ月で胃が痛くなる理由——秘訣なし・才能なしで10ヶ月続けたAIライターの方程式】10ヶ月間AIで1,200本書いて、特別なことを言おうと思ったら、何もなかった。#生成AI #AI活用 #ライティング #マーケティング #いまあなたに伝えたいこと #ビジネスマインド #note初心者 #はじめてのnote　#ChatGPT #Gemini #Claude #AI #メンバーシップ #noteの書き方 #毎日投稿 #エッセイ #私の仕事
2026-04-17 20:01:49,171 INFO data_pipeline.collectors.note_com_rss: config_updated updated_count=11 timestamp=2026-04-17T11:01:49.171083+00:00
2026-04-17 20:01:49,171 INFO data_pipeline.collectors.note_com_rss: rss_monitor_completed creators_checked=11 new_articles_found=25 articles_saved=1 articles_skipped_paid=24 articles_skipped_duplicate=0 error_count=0
2026-04-18 08:00:04,845 INFO data_pipeline.collectors.note_com_rss: rss_monitor_starting creator_count=11
2026-04-18 08:00:05,147 INFO data_pipeline.collectors.note_com_rss: rss_fetched username=fukuoka1116 entry_count=25
2026-04-18 08:00:06,121 INFO data_pipeline.collectors.note_com_rss: rss_fetched username=sota_career entry_count=25
2026-04-18 08:00:06,904 INFO data_pipeline.collectors.note_com_rss: rss_fetched username=kei_10m_asset entry_count=23
2026-04-18 08:00:07,624 INFO data_pipeline.collectors.note_com_rss: rss_fetched username=careercompass_c entry_count=25
2026-04-18 08:00:08,779 INFO data_pipeline.collectors.note_com_rss: new_entries_found username=careercompass_c new_count=24
2026-04-18 08:00:09,016 INFO data_pipeline.collectors.note_com_rss: rss_fetched username=dandism56 entry_count=25
2026-04-18 08:00:09,661 INFO data_pipeline.collectors.note_com_rss: new_entries_found username=dandism56 new_count=1
2026-04-18 08:00:09,879 INFO data_pipeline.collectors.note_com_rss: rss_fetched username=miraicareer_blog entry_count=25
2026-04-18 08:00:10,515 INFO data_pipeline.collectors.note_com_rss: rss_fetched username=glad_auklet4142 entry_count=25
2026-04-18 08:00:12,432 INFO data_pipeline.collectors.note_com_rss: new_entries_found username=glad_auklet4142 new_count=3
2026-04-18 08:00:12,645 INFO data_pipeline.collectors.note_com_rss: rss_fetched username=hide_taxnote entry_count=25
2026-04-18 08:00:13,735 INFO data_pipeline.collectors.note_com_rss: new_entries_found username=hide_taxnote new_count=2
2026-04-18 08:00:14,093 INFO data_pipeline.collectors.note_com_rss: rss_fetched username=mindset_official entry_count=25
2026-04-18 08:00:14,674 INFO data_pipeline.collectors.note_com_rss: rss_fetched username=ruinormalhakkar entry_count=25
2026-04-18 08:00:15,246 INFO data_pipeline.collectors.note_com_rss: rss_fetched username=studyhacker entry_count=0
2026-04-18 08:00:16,673 INFO data_pipeline.collectors.note_com_browser: note_com_browser_started
2026-04-18 08:00:16,673 INFO data_pipeline.collectors.note_com_browser: scraping_article url=https://note.com/careercompass_c/n/nb844d7a96cac
2026-04-18 08:00:19,627 INFO data_pipeline.collectors.note_com_browser: article_is_paid_skipping url=https://note.com/careercompass_c/n/nb844d7a96cac
2026-04-18 08:00:19,627 INFO data_pipeline.collectors.note_com_rss: article_paid_skipped url=https://note.com/careercompass_c/n/nb844d7a96cac
2026-04-18 08:00:19,627 INFO data_pipeline.collectors.note_com_browser: scraping_article url=https://note.com/careercompass_c/n/nb72743f192dc
2026-04-18 08:00:22,251 INFO data_pipeline.collectors.note_com_browser: article_is_paid_skipping url=https://note.com/careercompass_c/n/nb72743f192dc
2026-04-18 08:00:22,251 INFO data_pipeline.collectors.note_com_rss: article_paid_skipped url=https://note.com/careercompass_c/n/nb72743f192dc
2026-04-18 08:00:22,251 INFO data_pipeline.collectors.note_com_browser: scraping_article url=https://note.com/careercompass_c/n/n363cf655ec9a
2026-04-18 08:00:24,866 INFO data_pipeline.collectors.note_com_browser: article_is_paid_skipping url=https://note.com/careercompass_c/n/n363cf655ec9a
2026-04-18 08:00:24,867 INFO data_pipeline.collectors.note_com_rss: article_paid_skipped url=https://note.com/careercompass_c/n/n363cf655ec9a
2026-04-18 08:00:24,867 INFO data_pipeline.collectors.note_com_browser: scraping_article url=https://note.com/careercompass_c/n/n7b7a9b83bf4b
2026-04-18 08:00:27,347 INFO data_pipeline.collectors.note_com_browser: article_is_paid_skipping url=https://note.com/careercompass_c/n/n7b7a9b83bf4b
2026-04-18 08:00:27,347 INFO data_pipeline.collectors.note_com_rss: article_paid_skipped url=https://note.com/careercompass_c/n/n7b7a9b83bf4b
2026-04-18 08:00:27,347 INFO data_pipeline.collectors.note_com_browser: scraping_article url=https://note.com/careercompass_c/n/n2a1710241e5a
2026-04-18 08:00:29,936 INFO data_pipeline.collectors.note_com_browser: article_is_paid_skipping url=https://note.com/careercompass_c/n/n2a1710241e5a
2026-04-18 08:00:29,936 INFO data_pipeline.collectors.note_com_rss: article_paid_skipped url=https://note.com/careercompass_c/n/n2a1710241e5a
2026-04-18 08:00:29,936 INFO data_pipeline.collectors.note_com_browser: scraping_article url=https://note.com/careercompass_c/n/nea579e8772a1
2026-04-18 08:00:32,614 INFO data_pipeline.collectors.note_com_browser: article_is_paid_skipping url=https://note.com/careercompass_c/n/nea579e8772a1
2026-04-18 08:00:32,614 INFO data_pipeline.collectors.note_com_rss: article_paid_skipped url=https://note.com/careercompass_c/n/nea579e8772a1
2026-04-18 08:00:32,614 INFO data_pipeline.collectors.note_com_browser: scraping_article url=https://note.com/careercompass_c/n/nf7ec812e2563
2026-04-18 08:00:35,418 INFO data_pipeline.collectors.note_com_browser: article_is_paid_skipping url=https://note.com/careercompass_c/n/nf7ec812e2563
2026-04-18 08:00:35,418 INFO data_pipeline.collectors.note_com_rss: article_paid_skipped url=https://note.com/careercompass_c/n/nf7ec812e2563
2026-04-18 08:00:35,418 INFO data_pipeline.collectors.note_com_browser: scraping_article url=https://note.com/careercompass_c/n/nef0045b87777
2026-04-18 08:00:38,257 INFO data_pipeline.collectors.note_com_browser: article_is_paid_skipping url=https://note.com/careercompass_c/n/nef0045b87777
2026-04-18 08:00:38,258 INFO data_pipeline.collectors.note_com_rss: article_paid_skipped url=https://note.com/careercompass_c/n/nef0045b87777
2026-04-18 08:00:38,258 INFO data_pipeline.collectors.note_com_browser: scraping_article url=https://note.com/careercompass_c/n/nec3021e19f13
2026-04-18 08:00:41,188 INFO data_pipeline.collectors.note_com_browser: article_is_paid_skipping url=https://note.com/careercompass_c/n/nec3021e19f13
2026-04-18 08:00:41,189 INFO data_pipeline.collectors.note_com_rss: article_paid_skipped url=https://note.com/careercompass_c/n/nec3021e19f13
2026-04-18 08:00:41,189 INFO data_pipeline.collectors.note_com_browser: scraping_article url=https://note.com/careercompass_c/n/n16da92b1f786
2026-04-18 08:00:43,862 INFO data_pipeline.collectors.note_com_browser: article_is_paid_skipping url=https://note.com/careercompass_c/n/n16da92b1f786
2026-04-18 08:00:43,863 INFO data_pipeline.collectors.note_com_rss: article_paid_skipped url=https://note.com/careercompass_c/n/n16da92b1f786
2026-04-18 08:00:43,863 INFO data_pipeline.collectors.note_com_browser: scraping_article url=https://note.com/careercompass_c/n/n498499c2c285
2026-04-18 08:00:46,756 INFO data_pipeline.collectors.note_com_browser: article_is_paid_skipping url=https://note.com/careercompass_c/n/n498499c2c285
2026-04-18 08:00:46,757 INFO data_pipeline.collectors.note_com_rss: article_paid_skipped url=https://note.com/careercompass_c/n/n498499c2c285
2026-04-18 08:00:46,757 INFO data_pipeline.collectors.note_com_browser: scraping_article url=https://note.com/careercompass_c/n/n52d2d09604c1
2026-04-18 08:00:49,666 INFO data_pipeline.collectors.note_com_browser: article_is_paid_skipping url=https://note.com/careercompass_c/n/n52d2d09604c1
2026-04-18 08:00:49,666 INFO data_pipeline.collectors.note_com_rss: article_paid_skipped url=https://note.com/careercompass_c/n/n52d2d09604c1
2026-04-18 08:00:49,666 INFO data_pipeline.collectors.note_com_browser: scraping_article url=https://note.com/careercompass_c/n/n1cb4e0b9e662
2026-04-18 08:00:52,707 INFO data_pipeline.collectors.note_com_browser: article_is_paid_skipping url=https://note.com/careercompass_c/n/n1cb4e0b9e662
2026-04-18 08:00:52,707 INFO data_pipeline.collectors.note_com_rss: article_paid_skipped url=https://note.com/careercompass_c/n/n1cb4e0b9e662
2026-04-18 08:00:52,707 INFO data_pipeline.collectors.note_com_browser: scraping_article url=https://note.com/careercompass_c/n/n0b372b5dc224
2026-04-18 08:00:55,550 INFO data_pipeline.collectors.note_com_browser: article_is_paid_skipping url=https://note.com/careercompass_c/n/n0b372b5dc224
2026-04-18 08:00:55,550 INFO data_pipeline.collectors.note_com_rss: article_paid_skipped url=https://note.com/careercompass_c/n/n0b372b5dc224
2026-04-18 08:00:55,550 INFO data_pipeline.collectors.note_com_browser: scraping_article url=https://note.com/careercompass_c/n/nfb03e766f7e3
2026-04-18 08:00:58,258 INFO data_pipeline.collectors.note_com_browser: article_is_paid_skipping url=https://note.com/careercompass_c/n/nfb03e766f7e3
2026-04-18 08:00:58,258 INFO data_pipeline.collectors.note_com_rss: article_paid_skipped url=https://note.com/careercompass_c/n/nfb03e766f7e3
2026-04-18 08:00:58,258 INFO data_pipeline.collectors.note_com_browser: scraping_article url=https://note.com/careercompass_c/n/ncdb8b50e300b
2026-04-18 08:01:00,778 INFO data_pipeline.collectors.note_com_browser: article_is_paid_skipping url=https://note.com/careercompass_c/n/ncdb8b50e300b
2026-04-18 08:01:00,778 INFO data_pipeline.collectors.note_com_rss: article_paid_skipped url=https://note.com/careercompass_c/n/ncdb8b50e300b
2026-04-18 08:01:00,778 INFO data_pipeline.collectors.note_com_browser: scraping_article url=https://note.com/careercompass_c/n/n4338ff3270da
2026-04-18 08:01:03,367 INFO data_pipeline.collectors.note_com_browser: article_is_paid_skipping url=https://note.com/careercompass_c/n/n4338ff3270da
2026-04-18 08:01:03,367 INFO data_pipeline.collectors.note_com_rss: article_paid_skipped url=https://note.com/careercompass_c/n/n4338ff3270da
2026-04-18 08:01:03,367 INFO data_pipeline.collectors.note_com_browser: scraping_article url=https://note.com/careercompass_c/n/nb55d3cdb6141
2026-04-18 08:01:06,183 INFO data_pipeline.collectors.note_com_browser: article_is_paid_skipping url=https://note.com/careercompass_c/n/nb55d3cdb6141
2026-04-18 08:01:06,183 INFO data_pipeline.collectors.note_com_rss: article_paid_skipped url=https://note.com/careercompass_c/n/nb55d3cdb6141
2026-04-18 08:01:06,183 INFO data_pipeline.collectors.note_com_browser: scraping_article url=https://note.com/careercompass_c/n/n33329f45f85d
2026-04-18 08:01:08,784 INFO data_pipeline.collectors.note_com_browser: article_is_paid_skipping url=https://note.com/careercompass_c/n/n33329f45f85d
2026-04-18 08:01:08,784 INFO data_pipeline.collectors.note_com_rss: article_paid_skipped url=https://note.com/careercompass_c/n/n33329f45f85d
2026-04-18 08:01:08,784 INFO data_pipeline.collectors.note_com_browser: scraping_article url=https://note.com/careercompass_c/n/n1f3fb4c739c8
2026-04-18 08:01:11,569 INFO data_pipeline.collectors.note_com_browser: article_is_paid_skipping url=https://note.com/careercompass_c/n/n1f3fb4c739c8
2026-04-18 08:01:11,569 INFO data_pipeline.collectors.note_com_rss: article_paid_skipped url=https://note.com/careercompass_c/n/n1f3fb4c739c8
2026-04-18 08:01:11,569 INFO data_pipeline.collectors.note_com_browser: scraping_article url=https://note.com/careercompass_c/n/n05ee231ac54e
2026-04-18 08:01:14,310 INFO data_pipeline.collectors.note_com_browser: article_is_paid_skipping url=https://note.com/careercompass_c/n/n05ee231ac54e
2026-04-18 08:01:14,310 INFO data_pipeline.collectors.note_com_rss: article_paid_skipped url=https://note.com/careercompass_c/n/n05ee231ac54e
2026-04-18 08:01:14,311 INFO data_pipeline.collectors.note_com_browser: scraping_article url=https://note.com/careercompass_c/n/n9afdc1d3f828
2026-04-18 08:01:16,752 INFO data_pipeline.collectors.note_com_browser: article_is_paid_skipping url=https://note.com/careercompass_c/n/n9afdc1d3f828
2026-04-18 08:01:16,753 INFO data_pipeline.collectors.note_com_rss: article_paid_skipped url=https://note.com/careercompass_c/n/n9afdc1d3f828
2026-04-18 08:01:16,753 INFO data_pipeline.collectors.note_com_browser: scraping_article url=https://note.com/careercompass_c/n/ned7c8f1a004c
2026-04-18 08:01:19,443 INFO data_pipeline.collectors.note_com_browser: article_is_paid_skipping url=https://note.com/careercompass_c/n/ned7c8f1a004c
2026-04-18 08:01:19,443 INFO data_pipeline.collectors.note_com_rss: article_paid_skipped url=https://note.com/careercompass_c/n/ned7c8f1a004c
2026-04-18 08:01:19,443 INFO data_pipeline.collectors.note_com_browser: scraping_article url=https://note.com/careercompass_c/n/n28f5eed67822
2026-04-18 08:01:22,167 INFO data_pipeline.collectors.note_com_browser: article_is_paid_skipping url=https://note.com/careercompass_c/n/n28f5eed67822
2026-04-18 08:01:22,168 INFO data_pipeline.collectors.note_com_rss: article_paid_skipped url=https://note.com/careercompass_c/n/n28f5eed67822
2026-04-18 08:01:22,168 INFO data_pipeline.collectors.note_com_browser: scraping_article url=https://note.com/dandism56/n/nce07732b18d0
2026-04-18 08:01:25,322 INFO data_pipeline.collectors.note_com_browser: article_scraped url=https://note.com/dandism56/n/nce07732b18d0 title=働き方を複線化する時代のキャリア論⑤～会社員がnoteを書く意味は、収益化より先に“自分の価値の輪郭”が見えることです～本日473日目 body_length=5351 hashtag_count=24
2026-04-18 08:01:25,425 INFO data_pipeline.collectors.note_com_rss: article_saved url=https://note.com/dandism56/n/nce07732b18d0 title=働き方を複線化する時代のキャリア論⑤～会社員がnoteを書く意味は、収益化より先に“自分の価値の輪郭”が見えることです～本日473日目
2026-04-18 08:01:25,425 INFO data_pipeline.collectors.note_com_browser: scraping_article url=https://note.com/glad_auklet4142/n/ne30d9073753b
2026-04-18 08:01:29,207 INFO data_pipeline.collectors.note_com_browser: article_scraped url=https://note.com/glad_auklet4142/n/ne30d9073753b title=🐺 AIさんが選ぶ「今月の記事」Vol.7——「好きですからね」「はあ、そうっすか。仕事に戻るよ？」 AIさんのミッドナイトステーション ※12 #メンバーシップ #自己紹介 #生成AI #毎日更新 #スキしてみて #noteの書き方 #note収益化 #エッセイ #コラム #ビジネス #経済 #投資 #副業 #仕事 #起業 #フリーランス　#ChatGPT #Claude #Gemini #テクノロジー #AI活用 #AIとやってみた #仕事について話そう body_length=9229 hashtag_count=97
2026-04-18 08:01:29,271 INFO data_pipeline.collectors.note_com_rss: article_saved url=https://note.com/glad_auklet4142/n/ne30d9073753b title=🐺 AIさんが選ぶ「今月の記事」Vol.7——「好きですからね」「はあ、そうっすか。仕事に戻るよ？」 AIさんのミッドナイトステーション ※12 #メンバーシップ #自己紹介 #生成AI #毎日更新 #スキしてみて #noteの書き方 #note収益化 #エッセイ #コラム #ビジネス #経済 #投資 #副業 #仕事 #起業 #フリーランス　#ChatGPT #Claude #Gemini #テクノロジー #AI活用 #AIとやってみた #仕事について話そう
2026-04-18 08:01:29,271 INFO data_pipeline.collectors.note_com_browser: scraping_article url=https://note.com/glad_auklet4142/n/nd00a4c29b49a
2026-04-18 08:01:32,342 INFO data_pipeline.collectors.note_com_browser: article_scraped url=https://note.com/glad_auklet4142/n/nd00a4c29b49a title=【AIがあなたの客を奪う日？】AIエージェントが奪う「購買決定権」と消えゆく検索トラフィックの真実。HBRが警告する「2つの破壊」の正体 #生成AI #マーケティング #SEO #GEO #HBR #集客 #Webマーケティング #検索流入 #アルゴリズム #ChatGPT #ブログ運営 #売上アップ body_length=2124 hashtag_count=99
2026-04-18 08:01:32,403 INFO data_pipeline.collectors.note_com_rss: article_saved url=https://note.com/glad_auklet4142/n/nd00a4c29b49a title=【AIがあなたの客を奪う日？】AIエージェントが奪う「購買決定権」と消えゆく検索トラフィックの真実。HBRが警告する「2つの破壊」の正体 #生成AI #マーケティング #SEO #GEO #HBR #集客 #Webマーケティング #検索流入 #アルゴリズム #ChatGPT #ブログ運営 #売上アップ
2026-04-18 08:01:32,403 INFO data_pipeline.collectors.note_com_browser: scraping_article url=https://note.com/glad_auklet4142/n/n0d658de6a033
2026-04-18 08:01:35,274 INFO data_pipeline.collectors.note_com_browser: article_scraped url=https://note.com/glad_auklet4142/n/n0d658de6a033 title=【もはや韓国は中国に勝てない。】半導体制裁が育てた「自給自足の怪物」と韓国陥落の足音。株価熱狂の裏に潜む真実。#半導体 #中国経済 #韓国経済 #米中対立 #サプライチェーン #自動車産業 #製造業 #チャイナリスク #経済安保 #ビジネス #インフレ body_length=1604 hashtag_count=100
2026-04-18 08:01:35,354 INFO data_pipeline.collectors.note_com_rss: article_saved url=https://note.com/glad_auklet4142/n/n0d658de6a033 title=【もはや韓国は中国に勝てない。】半導体制裁が育てた「自給自足の怪物」と韓国陥落の足音。株価熱狂の裏に潜む真実。#半導体 #中国経済 #韓国経済 #米中対立 #サプライチェーン #自動車産業 #製造業 #チャイナリスク #経済安保 #ビジネス #インフレ
2026-04-18 08:01:35,354 INFO data_pipeline.collectors.note_com_browser: scraping_article url=https://note.com/hide_taxnote/n/ne538426e9a62
2026-04-18 08:01:38,087 INFO data_pipeline.collectors.note_com_browser: article_scraped url=https://note.com/hide_taxnote/n/ne538426e9a62 title=ヘッドスパで「頭皮、固いですね」と言われてドキッとした人が、今すぐ見直すべき4つのこと body_length=2413 hashtag_count=16
2026-04-18 08:01:38,176 INFO data_pipeline.collectors.note_com_rss: article_saved url=https://note.com/hide_taxnote/n/ne538426e9a62 title=ヘッドスパで「頭皮、固いですね」と言われてドキッとした人が、今すぐ見直すべき4つのこと
2026-04-18 08:01:38,176 INFO data_pipeline.collectors.note_com_browser: scraping_article url=https://note.com/hide_taxnote/n/n101cc8a0cd3e
2026-04-18 08:01:40,783 INFO data_pipeline.collectors.note_com_browser: article_scraped url=https://note.com/hide_taxnote/n/n101cc8a0cd3e title=2026年4月17日｜日経平均・東京株式市場・米国株：ポイント解説と来週の展望 body_length=3983 hashtag_count=15
2026-04-18 08:01:40,858 INFO data_pipeline.collectors.note_com_rss: article_saved url=https://note.com/hide_taxnote/n/n101cc8a0cd3e title=2026年4月17日｜日経平均・東京株式市場・米国株：ポイント解説と来週の展望
2026-04-18 08:01:40,948 INFO data_pipeline.collectors.note_com_rss: config_updated updated_count=11 timestamp=2026-04-17T23:01:40.948410+00:00
2026-04-18 08:01:40,948 INFO data_pipeline.collectors.note_com_rss: rss_monitor_completed creators_checked=11 new_articles_found=30 articles_saved=6 articles_skipped_paid=24 articles_skipped_duplicate=0 error_count=0
