[[32m[1minfo     [0m] [1mFinance news scraper starting [0m [[0m[1m[34m__main__[0m][0m [36minclude_content[0m=[35mTrue[0m [36mmax_articles[0m=[35m50[0m [36mmodule[0m=[35mscrape_finance_news[0m [36msources[0m=[35m['reuters_jp'][0m
[[32m[1minfo     [0m] [1mStarting news collection      [0m [[0m[1m[34m__main__[0m][0m [36mmodule[0m=[35mscrape_finance_news[0m [36msources[0m=[35m['reuters_jp'][0m
[[32m[1minfo     [0m] [1mStarting financial news collection (async)[0m [[0m[1m[34mnews_scraper.unified[0m][0m [36minclude_content[0m=[35mTrue[0m [36mmax_articles_per_source[0m=[35m50[0m [36mmodule[0m=[35munified[0m [36msources[0m=[35m['reuters_jp'][0m
[[32m[1minfo     [0m] [1mStarting Reuters JP news collection[0m [[0m[1m[34mnews_scraper.reuters_jp[0m][0m [36mmax_articles_per_source[0m=[35m50[0m [36mmodule[0m=[35mreuters_jp[0m [36msections[0m=[35m['markets', 'business'][0m
[[32m[1minfo     [0m] [1mFetching Reuters JP section   [0m [[0m[1m[34mnews_scraper.reuters_jp[0m][0m [36mmodule[0m=[35mreuters_jp[0m [36msection[0m=[35mmarkets[0m [36murl[0m=[35mhttps://jp.reuters.com/markets/[0m
[[32m[1minfo     [0m] [1mFetching Reuters JP section   [0m [[0m[1m[34mnews_scraper.reuters_jp[0m][0m [36mmodule[0m=[35mreuters_jp[0m [36msection[0m=[35mbusiness[0m [36murl[0m=[35mhttps://jp.reuters.com/business/[0m
[[32m[1minfo     [0m] [1mHTTP Request: GET https://jp.reuters.com/business/ "HTTP/1.1 200 OK"[0m [[0m[1m[34mhttpx[0m][0m
[[32m[1minfo     [0m] [1mHTML fetched (async)          [0m [[0m[1m[34mnews_scraper._html_utils[0m][0m [36mmodule[0m=[35mhtml_utils[0m [36mstatus_code[0m=[35m200[0m [36murl[0m=[35mhttps://jp.reuters.com/business/[0m
[[32m[1minfo     [0m] [1mBusiness page parsed          [0m [[0m[1m[34mnews_scraper.reuters_jp[0m][0m [36marticle_count[0m=[35m20[0m [36mmodule[0m=[35mreuters_jp[0m
[[32m[1minfo     [0m] [1mReuters JP section complete   [0m [[0m[1m[34mnews_scraper.reuters_jp[0m][0m [36mcount[0m=[35m20[0m [36mmodule[0m=[35mreuters_jp[0m [36msection[0m=[35mbusiness[0m
[[32m[1minfo     [0m] [1mHTTP Request: GET https://jp.reuters.com/markets/ "HTTP/1.1 200 OK"[0m [[0m[1m[34mhttpx[0m][0m
[[32m[1minfo     [0m] [1mHTML fetched (async)          [0m [[0m[1m[34mnews_scraper._html_utils[0m][0m [36mmodule[0m=[35mhtml_utils[0m [36mstatus_code[0m=[35m200[0m [36murl[0m=[35mhttps://jp.reuters.com/markets/[0m
[[32m[1minfo     [0m] [1mMarkets page parsed           [0m [[0m[1m[34mnews_scraper.reuters_jp[0m][0m [36marticle_count[0m=[35m6[0m [36mmodule[0m=[35mreuters_jp[0m
[[32m[1minfo     [0m] [1mReuters JP section complete   [0m [[0m[1m[34mnews_scraper.reuters_jp[0m][0m [36mcount[0m=[35m6[0m [36mmodule[0m=[35mreuters_jp[0m [36msection[0m=[35mmarkets[0m
[[32m[1minfo     [0m] [1mReuters JP news collection complete[0m [[0m[1m[34mnews_scraper.reuters_jp[0m][0m [36mmodule[0m=[35mreuters_jp[0m [36mtotal_articles[0m=[35m22[0m
[[32m[1minfo     [0m] [1mSource collection complete    [0m [[0m[1m[34mnews_scraper.unified[0m][0m [36mmodule[0m=[35munified[0m [36msource[0m=[35mreuters_jp[0m [36msource_articles[0m=[35m22[0m
[[32m[1minfo     [0m] [1mFetching content for articles missing it[0m [[0m[1m[34mnews_scraper.unified[0m][0m [36mcount[0m=[35m22[0m [36mmodule[0m=[35munified[0m
[[32m[1minfo     [0m] [1mStarting batch extraction     [0m [[0m[1m[34mrss.services.article_extractor[0m][0m [36mmodule[0m=[35marticle_extractor[0m [36mrate_limit[0m=[35m1.0[0m [36murl_count[0m=[35m22[0m
[[32m[1minfo     [0m] [1mStarting article extraction   [0m [[0m[1m[34mrss.services.article_extractor[0m][0m [36mmodule[0m=[35marticle_extractor[0m [36murl[0m=[35mhttps://jp.reuters.com/markets/global-markets/3FVW2K6T7ZLILJNSG2YNSHYXPM-2026-03-27/[0m [36muser_agent[0m=[35m'Mozilla/5.0 (Macintosh; Intel Mac OS X 10_15_7) Ap...'[0m
[[32m[1minfo     [0m] [1mHTTP Request: GET https://jp.reuters.com/markets/global-markets/3FVW2K6T7ZLILJNSG2YNSHYXPM-2026-03-27/ "HTTP/1.1 200 OK"[0m [[0m[1m[34mhttpx[0m][0m
[[32m[1minfo     [0m] [1mFallback extraction successful[0m [[0m[1m[34mrss.services.article_extractor[0m][0m [36mmodule[0m=[35marticle_extractor[0m [36mtext_length[0m=[35m693[0m [36mtitle[0m=[35m'大塚製薬、米社を7億ドルで買収\u3000マイルストン最大5.25億ドル | ロイター'[0m [36murl[0m=[35mhttps://jp.reuters.com/markets/global-markets/3FVW2K6T7ZLILJNSG2YNSHYXPM-2026-03-27/[0m
[[32m[1minfo     [0m] [1mStarting article extraction   [0m [[0m[1m[34mrss.services.article_extractor[0m][0m [36mmodule[0m=[35marticle_extractor[0m [36murl[0m=[35mhttps://jp.reuters.com/markets/global-markets/DMUSVJYZRNJKFGJCNFSSEBM7L4-2026-03-27/[0m [36muser_agent[0m=[35m'Mozilla/5.0 (Macintosh; Intel Mac OS X 10_15_7) Ap...'[0m
[[32m[1minfo     [0m] [1mHTTP Request: GET https://jp.reuters.com/markets/global-markets/DMUSVJYZRNJKFGJCNFSSEBM7L4-2026-03-27/ "HTTP/1.1 200 OK"[0m [[0m[1m[34mhttpx[0m][0m
[[32m[1minfo     [0m] [1mFallback extraction successful[0m [[0m[1m[34mrss.services.article_extractor[0m][0m [36mmodule[0m=[35marticle_extractor[0m [36mtext_length[0m=[35m649[0m [36mtitle[0m=[35m'花王、4月30日に臨時株主総会\u3000供給網の管理巡りオアシスが請求 | ロイター'[0m [36murl[0m=[35mhttps://jp.reuters.com/markets/global-markets/DMUSVJYZRNJKFGJCNFSSEBM7L4-2026-03-27/[0m
[[32m[1minfo     [0m] [1mStarting article extraction   [0m [[0m[1m[34mrss.services.article_extractor[0m][0m [36mmodule[0m=[35marticle_extractor[0m [36murl[0m=[35mhttps://jp.reuters.com/markets/global-markets/SVYEPDCEFZM6TPL4OF6P2JJSZY-2026-03-27/[0m [36muser_agent[0m=[35m'Mozilla/5.0 (Macintosh; Intel Mac OS X 10_15_7) Ap...'[0m
[[32m[1minfo     [0m] [1mHTTP Request: GET https://jp.reuters.com/markets/global-markets/SVYEPDCEFZM6TPL4OF6P2JJSZY-2026-03-27/ "HTTP/1.1 200 OK"[0m [[0m[1m[34mhttpx[0m][0m
[[32m[1minfo     [0m] [1mFallback extraction successful[0m [[0m[1m[34mrss.services.article_extractor[0m][0m [36mmodule[0m=[35marticle_extractor[0m [36mtext_length[0m=[35m743[0m [36mtitle[0m=[35m'アイリスオーヤマ、ライフドリンクＣ株を大量保有\u3000純投資目的 | ロイター'[0m [36murl[0m=[35mhttps://jp.reuters.com/markets/global-markets/SVYEPDCEFZM6TPL4OF6P2JJSZY-2026-03-27/[0m
[[32m[1minfo     [0m] [1mStarting article extraction   [0m [[0m[1m[34mrss.services.article_extractor[0m][0m [36mmodule[0m=[35marticle_extractor[0m [36murl[0m=[35mhttps://jp.reuters.com/markets/global-markets/43U2J6NMYFKNTAO7AC3H3GXQ4U-2026-03-27/[0m [36muser_agent[0m=[35m'Mozilla/5.0 (Macintosh; Intel Mac OS X 10_15_7) Ap...'[0m
[[32m[1minfo     [0m] [1mHTTP Request: GET https://jp.reuters.com/markets/global-markets/43U2J6NMYFKNTAO7AC3H3GXQ4U-2026-03-27/ "HTTP/1.1 200 OK"[0m [[0m[1m[34mhttpx[0m][0m
[[32m[1minfo     [0m] [1mFallback extraction successful[0m [[0m[1m[34mrss.services.article_extractor[0m][0m [36mmodule[0m=[35marticle_extractor[0m [36mtext_length[0m=[35m843[0m [36mtitle[0m=[35m'ソフトバンクＧ、オープンＡＩ追加出資で最大400億ドルのつなぎ融資 | ロイター'[0m [36murl[0m=[35mhttps://jp.reuters.com/markets/global-markets/43U2J6NMYFKNTAO7AC3H3GXQ4U-2026-03-27/[0m
[[32m[1minfo     [0m] [1mStarting article extraction   [0m [[0m[1m[34mrss.services.article_extractor[0m][0m [36mmodule[0m=[35marticle_extractor[0m [36murl[0m=[35mhttps://jp.reuters.com/markets/commodities/NW4JZPTFFRJPBKZ73Z6LK5V2EE-2026-03-27/[0m [36muser_agent[0m=[35m'Mozilla/5.0 (Macintosh; Intel Mac OS X 10_15_7) Ap...'[0m
[[32m[1minfo     [0m] [1mHTTP Request: GET https://jp.reuters.com/markets/commodities/NW4JZPTFFRJPBKZ73Z6LK5V2EE-2026-03-27/ "HTTP/1.1 200 OK"[0m [[0m[1m[34mhttpx[0m][0m
[[32m[1minfo     [0m] [1mFallback extraction successful[0m [[0m[1m[34mrss.services.article_extractor[0m][0m [36mmodule[0m=[35marticle_extractor[0m [36mtext_length[0m=[35m1058[0m [36mtitle[0m=[35m'中国コスコ、ホルムズ海峡引き返す\u3000イランの通過保証の実効性に疑問符 | ロイター'[0m [36murl[0m=[35mhttps://jp.reuters.com/markets/commodities/NW4JZPTFFRJPBKZ73Z6LK5V2EE-2026-03-27/[0m
[[32m[1minfo     [0m] [1mStarting article extraction   [0m [[0m[1m[34mrss.services.article_extractor[0m][0m [36mmodule[0m=[35marticle_extractor[0m [36murl[0m=[35mhttps://jp.reuters.com/world/security/5F6JPLX76BJ5LG463D4YKFYHLE-2026-03-27/[0m [36muser_agent[0m=[35m'Mozilla/5.0 (Macintosh; Intel Mac OS X 10_15_7) Ap...'[0m
[[32m[1minfo     [0m] [1mHTTP Request: GET https://jp.reuters.com/world/security/5F6JPLX76BJ5LG463D4YKFYHLE-2026-03-27/ "HTTP/1.1 200 OK"[0m [[0m[1m[34mhttpx[0m][0m
[[32m[1minfo     [0m] [1mFallback extraction successful[0m [[0m[1m[34mrss.services.article_extractor[0m][0m [36mmodule[0m=[35marticle_extractor[0m [36mtext_length[0m=[35m1069[0m [36mtitle[0m=[35m'イラン系ハッカー集団、ＦＢＩ長官の個人メール侵害\u3000写真や文書公開 | ロイター'[0m [36murl[0m=[35mhttps://jp.reuters.com/world/security/5F6JPLX76BJ5LG463D4YKFYHLE-2026-03-27/[0m
[[32m[1minfo     [0m] [1mStarting article extraction   [0m [[0m[1m[34mrss.services.article_extractor[0m][0m [36mmodule[0m=[35marticle_extractor[0m [36murl[0m=[35mhttps://jp.reuters.com/markets/japan/BPNCPSIBIBID7ILK3YWTMWX2NU-2026-03-27/[0m [36muser_agent[0m=[35m'Mozilla/5.0 (Macintosh; Intel Mac OS X 10_15_7) Ap...'[0m
[[32m[1minfo     [0m] [1mHTTP Request: GET https://jp.reuters.com/markets/japan/BPNCPSIBIBID7ILK3YWTMWX2NU-2026-03-27/ "HTTP/1.1 200 OK"[0m [[0m[1m[34mhttpx[0m][0m
[[32m[1minfo     [0m] [1mFallback extraction successful[0m [[0m[1m[34mrss.services.article_extractor[0m][0m [36mmodule[0m=[35marticle_extractor[0m [36mtext_length[0m=[35m935[0m [36mtitle[0m=[35m'ユーロ圏消費者のインフレ期待低下、戦争前の調査\u3000エネルギー高で見通し一変 | ロイター'[0m [36murl[0m=[35mhttps://jp.reuters.com/markets/japan/BPNCPSIBIBID7ILK3YWTMWX2NU-2026-03-27/[0m
[[32m[1minfo     [0m] [1mStarting article extraction   [0m [[0m[1m[34mrss.services.article_extractor[0m][0m [36mmodule[0m=[35marticle_extractor[0m [36murl[0m=[35mhttps://jp.reuters.com/world/japan/4VIUJD2MIVP7LFCBOYEOVJOKZA-2026-03-27/[0m [36muser_agent[0m=[35m'Mozilla/5.0 (Macintosh; Intel Mac OS X 10_15_7) Ap...'[0m
[[32m[1minfo     [0m] [1mHTTP Request: GET https://jp.reuters.com/world/japan/4VIUJD2MIVP7LFCBOYEOVJOKZA-2026-03-27/ "HTTP/1.1 200 OK"[0m [[0m[1m[34mhttpx[0m][0m
[[32m[1minfo     [0m] [1mFallback extraction successful[0m [[0m[1m[34mrss.services.article_extractor[0m][0m [36mmodule[0m=[35marticle_extractor[0m [36mtext_length[0m=[35m2152[0m [36mtitle[0m=[35m'アングル：4月の日本株は波乱含み、「持たざるリスク」に一巡感\u3000益出しも警戒 | ロイター'[0m [36murl[0m=[35mhttps://jp.reuters.com/world/japan/4VIUJD2MIVP7LFCBOYEOVJOKZA-2026-03-27/[0m
[[32m[1minfo     [0m] [1mStarting article extraction   [0m [[0m[1m[34mrss.services.article_extractor[0m][0m [36mmodule[0m=[35marticle_extractor[0m [36murl[0m=[35mhttps://jp.reuters.com/markets/japan/GZUZD6RNYRNZRND76PN3HW3BBM-2026-03-27/[0m [36muser_agent[0m=[35m'Mozilla/5.0 (Macintosh; Intel Mac OS X 10_15_7) Ap...'[0m
[[32m[1minfo     [0m] [1mHTTP Request: GET https://jp.reuters.com/markets/japan/GZUZD6RNYRNZRND76PN3HW3BBM-2026-03-27/ "HTTP/1.1 200 OK"[0m [[0m[1m[34mhttpx[0m][0m
[[32m[1minfo     [0m] [1mFallback extraction successful[0m [[0m[1m[34mrss.services.article_extractor[0m][0m [36mmodule[0m=[35marticle_extractor[0m [36mtext_length[0m=[35m1356[0m [36mtitle[0m=[35m'「中東情勢を注視」の表現追加、景気は緩やかな回復維持＝3月月例報告 | ロイター'[0m [36murl[0m=[35mhttps://jp.reuters.com/markets/japan/GZUZD6RNYRNZRND76PN3HW3BBM-2026-03-27/[0m
[[32m[1minfo     [0m] [1mStarting article extraction   [0m [[0m[1m[34mrss.services.article_extractor[0m][0m [36mmodule[0m=[35marticle_extractor[0m [36murl[0m=[35mhttps://jp.reuters.com/markets/japan/557XOESEMRPZZGCEUMKMAF4HFA-2026-03-27/[0m [36muser_agent[0m=[35m'Mozilla/5.0 (Macintosh; Intel Mac OS X 10_15_7) Ap...'[0m
[[32m[1minfo     [0m] [1mHTTP Request: GET https://jp.reuters.com/markets/japan/557XOESEMRPZZGCEUMKMAF4HFA-2026-03-27/ "HTTP/1.1 200 OK"[0m [[0m[1m[34mhttpx[0m][0m
[[32m[1minfo     [0m] [1mFallback extraction successful[0m [[0m[1m[34mrss.services.article_extractor[0m][0m [36mmodule[0m=[35marticle_extractor[0m [36mtext_length[0m=[35m577[0m [36mtitle[0m=[35m'新発10年債利回りが2.385％に上昇、27年ぶり高水準 | ロイター'[0m [36murl[0m=[35mhttps://jp.reuters.com/markets/japan/557XOESEMRPZZGCEUMKMAF4HFA-2026-03-27/[0m
[[32m[1minfo     [0m] [1mStarting article extraction   [0m [[0m[1m[34mrss.services.article_extractor[0m][0m [36mmodule[0m=[35marticle_extractor[0m [36murl[0m=[35mhttps://jp.reuters.com/world/japan/6Y3WGAVJAFL4RC6EE47YK3Q3BE-2026-03-27/[0m [36muser_agent[0m=[35m'Mozilla/5.0 (Macintosh; Intel Mac OS X 10_15_7) Ap...'[0m
[[32m[1minfo     [0m] [1mHTTP Request: GET https://jp.reuters.com/world/japan/6Y3WGAVJAFL4RC6EE47YK3Q3BE-2026-03-27/ "HTTP/1.1 200 OK"[0m [[0m[1m[34mhttpx[0m][0m
[[32m[1minfo     [0m] [1mFallback extraction successful[0m [[0m[1m[34mrss.services.article_extractor[0m][0m [36mmodule[0m=[35marticle_extractor[0m [36mtext_length[0m=[35m703[0m [36mtitle[0m=[35m'日銀と経済の見方に大きな齟齬ない=需給ギャップ見直しで城内経財相 | ロイター'[0m [36murl[0m=[35mhttps://jp.reuters.com/world/japan/6Y3WGAVJAFL4RC6EE47YK3Q3BE-2026-03-27/[0m
[[32m[1minfo     [0m] [1mStarting article extraction   [0m [[0m[1m[34mrss.services.article_extractor[0m][0m [36mmodule[0m=[35marticle_extractor[0m [36murl[0m=[35mhttps://jp.reuters.com/markets/japan/KW7D27JYSFOM3P2P2NTAIYOKOE-2026-03-27/[0m [36muser_agent[0m=[35m'Mozilla/5.0 (Macintosh; Intel Mac OS X 10_15_7) Ap...'[0m
[[32m[1minfo     [0m] [1mHTTP Request: GET https://jp.reuters.com/markets/japan/KW7D27JYSFOM3P2P2NTAIYOKOE-2026-03-27/ "HTTP/1.1 200 OK"[0m [[0m[1m[34mhttpx[0m][0m
[[32m[1minfo     [0m] [1mFallback extraction successful[0m [[0m[1m[34mrss.services.article_extractor[0m][0m [36mmodule[0m=[35marticle_extractor[0m [36mtext_length[0m=[35m846[0m [36mtitle[0m=[35m'英中銀、窓口貸し出しコスト引き下げ\u3000担保品質に応じた新体系に | ロイター'[0m [36murl[0m=[35mhttps://jp.reuters.com/markets/japan/KW7D27JYSFOM3P2P2NTAIYOKOE-2026-03-27/[0m
[[32m[1minfo     [0m] [1mStarting article extraction   [0m [[0m[1m[34mrss.services.article_extractor[0m][0m [36mmodule[0m=[35marticle_extractor[0m [36murl[0m=[35mhttps://jp.reuters.com/markets/japan/GZKNFGELJZIPFOG23SVFIUH54M-2026-03-27/[0m [36muser_agent[0m=[35m'Mozilla/5.0 (Macintosh; Intel Mac OS X 10_15_7) Ap...'[0m
[[32m[1minfo     [0m] [1mHTTP Request: GET https://jp.reuters.com/markets/japan/GZKNFGELJZIPFOG23SVFIUH54M-2026-03-27/ "HTTP/1.1 200 OK"[0m [[0m[1m[34mhttpx[0m][0m
[[32m[1minfo     [0m] [1mFallback extraction successful[0m [[0m[1m[34mrss.services.article_extractor[0m][0m [36mmodule[0m=[35marticle_extractor[0m [36mtext_length[0m=[35m731[0m [36mtitle[0m=[35m'米国株式市場・序盤＝続落、米のイラン攻撃延期も市場心理好転せず | ロイター'[0m [36murl[0m=[35mhttps://jp.reuters.com/markets/japan/GZKNFGELJZIPFOG23SVFIUH54M-2026-03-27/[0m
[[32m[1minfo     [0m] [1mStarting article extraction   [0m [[0m[1m[34mrss.services.article_extractor[0m][0m [36mmodule[0m=[35marticle_extractor[0m [36murl[0m=[35mhttps://jp.reuters.com/markets/japan/P2RD6XUFCNOZXHIJ6SIQYXDQJA-2026-03-27/[0m [36muser_agent[0m=[35m'Mozilla/5.0 (Macintosh; Intel Mac OS X 10_15_7) Ap...'[0m
[[32m[1minfo     [0m] [1mHTTP Request: GET https://jp.reuters.com/markets/japan/P2RD6XUFCNOZXHIJ6SIQYXDQJA-2026-03-27/ "HTTP/1.1 200 OK"[0m [[0m[1m[34mhttpx[0m][0m
[[32m[1minfo     [0m] [1mFallback extraction successful[0m [[0m[1m[34mrss.services.article_extractor[0m][0m [36mmodule[0m=[35marticle_extractor[0m [36mtext_length[0m=[35m1441[0m [36mtitle[0m=[35m'ＥＵ高官、スタグフレーション警告\u3000混乱長期化で成長率0.6％下押しも | ロイター'[0m [36murl[0m=[35mhttps://jp.reuters.com/markets/japan/P2RD6XUFCNOZXHIJ6SIQYXDQJA-2026-03-27/[0m
[[32m[1minfo     [0m] [1mStarting article extraction   [0m [[0m[1m[34mrss.services.article_extractor[0m][0m [36mmodule[0m=[35marticle_extractor[0m [36murl[0m=[35mhttps://jp.reuters.com/markets/japan/CV55Y25OTZPEBAARAVXLXGZ64I-2026-03-27/[0m [36muser_agent[0m=[35m'Mozilla/5.0 (Macintosh; Intel Mac OS X 10_15_7) Ap...'[0m
[[32m[1minfo     [0m] [1mHTTP Request: GET https://jp.reuters.com/markets/japan/CV55Y25OTZPEBAARAVXLXGZ64I-2026-03-27/ "HTTP/1.1 200 OK"[0m [[0m[1m[34mhttpx[0m][0m
[[32m[1minfo     [0m] [1mFallback extraction successful[0m [[0m[1m[34mrss.services.article_extractor[0m][0m [36mmodule[0m=[35marticle_extractor[0m [36mtext_length[0m=[35m1443[0m [36mtitle[0m=[35m'中東紛争がインフレ・成長リスク、政策判断は慎重姿勢＝フィラデルフィア連銀総裁 | ロイター'[0m [36murl[0m=[35mhttps://jp.reuters.com/markets/japan/CV55Y25OTZPEBAARAVXLXGZ64I-2026-03-27/[0m
[[32m[1minfo     [0m] [1mStarting article extraction   [0m [[0m[1m[34mrss.services.article_extractor[0m][0m [36mmodule[0m=[35marticle_extractor[0m [36murl[0m=[35mhttps://jp.reuters.com/markets/japan/3DQAS34FFJMNFEVMNVU6LK3NLU-2026-03-27/[0m [36muser_agent[0m=[35m'Mozilla/5.0 (Macintosh; Intel Mac OS X 10_15_7) Ap...'[0m
[[32m[1minfo     [0m] [1mHTTP Request: GET https://jp.reuters.com/markets/japan/3DQAS34FFJMNFEVMNVU6LK3NLU-2026-03-27/ "HTTP/1.1 200 OK"[0m [[0m[1m[34mhttpx[0m][0m
[[32m[1minfo     [0m] [1mFallback extraction successful[0m [[0m[1m[34mrss.services.article_extractor[0m][0m [36mmodule[0m=[35marticle_extractor[0m [36mtext_length[0m=[35m1342[0m [36mtitle[0m=[35m'当面金利据え置きが適切、中東情勢とＡＩで不透明感＝リッチモンド連銀総裁 | ロイター'[0m [36murl[0m=[35mhttps://jp.reuters.com/markets/japan/3DQAS34FFJMNFEVMNVU6LK3NLU-2026-03-27/[0m
[[32m[1minfo     [0m] [1mStarting article extraction   [0m [[0m[1m[34mrss.services.article_extractor[0m][0m [36mmodule[0m=[35marticle_extractor[0m [36murl[0m=[35mhttps://jp.reuters.com/markets/japan/AFN5RPWMVJLRJLEIAQSHJAAYFQ-2026-03-27/[0m [36muser_agent[0m=[35m'Mozilla/5.0 (Macintosh; Intel Mac OS X 10_15_7) Ap...'[0m
[[32m[1minfo     [0m] [1mHTTP Request: GET https://jp.reuters.com/markets/japan/AFN5RPWMVJLRJLEIAQSHJAAYFQ-2026-03-27/ "HTTP/1.1 200 OK"[0m [[0m[1m[34mhttpx[0m][0m
[[32m[1minfo     [0m] [1mFallback extraction successful[0m [[0m[1m[34mrss.services.article_extractor[0m][0m [36mmodule[0m=[35marticle_extractor[0m [36mtext_length[0m=[35m942[0m [36mtitle[0m=[35m'ドル160円台に上昇、2024年7月以来初\u3000介入警戒強まる | ロイター'[0m [36murl[0m=[35mhttps://jp.reuters.com/markets/japan/AFN5RPWMVJLRJLEIAQSHJAAYFQ-2026-03-27/[0m
[[32m[1minfo     [0m] [1mStarting article extraction   [0m [[0m[1m[34mrss.services.article_extractor[0m][0m [36mmodule[0m=[35marticle_extractor[0m [36murl[0m=[35mhttps://jp.reuters.com/markets/japan/HKIJREJ5HFMP7EE4X3OB4SRXPQ-2026-03-27/[0m [36muser_agent[0m=[35m'Mozilla/5.0 (Macintosh; Intel Mac OS X 10_15_7) Ap...'[0m
[[32m[1minfo     [0m] [1mHTTP Request: GET https://jp.reuters.com/markets/japan/HKIJREJ5HFMP7EE4X3OB4SRXPQ-2026-03-27/ "HTTP/1.1 200 OK"[0m [[0m[1m[34mhttpx[0m][0m
[[32m[1minfo     [0m] [1mFallback extraction successful[0m [[0m[1m[34mrss.services.article_extractor[0m][0m [36mmodule[0m=[35marticle_extractor[0m [36mtext_length[0m=[35m1542[0m [36mtitle[0m=[35m'米ミシガン大消費者信頼感3月確報、53.3に低下\u3000原油高響く | ロイター'[0m [36murl[0m=[35mhttps://jp.reuters.com/markets/japan/HKIJREJ5HFMP7EE4X3OB4SRXPQ-2026-03-27/[0m
[[32m[1minfo     [0m] [1mStarting article extraction   [0m [[0m[1m[34mrss.services.article_extractor[0m][0m [36mmodule[0m=[35marticle_extractor[0m [36murl[0m=[35mhttps://jp.reuters.com/markets/japan/YHG6L2GMPZJOTCGYNMIIK2H5PM-2026-03-27/[0m [36muser_agent[0m=[35m'Mozilla/5.0 (Macintosh; Intel Mac OS X 10_15_7) Ap...'[0m
[[32m[1minfo     [0m] [1mHTTP Request: GET https://jp.reuters.com/markets/japan/YHG6L2GMPZJOTCGYNMIIK2H5PM-2026-03-27/ "HTTP/1.1 200 OK"[0m [[0m[1m[34mhttpx[0m][0m
[[32m[1minfo     [0m] [1mFallback extraction successful[0m [[0m[1m[34mrss.services.article_extractor[0m][0m [36mmodule[0m=[35marticle_extractor[0m [36mtext_length[0m=[35m1215[0m [36mtitle[0m=[35m'ＥＣＢの拙速利上げに慎重、インフレ定着の見極めを＝シュナーベル理事 | ロイター'[0m [36murl[0m=[35mhttps://jp.reuters.com/markets/japan/YHG6L2GMPZJOTCGYNMIIK2H5PM-2026-03-27/[0m
[[32m[1minfo     [0m] [1mStarting article extraction   [0m [[0m[1m[34mrss.services.article_extractor[0m][0m [36mmodule[0m=[35marticle_extractor[0m [36murl[0m=[35mhttps://jp.reuters.com/markets/japan/IRMWDYQTGROULKMQTC5P6ND7HA-2026-03-27/[0m [36muser_agent[0m=[35m'Mozilla/5.0 (Macintosh; Intel Mac OS X 10_15_7) Ap...'[0m
[[32m[1minfo     [0m] [1mHTTP Request: GET https://jp.reuters.com/markets/japan/IRMWDYQTGROULKMQTC5P6ND7HA-2026-03-27/ "HTTP/1.1 200 OK"[0m [[0m[1m[34mhttpx[0m][0m
[[32m[1minfo     [0m] [1mFallback extraction successful[0m [[0m[1m[34mrss.services.article_extractor[0m][0m [36mmodule[0m=[35marticle_extractor[0m [36mtext_length[0m=[35m1525[0m [36mtitle[0m=[35m'ＮＹ外為市場＝ドル160円台、中東緊迫で「有事の買い」\u3000介入警戒高まる | ロイター'[0m [36murl[0m=[35mhttps://jp.reuters.com/markets/japan/IRMWDYQTGROULKMQTC5P6ND7HA-2026-03-27/[0m
[[32m[1minfo     [0m] [1mStarting article extraction   [0m [[0m[1m[34mrss.services.article_extractor[0m][0m [36mmodule[0m=[35marticle_extractor[0m [36murl[0m=[35mhttps://jp.reuters.com/markets/japan/BMHOLU2N4ROGREKRZQU7J5IISQ-2026-03-27/[0m [36muser_agent[0m=[35m'Mozilla/5.0 (Macintosh; Intel Mac OS X 10_15_7) Ap...'[0m
[[32m[1minfo     [0m] [1mHTTP Request: GET https://jp.reuters.com/markets/japan/BMHOLU2N4ROGREKRZQU7J5IISQ-2026-03-27/ "HTTP/1.1 200 OK"[0m [[0m[1m[34mhttpx[0m][0m
[[32m[1minfo     [0m] [1mFallback extraction successful[0m [[0m[1m[34mrss.services.article_extractor[0m][0m [36mmodule[0m=[35marticle_extractor[0m [36mtext_length[0m=[35m1665[0m [36mtitle[0m=[35m'米国株式市場＝大幅続落、ダウ調整入り\u3000中東情勢巡る警戒感で | ロイター'[0m [36murl[0m=[35mhttps://jp.reuters.com/markets/japan/BMHOLU2N4ROGREKRZQU7J5IISQ-2026-03-27/[0m
[[32m[1minfo     [0m] [1mStarting article extraction   [0m [[0m[1m[34mrss.services.article_extractor[0m][0m [36mmodule[0m=[35marticle_extractor[0m [36murl[0m=[35mhttps://jp.reuters.com/markets/japan/6P57A46QXRI4XDV3PZMZDXHLTA-2026-03-27/[0m [36muser_agent[0m=[35m'Mozilla/5.0 (Macintosh; Intel Mac OS X 10_15_7) Ap...'[0m
[[32m[1minfo     [0m] [1mHTTP Request: GET https://jp.reuters.com/markets/japan/6P57A46QXRI4XDV3PZMZDXHLTA-2026-03-27/ "HTTP/1.1 200 OK"[0m [[0m[1m[34mhttpx[0m][0m
[[32m[1minfo     [0m] [1mFallback extraction successful[0m [[0m[1m[34mrss.services.article_extractor[0m][0m [36mmodule[0m=[35marticle_extractor[0m [36mtext_length[0m=[35m2965[0m [36mtitle[0m=[35m'ＮＹ市場サマリー（27日）ドル160円台、株大幅続落\u3000利回り上昇 | ロイター'[0m [36murl[0m=[35mhttps://jp.reuters.com/markets/japan/6P57A46QXRI4XDV3PZMZDXHLTA-2026-03-27/[0m
[[32m[1minfo     [0m] [1mBatch extraction completed    [0m [[0m[1m[34mrss.services.article_extractor[0m][0m [36mfailed[0m=[35m0[0m [36mmodule[0m=[35marticle_extractor[0m [36msuccess[0m=[35m22[0m [36mtotal[0m=[35m22[0m
[[32m[1minfo     [0m] [1mContent post-fetch complete   [0m [[0m[1m[34mnews_scraper.unified[0m][0m [36mfetched[0m=[35m22[0m [36mmodule[0m=[35munified[0m [36mtotal[0m=[35m22[0m
[[32m[1minfo     [0m] [1mFinancial news collection complete[0m [[0m[1m[34mnews_scraper.unified[0m][0m [36melapsed_seconds[0m=[35m29.89[0m [36mmodule[0m=[35munified[0m [36msources[0m=[35m['reuters_jp'][0m [36mtotal_articles[0m=[35m22[0m
[[32m[1minfo     [0m] [1mRawStore: saved=0, dup=22, empty=0[0m [[0m[1m[34mnews_scraper.unified[0m][0m [36mmodule[0m=[35munified[0m
[[32m[1minfo     [0m] [1mCollection complete           [0m [[0m[1m[34m__main__[0m][0m [36marticle_count[0m=[35m22[0m [36mmodule[0m=[35mscrape_finance_news[0m
[[32m[1minfo     [0m] [1mNAS is mounted, using NAS output[0m [[0m[1m[34m__main__[0m][0m [36mmodule[0m=[35mscrape_finance_news[0m [36mpath[0m=[35m/Volumes/personal_folder/scraped/reuters_jp[0m [36msource[0m=[35mreuters_jp[0m
[[32m[1minfo     [0m] [1mOutput directory ready        [0m [[0m[1m[34m__main__[0m][0m [36mmodule[0m=[35mscrape_finance_news[0m [36mpath[0m=[35m/Volumes/personal_folder/scraped/reuters_jp/2026-03-28[0m
[[32m[1minfo     [0m] [1mArticles saved to JSON        [0m [[0m[1m[34m__main__[0m][0m [36mmodule[0m=[35mscrape_finance_news[0m [36mpath[0m=[35m/Volumes/personal_folder/scraped/reuters_jp/2026-03-28/news_030006.json[0m [36mtotal_count[0m=[35m22[0m
[[32m[1minfo     [0m] [1mSave complete                 [0m [[0m[1m[34m__main__[0m][0m [36mcount[0m=[35m22[0m [36mmodule[0m=[35mscrape_finance_news[0m [36moutput_file[0m=[35m/Volumes/personal_folder/scraped/reuters_jp/2026-03-28/news_030006.json[0m [36msource[0m=[35mreuters_jp[0m
[[32m[1minfo     [0m] [1mClassification layer applied: 3 nodes, 66 rels[0m [[0m[1m[34memit_research_queue[0m][0m
[[32m[1minfo     [0m] [1mQueue file written: /Volumes/personal_folder/graph-queue/finance-news-workflow/gq-20260328030036-453d5c01.json[0m [[0m[1m[34memit_research_queue[0m][0m
[[32m[1minfo     [0m] [1mIngesting 22 Source nodes     [0m [[0m[1m[34mdata_pipeline.neo4j_loader[0m][0m
[[32m[1minfo     [0m] [1mIngestion complete: 25 nodes, 66 relations[0m [[0m[1m[34mdata_pipeline.neo4j_loader[0m][0m
[[32m[1minfo     [0m] [1mNeo4j ingestion complete      [0m [[0m[1m[34m__main__[0m][0m [36mmodule[0m=[35mscrape_finance_news[0m [36mnodes[0m=[35m25[0m [36mqueue_file[0m=[35m/Volumes/personal_folder/graph-queue/finance-news-workflow/gq-20260328030036-453d5c01.json[0m [36mrelations[0m=[35m66[0m [36msource[0m=[35mreuters_jp[0m
[[32m[1minfo     [0m] [1mScraper finished successfully [0m [[0m[1m[34m__main__[0m][0m [36mmodule[0m=[35mscrape_finance_news[0m [36msaved_files[0m=[35m['/Volumes/personal_folder/scraped/reuters_jp/2026-03-28/news_030006.json'][0m [36mtotal_articles[0m=[35m22[0m
[[32m[1minfo     [0m] [1mFinance news scraper starting [0m [[0m[1m[34m__main__[0m][0m [36minclude_content[0m=[35mTrue[0m [36mmax_articles[0m=[35m50[0m [36mmodule[0m=[35mscrape_finance_news[0m [36msources[0m=[35m['reuters_jp'][0m
[[32m[1minfo     [0m] [1mStarting news collection      [0m [[0m[1m[34m__main__[0m][0m [36mmodule[0m=[35mscrape_finance_news[0m [36msources[0m=[35m['reuters_jp'][0m
[[32m[1minfo     [0m] [1mStarting financial news collection (async)[0m [[0m[1m[34mnews_scraper.unified[0m][0m [36minclude_content[0m=[35mTrue[0m [36mmax_articles_per_source[0m=[35m50[0m [36mmodule[0m=[35munified[0m [36msources[0m=[35m['reuters_jp'][0m
[[32m[1minfo     [0m] [1mStarting Reuters JP news collection[0m [[0m[1m[34mnews_scraper.reuters_jp[0m][0m [36mmax_articles_per_source[0m=[35m50[0m [36mmodule[0m=[35mreuters_jp[0m [36msections[0m=[35m['markets', 'business'][0m
[[32m[1minfo     [0m] [1mFetching Reuters JP section   [0m [[0m[1m[34mnews_scraper.reuters_jp[0m][0m [36mmodule[0m=[35mreuters_jp[0m [36msection[0m=[35mmarkets[0m [36murl[0m=[35mhttps://jp.reuters.com/markets/[0m
[[32m[1minfo     [0m] [1mFetching Reuters JP section   [0m [[0m[1m[34mnews_scraper.reuters_jp[0m][0m [36mmodule[0m=[35mreuters_jp[0m [36msection[0m=[35mbusiness[0m [36murl[0m=[35mhttps://jp.reuters.com/business/[0m
[[32m[1minfo     [0m] [1mHTTP Request: GET https://jp.reuters.com/markets/ "HTTP/1.1 200 OK"[0m [[0m[1m[34mhttpx[0m][0m
[[32m[1minfo     [0m] [1mHTTP Request: GET https://jp.reuters.com/business/ "HTTP/1.1 200 OK"[0m [[0m[1m[34mhttpx[0m][0m
[[32m[1minfo     [0m] [1mHTML fetched (async)          [0m [[0m[1m[34mnews_scraper._html_utils[0m][0m [36mmodule[0m=[35mhtml_utils[0m [36mstatus_code[0m=[35m200[0m [36murl[0m=[35mhttps://jp.reuters.com/business/[0m
[[32m[1minfo     [0m] [1mBusiness page parsed          [0m [[0m[1m[34mnews_scraper.reuters_jp[0m][0m [36marticle_count[0m=[35m20[0m [36mmodule[0m=[35mreuters_jp[0m
[[32m[1minfo     [0m] [1mReuters JP section complete   [0m [[0m[1m[34mnews_scraper.reuters_jp[0m][0m [36mcount[0m=[35m20[0m [36mmodule[0m=[35mreuters_jp[0m [36msection[0m=[35mbusiness[0m
[[32m[1minfo     [0m] [1mHTML fetched (async)          [0m [[0m[1m[34mnews_scraper._html_utils[0m][0m [36mmodule[0m=[35mhtml_utils[0m [36mstatus_code[0m=[35m200[0m [36murl[0m=[35mhttps://jp.reuters.com/markets/[0m
[[32m[1minfo     [0m] [1mMarkets page parsed           [0m [[0m[1m[34mnews_scraper.reuters_jp[0m][0m [36marticle_count[0m=[35m6[0m [36mmodule[0m=[35mreuters_jp[0m
[[32m[1minfo     [0m] [1mReuters JP section complete   [0m [[0m[1m[34mnews_scraper.reuters_jp[0m][0m [36mcount[0m=[35m6[0m [36mmodule[0m=[35mreuters_jp[0m [36msection[0m=[35mmarkets[0m
[[32m[1minfo     [0m] [1mReuters JP news collection complete[0m [[0m[1m[34mnews_scraper.reuters_jp[0m][0m [36mmodule[0m=[35mreuters_jp[0m [36mtotal_articles[0m=[35m25[0m
[[32m[1minfo     [0m] [1mSource collection complete    [0m [[0m[1m[34mnews_scraper.unified[0m][0m [36mmodule[0m=[35munified[0m [36msource[0m=[35mreuters_jp[0m [36msource_articles[0m=[35m25[0m
[[32m[1minfo     [0m] [1mFetching content for articles missing it[0m [[0m[1m[34mnews_scraper.unified[0m][0m [36mcount[0m=[35m25[0m [36mmodule[0m=[35munified[0m
[[32m[1minfo     [0m] [1mStarting batch extraction     [0m [[0m[1m[34mrss.services.article_extractor[0m][0m [36mmodule[0m=[35marticle_extractor[0m [36mrate_limit[0m=[35m1.0[0m [36murl_count[0m=[35m25[0m
[[32m[1minfo     [0m] [1mStarting article extraction   [0m [[0m[1m[34mrss.services.article_extractor[0m][0m [36mmodule[0m=[35marticle_extractor[0m [36murl[0m=[35mhttps://jp.reuters.com/markets/global-markets/43U2J6NMYFKNTAO7AC3H3GXQ4U-2026-03-27/[0m [36muser_agent[0m=[35m'Mozilla/5.0 (Macintosh; Intel Mac OS X 10_15_7) Ap...'[0m
[[32m[1minfo     [0m] [1mTrafilatura extraction successful[0m [[0m[1m[34mrss.services.article_extractor[0m][0m [36mmodule[0m=[35marticle_extractor[0m [36mtext_length[0m=[35m252[0m [36mtitle[0m=[35mNone[0m [36murl[0m=[35mhttps://jp.reuters.com/markets/global-markets/43U2J6NMYFKNTAO7AC3H3GXQ4U-2026-03-27/[0m
[[32m[1minfo     [0m] [1mStarting article extraction   [0m [[0m[1m[34mrss.services.article_extractor[0m][0m [36mmodule[0m=[35marticle_extractor[0m [36murl[0m=[35mhttps://jp.reuters.com/markets/commodities/NW4JZPTFFRJPBKZ73Z6LK5V2EE-2026-03-27/[0m [36muser_agent[0m=[35m'Mozilla/5.0 (Macintosh; Intel Mac OS X 10_15_7) Ap...'[0m
[[32m[1minfo     [0m] [1mTrafilatura extraction successful[0m [[0m[1m[34mrss.services.article_extractor[0m][0m [36mmodule[0m=[35marticle_extractor[0m [36mtext_length[0m=[35m557[0m [36mtitle[0m=[35mNone[0m [36murl[0m=[35mhttps://jp.reuters.com/markets/commodities/NW4JZPTFFRJPBKZ73Z6LK5V2EE-2026-03-27/[0m
[[32m[1minfo     [0m] [1mStarting article extraction   [0m [[0m[1m[34mrss.services.article_extractor[0m][0m [36mmodule[0m=[35marticle_extractor[0m [36murl[0m=[35mhttps://jp.reuters.com/world/security/5F6JPLX76BJ5LG463D4YKFYHLE-2026-03-27/[0m [36muser_agent[0m=[35m'Mozilla/5.0 (Macintosh; Intel Mac OS X 10_15_7) Ap...'[0m
[[32m[1minfo     [0m] [1mTrafilatura extraction successful[0m [[0m[1m[34mrss.services.article_extractor[0m][0m [36mmodule[0m=[35marticle_extractor[0m [36mtext_length[0m=[35m422[0m [36mtitle[0m=[35mNone[0m [36murl[0m=[35mhttps://jp.reuters.com/world/security/5F6JPLX76BJ5LG463D4YKFYHLE-2026-03-27/[0m
[[32m[1minfo     [0m] [1mStarting article extraction   [0m [[0m[1m[34mrss.services.article_extractor[0m][0m [36mmodule[0m=[35marticle_extractor[0m [36murl[0m=[35mhttps://jp.reuters.com/markets/japan/KQEWEFOE4NJXTEKRUAWZYPZDE4-2026-03-27/[0m [36muser_agent[0m=[35m'Mozilla/5.0 (Macintosh; Intel Mac OS X 10_15_7) Ap...'[0m
[[32m[1minfo     [0m] [1mTrafilatura extraction successful[0m [[0m[1m[34mrss.services.article_extractor[0m][0m [36mmodule[0m=[35marticle_extractor[0m [36mtext_length[0m=[35m653[0m [36mtitle[0m=[35mNone[0m [36murl[0m=[35mhttps://jp.reuters.com/markets/japan/KQEWEFOE4NJXTEKRUAWZYPZDE4-2026-03-27/[0m
[[32m[1minfo     [0m] [1mStarting article extraction   [0m [[0m[1m[34mrss.services.article_extractor[0m][0m [36mmodule[0m=[35marticle_extractor[0m [36murl[0m=[35mhttps://jp.reuters.com/markets/japan/7UP73FSHFVIEDPBI5U5ZALGRVM-2026-03-28/[0m [36muser_agent[0m=[35m'Mozilla/5.0 (Macintosh; Intel Mac OS X 10_15_7) Ap...'[0m
[[32m[1minfo     [0m] [1mTrafilatura extraction successful[0m [[0m[1m[34mrss.services.article_extractor[0m][0m [36mmodule[0m=[35marticle_extractor[0m [36mtext_length[0m=[35m566[0m [36mtitle[0m=[35mNone[0m [36murl[0m=[35mhttps://jp.reuters.com/markets/japan/7UP73FSHFVIEDPBI5U5ZALGRVM-2026-03-28/[0m
[[32m[1minfo     [0m] [1mStarting article extraction   [0m [[0m[1m[34mrss.services.article_extractor[0m][0m [36mmodule[0m=[35marticle_extractor[0m [36murl[0m=[35mhttps://jp.reuters.com/markets/world-indices/Z66EUTDSL5NPDM7RFMCSE4GJ64-2026-03-28/[0m [36muser_agent[0m=[35m'Mozilla/5.0 (Macintosh; Intel Mac OS X 10_15_7) Ap...'[0m
[[32m[1minfo     [0m] [1mTrafilatura extraction successful[0m [[0m[1m[34mrss.services.article_extractor[0m][0m [36mmodule[0m=[35marticle_extractor[0m [36mtext_length[0m=[35m678[0m [36mtitle[0m=[35mNone[0m [36murl[0m=[35mhttps://jp.reuters.com/markets/world-indices/Z66EUTDSL5NPDM7RFMCSE4GJ64-2026-03-28/[0m
[[32m[1minfo     [0m] [1mStarting article extraction   [0m [[0m[1m[34mrss.services.article_extractor[0m][0m [36mmodule[0m=[35marticle_extractor[0m [36murl[0m=[35mhttps://jp.reuters.com/markets/japan/BPNCPSIBIBID7ILK3YWTMWX2NU-2026-03-27/[0m [36muser_agent[0m=[35m'Mozilla/5.0 (Macintosh; Intel Mac OS X 10_15_7) Ap...'[0m
[[32m[1minfo     [0m] [1mTrafilatura extraction successful[0m [[0m[1m[34mrss.services.article_extractor[0m][0m [36mmodule[0m=[35marticle_extractor[0m [36mtext_length[0m=[35m435[0m [36mtitle[0m=[35mNone[0m [36murl[0m=[35mhttps://jp.reuters.com/markets/japan/BPNCPSIBIBID7ILK3YWTMWX2NU-2026-03-27/[0m
[[32m[1minfo     [0m] [1mStarting article extraction   [0m [[0m[1m[34mrss.services.article_extractor[0m][0m [36mmodule[0m=[35marticle_extractor[0m [36murl[0m=[35mhttps://jp.reuters.com/world/japan/4VIUJD2MIVP7LFCBOYEOVJOKZA-2026-03-27/[0m [36muser_agent[0m=[35m'Mozilla/5.0 (Macintosh; Intel Mac OS X 10_15_7) Ap...'[0m
[[32m[1minfo     [0m] [1mTrafilatura extraction successful[0m [[0m[1m[34mrss.services.article_extractor[0m][0m [36mmodule[0m=[35marticle_extractor[0m [36mtext_length[0m=[35m1698[0m [36mtitle[0m=[35mNone[0m [36murl[0m=[35mhttps://jp.reuters.com/world/japan/4VIUJD2MIVP7LFCBOYEOVJOKZA-2026-03-27/[0m
[[32m[1minfo     [0m] [1mStarting article extraction   [0m [[0m[1m[34mrss.services.article_extractor[0m][0m [36mmodule[0m=[35marticle_extractor[0m [36murl[0m=[35mhttps://jp.reuters.com/markets/japan/GZUZD6RNYRNZRND76PN3HW3BBM-2026-03-27/[0m [36muser_agent[0m=[35m'Mozilla/5.0 (Macintosh; Intel Mac OS X 10_15_7) Ap...'[0m
[[32m[1minfo     [0m] [1mTrafilatura extraction successful[0m [[0m[1m[34mrss.services.article_extractor[0m][0m [36mmodule[0m=[35marticle_extractor[0m [36mtext_length[0m=[35m877[0m [36mtitle[0m=[35mNone[0m [36murl[0m=[35mhttps://jp.reuters.com/markets/japan/GZUZD6RNYRNZRND76PN3HW3BBM-2026-03-27/[0m
[[32m[1minfo     [0m] [1mStarting article extraction   [0m [[0m[1m[34mrss.services.article_extractor[0m][0m [36mmodule[0m=[35marticle_extractor[0m [36murl[0m=[35mhttps://jp.reuters.com/markets/japan/557XOESEMRPZZGCEUMKMAF4HFA-2026-03-27/[0m [36muser_agent[0m=[35m'Mozilla/5.0 (Macintosh; Intel Mac OS X 10_15_7) Ap...'[0m
[[32m[1minfo     [0m] [1mTrafilatura extraction successful[0m [[0m[1m[34mrss.services.article_extractor[0m][0m [36mmodule[0m=[35marticle_extractor[0m [36mtext_length[0m=[35m119[0m [36mtitle[0m=[35mNone[0m [36murl[0m=[35mhttps://jp.reuters.com/markets/japan/557XOESEMRPZZGCEUMKMAF4HFA-2026-03-27/[0m
[[32m[1minfo     [0m] [1mStarting article extraction   [0m [[0m[1m[34mrss.services.article_extractor[0m][0m [36mmodule[0m=[35marticle_extractor[0m [36murl[0m=[35mhttps://jp.reuters.com/world/japan/6Y3WGAVJAFL4RC6EE47YK3Q3BE-2026-03-27/[0m [36muser_agent[0m=[35m'Mozilla/5.0 (Macintosh; Intel Mac OS X 10_15_7) Ap...'[0m
[[32m[1minfo     [0m] [1mTrafilatura extraction successful[0m [[0m[1m[34mrss.services.article_extractor[0m][0m [36mmodule[0m=[35marticle_extractor[0m [36mtext_length[0m=[35m265[0m [36mtitle[0m=[35mNone[0m [36murl[0m=[35mhttps://jp.reuters.com/world/japan/6Y3WGAVJAFL4RC6EE47YK3Q3BE-2026-03-27/[0m
[[32m[1minfo     [0m] [1mStarting article extraction   [0m [[0m[1m[34mrss.services.article_extractor[0m][0m [36mmodule[0m=[35marticle_extractor[0m [36murl[0m=[35mhttps://jp.reuters.com/markets/global-markets/3FVW2K6T7ZLILJNSG2YNSHYXPM-2026-03-27/[0m [36muser_agent[0m=[35m'Mozilla/5.0 (Macintosh; Intel Mac OS X 10_15_7) Ap...'[0m
[[32m[1minfo     [0m] [1mTrafilatura extraction successful[0m [[0m[1m[34mrss.services.article_extractor[0m][0m [36mmodule[0m=[35marticle_extractor[0m [36mtext_length[0m=[35m308[0m [36mtitle[0m=[35mNone[0m [36murl[0m=[35mhttps://jp.reuters.com/markets/global-markets/3FVW2K6T7ZLILJNSG2YNSHYXPM-2026-03-27/[0m
[[32m[1minfo     [0m] [1mStarting article extraction   [0m [[0m[1m[34mrss.services.article_extractor[0m][0m [36mmodule[0m=[35marticle_extractor[0m [36murl[0m=[35mhttps://jp.reuters.com/markets/global-markets/DMUSVJYZRNJKFGJCNFSSEBM7L4-2026-03-27/[0m [36muser_agent[0m=[35m'Mozilla/5.0 (Macintosh; Intel Mac OS X 10_15_7) Ap...'[0m
[[32m[1minfo     [0m] [1mTrafilatura extraction successful[0m [[0m[1m[34mrss.services.article_extractor[0m][0m [36mmodule[0m=[35marticle_extractor[0m [36mtext_length[0m=[35m246[0m [36mtitle[0m=[35mNone[0m [36murl[0m=[35mhttps://jp.reuters.com/markets/global-markets/DMUSVJYZRNJKFGJCNFSSEBM7L4-2026-03-27/[0m
[[32m[1minfo     [0m] [1mStarting article extraction   [0m [[0m[1m[34mrss.services.article_extractor[0m][0m [36mmodule[0m=[35marticle_extractor[0m [36murl[0m=[35mhttps://jp.reuters.com/markets/japan/KW7D27JYSFOM3P2P2NTAIYOKOE-2026-03-27/[0m [36muser_agent[0m=[35m'Mozilla/5.0 (Macintosh; Intel Mac OS X 10_15_7) Ap...'[0m
[[32m[1minfo     [0m] [1mTrafilatura extraction successful[0m [[0m[1m[34mrss.services.article_extractor[0m][0m [36mmodule[0m=[35marticle_extractor[0m [36mtext_length[0m=[35m349[0m [36mtitle[0m=[35mNone[0m [36murl[0m=[35mhttps://jp.reuters.com/markets/japan/KW7D27JYSFOM3P2P2NTAIYOKOE-2026-03-27/[0m
[[32m[1minfo     [0m] [1mStarting article extraction   [0m [[0m[1m[34mrss.services.article_extractor[0m][0m [36mmodule[0m=[35marticle_extractor[0m [36murl[0m=[35mhttps://jp.reuters.com/markets/global-markets/SVYEPDCEFZM6TPL4OF6P2JJSZY-2026-03-27/[0m [36muser_agent[0m=[35m'Mozilla/5.0 (Macintosh; Intel Mac OS X 10_15_7) Ap...'[0m
[[32m[1minfo     [0m] [1mTrafilatura extraction successful[0m [[0m[1m[34mrss.services.article_extractor[0m][0m [36mmodule[0m=[35marticle_extractor[0m [36mtext_length[0m=[35m226[0m [36mtitle[0m=[35mNone[0m [36murl[0m=[35mhttps://jp.reuters.com/markets/global-markets/SVYEPDCEFZM6TPL4OF6P2JJSZY-2026-03-27/[0m
[[32m[1minfo     [0m] [1mStarting article extraction   [0m [[0m[1m[34mrss.services.article_extractor[0m][0m [36mmodule[0m=[35marticle_extractor[0m [36murl[0m=[35mhttps://jp.reuters.com/markets/japan/GZKNFGELJZIPFOG23SVFIUH54M-2026-03-27/[0m [36muser_agent[0m=[35m'Mozilla/5.0 (Macintosh; Intel Mac OS X 10_15_7) Ap...'[0m
[[32m[1minfo     [0m] [1mTrafilatura extraction successful[0m [[0m[1m[34mrss.services.article_extractor[0m][0m [36mmodule[0m=[35marticle_extractor[0m [36mtext_length[0m=[35m297[0m [36mtitle[0m=[35mNone[0m [36murl[0m=[35mhttps://jp.reuters.com/markets/japan/GZKNFGELJZIPFOG23SVFIUH54M-2026-03-27/[0m
[[32m[1minfo     [0m] [1mStarting article extraction   [0m [[0m[1m[34mrss.services.article_extractor[0m][0m [36mmodule[0m=[35marticle_extractor[0m [36murl[0m=[35mhttps://jp.reuters.com/markets/japan/P2RD6XUFCNOZXHIJ6SIQYXDQJA-2026-03-27/[0m [36muser_agent[0m=[35m'Mozilla/5.0 (Macintosh; Intel Mac OS X 10_15_7) Ap...'[0m
[[32m[1minfo     [0m] [1mTrafilatura extraction successful[0m [[0m[1m[34mrss.services.article_extractor[0m][0m [36mmodule[0m=[35marticle_extractor[0m [36mtext_length[0m=[35m912[0m [36mtitle[0m=[35mNone[0m [36murl[0m=[35mhttps://jp.reuters.com/markets/japan/P2RD6XUFCNOZXHIJ6SIQYXDQJA-2026-03-27/[0m
[[32m[1minfo     [0m] [1mStarting article extraction   [0m [[0m[1m[34mrss.services.article_extractor[0m][0m [36mmodule[0m=[35marticle_extractor[0m [36murl[0m=[35mhttps://jp.reuters.com/markets/japan/CV55Y25OTZPEBAARAVXLXGZ64I-2026-03-27/[0m [36muser_agent[0m=[35m'Mozilla/5.0 (Macintosh; Intel Mac OS X 10_15_7) Ap...'[0m
[[32m[1minfo     [0m] [1mTrafilatura extraction successful[0m [[0m[1m[34mrss.services.article_extractor[0m][0m [36mmodule[0m=[35marticle_extractor[0m [36mtext_length[0m=[35m898[0m [36mtitle[0m=[35mNone[0m [36murl[0m=[35mhttps://jp.reuters.com/markets/japan/CV55Y25OTZPEBAARAVXLXGZ64I-2026-03-27/[0m
[[32m[1minfo     [0m] [1mStarting article extraction   [0m [[0m[1m[34mrss.services.article_extractor[0m][0m [36mmodule[0m=[35marticle_extractor[0m [36murl[0m=[35mhttps://jp.reuters.com/markets/japan/3DQAS34FFJMNFEVMNVU6LK3NLU-2026-03-27/[0m [36muser_agent[0m=[35m'Mozilla/5.0 (Macintosh; Intel Mac OS X 10_15_7) Ap...'[0m
[[32m[1minfo     [0m] [1mTrafilatura extraction successful[0m [[0m[1m[34mrss.services.article_extractor[0m][0m [36mmodule[0m=[35marticle_extractor[0m [36mtext_length[0m=[35m526[0m [36mtitle[0m=[35mNone[0m [36murl[0m=[35mhttps://jp.reuters.com/markets/japan/3DQAS34FFJMNFEVMNVU6LK3NLU-2026-03-27/[0m
[[32m[1minfo     [0m] [1mStarting article extraction   [0m [[0m[1m[34mrss.services.article_extractor[0m][0m [36mmodule[0m=[35marticle_extractor[0m [36murl[0m=[35mhttps://jp.reuters.com/markets/japan/AFN5RPWMVJLRJLEIAQSHJAAYFQ-2026-03-27/[0m [36muser_agent[0m=[35m'Mozilla/5.0 (Macintosh; Intel Mac OS X 10_15_7) Ap...'[0m
[[32m[1minfo     [0m] [1mTrafilatura extraction successful[0m [[0m[1m[34mrss.services.article_extractor[0m][0m [36mmodule[0m=[35marticle_extractor[0m [36mtext_length[0m=[35m388[0m [36mtitle[0m=[35mNone[0m [36murl[0m=[35mhttps://jp.reuters.com/markets/japan/AFN5RPWMVJLRJLEIAQSHJAAYFQ-2026-03-27/[0m
[[32m[1minfo     [0m] [1mStarting article extraction   [0m [[0m[1m[34mrss.services.article_extractor[0m][0m [36mmodule[0m=[35marticle_extractor[0m [36murl[0m=[35mhttps://jp.reuters.com/markets/japan/HKIJREJ5HFMP7EE4X3OB4SRXPQ-2026-03-27/[0m [36muser_agent[0m=[35m'Mozilla/5.0 (Macintosh; Intel Mac OS X 10_15_7) Ap...'[0m
[[32m[1minfo     [0m] [1mTrafilatura extraction successful[0m [[0m[1m[34mrss.services.article_extractor[0m][0m [36mmodule[0m=[35marticle_extractor[0m [36mtext_length[0m=[35m1006[0m [36mtitle[0m=[35mNone[0m [36murl[0m=[35mhttps://jp.reuters.com/markets/japan/HKIJREJ5HFMP7EE4X3OB4SRXPQ-2026-03-27/[0m
[[32m[1minfo     [0m] [1mStarting article extraction   [0m [[0m[1m[34mrss.services.article_extractor[0m][0m [36mmodule[0m=[35marticle_extractor[0m [36murl[0m=[35mhttps://jp.reuters.com/markets/japan/YHG6L2GMPZJOTCGYNMIIK2H5PM-2026-03-27/[0m [36muser_agent[0m=[35m'Mozilla/5.0 (Macintosh; Intel Mac OS X 10_15_7) Ap...'[0m
[[32m[1minfo     [0m] [1mTrafilatura extraction successful[0m [[0m[1m[34mrss.services.article_extractor[0m][0m [36mmodule[0m=[35marticle_extractor[0m [36mtext_length[0m=[35m700[0m [36mtitle[0m=[35mNone[0m [36murl[0m=[35mhttps://jp.reuters.com/markets/japan/YHG6L2GMPZJOTCGYNMIIK2H5PM-2026-03-27/[0m
[[32m[1minfo     [0m] [1mStarting article extraction   [0m [[0m[1m[34mrss.services.article_extractor[0m][0m [36mmodule[0m=[35marticle_extractor[0m [36murl[0m=[35mhttps://jp.reuters.com/markets/japan/IRMWDYQTGROULKMQTC5P6ND7HA-2026-03-27/[0m [36muser_agent[0m=[35m'Mozilla/5.0 (Macintosh; Intel Mac OS X 10_15_7) Ap...'[0m
[[32m[1minfo     [0m] [1mTrafilatura extraction successful[0m [[0m[1m[34mrss.services.article_extractor[0m][0m [36mmodule[0m=[35marticle_extractor[0m [36mtext_length[0m=[35m1035[0m [36mtitle[0m=[35mNone[0m [36murl[0m=[35mhttps://jp.reuters.com/markets/japan/IRMWDYQTGROULKMQTC5P6ND7HA-2026-03-27/[0m
[[32m[1minfo     [0m] [1mStarting article extraction   [0m [[0m[1m[34mrss.services.article_extractor[0m][0m [36mmodule[0m=[35marticle_extractor[0m [36murl[0m=[35mhttps://jp.reuters.com/markets/japan/BMHOLU2N4ROGREKRZQU7J5IISQ-2026-03-27/[0m [36muser_agent[0m=[35m'Mozilla/5.0 (Macintosh; Intel Mac OS X 10_15_7) Ap...'[0m
[[32m[1minfo     [0m] [1mTrafilatura extraction successful[0m [[0m[1m[34mrss.services.article_extractor[0m][0m [36mmodule[0m=[35marticle_extractor[0m [36mtext_length[0m=[35m696[0m [36mtitle[0m=[35mNone[0m [36murl[0m=[35mhttps://jp.reuters.com/markets/japan/BMHOLU2N4ROGREKRZQU7J5IISQ-2026-03-27/[0m
[[32m[1minfo     [0m] [1mStarting article extraction   [0m [[0m[1m[34mrss.services.article_extractor[0m][0m [36mmodule[0m=[35marticle_extractor[0m [36murl[0m=[35mhttps://jp.reuters.com/markets/japan/6P57A46QXRI4XDV3PZMZDXHLTA-2026-03-27/[0m [36muser_agent[0m=[35m'Mozilla/5.0 (Macintosh; Intel Mac OS X 10_15_7) Ap...'[0m
[[32m[1minfo     [0m] [1mTrafilatura extraction successful[0m [[0m[1m[34mrss.services.article_extractor[0m][0m [36mmodule[0m=[35marticle_extractor[0m [36mtext_length[0m=[35m2060[0m [36mtitle[0m=[35mNone[0m [36murl[0m=[35mhttps://jp.reuters.com/markets/japan/6P57A46QXRI4XDV3PZMZDXHLTA-2026-03-27/[0m
[[32m[1minfo     [0m] [1mBatch extraction completed    [0m [[0m[1m[34mrss.services.article_extractor[0m][0m [36mfailed[0m=[35m0[0m [36mmodule[0m=[35marticle_extractor[0m [36msuccess[0m=[35m25[0m [36mtotal[0m=[35m25[0m
[[32m[1minfo     [0m] [1mContent post-fetch complete   [0m [[0m[1m[34mnews_scraper.unified[0m][0m [36mfetched[0m=[35m25[0m [36mmodule[0m=[35munified[0m [36mtotal[0m=[35m25[0m
[[32m[1minfo     [0m] [1mFinancial news collection complete[0m [[0m[1m[34mnews_scraper.unified[0m][0m [36melapsed_seconds[0m=[35m27.24[0m [36mmodule[0m=[35munified[0m [36msources[0m=[35m['reuters_jp'][0m [36mtotal_articles[0m=[35m25[0m
[[32m[1minfo     [0m] [1mRawStore: saved=2, dup=23, empty=0[0m [[0m[1m[34mnews_scraper.unified[0m][0m [36mmodule[0m=[35munified[0m
[[32m[1minfo     [0m] [1mCollection complete           [0m [[0m[1m[34m__main__[0m][0m [36marticle_count[0m=[35m25[0m [36mmodule[0m=[35mscrape_finance_news[0m
[[32m[1minfo     [0m] [1mNAS is mounted, using NAS output[0m [[0m[1m[34m__main__[0m][0m [36mmodule[0m=[35mscrape_finance_news[0m [36mpath[0m=[35m/Volumes/personal_folder/scraped/reuters_jp[0m [36msource[0m=[35mreuters_jp[0m
[[32m[1minfo     [0m] [1mOutput directory ready        [0m [[0m[1m[34m__main__[0m][0m [36mmodule[0m=[35mscrape_finance_news[0m [36mpath[0m=[35m/Volumes/personal_folder/scraped/reuters_jp/2026-03-28[0m
[[32m[1minfo     [0m] [1mArticles saved to JSON        [0m [[0m[1m[34m__main__[0m][0m [36mmodule[0m=[35mscrape_finance_news[0m [36mpath[0m=[35m/Volumes/personal_folder/scraped/reuters_jp/2026-03-28/news_090006.json[0m [36mtotal_count[0m=[35m25[0m
[[32m[1minfo     [0m] [1mSave complete                 [0m [[0m[1m[34m__main__[0m][0m [36mcount[0m=[35m25[0m [36mmodule[0m=[35mscrape_finance_news[0m [36moutput_file[0m=[35m/Volumes/personal_folder/scraped/reuters_jp/2026-03-28/news_090006.json[0m [36msource[0m=[35mreuters_jp[0m
[[32m[1minfo     [0m] [1mClassification layer applied: 3 nodes, 75 rels[0m [[0m[1m[34memit_research_queue[0m][0m
[[32m[1minfo     [0m] [1mQueue file written: /Volumes/personal_folder/graph-queue/finance-news-workflow/gq-20260328090034-93c0ffbe.json[0m [[0m[1m[34memit_research_queue[0m][0m
[[32m[1minfo     [0m] [1mIngesting 25 Source nodes     [0m [[0m[1m[34mdata_pipeline.neo4j_loader[0m][0m
[[32m[1minfo     [0m] [1mIngestion complete: 28 nodes, 75 relations[0m [[0m[1m[34mdata_pipeline.neo4j_loader[0m][0m
[[32m[1minfo     [0m] [1mNeo4j ingestion complete      [0m [[0m[1m[34m__main__[0m][0m [36mmodule[0m=[35mscrape_finance_news[0m [36mnodes[0m=[35m28[0m [36mqueue_file[0m=[35m/Volumes/personal_folder/graph-queue/finance-news-workflow/gq-20260328090034-93c0ffbe.json[0m [36mrelations[0m=[35m75[0m [36msource[0m=[35mreuters_jp[0m
[[32m[1minfo     [0m] [1mScraper finished successfully [0m [[0m[1m[34m__main__[0m][0m [36mmodule[0m=[35mscrape_finance_news[0m [36msaved_files[0m=[35m['/Volumes/personal_folder/scraped/reuters_jp/2026-03-28/news_090006.json'][0m [36mtotal_articles[0m=[35m25[0m
[[32m[1minfo     [0m] [1mFinance news scraper starting [0m [[0m[1m[34m__main__[0m][0m [36minclude_content[0m=[35mTrue[0m [36mmax_articles[0m=[35m50[0m [36mmodule[0m=[35mscrape_finance_news[0m [36msources[0m=[35m['reuters_jp'][0m
[[32m[1minfo     [0m] [1mStarting news collection      [0m [[0m[1m[34m__main__[0m][0m [36mmodule[0m=[35mscrape_finance_news[0m [36msources[0m=[35m['reuters_jp'][0m
[[32m[1minfo     [0m] [1mStarting financial news collection (async)[0m [[0m[1m[34mnews_scraper.unified[0m][0m [36minclude_content[0m=[35mTrue[0m [36mmax_articles_per_source[0m=[35m50[0m [36mmodule[0m=[35munified[0m [36msources[0m=[35m['reuters_jp'][0m
[[32m[1minfo     [0m] [1mStarting Reuters JP news collection[0m [[0m[1m[34mnews_scraper.reuters_jp[0m][0m [36mmax_articles_per_source[0m=[35m50[0m [36mmodule[0m=[35mreuters_jp[0m [36msections[0m=[35m['markets', 'business'][0m
[[32m[1minfo     [0m] [1mFetching Reuters JP section   [0m [[0m[1m[34mnews_scraper.reuters_jp[0m][0m [36mmodule[0m=[35mreuters_jp[0m [36msection[0m=[35mmarkets[0m [36murl[0m=[35mhttps://jp.reuters.com/markets/[0m
[[32m[1minfo     [0m] [1mFetching Reuters JP section   [0m [[0m[1m[34mnews_scraper.reuters_jp[0m][0m [36mmodule[0m=[35mreuters_jp[0m [36msection[0m=[35mbusiness[0m [36murl[0m=[35mhttps://jp.reuters.com/business/[0m
[[32m[1minfo     [0m] [1mHTTP Request: GET https://jp.reuters.com/business/ "HTTP/1.1 200 OK"[0m [[0m[1m[34mhttpx[0m][0m
[[32m[1minfo     [0m] [1mHTML fetched (async)          [0m [[0m[1m[34mnews_scraper._html_utils[0m][0m [36mmodule[0m=[35mhtml_utils[0m [36mstatus_code[0m=[35m200[0m [36murl[0m=[35mhttps://jp.reuters.com/business/[0m
[[32m[1minfo     [0m] [1mBusiness page parsed          [0m [[0m[1m[34mnews_scraper.reuters_jp[0m][0m [36marticle_count[0m=[35m20[0m [36mmodule[0m=[35mreuters_jp[0m
[[32m[1minfo     [0m] [1mReuters JP section complete   [0m [[0m[1m[34mnews_scraper.reuters_jp[0m][0m [36mcount[0m=[35m20[0m [36mmodule[0m=[35mreuters_jp[0m [36msection[0m=[35mbusiness[0m
[[32m[1minfo     [0m] [1mHTTP Request: GET https://jp.reuters.com/markets/ "HTTP/1.1 200 OK"[0m [[0m[1m[34mhttpx[0m][0m
[[32m[1minfo     [0m] [1mHTML fetched (async)          [0m [[0m[1m[34mnews_scraper._html_utils[0m][0m [36mmodule[0m=[35mhtml_utils[0m [36mstatus_code[0m=[35m200[0m [36murl[0m=[35mhttps://jp.reuters.com/markets/[0m
[[32m[1minfo     [0m] [1mMarkets page parsed           [0m [[0m[1m[34mnews_scraper.reuters_jp[0m][0m [36marticle_count[0m=[35m6[0m [36mmodule[0m=[35mreuters_jp[0m
[[32m[1minfo     [0m] [1mReuters JP section complete   [0m [[0m[1m[34mnews_scraper.reuters_jp[0m][0m [36mcount[0m=[35m6[0m [36mmodule[0m=[35mreuters_jp[0m [36msection[0m=[35mmarkets[0m
[[32m[1minfo     [0m] [1mReuters JP news collection complete[0m [[0m[1m[34mnews_scraper.reuters_jp[0m][0m [36mmodule[0m=[35mreuters_jp[0m [36mtotal_articles[0m=[35m25[0m
[[32m[1minfo     [0m] [1mSource collection complete    [0m [[0m[1m[34mnews_scraper.unified[0m][0m [36mmodule[0m=[35munified[0m [36msource[0m=[35mreuters_jp[0m [36msource_articles[0m=[35m25[0m
[[32m[1minfo     [0m] [1mFetching content for articles missing it[0m [[0m[1m[34mnews_scraper.unified[0m][0m [36mcount[0m=[35m25[0m [36mmodule[0m=[35munified[0m
[[32m[1minfo     [0m] [1mStarting batch extraction     [0m [[0m[1m[34mrss.services.article_extractor[0m][0m [36mmodule[0m=[35marticle_extractor[0m [36mrate_limit[0m=[35m1.0[0m [36murl_count[0m=[35m25[0m
[[32m[1minfo     [0m] [1mStarting article extraction   [0m [[0m[1m[34mrss.services.article_extractor[0m][0m [36mmodule[0m=[35marticle_extractor[0m [36murl[0m=[35mhttps://jp.reuters.com/markets/global-markets/43U2J6NMYFKNTAO7AC3H3GXQ4U-2026-03-27/[0m [36muser_agent[0m=[35m'Mozilla/5.0 (Macintosh; Intel Mac OS X 10_15_7) Ap...'[0m
[[32m[1minfo     [0m] [1mTrafilatura extraction successful[0m [[0m[1m[34mrss.services.article_extractor[0m][0m [36mmodule[0m=[35marticle_extractor[0m [36mtext_length[0m=[35m252[0m [36mtitle[0m=[35mNone[0m [36murl[0m=[35mhttps://jp.reuters.com/markets/global-markets/43U2J6NMYFKNTAO7AC3H3GXQ4U-2026-03-27/[0m
[[32m[1minfo     [0m] [1mStarting article extraction   [0m [[0m[1m[34mrss.services.article_extractor[0m][0m [36mmodule[0m=[35marticle_extractor[0m [36murl[0m=[35mhttps://jp.reuters.com/markets/commodities/NW4JZPTFFRJPBKZ73Z6LK5V2EE-2026-03-27/[0m [36muser_agent[0m=[35m'Mozilla/5.0 (Macintosh; Intel Mac OS X 10_15_7) Ap...'[0m
[[32m[1minfo     [0m] [1mTrafilatura extraction successful[0m [[0m[1m[34mrss.services.article_extractor[0m][0m [36mmodule[0m=[35marticle_extractor[0m [36mtext_length[0m=[35m557[0m [36mtitle[0m=[35mNone[0m [36murl[0m=[35mhttps://jp.reuters.com/markets/commodities/NW4JZPTFFRJPBKZ73Z6LK5V2EE-2026-03-27/[0m
[[32m[1minfo     [0m] [1mStarting article extraction   [0m [[0m[1m[34mrss.services.article_extractor[0m][0m [36mmodule[0m=[35marticle_extractor[0m [36murl[0m=[35mhttps://jp.reuters.com/world/security/5F6JPLX76BJ5LG463D4YKFYHLE-2026-03-27/[0m [36muser_agent[0m=[35m'Mozilla/5.0 (Macintosh; Intel Mac OS X 10_15_7) Ap...'[0m
[[32m[1minfo     [0m] [1mTrafilatura extraction successful[0m [[0m[1m[34mrss.services.article_extractor[0m][0m [36mmodule[0m=[35marticle_extractor[0m [36mtext_length[0m=[35m422[0m [36mtitle[0m=[35mNone[0m [36murl[0m=[35mhttps://jp.reuters.com/world/security/5F6JPLX76BJ5LG463D4YKFYHLE-2026-03-27/[0m
[[32m[1minfo     [0m] [1mStarting article extraction   [0m [[0m[1m[34mrss.services.article_extractor[0m][0m [36mmodule[0m=[35marticle_extractor[0m [36murl[0m=[35mhttps://jp.reuters.com/markets/japan/KQEWEFOE4NJXTEKRUAWZYPZDE4-2026-03-27/[0m [36muser_agent[0m=[35m'Mozilla/5.0 (Macintosh; Intel Mac OS X 10_15_7) Ap...'[0m
[[32m[1minfo     [0m] [1mTrafilatura extraction successful[0m [[0m[1m[34mrss.services.article_extractor[0m][0m [36mmodule[0m=[35marticle_extractor[0m [36mtext_length[0m=[35m653[0m [36mtitle[0m=[35mNone[0m [36murl[0m=[35mhttps://jp.reuters.com/markets/japan/KQEWEFOE4NJXTEKRUAWZYPZDE4-2026-03-27/[0m
[[32m[1minfo     [0m] [1mStarting article extraction   [0m [[0m[1m[34mrss.services.article_extractor[0m][0m [36mmodule[0m=[35marticle_extractor[0m [36murl[0m=[35mhttps://jp.reuters.com/markets/japan/7UP73FSHFVIEDPBI5U5ZALGRVM-2026-03-28/[0m [36muser_agent[0m=[35m'Mozilla/5.0 (Macintosh; Intel Mac OS X 10_15_7) Ap...'[0m
[[32m[1minfo     [0m] [1mTrafilatura extraction successful[0m [[0m[1m[34mrss.services.article_extractor[0m][0m [36mmodule[0m=[35marticle_extractor[0m [36mtext_length[0m=[35m566[0m [36mtitle[0m=[35mNone[0m [36murl[0m=[35mhttps://jp.reuters.com/markets/japan/7UP73FSHFVIEDPBI5U5ZALGRVM-2026-03-28/[0m
[[32m[1minfo     [0m] [1mStarting article extraction   [0m [[0m[1m[34mrss.services.article_extractor[0m][0m [36mmodule[0m=[35marticle_extractor[0m [36murl[0m=[35mhttps://jp.reuters.com/markets/world-indices/Z66EUTDSL5NPDM7RFMCSE4GJ64-2026-03-28/[0m [36muser_agent[0m=[35m'Mozilla/5.0 (Macintosh; Intel Mac OS X 10_15_7) Ap...'[0m
[[32m[1minfo     [0m] [1mTrafilatura extraction successful[0m [[0m[1m[34mrss.services.article_extractor[0m][0m [36mmodule[0m=[35marticle_extractor[0m [36mtext_length[0m=[35m678[0m [36mtitle[0m=[35mNone[0m [36murl[0m=[35mhttps://jp.reuters.com/markets/world-indices/Z66EUTDSL5NPDM7RFMCSE4GJ64-2026-03-28/[0m
[[32m[1minfo     [0m] [1mStarting article extraction   [0m [[0m[1m[34mrss.services.article_extractor[0m][0m [36mmodule[0m=[35marticle_extractor[0m [36murl[0m=[35mhttps://jp.reuters.com/markets/japan/BPNCPSIBIBID7ILK3YWTMWX2NU-2026-03-27/[0m [36muser_agent[0m=[35m'Mozilla/5.0 (Macintosh; Intel Mac OS X 10_15_7) Ap...'[0m
[[32m[1minfo     [0m] [1mTrafilatura extraction successful[0m [[0m[1m[34mrss.services.article_extractor[0m][0m [36mmodule[0m=[35marticle_extractor[0m [36mtext_length[0m=[35m435[0m [36mtitle[0m=[35mNone[0m [36murl[0m=[35mhttps://jp.reuters.com/markets/japan/BPNCPSIBIBID7ILK3YWTMWX2NU-2026-03-27/[0m
[[32m[1minfo     [0m] [1mStarting article extraction   [0m [[0m[1m[34mrss.services.article_extractor[0m][0m [36mmodule[0m=[35marticle_extractor[0m [36murl[0m=[35mhttps://jp.reuters.com/world/japan/4VIUJD2MIVP7LFCBOYEOVJOKZA-2026-03-27/[0m [36muser_agent[0m=[35m'Mozilla/5.0 (Macintosh; Intel Mac OS X 10_15_7) Ap...'[0m
[[32m[1minfo     [0m] [1mTrafilatura extraction successful[0m [[0m[1m[34mrss.services.article_extractor[0m][0m [36mmodule[0m=[35marticle_extractor[0m [36mtext_length[0m=[35m1698[0m [36mtitle[0m=[35mNone[0m [36murl[0m=[35mhttps://jp.reuters.com/world/japan/4VIUJD2MIVP7LFCBOYEOVJOKZA-2026-03-27/[0m
[[32m[1minfo     [0m] [1mStarting article extraction   [0m [[0m[1m[34mrss.services.article_extractor[0m][0m [36mmodule[0m=[35marticle_extractor[0m [36murl[0m=[35mhttps://jp.reuters.com/markets/japan/GZUZD6RNYRNZRND76PN3HW3BBM-2026-03-27/[0m [36muser_agent[0m=[35m'Mozilla/5.0 (Macintosh; Intel Mac OS X 10_15_7) Ap...'[0m
[[32m[1minfo     [0m] [1mTrafilatura extraction successful[0m [[0m[1m[34mrss.services.article_extractor[0m][0m [36mmodule[0m=[35marticle_extractor[0m [36mtext_length[0m=[35m877[0m [36mtitle[0m=[35mNone[0m [36murl[0m=[35mhttps://jp.reuters.com/markets/japan/GZUZD6RNYRNZRND76PN3HW3BBM-2026-03-27/[0m
[[32m[1minfo     [0m] [1mStarting article extraction   [0m [[0m[1m[34mrss.services.article_extractor[0m][0m [36mmodule[0m=[35marticle_extractor[0m [36murl[0m=[35mhttps://jp.reuters.com/markets/japan/557XOESEMRPZZGCEUMKMAF4HFA-2026-03-27/[0m [36muser_agent[0m=[35m'Mozilla/5.0 (Macintosh; Intel Mac OS X 10_15_7) Ap...'[0m
[[32m[1minfo     [0m] [1mTrafilatura extraction successful[0m [[0m[1m[34mrss.services.article_extractor[0m][0m [36mmodule[0m=[35marticle_extractor[0m [36mtext_length[0m=[35m119[0m [36mtitle[0m=[35mNone[0m [36murl[0m=[35mhttps://jp.reuters.com/markets/japan/557XOESEMRPZZGCEUMKMAF4HFA-2026-03-27/[0m
[[32m[1minfo     [0m] [1mStarting article extraction   [0m [[0m[1m[34mrss.services.article_extractor[0m][0m [36mmodule[0m=[35marticle_extractor[0m [36murl[0m=[35mhttps://jp.reuters.com/world/japan/6Y3WGAVJAFL4RC6EE47YK3Q3BE-2026-03-27/[0m [36muser_agent[0m=[35m'Mozilla/5.0 (Macintosh; Intel Mac OS X 10_15_7) Ap...'[0m
[[32m[1minfo     [0m] [1mTrafilatura extraction successful[0m [[0m[1m[34mrss.services.article_extractor[0m][0m [36mmodule[0m=[35marticle_extractor[0m [36mtext_length[0m=[35m265[0m [36mtitle[0m=[35mNone[0m [36murl[0m=[35mhttps://jp.reuters.com/world/japan/6Y3WGAVJAFL4RC6EE47YK3Q3BE-2026-03-27/[0m
[[32m[1minfo     [0m] [1mStarting article extraction   [0m [[0m[1m[34mrss.services.article_extractor[0m][0m [36mmodule[0m=[35marticle_extractor[0m [36murl[0m=[35mhttps://jp.reuters.com/markets/global-markets/3FVW2K6T7ZLILJNSG2YNSHYXPM-2026-03-27/[0m [36muser_agent[0m=[35m'Mozilla/5.0 (Macintosh; Intel Mac OS X 10_15_7) Ap...'[0m
[[32m[1minfo     [0m] [1mTrafilatura extraction successful[0m [[0m[1m[34mrss.services.article_extractor[0m][0m [36mmodule[0m=[35marticle_extractor[0m [36mtext_length[0m=[35m308[0m [36mtitle[0m=[35mNone[0m [36murl[0m=[35mhttps://jp.reuters.com/markets/global-markets/3FVW2K6T7ZLILJNSG2YNSHYXPM-2026-03-27/[0m
[[32m[1minfo     [0m] [1mStarting article extraction   [0m [[0m[1m[34mrss.services.article_extractor[0m][0m [36mmodule[0m=[35marticle_extractor[0m [36murl[0m=[35mhttps://jp.reuters.com/markets/global-markets/DMUSVJYZRNJKFGJCNFSSEBM7L4-2026-03-27/[0m [36muser_agent[0m=[35m'Mozilla/5.0 (Macintosh; Intel Mac OS X 10_15_7) Ap...'[0m
[[32m[1minfo     [0m] [1mTrafilatura extraction successful[0m [[0m[1m[34mrss.services.article_extractor[0m][0m [36mmodule[0m=[35marticle_extractor[0m [36mtext_length[0m=[35m246[0m [36mtitle[0m=[35mNone[0m [36murl[0m=[35mhttps://jp.reuters.com/markets/global-markets/DMUSVJYZRNJKFGJCNFSSEBM7L4-2026-03-27/[0m
[[32m[1minfo     [0m] [1mStarting article extraction   [0m [[0m[1m[34mrss.services.article_extractor[0m][0m [36mmodule[0m=[35marticle_extractor[0m [36murl[0m=[35mhttps://jp.reuters.com/markets/japan/KW7D27JYSFOM3P2P2NTAIYOKOE-2026-03-27/[0m [36muser_agent[0m=[35m'Mozilla/5.0 (Macintosh; Intel Mac OS X 10_15_7) Ap...'[0m
[[32m[1minfo     [0m] [1mTrafilatura extraction successful[0m [[0m[1m[34mrss.services.article_extractor[0m][0m [36mmodule[0m=[35marticle_extractor[0m [36mtext_length[0m=[35m349[0m [36mtitle[0m=[35mNone[0m [36murl[0m=[35mhttps://jp.reuters.com/markets/japan/KW7D27JYSFOM3P2P2NTAIYOKOE-2026-03-27/[0m
[[32m[1minfo     [0m] [1mStarting article extraction   [0m [[0m[1m[34mrss.services.article_extractor[0m][0m [36mmodule[0m=[35marticle_extractor[0m [36murl[0m=[35mhttps://jp.reuters.com/markets/global-markets/SVYEPDCEFZM6TPL4OF6P2JJSZY-2026-03-27/[0m [36muser_agent[0m=[35m'Mozilla/5.0 (Macintosh; Intel Mac OS X 10_15_7) Ap...'[0m
[[32m[1minfo     [0m] [1mTrafilatura extraction successful[0m [[0m[1m[34mrss.services.article_extractor[0m][0m [36mmodule[0m=[35marticle_extractor[0m [36mtext_length[0m=[35m226[0m [36mtitle[0m=[35mNone[0m [36murl[0m=[35mhttps://jp.reuters.com/markets/global-markets/SVYEPDCEFZM6TPL4OF6P2JJSZY-2026-03-27/[0m
[[32m[1minfo     [0m] [1mStarting article extraction   [0m [[0m[1m[34mrss.services.article_extractor[0m][0m [36mmodule[0m=[35marticle_extractor[0m [36murl[0m=[35mhttps://jp.reuters.com/markets/japan/GZKNFGELJZIPFOG23SVFIUH54M-2026-03-27/[0m [36muser_agent[0m=[35m'Mozilla/5.0 (Macintosh; Intel Mac OS X 10_15_7) Ap...'[0m
[[32m[1minfo     [0m] [1mTrafilatura extraction successful[0m [[0m[1m[34mrss.services.article_extractor[0m][0m [36mmodule[0m=[35marticle_extractor[0m [36mtext_length[0m=[35m297[0m [36mtitle[0m=[35mNone[0m [36murl[0m=[35mhttps://jp.reuters.com/markets/japan/GZKNFGELJZIPFOG23SVFIUH54M-2026-03-27/[0m
[[32m[1minfo     [0m] [1mStarting article extraction   [0m [[0m[1m[34mrss.services.article_extractor[0m][0m [36mmodule[0m=[35marticle_extractor[0m [36murl[0m=[35mhttps://jp.reuters.com/markets/japan/P2RD6XUFCNOZXHIJ6SIQYXDQJA-2026-03-27/[0m [36muser_agent[0m=[35m'Mozilla/5.0 (Macintosh; Intel Mac OS X 10_15_7) Ap...'[0m
[[32m[1minfo     [0m] [1mTrafilatura extraction successful[0m [[0m[1m[34mrss.services.article_extractor[0m][0m [36mmodule[0m=[35marticle_extractor[0m [36mtext_length[0m=[35m912[0m [36mtitle[0m=[35mNone[0m [36murl[0m=[35mhttps://jp.reuters.com/markets/japan/P2RD6XUFCNOZXHIJ6SIQYXDQJA-2026-03-27/[0m
[[32m[1minfo     [0m] [1mStarting article extraction   [0m [[0m[1m[34mrss.services.article_extractor[0m][0m [36mmodule[0m=[35marticle_extractor[0m [36murl[0m=[35mhttps://jp.reuters.com/markets/japan/CV55Y25OTZPEBAARAVXLXGZ64I-2026-03-27/[0m [36muser_agent[0m=[35m'Mozilla/5.0 (Macintosh; Intel Mac OS X 10_15_7) Ap...'[0m
[[32m[1minfo     [0m] [1mTrafilatura extraction successful[0m [[0m[1m[34mrss.services.article_extractor[0m][0m [36mmodule[0m=[35marticle_extractor[0m [36mtext_length[0m=[35m898[0m [36mtitle[0m=[35mNone[0m [36murl[0m=[35mhttps://jp.reuters.com/markets/japan/CV55Y25OTZPEBAARAVXLXGZ64I-2026-03-27/[0m
[[32m[1minfo     [0m] [1mStarting article extraction   [0m [[0m[1m[34mrss.services.article_extractor[0m][0m [36mmodule[0m=[35marticle_extractor[0m [36murl[0m=[35mhttps://jp.reuters.com/markets/japan/3DQAS34FFJMNFEVMNVU6LK3NLU-2026-03-27/[0m [36muser_agent[0m=[35m'Mozilla/5.0 (Macintosh; Intel Mac OS X 10_15_7) Ap...'[0m
[[32m[1minfo     [0m] [1mTrafilatura extraction successful[0m [[0m[1m[34mrss.services.article_extractor[0m][0m [36mmodule[0m=[35marticle_extractor[0m [36mtext_length[0m=[35m526[0m [36mtitle[0m=[35mNone[0m [36murl[0m=[35mhttps://jp.reuters.com/markets/japan/3DQAS34FFJMNFEVMNVU6LK3NLU-2026-03-27/[0m
[[32m[1minfo     [0m] [1mStarting article extraction   [0m [[0m[1m[34mrss.services.article_extractor[0m][0m [36mmodule[0m=[35marticle_extractor[0m [36murl[0m=[35mhttps://jp.reuters.com/markets/japan/AFN5RPWMVJLRJLEIAQSHJAAYFQ-2026-03-27/[0m [36muser_agent[0m=[35m'Mozilla/5.0 (Macintosh; Intel Mac OS X 10_15_7) Ap...'[0m
[[32m[1minfo     [0m] [1mTrafilatura extraction successful[0m [[0m[1m[34mrss.services.article_extractor[0m][0m [36mmodule[0m=[35marticle_extractor[0m [36mtext_length[0m=[35m388[0m [36mtitle[0m=[35mNone[0m [36murl[0m=[35mhttps://jp.reuters.com/markets/japan/AFN5RPWMVJLRJLEIAQSHJAAYFQ-2026-03-27/[0m
[[32m[1minfo     [0m] [1mStarting article extraction   [0m [[0m[1m[34mrss.services.article_extractor[0m][0m [36mmodule[0m=[35marticle_extractor[0m [36murl[0m=[35mhttps://jp.reuters.com/markets/japan/HKIJREJ5HFMP7EE4X3OB4SRXPQ-2026-03-27/[0m [36muser_agent[0m=[35m'Mozilla/5.0 (Macintosh; Intel Mac OS X 10_15_7) Ap...'[0m
[[32m[1minfo     [0m] [1mTrafilatura extraction successful[0m [[0m[1m[34mrss.services.article_extractor[0m][0m [36mmodule[0m=[35marticle_extractor[0m [36mtext_length[0m=[35m1006[0m [36mtitle[0m=[35mNone[0m [36murl[0m=[35mhttps://jp.reuters.com/markets/japan/HKIJREJ5HFMP7EE4X3OB4SRXPQ-2026-03-27/[0m
[[32m[1minfo     [0m] [1mStarting article extraction   [0m [[0m[1m[34mrss.services.article_extractor[0m][0m [36mmodule[0m=[35marticle_extractor[0m [36murl[0m=[35mhttps://jp.reuters.com/markets/japan/YHG6L2GMPZJOTCGYNMIIK2H5PM-2026-03-27/[0m [36muser_agent[0m=[35m'Mozilla/5.0 (Macintosh; Intel Mac OS X 10_15_7) Ap...'[0m
[[32m[1minfo     [0m] [1mTrafilatura extraction successful[0m [[0m[1m[34mrss.services.article_extractor[0m][0m [36mmodule[0m=[35marticle_extractor[0m [36mtext_length[0m=[35m700[0m [36mtitle[0m=[35mNone[0m [36murl[0m=[35mhttps://jp.reuters.com/markets/japan/YHG6L2GMPZJOTCGYNMIIK2H5PM-2026-03-27/[0m
[[32m[1minfo     [0m] [1mStarting article extraction   [0m [[0m[1m[34mrss.services.article_extractor[0m][0m [36mmodule[0m=[35marticle_extractor[0m [36murl[0m=[35mhttps://jp.reuters.com/markets/japan/IRMWDYQTGROULKMQTC5P6ND7HA-2026-03-27/[0m [36muser_agent[0m=[35m'Mozilla/5.0 (Macintosh; Intel Mac OS X 10_15_7) Ap...'[0m
[[32m[1minfo     [0m] [1mTrafilatura extraction successful[0m [[0m[1m[34mrss.services.article_extractor[0m][0m [36mmodule[0m=[35marticle_extractor[0m [36mtext_length[0m=[35m1035[0m [36mtitle[0m=[35mNone[0m [36murl[0m=[35mhttps://jp.reuters.com/markets/japan/IRMWDYQTGROULKMQTC5P6ND7HA-2026-03-27/[0m
[[32m[1minfo     [0m] [1mStarting article extraction   [0m [[0m[1m[34mrss.services.article_extractor[0m][0m [36mmodule[0m=[35marticle_extractor[0m [36murl[0m=[35mhttps://jp.reuters.com/markets/japan/BMHOLU2N4ROGREKRZQU7J5IISQ-2026-03-27/[0m [36muser_agent[0m=[35m'Mozilla/5.0 (Macintosh; Intel Mac OS X 10_15_7) Ap...'[0m
[[32m[1minfo     [0m] [1mTrafilatura extraction successful[0m [[0m[1m[34mrss.services.article_extractor[0m][0m [36mmodule[0m=[35marticle_extractor[0m [36mtext_length[0m=[35m696[0m [36mtitle[0m=[35mNone[0m [36murl[0m=[35mhttps://jp.reuters.com/markets/japan/BMHOLU2N4ROGREKRZQU7J5IISQ-2026-03-27/[0m
[[32m[1minfo     [0m] [1mStarting article extraction   [0m [[0m[1m[34mrss.services.article_extractor[0m][0m [36mmodule[0m=[35marticle_extractor[0m [36murl[0m=[35mhttps://jp.reuters.com/markets/japan/6P57A46QXRI4XDV3PZMZDXHLTA-2026-03-27/[0m [36muser_agent[0m=[35m'Mozilla/5.0 (Macintosh; Intel Mac OS X 10_15_7) Ap...'[0m
[[32m[1minfo     [0m] [1mTrafilatura extraction successful[0m [[0m[1m[34mrss.services.article_extractor[0m][0m [36mmodule[0m=[35marticle_extractor[0m [36mtext_length[0m=[35m2060[0m [36mtitle[0m=[35mNone[0m [36murl[0m=[35mhttps://jp.reuters.com/markets/japan/6P57A46QXRI4XDV3PZMZDXHLTA-2026-03-27/[0m
[[32m[1minfo     [0m] [1mBatch extraction completed    [0m [[0m[1m[34mrss.services.article_extractor[0m][0m [36mfailed[0m=[35m0[0m [36mmodule[0m=[35marticle_extractor[0m [36msuccess[0m=[35m25[0m [36mtotal[0m=[35m25[0m
[[32m[1minfo     [0m] [1mContent post-fetch complete   [0m [[0m[1m[34mnews_scraper.unified[0m][0m [36mfetched[0m=[35m25[0m [36mmodule[0m=[35munified[0m [36mtotal[0m=[35m25[0m
[[32m[1minfo     [0m] [1mFinancial news collection complete[0m [[0m[1m[34mnews_scraper.unified[0m][0m [36melapsed_seconds[0m=[35m32.72[0m [36mmodule[0m=[35munified[0m [36msources[0m=[35m['reuters_jp'][0m [36mtotal_articles[0m=[35m25[0m
[[32m[1minfo     [0m] [1mRawStore: saved=0, dup=25, empty=0[0m [[0m[1m[34mnews_scraper.unified[0m][0m [36mmodule[0m=[35munified[0m
[[32m[1minfo     [0m] [1mCollection complete           [0m [[0m[1m[34m__main__[0m][0m [36marticle_count[0m=[35m25[0m [36mmodule[0m=[35mscrape_finance_news[0m
[[32m[1minfo     [0m] [1mNAS is mounted, using NAS output[0m [[0m[1m[34m__main__[0m][0m [36mmodule[0m=[35mscrape_finance_news[0m [36mpath[0m=[35m/Volumes/personal_folder/scraped/reuters_jp[0m [36msource[0m=[35mreuters_jp[0m
[[32m[1minfo     [0m] [1mOutput directory ready        [0m [[0m[1m[34m__main__[0m][0m [36mmodule[0m=[35mscrape_finance_news[0m [36mpath[0m=[35m/Volumes/personal_folder/scraped/reuters_jp/2026-03-28[0m
[[32m[1minfo     [0m] [1mArticles saved to JSON        [0m [[0m[1m[34m__main__[0m][0m [36mmodule[0m=[35mscrape_finance_news[0m [36mpath[0m=[35m/Volumes/personal_folder/scraped/reuters_jp/2026-03-28/news_150001.json[0m [36mtotal_count[0m=[35m25[0m
[[32m[1minfo     [0m] [1mSave complete                 [0m [[0m[1m[34m__main__[0m][0m [36mcount[0m=[35m25[0m [36mmodule[0m=[35mscrape_finance_news[0m [36moutput_file[0m=[35m/Volumes/personal_folder/scraped/reuters_jp/2026-03-28/news_150001.json[0m [36msource[0m=[35mreuters_jp[0m
[[32m[1minfo     [0m] [1mClassification layer applied: 3 nodes, 75 rels[0m [[0m[1m[34memit_research_queue[0m][0m
[[32m[1minfo     [0m] [1mQueue file written: /Volumes/personal_folder/graph-queue/finance-news-workflow/gq-20260328150034-841660b1.json[0m [[0m[1m[34memit_research_queue[0m][0m
[[32m[1minfo     [0m] [1mIngesting 25 Source nodes     [0m [[0m[1m[34mdata_pipeline.neo4j_loader[0m][0m
[[33m[1mwarning  [0m] [1mTransaction failed and will be retried in 1.1325902152719611s (Couldn't connect to localhost:7688 (resolved to ('[::1]:7688', '127.0.0.1:7688')):
Failed to establish connection to ResolvedIPv6Address(('::1', 7688, 0, 0)) (reason [Errno 61] Connection refused)
Failed to establish connection to ResolvedIPv4Address(('127.0.0.1', 7688)) (reason [Errno 61] Connection refused))[0m [[0m[1m[34mneo4j.session[0m][0m
[[33m[1mwarning  [0m] [1mTransaction failed and will be retried in 2.3079102122073025s (Couldn't connect to localhost:7688 (resolved to ('[::1]:7688', '127.0.0.1:7688')):
Failed to establish connection to ResolvedIPv6Address(('::1', 7688, 0, 0)) (reason [Errno 61] Connection refused)
Failed to establish connection to ResolvedIPv4Address(('127.0.0.1', 7688)) (reason [Errno 61] Connection refused))[0m [[0m[1m[34mneo4j.session[0m][0m
[[33m[1mwarning  [0m] [1mTransaction failed and will be retried in 3.7792190327384487s (Couldn't connect to localhost:7688 (resolved to ('[::1]:7688', '127.0.0.1:7688')):
Failed to establish connection to ResolvedIPv6Address(('::1', 7688, 0, 0)) (reason [Errno 61] Connection refused)
Failed to establish connection to ResolvedIPv4Address(('127.0.0.1', 7688)) (reason [Errno 61] Connection refused))[0m [[0m[1m[34mneo4j.session[0m][0m
[[33m[1mwarning  [0m] [1mTransaction failed and will be retried in 7.690597129007791s (Couldn't connect to localhost:7688 (resolved to ('[::1]:7688', '127.0.0.1:7688')):
Failed to establish connection to ResolvedIPv6Address(('::1', 7688, 0, 0)) (reason [Errno 61] Connection refused)
Failed to establish connection to ResolvedIPv4Address(('127.0.0.1', 7688)) (reason [Errno 61] Connection refused))[0m [[0m[1m[34mneo4j.session[0m][0m
[[33m[1mwarning  [0m] [1mTransaction failed and will be retried in 16.40466695512888s (Couldn't connect to localhost:7688 (resolved to ('[::1]:7688', '127.0.0.1:7688')):
Failed to establish connection to ResolvedIPv6Address(('::1', 7688, 0, 0)) (reason [Errno 61] Connection refused)
Failed to establish connection to ResolvedIPv4Address(('127.0.0.1', 7688)) (reason [Errno 61] Connection refused))[0m [[0m[1m[34mneo4j.session[0m][0m
[[33m[1mwarning  [0m] [1mNeo4j ingestion failed (non-blocking)[0m [[0m[1m[34m__main__[0m][0m [36merror[0m=[35m"Couldn't connect to localhost:7688 (resolved to ('[::1]:7688', '127.0.0.1:7688')):\nFailed to establish connection to ResolvedIPv6Address(('::1', 7688, 0, 0)) (reason [Errno 61] Connection refused)\nFailed to establish connection to ResolvedIPv4Address(('127.0.0.1', 7688)) (reason [Errno 61] Connection refused)"[0m [36mmodule[0m=[35mscrape_finance_news[0m [36msource[0m=[35mreuters_jp[0m
Traceback (most recent call last):
  File "/Users/yuki/Desktop/note-finance/.venv/lib/python3.14/site-packages/neo4j/_async_compat/network/_bolt_socket.py", line 512, in _connect_secure
    s.connect(resolved_address)
    ~~~~~~~~~^^^^^^^^^^^^^^^^^^
ConnectionRefusedError: [Errno 61] Connection refused

The above exception was the direct cause of the following exception:

Traceback (most recent call last):
  File "/Users/yuki/Desktop/note-finance/.venv/lib/python3.14/site-packages/neo4j/_sync/io/_bolt_socket.py", line 329, in connect
    s = cls._connect_secure(
        resolved_address,
    ...<3 lines>...
        ssl_context,
    )
  File "/Users/yuki/Desktop/note-finance/.venv/lib/python3.14/site-packages/neo4j/_async_compat/network/_bolt_socket.py", line 523, in _connect_secure
    raise ServiceUnavailable(
    ...<2 lines>...
    ) from error
neo4j.exceptions.ServiceUnavailable: Failed to establish connection to ResolvedIPv6Address(('::1', 7688, 0, 0)) (reason [Errno 61] Connection refused)

The above exception was the direct cause of the following exception:

Traceback (most recent call last):
  File "/Users/yuki/Desktop/note-finance/scripts/scrape_finance_news.py", line 434, in _ingest_source_to_neo4j
    result = ingest_to_neo4j(queue_doc)
  File "/Users/yuki/Desktop/note-finance/src/data_pipeline/neo4j_loader.py", line 245, in ingest_to_neo4j
    session.execute_write(_merge_node, label, key_prop, item)
    ~~~~~~~~~~~~~~~~~~~~~^^^^^^^^^^^^^^^^^^^^^^^^^^^^^^^^^^^^
  File "/Users/yuki/Desktop/note-finance/.venv/lib/python3.14/site-packages/neo4j/_sync/work/session.py", line 720, in execute_write
    return self._run_transaction(
           ~~~~~~~~~~~~~~~~~~~~~^
        WRITE_ACCESS,
        ^^^^^^^^^^^^^
    ...<3 lines>...
        kwargs,
        ^^^^^^^
    )
    ^
  File "/Users/yuki/Desktop/note-finance/.venv/lib/python3.14/site-packages/neo4j/_sync/work/session.py", line 584, in _run_transaction
    raise errors[-1]
  File "/Users/yuki/Desktop/note-finance/.venv/lib/python3.14/site-packages/neo4j/_sync/work/session.py", line 532, in _run_transaction
    self._open_transaction(
    ~~~~~~~~~~~~~~~~~~~~~~^
        tx_cls=ManagedTransaction,
        ^^^^^^^^^^^^^^^^^^^^^^^^^^
    ...<4 lines>...
        api_success_cb=api_success_cb,
        ^^^^^^^^^^^^^^^^^^^^^^^^^^^^^^
    )
    ^
  File "/Users/yuki/Desktop/note-finance/.venv/lib/python3.14/site-packages/neo4j/_sync/work/session.py", line 398, in _open_transaction
    self._connect(access_mode=access_mode)
    ~~~~~~~~~~~~~^^^^^^^^^^^^^^^^^^^^^^^^^
  File "/Users/yuki/Desktop/note-finance/.venv/lib/python3.14/site-packages/neo4j/_sync/work/session.py", line 126, in _connect
    super()._connect(
    ~~~~~~~~~~~~~~~~^
        access_mode, auth=self._config.auth, **acquire_kwargs
        ^^^^^^^^^^^^^^^^^^^^^^^^^^^^^^^^^^^^^^^^^^^^^^^^^^^^^
    )
    ^
  File "/Users/yuki/Desktop/note-finance/.venv/lib/python3.14/site-packages/neo4j/_sync/work/workspace.py", line 181, in _connect
    self._connection = self._pool.acquire(**acquire_kwargs_)
                       ~~~~~~~~~~~~~~~~~~^^^^^^^^^^^^^^^^^^^
  File "/Users/yuki/Desktop/note-finance/.venv/lib/python3.14/site-packages/neo4j/_sync/io/_pool.py", line 678, in acquire
    return self._acquire(
           ~~~~~~~~~~~~~^
        self.address, auth, deadline, liveness_check_timeout, unprepared
        ^^^^^^^^^^^^^^^^^^^^^^^^^^^^^^^^^^^^^^^^^^^^^^^^^^^^^^^^^^^^^^^^
    )
    ^
  File "/Users/yuki/Desktop/note-finance/.venv/lib/python3.14/site-packages/neo4j/_sync/io/_pool.py", line 418, in _acquire
    return connection_creator()
  File "/Users/yuki/Desktop/note-finance/.venv/lib/python3.14/site-packages/neo4j/_sync/io/_pool.py", line 231, in connection_creator
    connection = self.opener(
        address, auth or self.pool_config.auth, deadline
    )
  File "/Users/yuki/Desktop/note-finance/.venv/lib/python3.14/site-packages/neo4j/_sync/io/_pool.py", line 638, in opener
    return Bolt.open(
           ~~~~~~~~~^
        addr,
        ^^^^^
    ...<3 lines>...
        pool_config=pool_config,
        ^^^^^^^^^^^^^^^^^^^^^^^^
    )
    ^
  File "/Users/yuki/Desktop/note-finance/.venv/lib/python3.14/site-packages/neo4j/_sync/io/_bolt.py", line 368, in open
    s, protocol_version = BoltSocket.connect(
                          ~~~~~~~~~~~~~~~~~~^
        address,
        ^^^^^^^^
    ...<4 lines>...
        keep_alive=pool_config.keep_alive,
        ^^^^^^^^^^^^^^^^^^^^^^^^^^^^^^^^^^
    )
    ^
  File "/Users/yuki/Desktop/note-finance/.venv/lib/python3.14/site-packages/neo4j/_sync/io/_bolt_socket.py", line 380, in connect
    raise ServiceUnavailable(
    ...<2 lines>...
    ) from errors[0]
neo4j.exceptions.ServiceUnavailable: Couldn't connect to localhost:7688 (resolved to ('[::1]:7688', '127.0.0.1:7688')):
Failed to establish connection to ResolvedIPv6Address(('::1', 7688, 0, 0)) (reason [Errno 61] Connection refused)
Failed to establish connection to ResolvedIPv4Address(('127.0.0.1', 7688)) (reason [Errno 61] Connection refused)
[[32m[1minfo     [0m] [1mScraper finished successfully [0m [[0m[1m[34m__main__[0m][0m [36mmodule[0m=[35mscrape_finance_news[0m [36msaved_files[0m=[35m['/Volumes/personal_folder/scraped/reuters_jp/2026-03-28/news_150001.json'][0m [36mtotal_articles[0m=[35m25[0m
[[32m[1minfo     [0m] [1mFinance news scraper starting [0m [[0m[1m[34m__main__[0m][0m [36minclude_content[0m=[35mTrue[0m [36mmax_articles[0m=[35m50[0m [36mmodule[0m=[35mscrape_finance_news[0m [36msources[0m=[35m['reuters_jp'][0m
[[32m[1minfo     [0m] [1mStarting news collection      [0m [[0m[1m[34m__main__[0m][0m [36mmodule[0m=[35mscrape_finance_news[0m [36msources[0m=[35m['reuters_jp'][0m
[[32m[1minfo     [0m] [1mStarting financial news collection (async)[0m [[0m[1m[34mnews_scraper.unified[0m][0m [36minclude_content[0m=[35mTrue[0m [36mmax_articles_per_source[0m=[35m50[0m [36mmodule[0m=[35munified[0m [36msources[0m=[35m['reuters_jp'][0m
[[32m[1minfo     [0m] [1mStarting Reuters JP news collection[0m [[0m[1m[34mnews_scraper.reuters_jp[0m][0m [36mmax_articles_per_source[0m=[35m50[0m [36mmodule[0m=[35mreuters_jp[0m [36msections[0m=[35m['markets', 'business'][0m
[[32m[1minfo     [0m] [1mFetching Reuters JP section   [0m [[0m[1m[34mnews_scraper.reuters_jp[0m][0m [36mmodule[0m=[35mreuters_jp[0m [36msection[0m=[35mmarkets[0m [36murl[0m=[35mhttps://jp.reuters.com/markets/[0m
[[32m[1minfo     [0m] [1mFetching Reuters JP section   [0m [[0m[1m[34mnews_scraper.reuters_jp[0m][0m [36mmodule[0m=[35mreuters_jp[0m [36msection[0m=[35mbusiness[0m [36murl[0m=[35mhttps://jp.reuters.com/business/[0m
[[32m[1minfo     [0m] [1mHTTP Request: GET https://jp.reuters.com/business/ "HTTP/1.1 200 OK"[0m [[0m[1m[34mhttpx[0m][0m
[[32m[1minfo     [0m] [1mHTML fetched (async)          [0m [[0m[1m[34mnews_scraper._html_utils[0m][0m [36mmodule[0m=[35mhtml_utils[0m [36mstatus_code[0m=[35m200[0m [36murl[0m=[35mhttps://jp.reuters.com/business/[0m
[[32m[1minfo     [0m] [1mBusiness page parsed          [0m [[0m[1m[34mnews_scraper.reuters_jp[0m][0m [36marticle_count[0m=[35m20[0m [36mmodule[0m=[35mreuters_jp[0m
[[32m[1minfo     [0m] [1mReuters JP section complete   [0m [[0m[1m[34mnews_scraper.reuters_jp[0m][0m [36mcount[0m=[35m20[0m [36mmodule[0m=[35mreuters_jp[0m [36msection[0m=[35mbusiness[0m
[[32m[1minfo     [0m] [1mHTTP Request: GET https://jp.reuters.com/markets/ "HTTP/1.1 200 OK"[0m [[0m[1m[34mhttpx[0m][0m
[[32m[1minfo     [0m] [1mHTML fetched (async)          [0m [[0m[1m[34mnews_scraper._html_utils[0m][0m [36mmodule[0m=[35mhtml_utils[0m [36mstatus_code[0m=[35m200[0m [36murl[0m=[35mhttps://jp.reuters.com/markets/[0m
[[32m[1minfo     [0m] [1mMarkets page parsed           [0m [[0m[1m[34mnews_scraper.reuters_jp[0m][0m [36marticle_count[0m=[35m6[0m [36mmodule[0m=[35mreuters_jp[0m
[[32m[1minfo     [0m] [1mReuters JP section complete   [0m [[0m[1m[34mnews_scraper.reuters_jp[0m][0m [36mcount[0m=[35m6[0m [36mmodule[0m=[35mreuters_jp[0m [36msection[0m=[35mmarkets[0m
[[32m[1minfo     [0m] [1mReuters JP news collection complete[0m [[0m[1m[34mnews_scraper.reuters_jp[0m][0m [36mmodule[0m=[35mreuters_jp[0m [36mtotal_articles[0m=[35m25[0m
[[32m[1minfo     [0m] [1mSource collection complete    [0m [[0m[1m[34mnews_scraper.unified[0m][0m [36mmodule[0m=[35munified[0m [36msource[0m=[35mreuters_jp[0m [36msource_articles[0m=[35m25[0m
[[32m[1minfo     [0m] [1mFetching content for articles missing it[0m [[0m[1m[34mnews_scraper.unified[0m][0m [36mcount[0m=[35m25[0m [36mmodule[0m=[35munified[0m
[[32m[1minfo     [0m] [1mStarting batch extraction     [0m [[0m[1m[34mrss.services.article_extractor[0m][0m [36mmodule[0m=[35marticle_extractor[0m [36mrate_limit[0m=[35m1.0[0m [36murl_count[0m=[35m25[0m
[[32m[1minfo     [0m] [1mStarting article extraction   [0m [[0m[1m[34mrss.services.article_extractor[0m][0m [36mmodule[0m=[35marticle_extractor[0m [36murl[0m=[35mhttps://jp.reuters.com/markets/global-markets/43U2J6NMYFKNTAO7AC3H3GXQ4U-2026-03-27/[0m [36muser_agent[0m=[35m'Mozilla/5.0 (Macintosh; Intel Mac OS X 10_15_7) Ap...'[0m
[[32m[1minfo     [0m] [1mTrafilatura extraction successful[0m [[0m[1m[34mrss.services.article_extractor[0m][0m [36mmodule[0m=[35marticle_extractor[0m [36mtext_length[0m=[35m252[0m [36mtitle[0m=[35mNone[0m [36murl[0m=[35mhttps://jp.reuters.com/markets/global-markets/43U2J6NMYFKNTAO7AC3H3GXQ4U-2026-03-27/[0m
[[32m[1minfo     [0m] [1mStarting article extraction   [0m [[0m[1m[34mrss.services.article_extractor[0m][0m [36mmodule[0m=[35marticle_extractor[0m [36murl[0m=[35mhttps://jp.reuters.com/markets/commodities/NW4JZPTFFRJPBKZ73Z6LK5V2EE-2026-03-27/[0m [36muser_agent[0m=[35m'Mozilla/5.0 (Macintosh; Intel Mac OS X 10_15_7) Ap...'[0m
[[32m[1minfo     [0m] [1mTrafilatura extraction successful[0m [[0m[1m[34mrss.services.article_extractor[0m][0m [36mmodule[0m=[35marticle_extractor[0m [36mtext_length[0m=[35m557[0m [36mtitle[0m=[35mNone[0m [36murl[0m=[35mhttps://jp.reuters.com/markets/commodities/NW4JZPTFFRJPBKZ73Z6LK5V2EE-2026-03-27/[0m
[[32m[1minfo     [0m] [1mStarting article extraction   [0m [[0m[1m[34mrss.services.article_extractor[0m][0m [36mmodule[0m=[35marticle_extractor[0m [36murl[0m=[35mhttps://jp.reuters.com/world/security/5F6JPLX76BJ5LG463D4YKFYHLE-2026-03-27/[0m [36muser_agent[0m=[35m'Mozilla/5.0 (Macintosh; Intel Mac OS X 10_15_7) Ap...'[0m
[[32m[1minfo     [0m] [1mTrafilatura extraction successful[0m [[0m[1m[34mrss.services.article_extractor[0m][0m [36mmodule[0m=[35marticle_extractor[0m [36mtext_length[0m=[35m422[0m [36mtitle[0m=[35mNone[0m [36murl[0m=[35mhttps://jp.reuters.com/world/security/5F6JPLX76BJ5LG463D4YKFYHLE-2026-03-27/[0m
[[32m[1minfo     [0m] [1mStarting article extraction   [0m [[0m[1m[34mrss.services.article_extractor[0m][0m [36mmodule[0m=[35marticle_extractor[0m [36murl[0m=[35mhttps://jp.reuters.com/markets/japan/KQEWEFOE4NJXTEKRUAWZYPZDE4-2026-03-27/[0m [36muser_agent[0m=[35m'Mozilla/5.0 (Macintosh; Intel Mac OS X 10_15_7) Ap...'[0m
[[32m[1minfo     [0m] [1mTrafilatura extraction successful[0m [[0m[1m[34mrss.services.article_extractor[0m][0m [36mmodule[0m=[35marticle_extractor[0m [36mtext_length[0m=[35m653[0m [36mtitle[0m=[35mNone[0m [36murl[0m=[35mhttps://jp.reuters.com/markets/japan/KQEWEFOE4NJXTEKRUAWZYPZDE4-2026-03-27/[0m
[[32m[1minfo     [0m] [1mStarting article extraction   [0m [[0m[1m[34mrss.services.article_extractor[0m][0m [36mmodule[0m=[35marticle_extractor[0m [36murl[0m=[35mhttps://jp.reuters.com/markets/japan/7UP73FSHFVIEDPBI5U5ZALGRVM-2026-03-28/[0m [36muser_agent[0m=[35m'Mozilla/5.0 (Macintosh; Intel Mac OS X 10_15_7) Ap...'[0m
[[32m[1minfo     [0m] [1mTrafilatura extraction successful[0m [[0m[1m[34mrss.services.article_extractor[0m][0m [36mmodule[0m=[35marticle_extractor[0m [36mtext_length[0m=[35m566[0m [36mtitle[0m=[35mNone[0m [36murl[0m=[35mhttps://jp.reuters.com/markets/japan/7UP73FSHFVIEDPBI5U5ZALGRVM-2026-03-28/[0m
[[32m[1minfo     [0m] [1mStarting article extraction   [0m [[0m[1m[34mrss.services.article_extractor[0m][0m [36mmodule[0m=[35marticle_extractor[0m [36murl[0m=[35mhttps://jp.reuters.com/markets/world-indices/Z66EUTDSL5NPDM7RFMCSE4GJ64-2026-03-28/[0m [36muser_agent[0m=[35m'Mozilla/5.0 (Macintosh; Intel Mac OS X 10_15_7) Ap...'[0m
[[32m[1minfo     [0m] [1mTrafilatura extraction successful[0m [[0m[1m[34mrss.services.article_extractor[0m][0m [36mmodule[0m=[35marticle_extractor[0m [36mtext_length[0m=[35m678[0m [36mtitle[0m=[35mNone[0m [36murl[0m=[35mhttps://jp.reuters.com/markets/world-indices/Z66EUTDSL5NPDM7RFMCSE4GJ64-2026-03-28/[0m
[[32m[1minfo     [0m] [1mStarting article extraction   [0m [[0m[1m[34mrss.services.article_extractor[0m][0m [36mmodule[0m=[35marticle_extractor[0m [36murl[0m=[35mhttps://jp.reuters.com/markets/japan/BPNCPSIBIBID7ILK3YWTMWX2NU-2026-03-27/[0m [36muser_agent[0m=[35m'Mozilla/5.0 (Macintosh; Intel Mac OS X 10_15_7) Ap...'[0m
[[32m[1minfo     [0m] [1mTrafilatura extraction successful[0m [[0m[1m[34mrss.services.article_extractor[0m][0m [36mmodule[0m=[35marticle_extractor[0m [36mtext_length[0m=[35m435[0m [36mtitle[0m=[35mNone[0m [36murl[0m=[35mhttps://jp.reuters.com/markets/japan/BPNCPSIBIBID7ILK3YWTMWX2NU-2026-03-27/[0m
[[32m[1minfo     [0m] [1mStarting article extraction   [0m [[0m[1m[34mrss.services.article_extractor[0m][0m [36mmodule[0m=[35marticle_extractor[0m [36murl[0m=[35mhttps://jp.reuters.com/world/japan/4VIUJD2MIVP7LFCBOYEOVJOKZA-2026-03-27/[0m [36muser_agent[0m=[35m'Mozilla/5.0 (Macintosh; Intel Mac OS X 10_15_7) Ap...'[0m
[[32m[1minfo     [0m] [1mTrafilatura extraction successful[0m [[0m[1m[34mrss.services.article_extractor[0m][0m [36mmodule[0m=[35marticle_extractor[0m [36mtext_length[0m=[35m1698[0m [36mtitle[0m=[35mNone[0m [36murl[0m=[35mhttps://jp.reuters.com/world/japan/4VIUJD2MIVP7LFCBOYEOVJOKZA-2026-03-27/[0m
[[32m[1minfo     [0m] [1mStarting article extraction   [0m [[0m[1m[34mrss.services.article_extractor[0m][0m [36mmodule[0m=[35marticle_extractor[0m [36murl[0m=[35mhttps://jp.reuters.com/markets/japan/GZUZD6RNYRNZRND76PN3HW3BBM-2026-03-27/[0m [36muser_agent[0m=[35m'Mozilla/5.0 (Macintosh; Intel Mac OS X 10_15_7) Ap...'[0m
[[32m[1minfo     [0m] [1mTrafilatura extraction successful[0m [[0m[1m[34mrss.services.article_extractor[0m][0m [36mmodule[0m=[35marticle_extractor[0m [36mtext_length[0m=[35m877[0m [36mtitle[0m=[35mNone[0m [36murl[0m=[35mhttps://jp.reuters.com/markets/japan/GZUZD6RNYRNZRND76PN3HW3BBM-2026-03-27/[0m
[[32m[1minfo     [0m] [1mStarting article extraction   [0m [[0m[1m[34mrss.services.article_extractor[0m][0m [36mmodule[0m=[35marticle_extractor[0m [36murl[0m=[35mhttps://jp.reuters.com/markets/japan/557XOESEMRPZZGCEUMKMAF4HFA-2026-03-27/[0m [36muser_agent[0m=[35m'Mozilla/5.0 (Macintosh; Intel Mac OS X 10_15_7) Ap...'[0m
[[32m[1minfo     [0m] [1mTrafilatura extraction successful[0m [[0m[1m[34mrss.services.article_extractor[0m][0m [36mmodule[0m=[35marticle_extractor[0m [36mtext_length[0m=[35m119[0m [36mtitle[0m=[35mNone[0m [36murl[0m=[35mhttps://jp.reuters.com/markets/japan/557XOESEMRPZZGCEUMKMAF4HFA-2026-03-27/[0m
[[32m[1minfo     [0m] [1mStarting article extraction   [0m [[0m[1m[34mrss.services.article_extractor[0m][0m [36mmodule[0m=[35marticle_extractor[0m [36murl[0m=[35mhttps://jp.reuters.com/world/japan/6Y3WGAVJAFL4RC6EE47YK3Q3BE-2026-03-27/[0m [36muser_agent[0m=[35m'Mozilla/5.0 (Macintosh; Intel Mac OS X 10_15_7) Ap...'[0m
[[32m[1minfo     [0m] [1mTrafilatura extraction successful[0m [[0m[1m[34mrss.services.article_extractor[0m][0m [36mmodule[0m=[35marticle_extractor[0m [36mtext_length[0m=[35m265[0m [36mtitle[0m=[35mNone[0m [36murl[0m=[35mhttps://jp.reuters.com/world/japan/6Y3WGAVJAFL4RC6EE47YK3Q3BE-2026-03-27/[0m
[[32m[1minfo     [0m] [1mStarting article extraction   [0m [[0m[1m[34mrss.services.article_extractor[0m][0m [36mmodule[0m=[35marticle_extractor[0m [36murl[0m=[35mhttps://jp.reuters.com/markets/global-markets/3FVW2K6T7ZLILJNSG2YNSHYXPM-2026-03-27/[0m [36muser_agent[0m=[35m'Mozilla/5.0 (Macintosh; Intel Mac OS X 10_15_7) Ap...'[0m
[[32m[1minfo     [0m] [1mTrafilatura extraction successful[0m [[0m[1m[34mrss.services.article_extractor[0m][0m [36mmodule[0m=[35marticle_extractor[0m [36mtext_length[0m=[35m308[0m [36mtitle[0m=[35mNone[0m [36murl[0m=[35mhttps://jp.reuters.com/markets/global-markets/3FVW2K6T7ZLILJNSG2YNSHYXPM-2026-03-27/[0m
[[32m[1minfo     [0m] [1mStarting article extraction   [0m [[0m[1m[34mrss.services.article_extractor[0m][0m [36mmodule[0m=[35marticle_extractor[0m [36murl[0m=[35mhttps://jp.reuters.com/markets/global-markets/DMUSVJYZRNJKFGJCNFSSEBM7L4-2026-03-27/[0m [36muser_agent[0m=[35m'Mozilla/5.0 (Macintosh; Intel Mac OS X 10_15_7) Ap...'[0m
[[32m[1minfo     [0m] [1mTrafilatura extraction successful[0m [[0m[1m[34mrss.services.article_extractor[0m][0m [36mmodule[0m=[35marticle_extractor[0m [36mtext_length[0m=[35m246[0m [36mtitle[0m=[35mNone[0m [36murl[0m=[35mhttps://jp.reuters.com/markets/global-markets/DMUSVJYZRNJKFGJCNFSSEBM7L4-2026-03-27/[0m
[[32m[1minfo     [0m] [1mStarting article extraction   [0m [[0m[1m[34mrss.services.article_extractor[0m][0m [36mmodule[0m=[35marticle_extractor[0m [36murl[0m=[35mhttps://jp.reuters.com/markets/japan/KW7D27JYSFOM3P2P2NTAIYOKOE-2026-03-27/[0m [36muser_agent[0m=[35m'Mozilla/5.0 (Macintosh; Intel Mac OS X 10_15_7) Ap...'[0m
[[32m[1minfo     [0m] [1mTrafilatura extraction successful[0m [[0m[1m[34mrss.services.article_extractor[0m][0m [36mmodule[0m=[35marticle_extractor[0m [36mtext_length[0m=[35m349[0m [36mtitle[0m=[35mNone[0m [36murl[0m=[35mhttps://jp.reuters.com/markets/japan/KW7D27JYSFOM3P2P2NTAIYOKOE-2026-03-27/[0m
[[32m[1minfo     [0m] [1mStarting article extraction   [0m [[0m[1m[34mrss.services.article_extractor[0m][0m [36mmodule[0m=[35marticle_extractor[0m [36murl[0m=[35mhttps://jp.reuters.com/markets/global-markets/SVYEPDCEFZM6TPL4OF6P2JJSZY-2026-03-27/[0m [36muser_agent[0m=[35m'Mozilla/5.0 (Macintosh; Intel Mac OS X 10_15_7) Ap...'[0m
[[32m[1minfo     [0m] [1mTrafilatura extraction successful[0m [[0m[1m[34mrss.services.article_extractor[0m][0m [36mmodule[0m=[35marticle_extractor[0m [36mtext_length[0m=[35m226[0m [36mtitle[0m=[35mNone[0m [36murl[0m=[35mhttps://jp.reuters.com/markets/global-markets/SVYEPDCEFZM6TPL4OF6P2JJSZY-2026-03-27/[0m
[[32m[1minfo     [0m] [1mStarting article extraction   [0m [[0m[1m[34mrss.services.article_extractor[0m][0m [36mmodule[0m=[35marticle_extractor[0m [36murl[0m=[35mhttps://jp.reuters.com/markets/japan/GZKNFGELJZIPFOG23SVFIUH54M-2026-03-27/[0m [36muser_agent[0m=[35m'Mozilla/5.0 (Macintosh; Intel Mac OS X 10_15_7) Ap...'[0m
[[32m[1minfo     [0m] [1mTrafilatura extraction successful[0m [[0m[1m[34mrss.services.article_extractor[0m][0m [36mmodule[0m=[35marticle_extractor[0m [36mtext_length[0m=[35m297[0m [36mtitle[0m=[35mNone[0m [36murl[0m=[35mhttps://jp.reuters.com/markets/japan/GZKNFGELJZIPFOG23SVFIUH54M-2026-03-27/[0m
[[32m[1minfo     [0m] [1mStarting article extraction   [0m [[0m[1m[34mrss.services.article_extractor[0m][0m [36mmodule[0m=[35marticle_extractor[0m [36murl[0m=[35mhttps://jp.reuters.com/markets/japan/P2RD6XUFCNOZXHIJ6SIQYXDQJA-2026-03-27/[0m [36muser_agent[0m=[35m'Mozilla/5.0 (Macintosh; Intel Mac OS X 10_15_7) Ap...'[0m
[[32m[1minfo     [0m] [1mTrafilatura extraction successful[0m [[0m[1m[34mrss.services.article_extractor[0m][0m [36mmodule[0m=[35marticle_extractor[0m [36mtext_length[0m=[35m912[0m [36mtitle[0m=[35mNone[0m [36murl[0m=[35mhttps://jp.reuters.com/markets/japan/P2RD6XUFCNOZXHIJ6SIQYXDQJA-2026-03-27/[0m
[[32m[1minfo     [0m] [1mStarting article extraction   [0m [[0m[1m[34mrss.services.article_extractor[0m][0m [36mmodule[0m=[35marticle_extractor[0m [36murl[0m=[35mhttps://jp.reuters.com/markets/japan/CV55Y25OTZPEBAARAVXLXGZ64I-2026-03-27/[0m [36muser_agent[0m=[35m'Mozilla/5.0 (Macintosh; Intel Mac OS X 10_15_7) Ap...'[0m
[[32m[1minfo     [0m] [1mTrafilatura extraction successful[0m [[0m[1m[34mrss.services.article_extractor[0m][0m [36mmodule[0m=[35marticle_extractor[0m [36mtext_length[0m=[35m898[0m [36mtitle[0m=[35mNone[0m [36murl[0m=[35mhttps://jp.reuters.com/markets/japan/CV55Y25OTZPEBAARAVXLXGZ64I-2026-03-27/[0m
[[32m[1minfo     [0m] [1mStarting article extraction   [0m [[0m[1m[34mrss.services.article_extractor[0m][0m [36mmodule[0m=[35marticle_extractor[0m [36murl[0m=[35mhttps://jp.reuters.com/markets/japan/3DQAS34FFJMNFEVMNVU6LK3NLU-2026-03-27/[0m [36muser_agent[0m=[35m'Mozilla/5.0 (Macintosh; Intel Mac OS X 10_15_7) Ap...'[0m
[[32m[1minfo     [0m] [1mTrafilatura extraction successful[0m [[0m[1m[34mrss.services.article_extractor[0m][0m [36mmodule[0m=[35marticle_extractor[0m [36mtext_length[0m=[35m526[0m [36mtitle[0m=[35mNone[0m [36murl[0m=[35mhttps://jp.reuters.com/markets/japan/3DQAS34FFJMNFEVMNVU6LK3NLU-2026-03-27/[0m
[[32m[1minfo     [0m] [1mStarting article extraction   [0m [[0m[1m[34mrss.services.article_extractor[0m][0m [36mmodule[0m=[35marticle_extractor[0m [36murl[0m=[35mhttps://jp.reuters.com/markets/japan/AFN5RPWMVJLRJLEIAQSHJAAYFQ-2026-03-27/[0m [36muser_agent[0m=[35m'Mozilla/5.0 (Macintosh; Intel Mac OS X 10_15_7) Ap...'[0m
[[32m[1minfo     [0m] [1mTrafilatura extraction successful[0m [[0m[1m[34mrss.services.article_extractor[0m][0m [36mmodule[0m=[35marticle_extractor[0m [36mtext_length[0m=[35m388[0m [36mtitle[0m=[35mNone[0m [36murl[0m=[35mhttps://jp.reuters.com/markets/japan/AFN5RPWMVJLRJLEIAQSHJAAYFQ-2026-03-27/[0m
[[32m[1minfo     [0m] [1mStarting article extraction   [0m [[0m[1m[34mrss.services.article_extractor[0m][0m [36mmodule[0m=[35marticle_extractor[0m [36murl[0m=[35mhttps://jp.reuters.com/markets/japan/HKIJREJ5HFMP7EE4X3OB4SRXPQ-2026-03-27/[0m [36muser_agent[0m=[35m'Mozilla/5.0 (Macintosh; Intel Mac OS X 10_15_7) Ap...'[0m
[[32m[1minfo     [0m] [1mTrafilatura extraction successful[0m [[0m[1m[34mrss.services.article_extractor[0m][0m [36mmodule[0m=[35marticle_extractor[0m [36mtext_length[0m=[35m1006[0m [36mtitle[0m=[35mNone[0m [36murl[0m=[35mhttps://jp.reuters.com/markets/japan/HKIJREJ5HFMP7EE4X3OB4SRXPQ-2026-03-27/[0m
[[32m[1minfo     [0m] [1mStarting article extraction   [0m [[0m[1m[34mrss.services.article_extractor[0m][0m [36mmodule[0m=[35marticle_extractor[0m [36murl[0m=[35mhttps://jp.reuters.com/markets/japan/YHG6L2GMPZJOTCGYNMIIK2H5PM-2026-03-27/[0m [36muser_agent[0m=[35m'Mozilla/5.0 (Macintosh; Intel Mac OS X 10_15_7) Ap...'[0m
[[32m[1minfo     [0m] [1mTrafilatura extraction successful[0m [[0m[1m[34mrss.services.article_extractor[0m][0m [36mmodule[0m=[35marticle_extractor[0m [36mtext_length[0m=[35m700[0m [36mtitle[0m=[35mNone[0m [36murl[0m=[35mhttps://jp.reuters.com/markets/japan/YHG6L2GMPZJOTCGYNMIIK2H5PM-2026-03-27/[0m
[[32m[1minfo     [0m] [1mStarting article extraction   [0m [[0m[1m[34mrss.services.article_extractor[0m][0m [36mmodule[0m=[35marticle_extractor[0m [36murl[0m=[35mhttps://jp.reuters.com/markets/japan/IRMWDYQTGROULKMQTC5P6ND7HA-2026-03-27/[0m [36muser_agent[0m=[35m'Mozilla/5.0 (Macintosh; Intel Mac OS X 10_15_7) Ap...'[0m
[[32m[1minfo     [0m] [1mTrafilatura extraction successful[0m [[0m[1m[34mrss.services.article_extractor[0m][0m [36mmodule[0m=[35marticle_extractor[0m [36mtext_length[0m=[35m1035[0m [36mtitle[0m=[35mNone[0m [36murl[0m=[35mhttps://jp.reuters.com/markets/japan/IRMWDYQTGROULKMQTC5P6ND7HA-2026-03-27/[0m
[[32m[1minfo     [0m] [1mStarting article extraction   [0m [[0m[1m[34mrss.services.article_extractor[0m][0m [36mmodule[0m=[35marticle_extractor[0m [36murl[0m=[35mhttps://jp.reuters.com/markets/japan/BMHOLU2N4ROGREKRZQU7J5IISQ-2026-03-27/[0m [36muser_agent[0m=[35m'Mozilla/5.0 (Macintosh; Intel Mac OS X 10_15_7) Ap...'[0m
[[32m[1minfo     [0m] [1mTrafilatura extraction successful[0m [[0m[1m[34mrss.services.article_extractor[0m][0m [36mmodule[0m=[35marticle_extractor[0m [36mtext_length[0m=[35m696[0m [36mtitle[0m=[35mNone[0m [36murl[0m=[35mhttps://jp.reuters.com/markets/japan/BMHOLU2N4ROGREKRZQU7J5IISQ-2026-03-27/[0m
[[32m[1minfo     [0m] [1mStarting article extraction   [0m [[0m[1m[34mrss.services.article_extractor[0m][0m [36mmodule[0m=[35marticle_extractor[0m [36murl[0m=[35mhttps://jp.reuters.com/markets/japan/6P57A46QXRI4XDV3PZMZDXHLTA-2026-03-27/[0m [36muser_agent[0m=[35m'Mozilla/5.0 (Macintosh; Intel Mac OS X 10_15_7) Ap...'[0m
[[32m[1minfo     [0m] [1mTrafilatura extraction successful[0m [[0m[1m[34mrss.services.article_extractor[0m][0m [36mmodule[0m=[35marticle_extractor[0m [36mtext_length[0m=[35m2060[0m [36mtitle[0m=[35mNone[0m [36murl[0m=[35mhttps://jp.reuters.com/markets/japan/6P57A46QXRI4XDV3PZMZDXHLTA-2026-03-27/[0m
[[32m[1minfo     [0m] [1mBatch extraction completed    [0m [[0m[1m[34mrss.services.article_extractor[0m][0m [36mfailed[0m=[35m0[0m [36mmodule[0m=[35marticle_extractor[0m [36msuccess[0m=[35m25[0m [36mtotal[0m=[35m25[0m
[[32m[1minfo     [0m] [1mContent post-fetch complete   [0m [[0m[1m[34mnews_scraper.unified[0m][0m [36mfetched[0m=[35m25[0m [36mmodule[0m=[35munified[0m [36mtotal[0m=[35m25[0m
[[32m[1minfo     [0m] [1mFinancial news collection complete[0m [[0m[1m[34mnews_scraper.unified[0m][0m [36melapsed_seconds[0m=[35m33.14[0m [36mmodule[0m=[35munified[0m [36msources[0m=[35m['reuters_jp'][0m [36mtotal_articles[0m=[35m25[0m
[[32m[1minfo     [0m] [1mRawStore: saved=0, dup=25, empty=0[0m [[0m[1m[34mnews_scraper.unified[0m][0m [36mmodule[0m=[35munified[0m
[[32m[1minfo     [0m] [1mCollection complete           [0m [[0m[1m[34m__main__[0m][0m [36marticle_count[0m=[35m25[0m [36mmodule[0m=[35mscrape_finance_news[0m
[[32m[1minfo     [0m] [1mNAS is mounted, using NAS output[0m [[0m[1m[34m__main__[0m][0m [36mmodule[0m=[35mscrape_finance_news[0m [36mpath[0m=[35m/Volumes/personal_folder/scraped/reuters_jp[0m [36msource[0m=[35mreuters_jp[0m
[[32m[1minfo     [0m] [1mOutput directory ready        [0m [[0m[1m[34m__main__[0m][0m [36mmodule[0m=[35mscrape_finance_news[0m [36mpath[0m=[35m/Volumes/personal_folder/scraped/reuters_jp/2026-03-28[0m
[[32m[1minfo     [0m] [1mArticles saved to JSON        [0m [[0m[1m[34m__main__[0m][0m [36mmodule[0m=[35mscrape_finance_news[0m [36mpath[0m=[35m/Volumes/personal_folder/scraped/reuters_jp/2026-03-28/news_210005.json[0m [36mtotal_count[0m=[35m25[0m
[[32m[1minfo     [0m] [1mSave complete                 [0m [[0m[1m[34m__main__[0m][0m [36mcount[0m=[35m25[0m [36mmodule[0m=[35mscrape_finance_news[0m [36moutput_file[0m=[35m/Volumes/personal_folder/scraped/reuters_jp/2026-03-28/news_210005.json[0m [36msource[0m=[35mreuters_jp[0m
[[32m[1minfo     [0m] [1mClassification layer applied: 3 nodes, 75 rels[0m [[0m[1m[34memit_research_queue[0m][0m
[[32m[1minfo     [0m] [1mQueue file written: /Volumes/personal_folder/graph-queue/finance-news-workflow/gq-20260328210039-98d00a50.json[0m [[0m[1m[34memit_research_queue[0m][0m
[[32m[1minfo     [0m] [1mIngesting 25 Source nodes     [0m [[0m[1m[34mdata_pipeline.neo4j_loader[0m][0m
[[32m[1minfo     [0m] [1mIngestion complete: 28 nodes, 75 relations[0m [[0m[1m[34mdata_pipeline.neo4j_loader[0m][0m
[[32m[1minfo     [0m] [1mNeo4j ingestion complete      [0m [[0m[1m[34m__main__[0m][0m [36mmodule[0m=[35mscrape_finance_news[0m [36mnodes[0m=[35m28[0m [36mqueue_file[0m=[35m/Volumes/personal_folder/graph-queue/finance-news-workflow/gq-20260328210039-98d00a50.json[0m [36mrelations[0m=[35m75[0m [36msource[0m=[35mreuters_jp[0m
[[32m[1minfo     [0m] [1mScraper finished successfully [0m [[0m[1m[34m__main__[0m][0m [36mmodule[0m=[35mscrape_finance_news[0m [36msaved_files[0m=[35m['/Volumes/personal_folder/scraped/reuters_jp/2026-03-28/news_210005.json'][0m [36mtotal_articles[0m=[35m25[0m
[[32m[1minfo     [0m] [1mFinance news scraper starting [0m [[0m[1m[34m__main__[0m][0m [36minclude_content[0m=[35mTrue[0m [36mmax_articles[0m=[35m50[0m [36mmodule[0m=[35mscrape_finance_news[0m [36msources[0m=[35m['reuters_jp'][0m
[[32m[1minfo     [0m] [1mStarting news collection      [0m [[0m[1m[34m__main__[0m][0m [36mmodule[0m=[35mscrape_finance_news[0m [36msources[0m=[35m['reuters_jp'][0m
[[32m[1minfo     [0m] [1mStarting financial news collection (async)[0m [[0m[1m[34mnews_scraper.unified[0m][0m [36minclude_content[0m=[35mTrue[0m [36mmax_articles_per_source[0m=[35m50[0m [36mmodule[0m=[35munified[0m [36msources[0m=[35m['reuters_jp'][0m
[[32m[1minfo     [0m] [1mStarting Reuters JP news collection[0m [[0m[1m[34mnews_scraper.reuters_jp[0m][0m [36mmax_articles_per_source[0m=[35m50[0m [36mmodule[0m=[35mreuters_jp[0m [36msections[0m=[35m['markets', 'business'][0m
[[32m[1minfo     [0m] [1mFetching Reuters JP section   [0m [[0m[1m[34mnews_scraper.reuters_jp[0m][0m [36mmodule[0m=[35mreuters_jp[0m [36msection[0m=[35mmarkets[0m [36murl[0m=[35mhttps://jp.reuters.com/markets/[0m
[[32m[1minfo     [0m] [1mFetching Reuters JP section   [0m [[0m[1m[34mnews_scraper.reuters_jp[0m][0m [36mmodule[0m=[35mreuters_jp[0m [36msection[0m=[35mbusiness[0m [36murl[0m=[35mhttps://jp.reuters.com/business/[0m
[[32m[1minfo     [0m] [1mHTTP Request: GET https://jp.reuters.com/markets/ "HTTP/1.1 200 OK"[0m [[0m[1m[34mhttpx[0m][0m
[[32m[1minfo     [0m] [1mHTML fetched (async)          [0m [[0m[1m[34mnews_scraper._html_utils[0m][0m [36mmodule[0m=[35mhtml_utils[0m [36mstatus_code[0m=[35m200[0m [36murl[0m=[35mhttps://jp.reuters.com/markets/[0m
[[32m[1minfo     [0m] [1mMarkets page parsed           [0m [[0m[1m[34mnews_scraper.reuters_jp[0m][0m [36marticle_count[0m=[35m6[0m [36mmodule[0m=[35mreuters_jp[0m
[[32m[1minfo     [0m] [1mReuters JP section complete   [0m [[0m[1m[34mnews_scraper.reuters_jp[0m][0m [36mcount[0m=[35m6[0m [36mmodule[0m=[35mreuters_jp[0m [36msection[0m=[35mmarkets[0m
[[32m[1minfo     [0m] [1mHTTP Request: GET https://jp.reuters.com/business/ "HTTP/1.1 200 OK"[0m [[0m[1m[34mhttpx[0m][0m
[[32m[1minfo     [0m] [1mHTML fetched (async)          [0m [[0m[1m[34mnews_scraper._html_utils[0m][0m [36mmodule[0m=[35mhtml_utils[0m [36mstatus_code[0m=[35m200[0m [36murl[0m=[35mhttps://jp.reuters.com/business/[0m
[[32m[1minfo     [0m] [1mBusiness page parsed          [0m [[0m[1m[34mnews_scraper.reuters_jp[0m][0m [36marticle_count[0m=[35m20[0m [36mmodule[0m=[35mreuters_jp[0m
[[32m[1minfo     [0m] [1mReuters JP section complete   [0m [[0m[1m[34mnews_scraper.reuters_jp[0m][0m [36mcount[0m=[35m20[0m [36mmodule[0m=[35mreuters_jp[0m [36msection[0m=[35mbusiness[0m
[[32m[1minfo     [0m] [1mReuters JP news collection complete[0m [[0m[1m[34mnews_scraper.reuters_jp[0m][0m [36mmodule[0m=[35mreuters_jp[0m [36mtotal_articles[0m=[35m26[0m
[[32m[1minfo     [0m] [1mSource collection complete    [0m [[0m[1m[34mnews_scraper.unified[0m][0m [36mmodule[0m=[35munified[0m [36msource[0m=[35mreuters_jp[0m [36msource_articles[0m=[35m26[0m
[[32m[1minfo     [0m] [1mFetching content for articles missing it[0m [[0m[1m[34mnews_scraper.unified[0m][0m [36mcount[0m=[35m26[0m [36mmodule[0m=[35munified[0m
[[32m[1minfo     [0m] [1mStarting batch extraction     [0m [[0m[1m[34mrss.services.article_extractor[0m][0m [36mmodule[0m=[35marticle_extractor[0m [36mrate_limit[0m=[35m1.0[0m [36murl_count[0m=[35m26[0m
[[32m[1minfo     [0m] [1mStarting article extraction   [0m [[0m[1m[34mrss.services.article_extractor[0m][0m [36mmodule[0m=[35marticle_extractor[0m [36murl[0m=[35mhttps://jp.reuters.com/markets/japan/BPNCPSIBIBID7ILK3YWTMWX2NU-2026-03-27/[0m [36muser_agent[0m=[35m'Mozilla/5.0 (Macintosh; Intel Mac OS X 10_15_7) Ap...'[0m
[[32m[1minfo     [0m] [1mTrafilatura extraction successful[0m [[0m[1m[34mrss.services.article_extractor[0m][0m [36mmodule[0m=[35marticle_extractor[0m [36mtext_length[0m=[35m435[0m [36mtitle[0m=[35mNone[0m [36murl[0m=[35mhttps://jp.reuters.com/markets/japan/BPNCPSIBIBID7ILK3YWTMWX2NU-2026-03-27/[0m
[[32m[1minfo     [0m] [1mStarting article extraction   [0m [[0m[1m[34mrss.services.article_extractor[0m][0m [36mmodule[0m=[35marticle_extractor[0m [36murl[0m=[35mhttps://jp.reuters.com/world/japan/4VIUJD2MIVP7LFCBOYEOVJOKZA-2026-03-27/[0m [36muser_agent[0m=[35m'Mozilla/5.0 (Macintosh; Intel Mac OS X 10_15_7) Ap...'[0m
[[32m[1minfo     [0m] [1mTrafilatura extraction successful[0m [[0m[1m[34mrss.services.article_extractor[0m][0m [36mmodule[0m=[35marticle_extractor[0m [36mtext_length[0m=[35m1698[0m [36mtitle[0m=[35mNone[0m [36murl[0m=[35mhttps://jp.reuters.com/world/japan/4VIUJD2MIVP7LFCBOYEOVJOKZA-2026-03-27/[0m
[[32m[1minfo     [0m] [1mStarting article extraction   [0m [[0m[1m[34mrss.services.article_extractor[0m][0m [36mmodule[0m=[35marticle_extractor[0m [36murl[0m=[35mhttps://jp.reuters.com/markets/japan/GZUZD6RNYRNZRND76PN3HW3BBM-2026-03-27/[0m [36muser_agent[0m=[35m'Mozilla/5.0 (Macintosh; Intel Mac OS X 10_15_7) Ap...'[0m
[[32m[1minfo     [0m] [1mTrafilatura extraction successful[0m [[0m[1m[34mrss.services.article_extractor[0m][0m [36mmodule[0m=[35marticle_extractor[0m [36mtext_length[0m=[35m877[0m [36mtitle[0m=[35mNone[0m [36murl[0m=[35mhttps://jp.reuters.com/markets/japan/GZUZD6RNYRNZRND76PN3HW3BBM-2026-03-27/[0m
[[32m[1minfo     [0m] [1mStarting article extraction   [0m [[0m[1m[34mrss.services.article_extractor[0m][0m [36mmodule[0m=[35marticle_extractor[0m [36murl[0m=[35mhttps://jp.reuters.com/markets/japan/557XOESEMRPZZGCEUMKMAF4HFA-2026-03-27/[0m [36muser_agent[0m=[35m'Mozilla/5.0 (Macintosh; Intel Mac OS X 10_15_7) Ap...'[0m
[[32m[1minfo     [0m] [1mTrafilatura extraction successful[0m [[0m[1m[34mrss.services.article_extractor[0m][0m [36mmodule[0m=[35marticle_extractor[0m [36mtext_length[0m=[35m119[0m [36mtitle[0m=[35mNone[0m [36murl[0m=[35mhttps://jp.reuters.com/markets/japan/557XOESEMRPZZGCEUMKMAF4HFA-2026-03-27/[0m
[[32m[1minfo     [0m] [1mStarting article extraction   [0m [[0m[1m[34mrss.services.article_extractor[0m][0m [36mmodule[0m=[35marticle_extractor[0m [36murl[0m=[35mhttps://jp.reuters.com/world/japan/6Y3WGAVJAFL4RC6EE47YK3Q3BE-2026-03-27/[0m [36muser_agent[0m=[35m'Mozilla/5.0 (Macintosh; Intel Mac OS X 10_15_7) Ap...'[0m
[[32m[1minfo     [0m] [1mTrafilatura extraction successful[0m [[0m[1m[34mrss.services.article_extractor[0m][0m [36mmodule[0m=[35marticle_extractor[0m [36mtext_length[0m=[35m265[0m [36mtitle[0m=[35mNone[0m [36murl[0m=[35mhttps://jp.reuters.com/world/japan/6Y3WGAVJAFL4RC6EE47YK3Q3BE-2026-03-27/[0m
[[32m[1minfo     [0m] [1mStarting article extraction   [0m [[0m[1m[34mrss.services.article_extractor[0m][0m [36mmodule[0m=[35marticle_extractor[0m [36murl[0m=[35mhttps://jp.reuters.com/markets/global-markets/3FVW2K6T7ZLILJNSG2YNSHYXPM-2026-03-27/[0m [36muser_agent[0m=[35m'Mozilla/5.0 (Macintosh; Intel Mac OS X 10_15_7) Ap...'[0m
[[32m[1minfo     [0m] [1mTrafilatura extraction successful[0m [[0m[1m[34mrss.services.article_extractor[0m][0m [36mmodule[0m=[35marticle_extractor[0m [36mtext_length[0m=[35m308[0m [36mtitle[0m=[35mNone[0m [36murl[0m=[35mhttps://jp.reuters.com/markets/global-markets/3FVW2K6T7ZLILJNSG2YNSHYXPM-2026-03-27/[0m
[[32m[1minfo     [0m] [1mStarting article extraction   [0m [[0m[1m[34mrss.services.article_extractor[0m][0m [36mmodule[0m=[35marticle_extractor[0m [36murl[0m=[35mhttps://jp.reuters.com/markets/global-markets/DMUSVJYZRNJKFGJCNFSSEBM7L4-2026-03-27/[0m [36muser_agent[0m=[35m'Mozilla/5.0 (Macintosh; Intel Mac OS X 10_15_7) Ap...'[0m
[[32m[1minfo     [0m] [1mTrafilatura extraction successful[0m [[0m[1m[34mrss.services.article_extractor[0m][0m [36mmodule[0m=[35marticle_extractor[0m [36mtext_length[0m=[35m246[0m [36mtitle[0m=[35mNone[0m [36murl[0m=[35mhttps://jp.reuters.com/markets/global-markets/DMUSVJYZRNJKFGJCNFSSEBM7L4-2026-03-27/[0m
[[32m[1minfo     [0m] [1mStarting article extraction   [0m [[0m[1m[34mrss.services.article_extractor[0m][0m [36mmodule[0m=[35marticle_extractor[0m [36murl[0m=[35mhttps://jp.reuters.com/markets/japan/KW7D27JYSFOM3P2P2NTAIYOKOE-2026-03-27/[0m [36muser_agent[0m=[35m'Mozilla/5.0 (Macintosh; Intel Mac OS X 10_15_7) Ap...'[0m
[[32m[1minfo     [0m] [1mTrafilatura extraction successful[0m [[0m[1m[34mrss.services.article_extractor[0m][0m [36mmodule[0m=[35marticle_extractor[0m [36mtext_length[0m=[35m349[0m [36mtitle[0m=[35mNone[0m [36murl[0m=[35mhttps://jp.reuters.com/markets/japan/KW7D27JYSFOM3P2P2NTAIYOKOE-2026-03-27/[0m
[[32m[1minfo     [0m] [1mStarting article extraction   [0m [[0m[1m[34mrss.services.article_extractor[0m][0m [36mmodule[0m=[35marticle_extractor[0m [36murl[0m=[35mhttps://jp.reuters.com/markets/global-markets/SVYEPDCEFZM6TPL4OF6P2JJSZY-2026-03-27/[0m [36muser_agent[0m=[35m'Mozilla/5.0 (Macintosh; Intel Mac OS X 10_15_7) Ap...'[0m
[[32m[1minfo     [0m] [1mTrafilatura extraction successful[0m [[0m[1m[34mrss.services.article_extractor[0m][0m [36mmodule[0m=[35marticle_extractor[0m [36mtext_length[0m=[35m226[0m [36mtitle[0m=[35mNone[0m [36murl[0m=[35mhttps://jp.reuters.com/markets/global-markets/SVYEPDCEFZM6TPL4OF6P2JJSZY-2026-03-27/[0m
[[32m[1minfo     [0m] [1mStarting article extraction   [0m [[0m[1m[34mrss.services.article_extractor[0m][0m [36mmodule[0m=[35marticle_extractor[0m [36murl[0m=[35mhttps://jp.reuters.com/markets/global-markets/43U2J6NMYFKNTAO7AC3H3GXQ4U-2026-03-27/[0m [36muser_agent[0m=[35m'Mozilla/5.0 (Macintosh; Intel Mac OS X 10_15_7) Ap...'[0m
[[32m[1minfo     [0m] [1mTrafilatura extraction successful[0m [[0m[1m[34mrss.services.article_extractor[0m][0m [36mmodule[0m=[35marticle_extractor[0m [36mtext_length[0m=[35m252[0m [36mtitle[0m=[35mNone[0m [36murl[0m=[35mhttps://jp.reuters.com/markets/global-markets/43U2J6NMYFKNTAO7AC3H3GXQ4U-2026-03-27/[0m
[[32m[1minfo     [0m] [1mStarting article extraction   [0m [[0m[1m[34mrss.services.article_extractor[0m][0m [36mmodule[0m=[35marticle_extractor[0m [36murl[0m=[35mhttps://jp.reuters.com/markets/japan/GZKNFGELJZIPFOG23SVFIUH54M-2026-03-27/[0m [36muser_agent[0m=[35m'Mozilla/5.0 (Macintosh; Intel Mac OS X 10_15_7) Ap...'[0m
[[32m[1minfo     [0m] [1mTrafilatura extraction successful[0m [[0m[1m[34mrss.services.article_extractor[0m][0m [36mmodule[0m=[35marticle_extractor[0m [36mtext_length[0m=[35m297[0m [36mtitle[0m=[35mNone[0m [36murl[0m=[35mhttps://jp.reuters.com/markets/japan/GZKNFGELJZIPFOG23SVFIUH54M-2026-03-27/[0m
[[32m[1minfo     [0m] [1mStarting article extraction   [0m [[0m[1m[34mrss.services.article_extractor[0m][0m [36mmodule[0m=[35marticle_extractor[0m [36murl[0m=[35mhttps://jp.reuters.com/markets/japan/P2RD6XUFCNOZXHIJ6SIQYXDQJA-2026-03-27/[0m [36muser_agent[0m=[35m'Mozilla/5.0 (Macintosh; Intel Mac OS X 10_15_7) Ap...'[0m
[[32m[1minfo     [0m] [1mTrafilatura extraction successful[0m [[0m[1m[34mrss.services.article_extractor[0m][0m [36mmodule[0m=[35marticle_extractor[0m [36mtext_length[0m=[35m912[0m [36mtitle[0m=[35mNone[0m [36murl[0m=[35mhttps://jp.reuters.com/markets/japan/P2RD6XUFCNOZXHIJ6SIQYXDQJA-2026-03-27/[0m
[[32m[1minfo     [0m] [1mStarting article extraction   [0m [[0m[1m[34mrss.services.article_extractor[0m][0m [36mmodule[0m=[35marticle_extractor[0m [36murl[0m=[35mhttps://jp.reuters.com/markets/japan/CV55Y25OTZPEBAARAVXLXGZ64I-2026-03-27/[0m [36muser_agent[0m=[35m'Mozilla/5.0 (Macintosh; Intel Mac OS X 10_15_7) Ap...'[0m
[[32m[1minfo     [0m] [1mTrafilatura extraction successful[0m [[0m[1m[34mrss.services.article_extractor[0m][0m [36mmodule[0m=[35marticle_extractor[0m [36mtext_length[0m=[35m898[0m [36mtitle[0m=[35mNone[0m [36murl[0m=[35mhttps://jp.reuters.com/markets/japan/CV55Y25OTZPEBAARAVXLXGZ64I-2026-03-27/[0m
[[32m[1minfo     [0m] [1mStarting article extraction   [0m [[0m[1m[34mrss.services.article_extractor[0m][0m [36mmodule[0m=[35marticle_extractor[0m [36murl[0m=[35mhttps://jp.reuters.com/markets/japan/3DQAS34FFJMNFEVMNVU6LK3NLU-2026-03-27/[0m [36muser_agent[0m=[35m'Mozilla/5.0 (Macintosh; Intel Mac OS X 10_15_7) Ap...'[0m
[[32m[1minfo     [0m] [1mTrafilatura extraction successful[0m [[0m[1m[34mrss.services.article_extractor[0m][0m [36mmodule[0m=[35marticle_extractor[0m [36mtext_length[0m=[35m526[0m [36mtitle[0m=[35mNone[0m [36murl[0m=[35mhttps://jp.reuters.com/markets/japan/3DQAS34FFJMNFEVMNVU6LK3NLU-2026-03-27/[0m
[[32m[1minfo     [0m] [1mStarting article extraction   [0m [[0m[1m[34mrss.services.article_extractor[0m][0m [36mmodule[0m=[35marticle_extractor[0m [36murl[0m=[35mhttps://jp.reuters.com/markets/japan/AFN5RPWMVJLRJLEIAQSHJAAYFQ-2026-03-27/[0m [36muser_agent[0m=[35m'Mozilla/5.0 (Macintosh; Intel Mac OS X 10_15_7) Ap...'[0m
[[32m[1minfo     [0m] [1mTrafilatura extraction successful[0m [[0m[1m[34mrss.services.article_extractor[0m][0m [36mmodule[0m=[35marticle_extractor[0m [36mtext_length[0m=[35m388[0m [36mtitle[0m=[35mNone[0m [36murl[0m=[35mhttps://jp.reuters.com/markets/japan/AFN5RPWMVJLRJLEIAQSHJAAYFQ-2026-03-27/[0m
[[32m[1minfo     [0m] [1mStarting article extraction   [0m [[0m[1m[34mrss.services.article_extractor[0m][0m [36mmodule[0m=[35marticle_extractor[0m [36murl[0m=[35mhttps://jp.reuters.com/markets/japan/HKIJREJ5HFMP7EE4X3OB4SRXPQ-2026-03-27/[0m [36muser_agent[0m=[35m'Mozilla/5.0 (Macintosh; Intel Mac OS X 10_15_7) Ap...'[0m
[[32m[1minfo     [0m] [1mTrafilatura extraction successful[0m [[0m[1m[34mrss.services.article_extractor[0m][0m [36mmodule[0m=[35marticle_extractor[0m [36mtext_length[0m=[35m1006[0m [36mtitle[0m=[35mNone[0m [36murl[0m=[35mhttps://jp.reuters.com/markets/japan/HKIJREJ5HFMP7EE4X3OB4SRXPQ-2026-03-27/[0m
[[32m[1minfo     [0m] [1mStarting article extraction   [0m [[0m[1m[34mrss.services.article_extractor[0m][0m [36mmodule[0m=[35marticle_extractor[0m [36murl[0m=[35mhttps://jp.reuters.com/markets/japan/YHG6L2GMPZJOTCGYNMIIK2H5PM-2026-03-27/[0m [36muser_agent[0m=[35m'Mozilla/5.0 (Macintosh; Intel Mac OS X 10_15_7) Ap...'[0m
[[32m[1minfo     [0m] [1mTrafilatura extraction successful[0m [[0m[1m[34mrss.services.article_extractor[0m][0m [36mmodule[0m=[35marticle_extractor[0m [36mtext_length[0m=[35m700[0m [36mtitle[0m=[35mNone[0m [36murl[0m=[35mhttps://jp.reuters.com/markets/japan/YHG6L2GMPZJOTCGYNMIIK2H5PM-2026-03-27/[0m
[[32m[1minfo     [0m] [1mStarting article extraction   [0m [[0m[1m[34mrss.services.article_extractor[0m][0m [36mmodule[0m=[35marticle_extractor[0m [36murl[0m=[35mhttps://jp.reuters.com/markets/japan/IRMWDYQTGROULKMQTC5P6ND7HA-2026-03-27/[0m [36muser_agent[0m=[35m'Mozilla/5.0 (Macintosh; Intel Mac OS X 10_15_7) Ap...'[0m
[[32m[1minfo     [0m] [1mTrafilatura extraction successful[0m [[0m[1m[34mrss.services.article_extractor[0m][0m [36mmodule[0m=[35marticle_extractor[0m [36mtext_length[0m=[35m1035[0m [36mtitle[0m=[35mNone[0m [36murl[0m=[35mhttps://jp.reuters.com/markets/japan/IRMWDYQTGROULKMQTC5P6ND7HA-2026-03-27/[0m
[[32m[1minfo     [0m] [1mStarting article extraction   [0m [[0m[1m[34mrss.services.article_extractor[0m][0m [36mmodule[0m=[35marticle_extractor[0m [36murl[0m=[35mhttps://jp.reuters.com/markets/japan/BMHOLU2N4ROGREKRZQU7J5IISQ-2026-03-27/[0m [36muser_agent[0m=[35m'Mozilla/5.0 (Macintosh; Intel Mac OS X 10_15_7) Ap...'[0m
[[32m[1minfo     [0m] [1mTrafilatura extraction successful[0m [[0m[1m[34mrss.services.article_extractor[0m][0m [36mmodule[0m=[35marticle_extractor[0m [36mtext_length[0m=[35m696[0m [36mtitle[0m=[35mNone[0m [36murl[0m=[35mhttps://jp.reuters.com/markets/japan/BMHOLU2N4ROGREKRZQU7J5IISQ-2026-03-27/[0m
[[32m[1minfo     [0m] [1mStarting article extraction   [0m [[0m[1m[34mrss.services.article_extractor[0m][0m [36mmodule[0m=[35marticle_extractor[0m [36murl[0m=[35mhttps://jp.reuters.com/markets/japan/6P57A46QXRI4XDV3PZMZDXHLTA-2026-03-27/[0m [36muser_agent[0m=[35m'Mozilla/5.0 (Macintosh; Intel Mac OS X 10_15_7) Ap...'[0m
[[32m[1minfo     [0m] [1mTrafilatura extraction successful[0m [[0m[1m[34mrss.services.article_extractor[0m][0m [36mmodule[0m=[35marticle_extractor[0m [36mtext_length[0m=[35m2060[0m [36mtitle[0m=[35mNone[0m [36murl[0m=[35mhttps://jp.reuters.com/markets/japan/6P57A46QXRI4XDV3PZMZDXHLTA-2026-03-27/[0m
[[32m[1minfo     [0m] [1mStarting article extraction   [0m [[0m[1m[34mrss.services.article_extractor[0m][0m [36mmodule[0m=[35marticle_extractor[0m [36murl[0m=[35mhttps://jp.reuters.com/world/security/5F6JPLX76BJ5LG463D4YKFYHLE-2026-03-27/[0m [36muser_agent[0m=[35m'Mozilla/5.0 (Macintosh; Intel Mac OS X 10_15_7) Ap...'[0m
[[32m[1minfo     [0m] [1mTrafilatura extraction successful[0m [[0m[1m[34mrss.services.article_extractor[0m][0m [36mmodule[0m=[35marticle_extractor[0m [36mtext_length[0m=[35m422[0m [36mtitle[0m=[35mNone[0m [36murl[0m=[35mhttps://jp.reuters.com/world/security/5F6JPLX76BJ5LG463D4YKFYHLE-2026-03-27/[0m
[[32m[1minfo     [0m] [1mStarting article extraction   [0m [[0m[1m[34mrss.services.article_extractor[0m][0m [36mmodule[0m=[35marticle_extractor[0m [36murl[0m=[35mhttps://jp.reuters.com/markets/japan/KQEWEFOE4NJXTEKRUAWZYPZDE4-2026-03-27/[0m [36muser_agent[0m=[35m'Mozilla/5.0 (Macintosh; Intel Mac OS X 10_15_7) Ap...'[0m
[[32m[1minfo     [0m] [1mTrafilatura extraction successful[0m [[0m[1m[34mrss.services.article_extractor[0m][0m [36mmodule[0m=[35marticle_extractor[0m [36mtext_length[0m=[35m653[0m [36mtitle[0m=[35mNone[0m [36murl[0m=[35mhttps://jp.reuters.com/markets/japan/KQEWEFOE4NJXTEKRUAWZYPZDE4-2026-03-27/[0m
[[32m[1minfo     [0m] [1mStarting article extraction   [0m [[0m[1m[34mrss.services.article_extractor[0m][0m [36mmodule[0m=[35marticle_extractor[0m [36murl[0m=[35mhttps://jp.reuters.com/markets/japan/7UP73FSHFVIEDPBI5U5ZALGRVM-2026-03-28/[0m [36muser_agent[0m=[35m'Mozilla/5.0 (Macintosh; Intel Mac OS X 10_15_7) Ap...'[0m
[[32m[1minfo     [0m] [1mTrafilatura extraction successful[0m [[0m[1m[34mrss.services.article_extractor[0m][0m [36mmodule[0m=[35marticle_extractor[0m [36mtext_length[0m=[35m566[0m [36mtitle[0m=[35mNone[0m [36murl[0m=[35mhttps://jp.reuters.com/markets/japan/7UP73FSHFVIEDPBI5U5ZALGRVM-2026-03-28/[0m
[[32m[1minfo     [0m] [1mStarting article extraction   [0m [[0m[1m[34mrss.services.article_extractor[0m][0m [36mmodule[0m=[35marticle_extractor[0m [36murl[0m=[35mhttps://jp.reuters.com/markets/world-indices/Z66EUTDSL5NPDM7RFMCSE4GJ64-2026-03-28/[0m [36muser_agent[0m=[35m'Mozilla/5.0 (Macintosh; Intel Mac OS X 10_15_7) Ap...'[0m
[[32m[1minfo     [0m] [1mTrafilatura extraction successful[0m [[0m[1m[34mrss.services.article_extractor[0m][0m [36mmodule[0m=[35marticle_extractor[0m [36mtext_length[0m=[35m678[0m [36mtitle[0m=[35mNone[0m [36murl[0m=[35mhttps://jp.reuters.com/markets/world-indices/Z66EUTDSL5NPDM7RFMCSE4GJ64-2026-03-28/[0m
[[32m[1minfo     [0m] [1mStarting article extraction   [0m [[0m[1m[34mrss.services.article_extractor[0m][0m [36mmodule[0m=[35marticle_extractor[0m [36murl[0m=[35mhttps://jp.reuters.com/markets/global-markets/PPX3X2MDSFIG5K3I4DJJLDQQCI-2026-03-28/[0m [36muser_agent[0m=[35m'Mozilla/5.0 (Macintosh; Intel Mac OS X 10_15_7) Ap...'[0m
[[32m[1minfo     [0m] [1mTrafilatura extraction successful[0m [[0m[1m[34mrss.services.article_extractor[0m][0m [36mmodule[0m=[35marticle_extractor[0m [36mtext_length[0m=[35m550[0m [36mtitle[0m=[35mNone[0m [36murl[0m=[35mhttps://jp.reuters.com/markets/global-markets/PPX3X2MDSFIG5K3I4DJJLDQQCI-2026-03-28/[0m
[[32m[1minfo     [0m] [1mStarting article extraction   [0m [[0m[1m[34mrss.services.article_extractor[0m][0m [36mmodule[0m=[35marticle_extractor[0m [36murl[0m=[35mhttps://jp.reuters.com/world/us/6XTP3R2FZJNNVJ3XXJV64D5NT4-2026-03-29/[0m [36muser_agent[0m=[35m'Mozilla/5.0 (Macintosh; Intel Mac OS X 10_15_7) Ap...'[0m
[[32m[1minfo     [0m] [1mTrafilatura extraction successful[0m [[0m[1m[34mrss.services.article_extractor[0m][0m [36mmodule[0m=[35marticle_extractor[0m [36mtext_length[0m=[35m2708[0m [36mtitle[0m=[35mNone[0m [36murl[0m=[35mhttps://jp.reuters.com/world/us/6XTP3R2FZJNNVJ3XXJV64D5NT4-2026-03-29/[0m
[[32m[1minfo     [0m] [1mBatch extraction completed    [0m [[0m[1m[34mrss.services.article_extractor[0m][0m [36mfailed[0m=[35m0[0m [36mmodule[0m=[35marticle_extractor[0m [36msuccess[0m=[35m26[0m [36mtotal[0m=[35m26[0m
[[32m[1minfo     [0m] [1mContent post-fetch complete   [0m [[0m[1m[34mnews_scraper.unified[0m][0m [36mfetched[0m=[35m26[0m [36mmodule[0m=[35munified[0m [36mtotal[0m=[35m26[0m
[[32m[1minfo     [0m] [1mFinancial news collection complete[0m [[0m[1m[34mnews_scraper.unified[0m][0m [36melapsed_seconds[0m=[35m40.8[0m [36mmodule[0m=[35munified[0m [36msources[0m=[35m['reuters_jp'][0m [36mtotal_articles[0m=[35m26[0m
[[32m[1minfo     [0m] [1mRawStore: saved=26, dup=0, empty=0[0m [[0m[1m[34mnews_scraper.unified[0m][0m [36mmodule[0m=[35munified[0m
[[32m[1minfo     [0m] [1mCollection complete           [0m [[0m[1m[34m__main__[0m][0m [36marticle_count[0m=[35m26[0m [36mmodule[0m=[35mscrape_finance_news[0m
[[32m[1minfo     [0m] [1mNAS is mounted, using NAS output[0m [[0m[1m[34m__main__[0m][0m [36mmodule[0m=[35mscrape_finance_news[0m [36mpath[0m=[35m/Volumes/personal_folder/scraped/reuters_jp[0m [36msource[0m=[35mreuters_jp[0m
[[32m[1minfo     [0m] [1mOutput directory ready        [0m [[0m[1m[34m__main__[0m][0m [36mmodule[0m=[35mscrape_finance_news[0m [36mpath[0m=[35m/Volumes/personal_folder/scraped/reuters_jp/2026-03-29[0m
[[32m[1minfo     [0m] [1mArticles saved to JSON        [0m [[0m[1m[34m__main__[0m][0m [36mmodule[0m=[35mscrape_finance_news[0m [36mpath[0m=[35m/Volumes/personal_folder/scraped/reuters_jp/2026-03-29/news_030006.json[0m [36mtotal_count[0m=[35m26[0m
[[32m[1minfo     [0m] [1mSave complete                 [0m [[0m[1m[34m__main__[0m][0m [36mcount[0m=[35m26[0m [36mmodule[0m=[35mscrape_finance_news[0m [36moutput_file[0m=[35m/Volumes/personal_folder/scraped/reuters_jp/2026-03-29/news_030006.json[0m [36msource[0m=[35mreuters_jp[0m
[[32m[1minfo     [0m] [1mClassification layer applied: 3 nodes, 78 rels[0m [[0m[1m[34memit_research_queue[0m][0m
[[32m[1minfo     [0m] [1mQueue file written: /Volumes/personal_folder/graph-queue/finance-news-workflow/gq-20260329030050-ddf989e2.json[0m [[0m[1m[34memit_research_queue[0m][0m
[[32m[1minfo     [0m] [1mIngesting 26 Source nodes     [0m [[0m[1m[34mdata_pipeline.neo4j_loader[0m][0m
[[33m[1mwarning  [0m] [1mTransaction failed and will be retried in 0.8177028780779327s (Couldn't connect to localhost:7688 (resolved to ('[::1]:7688', '127.0.0.1:7688')):
Failed to establish connection to ResolvedIPv6Address(('::1', 7688, 0, 0)) (reason [Errno 61] Connection refused)
Failed to establish connection to ResolvedIPv4Address(('127.0.0.1', 7688)) (reason [Errno 61] Connection refused))[0m [[0m[1m[34mneo4j.session[0m][0m
[[33m[1mwarning  [0m] [1mTransaction failed and will be retried in 2.092000413671653s (Couldn't connect to localhost:7688 (resolved to ('[::1]:7688', '127.0.0.1:7688')):
Failed to establish connection to ResolvedIPv6Address(('::1', 7688, 0, 0)) (reason [Errno 61] Connection refused)
Failed to establish connection to ResolvedIPv4Address(('127.0.0.1', 7688)) (reason [Errno 61] Connection refused))[0m [[0m[1m[34mneo4j.session[0m][0m
[[33m[1mwarning  [0m] [1mTransaction failed and will be retried in 4.516640710116091s (Couldn't connect to localhost:7688 (resolved to ('[::1]:7688', '127.0.0.1:7688')):
Failed to establish connection to ResolvedIPv6Address(('::1', 7688, 0, 0)) (reason [Errno 61] Connection refused)
Failed to establish connection to ResolvedIPv4Address(('127.0.0.1', 7688)) (reason [Errno 61] Connection refused))[0m [[0m[1m[34mneo4j.session[0m][0m
[[33m[1mwarning  [0m] [1mTransaction failed and will be retried in 8.881058586904118s (Couldn't connect to localhost:7688 (resolved to ('[::1]:7688', '127.0.0.1:7688')):
Failed to establish connection to ResolvedIPv6Address(('::1', 7688, 0, 0)) (reason [Errno 61] Connection refused)
Failed to establish connection to ResolvedIPv4Address(('127.0.0.1', 7688)) (reason [Errno 61] Connection refused))[0m [[0m[1m[34mneo4j.session[0m][0m
[[33m[1mwarning  [0m] [1mTransaction failed and will be retried in 17.10378684250645s (Couldn't connect to localhost:7688 (resolved to ('[::1]:7688', '127.0.0.1:7688')):
Failed to establish connection to ResolvedIPv6Address(('::1', 7688, 0, 0)) (reason [Errno 61] Connection refused)
Failed to establish connection to ResolvedIPv4Address(('127.0.0.1', 7688)) (reason [Errno 61] Connection refused))[0m [[0m[1m[34mneo4j.session[0m][0m
[[33m[1mwarning  [0m] [1mNeo4j ingestion failed (non-blocking)[0m [[0m[1m[34m__main__[0m][0m [36merror[0m=[35m"Couldn't connect to localhost:7688 (resolved to ('[::1]:7688', '127.0.0.1:7688')):\nFailed to establish connection to ResolvedIPv6Address(('::1', 7688, 0, 0)) (reason [Errno 61] Connection refused)\nFailed to establish connection to ResolvedIPv4Address(('127.0.0.1', 7688)) (reason [Errno 61] Connection refused)"[0m [36mmodule[0m=[35mscrape_finance_news[0m [36msource[0m=[35mreuters_jp[0m
Traceback (most recent call last):
  File "/Users/yuki/Desktop/note-finance/.venv/lib/python3.14/site-packages/neo4j/_async_compat/network/_bolt_socket.py", line 512, in _connect_secure
    s.connect(resolved_address)
    ~~~~~~~~~^^^^^^^^^^^^^^^^^^
ConnectionRefusedError: [Errno 61] Connection refused

The above exception was the direct cause of the following exception:

Traceback (most recent call last):
  File "/Users/yuki/Desktop/note-finance/.venv/lib/python3.14/site-packages/neo4j/_sync/io/_bolt_socket.py", line 329, in connect
    s = cls._connect_secure(
        resolved_address,
    ...<3 lines>...
        ssl_context,
    )
  File "/Users/yuki/Desktop/note-finance/.venv/lib/python3.14/site-packages/neo4j/_async_compat/network/_bolt_socket.py", line 523, in _connect_secure
    raise ServiceUnavailable(
    ...<2 lines>...
    ) from error
neo4j.exceptions.ServiceUnavailable: Failed to establish connection to ResolvedIPv6Address(('::1', 7688, 0, 0)) (reason [Errno 61] Connection refused)

The above exception was the direct cause of the following exception:

Traceback (most recent call last):
  File "/Users/yuki/Desktop/note-finance/scripts/scrape_finance_news.py", line 434, in _ingest_source_to_neo4j
    result = ingest_to_neo4j(queue_doc)
  File "/Users/yuki/Desktop/note-finance/src/data_pipeline/neo4j_loader.py", line 245, in ingest_to_neo4j
    session.execute_write(_merge_node, label, key_prop, item)
    ~~~~~~~~~~~~~~~~~~~~~^^^^^^^^^^^^^^^^^^^^^^^^^^^^^^^^^^^^
  File "/Users/yuki/Desktop/note-finance/.venv/lib/python3.14/site-packages/neo4j/_sync/work/session.py", line 720, in execute_write
    return self._run_transaction(
           ~~~~~~~~~~~~~~~~~~~~~^
        WRITE_ACCESS,
        ^^^^^^^^^^^^^
    ...<3 lines>...
        kwargs,
        ^^^^^^^
    )
    ^
  File "/Users/yuki/Desktop/note-finance/.venv/lib/python3.14/site-packages/neo4j/_sync/work/session.py", line 584, in _run_transaction
    raise errors[-1]
  File "/Users/yuki/Desktop/note-finance/.venv/lib/python3.14/site-packages/neo4j/_sync/work/session.py", line 532, in _run_transaction
    self._open_transaction(
    ~~~~~~~~~~~~~~~~~~~~~~^
        tx_cls=ManagedTransaction,
        ^^^^^^^^^^^^^^^^^^^^^^^^^^
    ...<4 lines>...
        api_success_cb=api_success_cb,
        ^^^^^^^^^^^^^^^^^^^^^^^^^^^^^^
    )
    ^
  File "/Users/yuki/Desktop/note-finance/.venv/lib/python3.14/site-packages/neo4j/_sync/work/session.py", line 398, in _open_transaction
    self._connect(access_mode=access_mode)
    ~~~~~~~~~~~~~^^^^^^^^^^^^^^^^^^^^^^^^^
  File "/Users/yuki/Desktop/note-finance/.venv/lib/python3.14/site-packages/neo4j/_sync/work/session.py", line 126, in _connect
    super()._connect(
    ~~~~~~~~~~~~~~~~^
        access_mode, auth=self._config.auth, **acquire_kwargs
        ^^^^^^^^^^^^^^^^^^^^^^^^^^^^^^^^^^^^^^^^^^^^^^^^^^^^^
    )
    ^
  File "/Users/yuki/Desktop/note-finance/.venv/lib/python3.14/site-packages/neo4j/_sync/work/workspace.py", line 181, in _connect
    self._connection = self._pool.acquire(**acquire_kwargs_)
                       ~~~~~~~~~~~~~~~~~~^^^^^^^^^^^^^^^^^^^
  File "/Users/yuki/Desktop/note-finance/.venv/lib/python3.14/site-packages/neo4j/_sync/io/_pool.py", line 678, in acquire
    return self._acquire(
           ~~~~~~~~~~~~~^
        self.address, auth, deadline, liveness_check_timeout, unprepared
        ^^^^^^^^^^^^^^^^^^^^^^^^^^^^^^^^^^^^^^^^^^^^^^^^^^^^^^^^^^^^^^^^
    )
    ^
  File "/Users/yuki/Desktop/note-finance/.venv/lib/python3.14/site-packages/neo4j/_sync/io/_pool.py", line 418, in _acquire
    return connection_creator()
  File "/Users/yuki/Desktop/note-finance/.venv/lib/python3.14/site-packages/neo4j/_sync/io/_pool.py", line 231, in connection_creator
    connection = self.opener(
        address, auth or self.pool_config.auth, deadline
    )
  File "/Users/yuki/Desktop/note-finance/.venv/lib/python3.14/site-packages/neo4j/_sync/io/_pool.py", line 638, in opener
    return Bolt.open(
           ~~~~~~~~~^
        addr,
        ^^^^^
    ...<3 lines>...
        pool_config=pool_config,
        ^^^^^^^^^^^^^^^^^^^^^^^^
    )
    ^
  File "/Users/yuki/Desktop/note-finance/.venv/lib/python3.14/site-packages/neo4j/_sync/io/_bolt.py", line 368, in open
    s, protocol_version = BoltSocket.connect(
                          ~~~~~~~~~~~~~~~~~~^
        address,
        ^^^^^^^^
    ...<4 lines>...
        keep_alive=pool_config.keep_alive,
        ^^^^^^^^^^^^^^^^^^^^^^^^^^^^^^^^^^
    )
    ^
  File "/Users/yuki/Desktop/note-finance/.venv/lib/python3.14/site-packages/neo4j/_sync/io/_bolt_socket.py", line 380, in connect
    raise ServiceUnavailable(
    ...<2 lines>...
    ) from errors[0]
neo4j.exceptions.ServiceUnavailable: Couldn't connect to localhost:7688 (resolved to ('[::1]:7688', '127.0.0.1:7688')):
Failed to establish connection to ResolvedIPv6Address(('::1', 7688, 0, 0)) (reason [Errno 61] Connection refused)
Failed to establish connection to ResolvedIPv4Address(('127.0.0.1', 7688)) (reason [Errno 61] Connection refused)
[[32m[1minfo     [0m] [1mScraper finished successfully [0m [[0m[1m[34m__main__[0m][0m [36mmodule[0m=[35mscrape_finance_news[0m [36msaved_files[0m=[35m['/Volumes/personal_folder/scraped/reuters_jp/2026-03-29/news_030006.json'][0m [36mtotal_articles[0m=[35m26[0m
[[32m[1minfo     [0m] [1mFinance news scraper starting [0m [[0m[1m[34m__main__[0m][0m [36minclude_content[0m=[35mTrue[0m [36mmax_articles[0m=[35m50[0m [36mmodule[0m=[35mscrape_finance_news[0m [36msources[0m=[35m['reuters_jp'][0m
[[32m[1minfo     [0m] [1mStarting news collection      [0m [[0m[1m[34m__main__[0m][0m [36mmodule[0m=[35mscrape_finance_news[0m [36msources[0m=[35m['reuters_jp'][0m
[[32m[1minfo     [0m] [1mStarting financial news collection (async)[0m [[0m[1m[34mnews_scraper.unified[0m][0m [36minclude_content[0m=[35mTrue[0m [36mmax_articles_per_source[0m=[35m50[0m [36mmodule[0m=[35munified[0m [36msources[0m=[35m['reuters_jp'][0m
[[32m[1minfo     [0m] [1mStarting Reuters JP news collection[0m [[0m[1m[34mnews_scraper.reuters_jp[0m][0m [36mmax_articles_per_source[0m=[35m50[0m [36mmodule[0m=[35mreuters_jp[0m [36msections[0m=[35m['markets', 'business'][0m
[[32m[1minfo     [0m] [1mFetching Reuters JP section   [0m [[0m[1m[34mnews_scraper.reuters_jp[0m][0m [36mmodule[0m=[35mreuters_jp[0m [36msection[0m=[35mmarkets[0m [36murl[0m=[35mhttps://jp.reuters.com/markets/[0m
[[32m[1minfo     [0m] [1mFetching Reuters JP section   [0m [[0m[1m[34mnews_scraper.reuters_jp[0m][0m [36mmodule[0m=[35mreuters_jp[0m [36msection[0m=[35mbusiness[0m [36murl[0m=[35mhttps://jp.reuters.com/business/[0m
[[32m[1minfo     [0m] [1mHTTP Request: GET https://jp.reuters.com/business/ "HTTP/1.1 200 OK"[0m [[0m[1m[34mhttpx[0m][0m
[[32m[1minfo     [0m] [1mHTML fetched (async)          [0m [[0m[1m[34mnews_scraper._html_utils[0m][0m [36mmodule[0m=[35mhtml_utils[0m [36mstatus_code[0m=[35m200[0m [36murl[0m=[35mhttps://jp.reuters.com/business/[0m
[[32m[1minfo     [0m] [1mBusiness page parsed          [0m [[0m[1m[34mnews_scraper.reuters_jp[0m][0m [36marticle_count[0m=[35m20[0m [36mmodule[0m=[35mreuters_jp[0m
[[32m[1minfo     [0m] [1mReuters JP section complete   [0m [[0m[1m[34mnews_scraper.reuters_jp[0m][0m [36mcount[0m=[35m20[0m [36mmodule[0m=[35mreuters_jp[0m [36msection[0m=[35mbusiness[0m
[[32m[1minfo     [0m] [1mHTTP Request: GET https://jp.reuters.com/markets/ "HTTP/1.1 200 OK"[0m [[0m[1m[34mhttpx[0m][0m
[[32m[1minfo     [0m] [1mHTML fetched (async)          [0m [[0m[1m[34mnews_scraper._html_utils[0m][0m [36mmodule[0m=[35mhtml_utils[0m [36mstatus_code[0m=[35m200[0m [36murl[0m=[35mhttps://jp.reuters.com/markets/[0m
[[32m[1minfo     [0m] [1mMarkets page parsed           [0m [[0m[1m[34mnews_scraper.reuters_jp[0m][0m [36marticle_count[0m=[35m6[0m [36mmodule[0m=[35mreuters_jp[0m
[[32m[1minfo     [0m] [1mReuters JP section complete   [0m [[0m[1m[34mnews_scraper.reuters_jp[0m][0m [36mcount[0m=[35m6[0m [36mmodule[0m=[35mreuters_jp[0m [36msection[0m=[35mmarkets[0m
[[32m[1minfo     [0m] [1mReuters JP news collection complete[0m [[0m[1m[34mnews_scraper.reuters_jp[0m][0m [36mmodule[0m=[35mreuters_jp[0m [36mtotal_articles[0m=[35m26[0m
[[32m[1minfo     [0m] [1mSource collection complete    [0m [[0m[1m[34mnews_scraper.unified[0m][0m [36mmodule[0m=[35munified[0m [36msource[0m=[35mreuters_jp[0m [36msource_articles[0m=[35m26[0m
[[32m[1minfo     [0m] [1mFetching content for articles missing it[0m [[0m[1m[34mnews_scraper.unified[0m][0m [36mcount[0m=[35m26[0m [36mmodule[0m=[35munified[0m
[[32m[1minfo     [0m] [1mStarting batch extraction     [0m [[0m[1m[34mrss.services.article_extractor[0m][0m [36mmodule[0m=[35marticle_extractor[0m [36mrate_limit[0m=[35m1.0[0m [36murl_count[0m=[35m26[0m
[[32m[1minfo     [0m] [1mStarting article extraction   [0m [[0m[1m[34mrss.services.article_extractor[0m][0m [36mmodule[0m=[35marticle_extractor[0m [36murl[0m=[35mhttps://jp.reuters.com/world/security/5F6JPLX76BJ5LG463D4YKFYHLE-2026-03-27/[0m [36muser_agent[0m=[35m'Mozilla/5.0 (Macintosh; Intel Mac OS X 10_15_7) Ap...'[0m
[[32m[1minfo     [0m] [1mTrafilatura extraction successful[0m [[0m[1m[34mrss.services.article_extractor[0m][0m [36mmodule[0m=[35marticle_extractor[0m [36mtext_length[0m=[35m422[0m [36mtitle[0m=[35mNone[0m [36murl[0m=[35mhttps://jp.reuters.com/world/security/5F6JPLX76BJ5LG463D4YKFYHLE-2026-03-27/[0m
[[32m[1minfo     [0m] [1mStarting article extraction   [0m [[0m[1m[34mrss.services.article_extractor[0m][0m [36mmodule[0m=[35marticle_extractor[0m [36murl[0m=[35mhttps://jp.reuters.com/markets/japan/KQEWEFOE4NJXTEKRUAWZYPZDE4-2026-03-27/[0m [36muser_agent[0m=[35m'Mozilla/5.0 (Macintosh; Intel Mac OS X 10_15_7) Ap...'[0m
[[32m[1minfo     [0m] [1mTrafilatura extraction successful[0m [[0m[1m[34mrss.services.article_extractor[0m][0m [36mmodule[0m=[35marticle_extractor[0m [36mtext_length[0m=[35m653[0m [36mtitle[0m=[35mNone[0m [36murl[0m=[35mhttps://jp.reuters.com/markets/japan/KQEWEFOE4NJXTEKRUAWZYPZDE4-2026-03-27/[0m
[[32m[1minfo     [0m] [1mStarting article extraction   [0m [[0m[1m[34mrss.services.article_extractor[0m][0m [36mmodule[0m=[35marticle_extractor[0m [36murl[0m=[35mhttps://jp.reuters.com/markets/japan/7UP73FSHFVIEDPBI5U5ZALGRVM-2026-03-28/[0m [36muser_agent[0m=[35m'Mozilla/5.0 (Macintosh; Intel Mac OS X 10_15_7) Ap...'[0m
[[32m[1minfo     [0m] [1mTrafilatura extraction successful[0m [[0m[1m[34mrss.services.article_extractor[0m][0m [36mmodule[0m=[35marticle_extractor[0m [36mtext_length[0m=[35m566[0m [36mtitle[0m=[35mNone[0m [36murl[0m=[35mhttps://jp.reuters.com/markets/japan/7UP73FSHFVIEDPBI5U5ZALGRVM-2026-03-28/[0m
[[32m[1minfo     [0m] [1mStarting article extraction   [0m [[0m[1m[34mrss.services.article_extractor[0m][0m [36mmodule[0m=[35marticle_extractor[0m [36murl[0m=[35mhttps://jp.reuters.com/markets/world-indices/Z66EUTDSL5NPDM7RFMCSE4GJ64-2026-03-28/[0m [36muser_agent[0m=[35m'Mozilla/5.0 (Macintosh; Intel Mac OS X 10_15_7) Ap...'[0m
[[32m[1minfo     [0m] [1mTrafilatura extraction successful[0m [[0m[1m[34mrss.services.article_extractor[0m][0m [36mmodule[0m=[35marticle_extractor[0m [36mtext_length[0m=[35m678[0m [36mtitle[0m=[35mNone[0m [36murl[0m=[35mhttps://jp.reuters.com/markets/world-indices/Z66EUTDSL5NPDM7RFMCSE4GJ64-2026-03-28/[0m
[[32m[1minfo     [0m] [1mStarting article extraction   [0m [[0m[1m[34mrss.services.article_extractor[0m][0m [36mmodule[0m=[35marticle_extractor[0m [36murl[0m=[35mhttps://jp.reuters.com/markets/global-markets/PPX3X2MDSFIG5K3I4DJJLDQQCI-2026-03-28/[0m [36muser_agent[0m=[35m'Mozilla/5.0 (Macintosh; Intel Mac OS X 10_15_7) Ap...'[0m
[[32m[1minfo     [0m] [1mTrafilatura extraction successful[0m [[0m[1m[34mrss.services.article_extractor[0m][0m [36mmodule[0m=[35marticle_extractor[0m [36mtext_length[0m=[35m550[0m [36mtitle[0m=[35mNone[0m [36murl[0m=[35mhttps://jp.reuters.com/markets/global-markets/PPX3X2MDSFIG5K3I4DJJLDQQCI-2026-03-28/[0m
[[32m[1minfo     [0m] [1mStarting article extraction   [0m [[0m[1m[34mrss.services.article_extractor[0m][0m [36mmodule[0m=[35marticle_extractor[0m [36murl[0m=[35mhttps://jp.reuters.com/world/us/6XTP3R2FZJNNVJ3XXJV64D5NT4-2026-03-29/[0m [36muser_agent[0m=[35m'Mozilla/5.0 (Macintosh; Intel Mac OS X 10_15_7) Ap...'[0m
[[32m[1minfo     [0m] [1mTrafilatura extraction successful[0m [[0m[1m[34mrss.services.article_extractor[0m][0m [36mmodule[0m=[35marticle_extractor[0m [36mtext_length[0m=[35m2708[0m [36mtitle[0m=[35mNone[0m [36murl[0m=[35mhttps://jp.reuters.com/world/us/6XTP3R2FZJNNVJ3XXJV64D5NT4-2026-03-29/[0m
[[32m[1minfo     [0m] [1mStarting article extraction   [0m [[0m[1m[34mrss.services.article_extractor[0m][0m [36mmodule[0m=[35marticle_extractor[0m [36murl[0m=[35mhttps://jp.reuters.com/markets/japan/BPNCPSIBIBID7ILK3YWTMWX2NU-2026-03-27/[0m [36muser_agent[0m=[35m'Mozilla/5.0 (Macintosh; Intel Mac OS X 10_15_7) Ap...'[0m
[[32m[1minfo     [0m] [1mTrafilatura extraction successful[0m [[0m[1m[34mrss.services.article_extractor[0m][0m [36mmodule[0m=[35marticle_extractor[0m [36mtext_length[0m=[35m435[0m [36mtitle[0m=[35mNone[0m [36murl[0m=[35mhttps://jp.reuters.com/markets/japan/BPNCPSIBIBID7ILK3YWTMWX2NU-2026-03-27/[0m
[[32m[1minfo     [0m] [1mStarting article extraction   [0m [[0m[1m[34mrss.services.article_extractor[0m][0m [36mmodule[0m=[35marticle_extractor[0m [36murl[0m=[35mhttps://jp.reuters.com/world/japan/4VIUJD2MIVP7LFCBOYEOVJOKZA-2026-03-27/[0m [36muser_agent[0m=[35m'Mozilla/5.0 (Macintosh; Intel Mac OS X 10_15_7) Ap...'[0m
[[32m[1minfo     [0m] [1mTrafilatura extraction successful[0m [[0m[1m[34mrss.services.article_extractor[0m][0m [36mmodule[0m=[35marticle_extractor[0m [36mtext_length[0m=[35m1698[0m [36mtitle[0m=[35mNone[0m [36murl[0m=[35mhttps://jp.reuters.com/world/japan/4VIUJD2MIVP7LFCBOYEOVJOKZA-2026-03-27/[0m
[[32m[1minfo     [0m] [1mStarting article extraction   [0m [[0m[1m[34mrss.services.article_extractor[0m][0m [36mmodule[0m=[35marticle_extractor[0m [36murl[0m=[35mhttps://jp.reuters.com/markets/japan/GZUZD6RNYRNZRND76PN3HW3BBM-2026-03-27/[0m [36muser_agent[0m=[35m'Mozilla/5.0 (Macintosh; Intel Mac OS X 10_15_7) Ap...'[0m
[[32m[1minfo     [0m] [1mTrafilatura extraction successful[0m [[0m[1m[34mrss.services.article_extractor[0m][0m [36mmodule[0m=[35marticle_extractor[0m [36mtext_length[0m=[35m877[0m [36mtitle[0m=[35mNone[0m [36murl[0m=[35mhttps://jp.reuters.com/markets/japan/GZUZD6RNYRNZRND76PN3HW3BBM-2026-03-27/[0m
[[32m[1minfo     [0m] [1mStarting article extraction   [0m [[0m[1m[34mrss.services.article_extractor[0m][0m [36mmodule[0m=[35marticle_extractor[0m [36murl[0m=[35mhttps://jp.reuters.com/markets/japan/557XOESEMRPZZGCEUMKMAF4HFA-2026-03-27/[0m [36muser_agent[0m=[35m'Mozilla/5.0 (Macintosh; Intel Mac OS X 10_15_7) Ap...'[0m
[[32m[1minfo     [0m] [1mTrafilatura extraction successful[0m [[0m[1m[34mrss.services.article_extractor[0m][0m [36mmodule[0m=[35marticle_extractor[0m [36mtext_length[0m=[35m119[0m [36mtitle[0m=[35mNone[0m [36murl[0m=[35mhttps://jp.reuters.com/markets/japan/557XOESEMRPZZGCEUMKMAF4HFA-2026-03-27/[0m
[[32m[1minfo     [0m] [1mStarting article extraction   [0m [[0m[1m[34mrss.services.article_extractor[0m][0m [36mmodule[0m=[35marticle_extractor[0m [36murl[0m=[35mhttps://jp.reuters.com/world/japan/6Y3WGAVJAFL4RC6EE47YK3Q3BE-2026-03-27/[0m [36muser_agent[0m=[35m'Mozilla/5.0 (Macintosh; Intel Mac OS X 10_15_7) Ap...'[0m
[[32m[1minfo     [0m] [1mTrafilatura extraction successful[0m [[0m[1m[34mrss.services.article_extractor[0m][0m [36mmodule[0m=[35marticle_extractor[0m [36mtext_length[0m=[35m265[0m [36mtitle[0m=[35mNone[0m [36murl[0m=[35mhttps://jp.reuters.com/world/japan/6Y3WGAVJAFL4RC6EE47YK3Q3BE-2026-03-27/[0m
[[32m[1minfo     [0m] [1mStarting article extraction   [0m [[0m[1m[34mrss.services.article_extractor[0m][0m [36mmodule[0m=[35marticle_extractor[0m [36murl[0m=[35mhttps://jp.reuters.com/markets/global-markets/3FVW2K6T7ZLILJNSG2YNSHYXPM-2026-03-27/[0m [36muser_agent[0m=[35m'Mozilla/5.0 (Macintosh; Intel Mac OS X 10_15_7) Ap...'[0m
[[32m[1minfo     [0m] [1mTrafilatura extraction successful[0m [[0m[1m[34mrss.services.article_extractor[0m][0m [36mmodule[0m=[35marticle_extractor[0m [36mtext_length[0m=[35m308[0m [36mtitle[0m=[35mNone[0m [36murl[0m=[35mhttps://jp.reuters.com/markets/global-markets/3FVW2K6T7ZLILJNSG2YNSHYXPM-2026-03-27/[0m
[[32m[1minfo     [0m] [1mStarting article extraction   [0m [[0m[1m[34mrss.services.article_extractor[0m][0m [36mmodule[0m=[35marticle_extractor[0m [36murl[0m=[35mhttps://jp.reuters.com/markets/global-markets/DMUSVJYZRNJKFGJCNFSSEBM7L4-2026-03-27/[0m [36muser_agent[0m=[35m'Mozilla/5.0 (Macintosh; Intel Mac OS X 10_15_7) Ap...'[0m
[[32m[1minfo     [0m] [1mTrafilatura extraction successful[0m [[0m[1m[34mrss.services.article_extractor[0m][0m [36mmodule[0m=[35marticle_extractor[0m [36mtext_length[0m=[35m246[0m [36mtitle[0m=[35mNone[0m [36murl[0m=[35mhttps://jp.reuters.com/markets/global-markets/DMUSVJYZRNJKFGJCNFSSEBM7L4-2026-03-27/[0m
[[32m[1minfo     [0m] [1mStarting article extraction   [0m [[0m[1m[34mrss.services.article_extractor[0m][0m [36mmodule[0m=[35marticle_extractor[0m [36murl[0m=[35mhttps://jp.reuters.com/markets/japan/KW7D27JYSFOM3P2P2NTAIYOKOE-2026-03-27/[0m [36muser_agent[0m=[35m'Mozilla/5.0 (Macintosh; Intel Mac OS X 10_15_7) Ap...'[0m
[[32m[1minfo     [0m] [1mTrafilatura extraction successful[0m [[0m[1m[34mrss.services.article_extractor[0m][0m [36mmodule[0m=[35marticle_extractor[0m [36mtext_length[0m=[35m349[0m [36mtitle[0m=[35mNone[0m [36murl[0m=[35mhttps://jp.reuters.com/markets/japan/KW7D27JYSFOM3P2P2NTAIYOKOE-2026-03-27/[0m
[[32m[1minfo     [0m] [1mStarting article extraction   [0m [[0m[1m[34mrss.services.article_extractor[0m][0m [36mmodule[0m=[35marticle_extractor[0m [36murl[0m=[35mhttps://jp.reuters.com/markets/global-markets/SVYEPDCEFZM6TPL4OF6P2JJSZY-2026-03-27/[0m [36muser_agent[0m=[35m'Mozilla/5.0 (Macintosh; Intel Mac OS X 10_15_7) Ap...'[0m
[[32m[1minfo     [0m] [1mTrafilatura extraction successful[0m [[0m[1m[34mrss.services.article_extractor[0m][0m [36mmodule[0m=[35marticle_extractor[0m [36mtext_length[0m=[35m226[0m [36mtitle[0m=[35mNone[0m [36murl[0m=[35mhttps://jp.reuters.com/markets/global-markets/SVYEPDCEFZM6TPL4OF6P2JJSZY-2026-03-27/[0m
[[32m[1minfo     [0m] [1mStarting article extraction   [0m [[0m[1m[34mrss.services.article_extractor[0m][0m [36mmodule[0m=[35marticle_extractor[0m [36murl[0m=[35mhttps://jp.reuters.com/markets/global-markets/43U2J6NMYFKNTAO7AC3H3GXQ4U-2026-03-27/[0m [36muser_agent[0m=[35m'Mozilla/5.0 (Macintosh; Intel Mac OS X 10_15_7) Ap...'[0m
[[32m[1minfo     [0m] [1mTrafilatura extraction successful[0m [[0m[1m[34mrss.services.article_extractor[0m][0m [36mmodule[0m=[35marticle_extractor[0m [36mtext_length[0m=[35m252[0m [36mtitle[0m=[35mNone[0m [36murl[0m=[35mhttps://jp.reuters.com/markets/global-markets/43U2J6NMYFKNTAO7AC3H3GXQ4U-2026-03-27/[0m
[[32m[1minfo     [0m] [1mStarting article extraction   [0m [[0m[1m[34mrss.services.article_extractor[0m][0m [36mmodule[0m=[35marticle_extractor[0m [36murl[0m=[35mhttps://jp.reuters.com/markets/japan/GZKNFGELJZIPFOG23SVFIUH54M-2026-03-27/[0m [36muser_agent[0m=[35m'Mozilla/5.0 (Macintosh; Intel Mac OS X 10_15_7) Ap...'[0m
[[32m[1minfo     [0m] [1mTrafilatura extraction successful[0m [[0m[1m[34mrss.services.article_extractor[0m][0m [36mmodule[0m=[35marticle_extractor[0m [36mtext_length[0m=[35m297[0m [36mtitle[0m=[35mNone[0m [36murl[0m=[35mhttps://jp.reuters.com/markets/japan/GZKNFGELJZIPFOG23SVFIUH54M-2026-03-27/[0m
[[32m[1minfo     [0m] [1mStarting article extraction   [0m [[0m[1m[34mrss.services.article_extractor[0m][0m [36mmodule[0m=[35marticle_extractor[0m [36murl[0m=[35mhttps://jp.reuters.com/markets/japan/P2RD6XUFCNOZXHIJ6SIQYXDQJA-2026-03-27/[0m [36muser_agent[0m=[35m'Mozilla/5.0 (Macintosh; Intel Mac OS X 10_15_7) Ap...'[0m
[[32m[1minfo     [0m] [1mTrafilatura extraction successful[0m [[0m[1m[34mrss.services.article_extractor[0m][0m [36mmodule[0m=[35marticle_extractor[0m [36mtext_length[0m=[35m912[0m [36mtitle[0m=[35mNone[0m [36murl[0m=[35mhttps://jp.reuters.com/markets/japan/P2RD6XUFCNOZXHIJ6SIQYXDQJA-2026-03-27/[0m
[[32m[1minfo     [0m] [1mStarting article extraction   [0m [[0m[1m[34mrss.services.article_extractor[0m][0m [36mmodule[0m=[35marticle_extractor[0m [36murl[0m=[35mhttps://jp.reuters.com/markets/japan/CV55Y25OTZPEBAARAVXLXGZ64I-2026-03-27/[0m [36muser_agent[0m=[35m'Mozilla/5.0 (Macintosh; Intel Mac OS X 10_15_7) Ap...'[0m
[[32m[1minfo     [0m] [1mTrafilatura extraction successful[0m [[0m[1m[34mrss.services.article_extractor[0m][0m [36mmodule[0m=[35marticle_extractor[0m [36mtext_length[0m=[35m898[0m [36mtitle[0m=[35mNone[0m [36murl[0m=[35mhttps://jp.reuters.com/markets/japan/CV55Y25OTZPEBAARAVXLXGZ64I-2026-03-27/[0m
[[32m[1minfo     [0m] [1mStarting article extraction   [0m [[0m[1m[34mrss.services.article_extractor[0m][0m [36mmodule[0m=[35marticle_extractor[0m [36murl[0m=[35mhttps://jp.reuters.com/markets/japan/3DQAS34FFJMNFEVMNVU6LK3NLU-2026-03-27/[0m [36muser_agent[0m=[35m'Mozilla/5.0 (Macintosh; Intel Mac OS X 10_15_7) Ap...'[0m
[[32m[1minfo     [0m] [1mTrafilatura extraction successful[0m [[0m[1m[34mrss.services.article_extractor[0m][0m [36mmodule[0m=[35marticle_extractor[0m [36mtext_length[0m=[35m526[0m [36mtitle[0m=[35mNone[0m [36murl[0m=[35mhttps://jp.reuters.com/markets/japan/3DQAS34FFJMNFEVMNVU6LK3NLU-2026-03-27/[0m
[[32m[1minfo     [0m] [1mStarting article extraction   [0m [[0m[1m[34mrss.services.article_extractor[0m][0m [36mmodule[0m=[35marticle_extractor[0m [36murl[0m=[35mhttps://jp.reuters.com/markets/japan/AFN5RPWMVJLRJLEIAQSHJAAYFQ-2026-03-27/[0m [36muser_agent[0m=[35m'Mozilla/5.0 (Macintosh; Intel Mac OS X 10_15_7) Ap...'[0m
[[32m[1minfo     [0m] [1mTrafilatura extraction successful[0m [[0m[1m[34mrss.services.article_extractor[0m][0m [36mmodule[0m=[35marticle_extractor[0m [36mtext_length[0m=[35m388[0m [36mtitle[0m=[35mNone[0m [36murl[0m=[35mhttps://jp.reuters.com/markets/japan/AFN5RPWMVJLRJLEIAQSHJAAYFQ-2026-03-27/[0m
[[32m[1minfo     [0m] [1mStarting article extraction   [0m [[0m[1m[34mrss.services.article_extractor[0m][0m [36mmodule[0m=[35marticle_extractor[0m [36murl[0m=[35mhttps://jp.reuters.com/markets/japan/HKIJREJ5HFMP7EE4X3OB4SRXPQ-2026-03-27/[0m [36muser_agent[0m=[35m'Mozilla/5.0 (Macintosh; Intel Mac OS X 10_15_7) Ap...'[0m
[[32m[1minfo     [0m] [1mTrafilatura extraction successful[0m [[0m[1m[34mrss.services.article_extractor[0m][0m [36mmodule[0m=[35marticle_extractor[0m [36mtext_length[0m=[35m1006[0m [36mtitle[0m=[35mNone[0m [36murl[0m=[35mhttps://jp.reuters.com/markets/japan/HKIJREJ5HFMP7EE4X3OB4SRXPQ-2026-03-27/[0m
[[32m[1minfo     [0m] [1mStarting article extraction   [0m [[0m[1m[34mrss.services.article_extractor[0m][0m [36mmodule[0m=[35marticle_extractor[0m [36murl[0m=[35mhttps://jp.reuters.com/markets/japan/YHG6L2GMPZJOTCGYNMIIK2H5PM-2026-03-27/[0m [36muser_agent[0m=[35m'Mozilla/5.0 (Macintosh; Intel Mac OS X 10_15_7) Ap...'[0m
[[32m[1minfo     [0m] [1mTrafilatura extraction successful[0m [[0m[1m[34mrss.services.article_extractor[0m][0m [36mmodule[0m=[35marticle_extractor[0m [36mtext_length[0m=[35m700[0m [36mtitle[0m=[35mNone[0m [36murl[0m=[35mhttps://jp.reuters.com/markets/japan/YHG6L2GMPZJOTCGYNMIIK2H5PM-2026-03-27/[0m
[[32m[1minfo     [0m] [1mStarting article extraction   [0m [[0m[1m[34mrss.services.article_extractor[0m][0m [36mmodule[0m=[35marticle_extractor[0m [36murl[0m=[35mhttps://jp.reuters.com/markets/japan/IRMWDYQTGROULKMQTC5P6ND7HA-2026-03-27/[0m [36muser_agent[0m=[35m'Mozilla/5.0 (Macintosh; Intel Mac OS X 10_15_7) Ap...'[0m
[[32m[1minfo     [0m] [1mTrafilatura extraction successful[0m [[0m[1m[34mrss.services.article_extractor[0m][0m [36mmodule[0m=[35marticle_extractor[0m [36mtext_length[0m=[35m1035[0m [36mtitle[0m=[35mNone[0m [36murl[0m=[35mhttps://jp.reuters.com/markets/japan/IRMWDYQTGROULKMQTC5P6ND7HA-2026-03-27/[0m
[[32m[1minfo     [0m] [1mStarting article extraction   [0m [[0m[1m[34mrss.services.article_extractor[0m][0m [36mmodule[0m=[35marticle_extractor[0m [36murl[0m=[35mhttps://jp.reuters.com/markets/japan/BMHOLU2N4ROGREKRZQU7J5IISQ-2026-03-27/[0m [36muser_agent[0m=[35m'Mozilla/5.0 (Macintosh; Intel Mac OS X 10_15_7) Ap...'[0m
[[32m[1minfo     [0m] [1mTrafilatura extraction successful[0m [[0m[1m[34mrss.services.article_extractor[0m][0m [36mmodule[0m=[35marticle_extractor[0m [36mtext_length[0m=[35m696[0m [36mtitle[0m=[35mNone[0m [36murl[0m=[35mhttps://jp.reuters.com/markets/japan/BMHOLU2N4ROGREKRZQU7J5IISQ-2026-03-27/[0m
[[32m[1minfo     [0m] [1mStarting article extraction   [0m [[0m[1m[34mrss.services.article_extractor[0m][0m [36mmodule[0m=[35marticle_extractor[0m [36murl[0m=[35mhttps://jp.reuters.com/markets/japan/6P57A46QXRI4XDV3PZMZDXHLTA-2026-03-27/[0m [36muser_agent[0m=[35m'Mozilla/5.0 (Macintosh; Intel Mac OS X 10_15_7) Ap...'[0m
[[32m[1minfo     [0m] [1mTrafilatura extraction successful[0m [[0m[1m[34mrss.services.article_extractor[0m][0m [36mmodule[0m=[35marticle_extractor[0m [36mtext_length[0m=[35m2060[0m [36mtitle[0m=[35mNone[0m [36murl[0m=[35mhttps://jp.reuters.com/markets/japan/6P57A46QXRI4XDV3PZMZDXHLTA-2026-03-27/[0m
[[32m[1minfo     [0m] [1mBatch extraction completed    [0m [[0m[1m[34mrss.services.article_extractor[0m][0m [36mfailed[0m=[35m0[0m [36mmodule[0m=[35marticle_extractor[0m [36msuccess[0m=[35m26[0m [36mtotal[0m=[35m26[0m
[[32m[1minfo     [0m] [1mContent post-fetch complete   [0m [[0m[1m[34mnews_scraper.unified[0m][0m [36mfetched[0m=[35m26[0m [36mmodule[0m=[35munified[0m [36mtotal[0m=[35m26[0m
[[32m[1minfo     [0m] [1mFinancial news collection complete[0m [[0m[1m[34mnews_scraper.unified[0m][0m [36melapsed_seconds[0m=[35m73.32[0m [36mmodule[0m=[35munified[0m [36msources[0m=[35m['reuters_jp'][0m [36mtotal_articles[0m=[35m26[0m
[[32m[1minfo     [0m] [1mRawStore: saved=0, dup=26, empty=0[0m [[0m[1m[34mnews_scraper.unified[0m][0m [36mmodule[0m=[35munified[0m
[[32m[1minfo     [0m] [1mCollection complete           [0m [[0m[1m[34m__main__[0m][0m [36marticle_count[0m=[35m26[0m [36mmodule[0m=[35mscrape_finance_news[0m
[[32m[1minfo     [0m] [1mNAS is mounted, using NAS output[0m [[0m[1m[34m__main__[0m][0m [36mmodule[0m=[35mscrape_finance_news[0m [36mpath[0m=[35m/Volumes/personal_folder/scraped/reuters_jp[0m [36msource[0m=[35mreuters_jp[0m
[[32m[1minfo     [0m] [1mOutput directory ready        [0m [[0m[1m[34m__main__[0m][0m [36mmodule[0m=[35mscrape_finance_news[0m [36mpath[0m=[35m/Volumes/personal_folder/scraped/reuters_jp/2026-03-29[0m
[[32m[1minfo     [0m] [1mArticles saved to JSON        [0m [[0m[1m[34m__main__[0m][0m [36mmodule[0m=[35mscrape_finance_news[0m [36mpath[0m=[35m/Volumes/personal_folder/scraped/reuters_jp/2026-03-29/news_091032.json[0m [36mtotal_count[0m=[35m26[0m
[[32m[1minfo     [0m] [1mSave complete                 [0m [[0m[1m[34m__main__[0m][0m [36mcount[0m=[35m26[0m [36mmodule[0m=[35mscrape_finance_news[0m [36moutput_file[0m=[35m/Volumes/personal_folder/scraped/reuters_jp/2026-03-29/news_091032.json[0m [36msource[0m=[35mreuters_jp[0m
[[32m[1minfo     [0m] [1mScraper finished successfully [0m [[0m[1m[34m__main__[0m][0m [36mmodule[0m=[35mscrape_finance_news[0m [36msaved_files[0m=[35m['/Volumes/personal_folder/scraped/reuters_jp/2026-03-29/news_091032.json'][0m [36mtotal_articles[0m=[35m26[0m
[[32m[1minfo     [0m] [1mFinance news scraper starting [0m [[0m[1m[34m__main__[0m][0m [36minclude_content[0m=[35mTrue[0m [36mmax_articles[0m=[35m50[0m [36mmodule[0m=[35mscrape_finance_news[0m [36msources[0m=[35m['reuters_jp'][0m
[[32m[1minfo     [0m] [1mStarting news collection      [0m [[0m[1m[34m__main__[0m][0m [36mmodule[0m=[35mscrape_finance_news[0m [36msources[0m=[35m['reuters_jp'][0m
[[32m[1minfo     [0m] [1mStarting financial news collection (async)[0m [[0m[1m[34mnews_scraper.unified[0m][0m [36minclude_content[0m=[35mTrue[0m [36mmax_articles_per_source[0m=[35m50[0m [36mmodule[0m=[35munified[0m [36msources[0m=[35m['reuters_jp'][0m
[[32m[1minfo     [0m] [1mStarting Reuters JP news collection[0m [[0m[1m[34mnews_scraper.reuters_jp[0m][0m [36mmax_articles_per_source[0m=[35m50[0m [36mmodule[0m=[35mreuters_jp[0m [36msections[0m=[35m['markets', 'business'][0m
[[32m[1minfo     [0m] [1mFetching Reuters JP section   [0m [[0m[1m[34mnews_scraper.reuters_jp[0m][0m [36mmodule[0m=[35mreuters_jp[0m [36msection[0m=[35mmarkets[0m [36murl[0m=[35mhttps://jp.reuters.com/markets/[0m
[[32m[1minfo     [0m] [1mFetching Reuters JP section   [0m [[0m[1m[34mnews_scraper.reuters_jp[0m][0m [36mmodule[0m=[35mreuters_jp[0m [36msection[0m=[35mbusiness[0m [36murl[0m=[35mhttps://jp.reuters.com/business/[0m
[[32m[1minfo     [0m] [1mHTTP Request: GET https://jp.reuters.com/business/ "HTTP/1.1 200 OK"[0m [[0m[1m[34mhttpx[0m][0m
[[32m[1minfo     [0m] [1mHTML fetched (async)          [0m [[0m[1m[34mnews_scraper._html_utils[0m][0m [36mmodule[0m=[35mhtml_utils[0m [36mstatus_code[0m=[35m200[0m [36murl[0m=[35mhttps://jp.reuters.com/business/[0m
[[32m[1minfo     [0m] [1mBusiness page parsed          [0m [[0m[1m[34mnews_scraper.reuters_jp[0m][0m [36marticle_count[0m=[35m20[0m [36mmodule[0m=[35mreuters_jp[0m
[[32m[1minfo     [0m] [1mReuters JP section complete   [0m [[0m[1m[34mnews_scraper.reuters_jp[0m][0m [36mcount[0m=[35m20[0m [36mmodule[0m=[35mreuters_jp[0m [36msection[0m=[35mbusiness[0m
[[32m[1minfo     [0m] [1mHTTP Request: GET https://jp.reuters.com/markets/ "HTTP/1.1 200 OK"[0m [[0m[1m[34mhttpx[0m][0m
[[32m[1minfo     [0m] [1mHTML fetched (async)          [0m [[0m[1m[34mnews_scraper._html_utils[0m][0m [36mmodule[0m=[35mhtml_utils[0m [36mstatus_code[0m=[35m200[0m [36murl[0m=[35mhttps://jp.reuters.com/markets/[0m
[[32m[1minfo     [0m] [1mMarkets page parsed           [0m [[0m[1m[34mnews_scraper.reuters_jp[0m][0m [36marticle_count[0m=[35m6[0m [36mmodule[0m=[35mreuters_jp[0m
[[32m[1minfo     [0m] [1mReuters JP section complete   [0m [[0m[1m[34mnews_scraper.reuters_jp[0m][0m [36mcount[0m=[35m6[0m [36mmodule[0m=[35mreuters_jp[0m [36msection[0m=[35mmarkets[0m
[[32m[1minfo     [0m] [1mReuters JP news collection complete[0m [[0m[1m[34mnews_scraper.reuters_jp[0m][0m [36mmodule[0m=[35mreuters_jp[0m [36mtotal_articles[0m=[35m26[0m
[[32m[1minfo     [0m] [1mSource collection complete    [0m [[0m[1m[34mnews_scraper.unified[0m][0m [36mmodule[0m=[35munified[0m [36msource[0m=[35mreuters_jp[0m [36msource_articles[0m=[35m26[0m
[[32m[1minfo     [0m] [1mFetching content for articles missing it[0m [[0m[1m[34mnews_scraper.unified[0m][0m [36mcount[0m=[35m26[0m [36mmodule[0m=[35munified[0m
[[32m[1minfo     [0m] [1mStarting batch extraction     [0m [[0m[1m[34mrss.services.article_extractor[0m][0m [36mmodule[0m=[35marticle_extractor[0m [36mrate_limit[0m=[35m1.0[0m [36murl_count[0m=[35m26[0m
[[32m[1minfo     [0m] [1mStarting article extraction   [0m [[0m[1m[34mrss.services.article_extractor[0m][0m [36mmodule[0m=[35marticle_extractor[0m [36murl[0m=[35mhttps://jp.reuters.com/world/security/5F6JPLX76BJ5LG463D4YKFYHLE-2026-03-27/[0m [36muser_agent[0m=[35m'Mozilla/5.0 (Macintosh; Intel Mac OS X 10_15_7) Ap...'[0m
[[32m[1minfo     [0m] [1mTrafilatura extraction successful[0m [[0m[1m[34mrss.services.article_extractor[0m][0m [36mmodule[0m=[35marticle_extractor[0m [36mtext_length[0m=[35m422[0m [36mtitle[0m=[35mNone[0m [36murl[0m=[35mhttps://jp.reuters.com/world/security/5F6JPLX76BJ5LG463D4YKFYHLE-2026-03-27/[0m
[[32m[1minfo     [0m] [1mStarting article extraction   [0m [[0m[1m[34mrss.services.article_extractor[0m][0m [36mmodule[0m=[35marticle_extractor[0m [36murl[0m=[35mhttps://jp.reuters.com/markets/japan/KQEWEFOE4NJXTEKRUAWZYPZDE4-2026-03-27/[0m [36muser_agent[0m=[35m'Mozilla/5.0 (Macintosh; Intel Mac OS X 10_15_7) Ap...'[0m
[[32m[1minfo     [0m] [1mTrafilatura extraction successful[0m [[0m[1m[34mrss.services.article_extractor[0m][0m [36mmodule[0m=[35marticle_extractor[0m [36mtext_length[0m=[35m653[0m [36mtitle[0m=[35mNone[0m [36murl[0m=[35mhttps://jp.reuters.com/markets/japan/KQEWEFOE4NJXTEKRUAWZYPZDE4-2026-03-27/[0m
[[32m[1minfo     [0m] [1mStarting article extraction   [0m [[0m[1m[34mrss.services.article_extractor[0m][0m [36mmodule[0m=[35marticle_extractor[0m [36murl[0m=[35mhttps://jp.reuters.com/markets/japan/7UP73FSHFVIEDPBI5U5ZALGRVM-2026-03-28/[0m [36muser_agent[0m=[35m'Mozilla/5.0 (Macintosh; Intel Mac OS X 10_15_7) Ap...'[0m
[[32m[1minfo     [0m] [1mTrafilatura extraction successful[0m [[0m[1m[34mrss.services.article_extractor[0m][0m [36mmodule[0m=[35marticle_extractor[0m [36mtext_length[0m=[35m566[0m [36mtitle[0m=[35mNone[0m [36murl[0m=[35mhttps://jp.reuters.com/markets/japan/7UP73FSHFVIEDPBI5U5ZALGRVM-2026-03-28/[0m
[[32m[1minfo     [0m] [1mStarting article extraction   [0m [[0m[1m[34mrss.services.article_extractor[0m][0m [36mmodule[0m=[35marticle_extractor[0m [36murl[0m=[35mhttps://jp.reuters.com/markets/world-indices/Z66EUTDSL5NPDM7RFMCSE4GJ64-2026-03-28/[0m [36muser_agent[0m=[35m'Mozilla/5.0 (Macintosh; Intel Mac OS X 10_15_7) Ap...'[0m
[[32m[1minfo     [0m] [1mTrafilatura extraction successful[0m [[0m[1m[34mrss.services.article_extractor[0m][0m [36mmodule[0m=[35marticle_extractor[0m [36mtext_length[0m=[35m678[0m [36mtitle[0m=[35mNone[0m [36murl[0m=[35mhttps://jp.reuters.com/markets/world-indices/Z66EUTDSL5NPDM7RFMCSE4GJ64-2026-03-28/[0m
[[32m[1minfo     [0m] [1mStarting article extraction   [0m [[0m[1m[34mrss.services.article_extractor[0m][0m [36mmodule[0m=[35marticle_extractor[0m [36murl[0m=[35mhttps://jp.reuters.com/markets/global-markets/PPX3X2MDSFIG5K3I4DJJLDQQCI-2026-03-28/[0m [36muser_agent[0m=[35m'Mozilla/5.0 (Macintosh; Intel Mac OS X 10_15_7) Ap...'[0m
[[32m[1minfo     [0m] [1mTrafilatura extraction successful[0m [[0m[1m[34mrss.services.article_extractor[0m][0m [36mmodule[0m=[35marticle_extractor[0m [36mtext_length[0m=[35m550[0m [36mtitle[0m=[35mNone[0m [36murl[0m=[35mhttps://jp.reuters.com/markets/global-markets/PPX3X2MDSFIG5K3I4DJJLDQQCI-2026-03-28/[0m
[[32m[1minfo     [0m] [1mStarting article extraction   [0m [[0m[1m[34mrss.services.article_extractor[0m][0m [36mmodule[0m=[35marticle_extractor[0m [36murl[0m=[35mhttps://jp.reuters.com/world/us/6XTP3R2FZJNNVJ3XXJV64D5NT4-2026-03-29/[0m [36muser_agent[0m=[35m'Mozilla/5.0 (Macintosh; Intel Mac OS X 10_15_7) Ap...'[0m
[[32m[1minfo     [0m] [1mTrafilatura extraction successful[0m [[0m[1m[34mrss.services.article_extractor[0m][0m [36mmodule[0m=[35marticle_extractor[0m [36mtext_length[0m=[35m2708[0m [36mtitle[0m=[35mNone[0m [36murl[0m=[35mhttps://jp.reuters.com/world/us/6XTP3R2FZJNNVJ3XXJV64D5NT4-2026-03-29/[0m
[[32m[1minfo     [0m] [1mStarting article extraction   [0m [[0m[1m[34mrss.services.article_extractor[0m][0m [36mmodule[0m=[35marticle_extractor[0m [36murl[0m=[35mhttps://jp.reuters.com/markets/japan/BPNCPSIBIBID7ILK3YWTMWX2NU-2026-03-27/[0m [36muser_agent[0m=[35m'Mozilla/5.0 (Macintosh; Intel Mac OS X 10_15_7) Ap...'[0m
[[32m[1minfo     [0m] [1mTrafilatura extraction successful[0m [[0m[1m[34mrss.services.article_extractor[0m][0m [36mmodule[0m=[35marticle_extractor[0m [36mtext_length[0m=[35m435[0m [36mtitle[0m=[35mNone[0m [36murl[0m=[35mhttps://jp.reuters.com/markets/japan/BPNCPSIBIBID7ILK3YWTMWX2NU-2026-03-27/[0m
[[32m[1minfo     [0m] [1mStarting article extraction   [0m [[0m[1m[34mrss.services.article_extractor[0m][0m [36mmodule[0m=[35marticle_extractor[0m [36murl[0m=[35mhttps://jp.reuters.com/world/japan/4VIUJD2MIVP7LFCBOYEOVJOKZA-2026-03-27/[0m [36muser_agent[0m=[35m'Mozilla/5.0 (Macintosh; Intel Mac OS X 10_15_7) Ap...'[0m
[[32m[1minfo     [0m] [1mTrafilatura extraction successful[0m [[0m[1m[34mrss.services.article_extractor[0m][0m [36mmodule[0m=[35marticle_extractor[0m [36mtext_length[0m=[35m1698[0m [36mtitle[0m=[35mNone[0m [36murl[0m=[35mhttps://jp.reuters.com/world/japan/4VIUJD2MIVP7LFCBOYEOVJOKZA-2026-03-27/[0m
[[32m[1minfo     [0m] [1mStarting article extraction   [0m [[0m[1m[34mrss.services.article_extractor[0m][0m [36mmodule[0m=[35marticle_extractor[0m [36murl[0m=[35mhttps://jp.reuters.com/markets/japan/GZUZD6RNYRNZRND76PN3HW3BBM-2026-03-27/[0m [36muser_agent[0m=[35m'Mozilla/5.0 (Macintosh; Intel Mac OS X 10_15_7) Ap...'[0m
[[32m[1minfo     [0m] [1mTrafilatura extraction successful[0m [[0m[1m[34mrss.services.article_extractor[0m][0m [36mmodule[0m=[35marticle_extractor[0m [36mtext_length[0m=[35m877[0m [36mtitle[0m=[35mNone[0m [36murl[0m=[35mhttps://jp.reuters.com/markets/japan/GZUZD6RNYRNZRND76PN3HW3BBM-2026-03-27/[0m
[[32m[1minfo     [0m] [1mStarting article extraction   [0m [[0m[1m[34mrss.services.article_extractor[0m][0m [36mmodule[0m=[35marticle_extractor[0m [36murl[0m=[35mhttps://jp.reuters.com/markets/japan/557XOESEMRPZZGCEUMKMAF4HFA-2026-03-27/[0m [36muser_agent[0m=[35m'Mozilla/5.0 (Macintosh; Intel Mac OS X 10_15_7) Ap...'[0m
[[32m[1minfo     [0m] [1mTrafilatura extraction successful[0m [[0m[1m[34mrss.services.article_extractor[0m][0m [36mmodule[0m=[35marticle_extractor[0m [36mtext_length[0m=[35m119[0m [36mtitle[0m=[35mNone[0m [36murl[0m=[35mhttps://jp.reuters.com/markets/japan/557XOESEMRPZZGCEUMKMAF4HFA-2026-03-27/[0m
[[32m[1minfo     [0m] [1mStarting article extraction   [0m [[0m[1m[34mrss.services.article_extractor[0m][0m [36mmodule[0m=[35marticle_extractor[0m [36murl[0m=[35mhttps://jp.reuters.com/world/japan/6Y3WGAVJAFL4RC6EE47YK3Q3BE-2026-03-27/[0m [36muser_agent[0m=[35m'Mozilla/5.0 (Macintosh; Intel Mac OS X 10_15_7) Ap...'[0m
[[32m[1minfo     [0m] [1mTrafilatura extraction successful[0m [[0m[1m[34mrss.services.article_extractor[0m][0m [36mmodule[0m=[35marticle_extractor[0m [36mtext_length[0m=[35m265[0m [36mtitle[0m=[35mNone[0m [36murl[0m=[35mhttps://jp.reuters.com/world/japan/6Y3WGAVJAFL4RC6EE47YK3Q3BE-2026-03-27/[0m
[[32m[1minfo     [0m] [1mStarting article extraction   [0m [[0m[1m[34mrss.services.article_extractor[0m][0m [36mmodule[0m=[35marticle_extractor[0m [36murl[0m=[35mhttps://jp.reuters.com/markets/global-markets/3FVW2K6T7ZLILJNSG2YNSHYXPM-2026-03-27/[0m [36muser_agent[0m=[35m'Mozilla/5.0 (Macintosh; Intel Mac OS X 10_15_7) Ap...'[0m
[[32m[1minfo     [0m] [1mTrafilatura extraction successful[0m [[0m[1m[34mrss.services.article_extractor[0m][0m [36mmodule[0m=[35marticle_extractor[0m [36mtext_length[0m=[35m308[0m [36mtitle[0m=[35mNone[0m [36murl[0m=[35mhttps://jp.reuters.com/markets/global-markets/3FVW2K6T7ZLILJNSG2YNSHYXPM-2026-03-27/[0m
[[32m[1minfo     [0m] [1mStarting article extraction   [0m [[0m[1m[34mrss.services.article_extractor[0m][0m [36mmodule[0m=[35marticle_extractor[0m [36murl[0m=[35mhttps://jp.reuters.com/markets/global-markets/DMUSVJYZRNJKFGJCNFSSEBM7L4-2026-03-27/[0m [36muser_agent[0m=[35m'Mozilla/5.0 (Macintosh; Intel Mac OS X 10_15_7) Ap...'[0m
[[32m[1minfo     [0m] [1mTrafilatura extraction successful[0m [[0m[1m[34mrss.services.article_extractor[0m][0m [36mmodule[0m=[35marticle_extractor[0m [36mtext_length[0m=[35m246[0m [36mtitle[0m=[35mNone[0m [36murl[0m=[35mhttps://jp.reuters.com/markets/global-markets/DMUSVJYZRNJKFGJCNFSSEBM7L4-2026-03-27/[0m
[[32m[1minfo     [0m] [1mStarting article extraction   [0m [[0m[1m[34mrss.services.article_extractor[0m][0m [36mmodule[0m=[35marticle_extractor[0m [36murl[0m=[35mhttps://jp.reuters.com/markets/japan/KW7D27JYSFOM3P2P2NTAIYOKOE-2026-03-27/[0m [36muser_agent[0m=[35m'Mozilla/5.0 (Macintosh; Intel Mac OS X 10_15_7) Ap...'[0m
[[32m[1minfo     [0m] [1mTrafilatura extraction successful[0m [[0m[1m[34mrss.services.article_extractor[0m][0m [36mmodule[0m=[35marticle_extractor[0m [36mtext_length[0m=[35m349[0m [36mtitle[0m=[35mNone[0m [36murl[0m=[35mhttps://jp.reuters.com/markets/japan/KW7D27JYSFOM3P2P2NTAIYOKOE-2026-03-27/[0m
[[32m[1minfo     [0m] [1mStarting article extraction   [0m [[0m[1m[34mrss.services.article_extractor[0m][0m [36mmodule[0m=[35marticle_extractor[0m [36murl[0m=[35mhttps://jp.reuters.com/markets/global-markets/SVYEPDCEFZM6TPL4OF6P2JJSZY-2026-03-27/[0m [36muser_agent[0m=[35m'Mozilla/5.0 (Macintosh; Intel Mac OS X 10_15_7) Ap...'[0m
[[32m[1minfo     [0m] [1mTrafilatura extraction successful[0m [[0m[1m[34mrss.services.article_extractor[0m][0m [36mmodule[0m=[35marticle_extractor[0m [36mtext_length[0m=[35m226[0m [36mtitle[0m=[35mNone[0m [36murl[0m=[35mhttps://jp.reuters.com/markets/global-markets/SVYEPDCEFZM6TPL4OF6P2JJSZY-2026-03-27/[0m
[[32m[1minfo     [0m] [1mStarting article extraction   [0m [[0m[1m[34mrss.services.article_extractor[0m][0m [36mmodule[0m=[35marticle_extractor[0m [36murl[0m=[35mhttps://jp.reuters.com/markets/global-markets/43U2J6NMYFKNTAO7AC3H3GXQ4U-2026-03-27/[0m [36muser_agent[0m=[35m'Mozilla/5.0 (Macintosh; Intel Mac OS X 10_15_7) Ap...'[0m
[[32m[1minfo     [0m] [1mTrafilatura extraction successful[0m [[0m[1m[34mrss.services.article_extractor[0m][0m [36mmodule[0m=[35marticle_extractor[0m [36mtext_length[0m=[35m252[0m [36mtitle[0m=[35mNone[0m [36murl[0m=[35mhttps://jp.reuters.com/markets/global-markets/43U2J6NMYFKNTAO7AC3H3GXQ4U-2026-03-27/[0m
[[32m[1minfo     [0m] [1mStarting article extraction   [0m [[0m[1m[34mrss.services.article_extractor[0m][0m [36mmodule[0m=[35marticle_extractor[0m [36murl[0m=[35mhttps://jp.reuters.com/markets/japan/GZKNFGELJZIPFOG23SVFIUH54M-2026-03-27/[0m [36muser_agent[0m=[35m'Mozilla/5.0 (Macintosh; Intel Mac OS X 10_15_7) Ap...'[0m
[[32m[1minfo     [0m] [1mTrafilatura extraction successful[0m [[0m[1m[34mrss.services.article_extractor[0m][0m [36mmodule[0m=[35marticle_extractor[0m [36mtext_length[0m=[35m297[0m [36mtitle[0m=[35mNone[0m [36murl[0m=[35mhttps://jp.reuters.com/markets/japan/GZKNFGELJZIPFOG23SVFIUH54M-2026-03-27/[0m
[[32m[1minfo     [0m] [1mStarting article extraction   [0m [[0m[1m[34mrss.services.article_extractor[0m][0m [36mmodule[0m=[35marticle_extractor[0m [36murl[0m=[35mhttps://jp.reuters.com/markets/japan/P2RD6XUFCNOZXHIJ6SIQYXDQJA-2026-03-27/[0m [36muser_agent[0m=[35m'Mozilla/5.0 (Macintosh; Intel Mac OS X 10_15_7) Ap...'[0m
[[32m[1minfo     [0m] [1mTrafilatura extraction successful[0m [[0m[1m[34mrss.services.article_extractor[0m][0m [36mmodule[0m=[35marticle_extractor[0m [36mtext_length[0m=[35m912[0m [36mtitle[0m=[35mNone[0m [36murl[0m=[35mhttps://jp.reuters.com/markets/japan/P2RD6XUFCNOZXHIJ6SIQYXDQJA-2026-03-27/[0m
[[32m[1minfo     [0m] [1mStarting article extraction   [0m [[0m[1m[34mrss.services.article_extractor[0m][0m [36mmodule[0m=[35marticle_extractor[0m [36murl[0m=[35mhttps://jp.reuters.com/markets/japan/CV55Y25OTZPEBAARAVXLXGZ64I-2026-03-27/[0m [36muser_agent[0m=[35m'Mozilla/5.0 (Macintosh; Intel Mac OS X 10_15_7) Ap...'[0m
[[32m[1minfo     [0m] [1mTrafilatura extraction successful[0m [[0m[1m[34mrss.services.article_extractor[0m][0m [36mmodule[0m=[35marticle_extractor[0m [36mtext_length[0m=[35m898[0m [36mtitle[0m=[35mNone[0m [36murl[0m=[35mhttps://jp.reuters.com/markets/japan/CV55Y25OTZPEBAARAVXLXGZ64I-2026-03-27/[0m
[[32m[1minfo     [0m] [1mStarting article extraction   [0m [[0m[1m[34mrss.services.article_extractor[0m][0m [36mmodule[0m=[35marticle_extractor[0m [36murl[0m=[35mhttps://jp.reuters.com/markets/japan/3DQAS34FFJMNFEVMNVU6LK3NLU-2026-03-27/[0m [36muser_agent[0m=[35m'Mozilla/5.0 (Macintosh; Intel Mac OS X 10_15_7) Ap...'[0m
[[32m[1minfo     [0m] [1mTrafilatura extraction successful[0m [[0m[1m[34mrss.services.article_extractor[0m][0m [36mmodule[0m=[35marticle_extractor[0m [36mtext_length[0m=[35m526[0m [36mtitle[0m=[35mNone[0m [36murl[0m=[35mhttps://jp.reuters.com/markets/japan/3DQAS34FFJMNFEVMNVU6LK3NLU-2026-03-27/[0m
[[32m[1minfo     [0m] [1mStarting article extraction   [0m [[0m[1m[34mrss.services.article_extractor[0m][0m [36mmodule[0m=[35marticle_extractor[0m [36murl[0m=[35mhttps://jp.reuters.com/markets/japan/AFN5RPWMVJLRJLEIAQSHJAAYFQ-2026-03-27/[0m [36muser_agent[0m=[35m'Mozilla/5.0 (Macintosh; Intel Mac OS X 10_15_7) Ap...'[0m
[[32m[1minfo     [0m] [1mTrafilatura extraction successful[0m [[0m[1m[34mrss.services.article_extractor[0m][0m [36mmodule[0m=[35marticle_extractor[0m [36mtext_length[0m=[35m388[0m [36mtitle[0m=[35mNone[0m [36murl[0m=[35mhttps://jp.reuters.com/markets/japan/AFN5RPWMVJLRJLEIAQSHJAAYFQ-2026-03-27/[0m
[[32m[1minfo     [0m] [1mStarting article extraction   [0m [[0m[1m[34mrss.services.article_extractor[0m][0m [36mmodule[0m=[35marticle_extractor[0m [36murl[0m=[35mhttps://jp.reuters.com/markets/japan/HKIJREJ5HFMP7EE4X3OB4SRXPQ-2026-03-27/[0m [36muser_agent[0m=[35m'Mozilla/5.0 (Macintosh; Intel Mac OS X 10_15_7) Ap...'[0m
[[32m[1minfo     [0m] [1mTrafilatura extraction successful[0m [[0m[1m[34mrss.services.article_extractor[0m][0m [36mmodule[0m=[35marticle_extractor[0m [36mtext_length[0m=[35m1006[0m [36mtitle[0m=[35mNone[0m [36murl[0m=[35mhttps://jp.reuters.com/markets/japan/HKIJREJ5HFMP7EE4X3OB4SRXPQ-2026-03-27/[0m
[[32m[1minfo     [0m] [1mStarting article extraction   [0m [[0m[1m[34mrss.services.article_extractor[0m][0m [36mmodule[0m=[35marticle_extractor[0m [36murl[0m=[35mhttps://jp.reuters.com/markets/japan/YHG6L2GMPZJOTCGYNMIIK2H5PM-2026-03-27/[0m [36muser_agent[0m=[35m'Mozilla/5.0 (Macintosh; Intel Mac OS X 10_15_7) Ap...'[0m
[[32m[1minfo     [0m] [1mTrafilatura extraction successful[0m [[0m[1m[34mrss.services.article_extractor[0m][0m [36mmodule[0m=[35marticle_extractor[0m [36mtext_length[0m=[35m700[0m [36mtitle[0m=[35mNone[0m [36murl[0m=[35mhttps://jp.reuters.com/markets/japan/YHG6L2GMPZJOTCGYNMIIK2H5PM-2026-03-27/[0m
[[32m[1minfo     [0m] [1mStarting article extraction   [0m [[0m[1m[34mrss.services.article_extractor[0m][0m [36mmodule[0m=[35marticle_extractor[0m [36murl[0m=[35mhttps://jp.reuters.com/markets/japan/IRMWDYQTGROULKMQTC5P6ND7HA-2026-03-27/[0m [36muser_agent[0m=[35m'Mozilla/5.0 (Macintosh; Intel Mac OS X 10_15_7) Ap...'[0m
[[32m[1minfo     [0m] [1mTrafilatura extraction successful[0m [[0m[1m[34mrss.services.article_extractor[0m][0m [36mmodule[0m=[35marticle_extractor[0m [36mtext_length[0m=[35m1035[0m [36mtitle[0m=[35mNone[0m [36murl[0m=[35mhttps://jp.reuters.com/markets/japan/IRMWDYQTGROULKMQTC5P6ND7HA-2026-03-27/[0m
[[32m[1minfo     [0m] [1mStarting article extraction   [0m [[0m[1m[34mrss.services.article_extractor[0m][0m [36mmodule[0m=[35marticle_extractor[0m [36murl[0m=[35mhttps://jp.reuters.com/markets/japan/BMHOLU2N4ROGREKRZQU7J5IISQ-2026-03-27/[0m [36muser_agent[0m=[35m'Mozilla/5.0 (Macintosh; Intel Mac OS X 10_15_7) Ap...'[0m
[[32m[1minfo     [0m] [1mTrafilatura extraction successful[0m [[0m[1m[34mrss.services.article_extractor[0m][0m [36mmodule[0m=[35marticle_extractor[0m [36mtext_length[0m=[35m696[0m [36mtitle[0m=[35mNone[0m [36murl[0m=[35mhttps://jp.reuters.com/markets/japan/BMHOLU2N4ROGREKRZQU7J5IISQ-2026-03-27/[0m
[[32m[1minfo     [0m] [1mStarting article extraction   [0m [[0m[1m[34mrss.services.article_extractor[0m][0m [36mmodule[0m=[35marticle_extractor[0m [36murl[0m=[35mhttps://jp.reuters.com/markets/japan/6P57A46QXRI4XDV3PZMZDXHLTA-2026-03-27/[0m [36muser_agent[0m=[35m'Mozilla/5.0 (Macintosh; Intel Mac OS X 10_15_7) Ap...'[0m
[[32m[1minfo     [0m] [1mTrafilatura extraction successful[0m [[0m[1m[34mrss.services.article_extractor[0m][0m [36mmodule[0m=[35marticle_extractor[0m [36mtext_length[0m=[35m2060[0m [36mtitle[0m=[35mNone[0m [36murl[0m=[35mhttps://jp.reuters.com/markets/japan/6P57A46QXRI4XDV3PZMZDXHLTA-2026-03-27/[0m
[[32m[1minfo     [0m] [1mBatch extraction completed    [0m [[0m[1m[34mrss.services.article_extractor[0m][0m [36mfailed[0m=[35m0[0m [36mmodule[0m=[35marticle_extractor[0m [36msuccess[0m=[35m26[0m [36mtotal[0m=[35m26[0m
[[32m[1minfo     [0m] [1mContent post-fetch complete   [0m [[0m[1m[34mnews_scraper.unified[0m][0m [36mfetched[0m=[35m26[0m [36mmodule[0m=[35munified[0m [36mtotal[0m=[35m26[0m
[[32m[1minfo     [0m] [1mFinancial news collection complete[0m [[0m[1m[34mnews_scraper.unified[0m][0m [36melapsed_seconds[0m=[35m32.21[0m [36mmodule[0m=[35munified[0m [36msources[0m=[35m['reuters_jp'][0m [36mtotal_articles[0m=[35m26[0m
[[32m[1minfo     [0m] [1mRawStore: saved=0, dup=26, empty=0[0m [[0m[1m[34mnews_scraper.unified[0m][0m [36mmodule[0m=[35munified[0m
[[32m[1minfo     [0m] [1mCollection complete           [0m [[0m[1m[34m__main__[0m][0m [36marticle_count[0m=[35m26[0m [36mmodule[0m=[35mscrape_finance_news[0m
[[32m[1minfo     [0m] [1mNAS is mounted, using NAS output[0m [[0m[1m[34m__main__[0m][0m [36mmodule[0m=[35mscrape_finance_news[0m [36mpath[0m=[35m/Volumes/personal_folder/scraped/reuters_jp[0m [36msource[0m=[35mreuters_jp[0m
[[32m[1minfo     [0m] [1mOutput directory ready        [0m [[0m[1m[34m__main__[0m][0m [36mmodule[0m=[35mscrape_finance_news[0m [36mpath[0m=[35m/Volumes/personal_folder/scraped/reuters_jp/2026-03-29[0m
[[32m[1minfo     [0m] [1mArticles saved to JSON        [0m [[0m[1m[34m__main__[0m][0m [36mmodule[0m=[35mscrape_finance_news[0m [36mpath[0m=[35m/Volumes/personal_folder/scraped/reuters_jp/2026-03-29/news_150005.json[0m [36mtotal_count[0m=[35m26[0m
[[32m[1minfo     [0m] [1mSave complete                 [0m [[0m[1m[34m__main__[0m][0m [36mcount[0m=[35m26[0m [36mmodule[0m=[35mscrape_finance_news[0m [36moutput_file[0m=[35m/Volumes/personal_folder/scraped/reuters_jp/2026-03-29/news_150005.json[0m [36msource[0m=[35mreuters_jp[0m
[[32m[1minfo     [0m] [1mScraper finished successfully [0m [[0m[1m[34m__main__[0m][0m [36mmodule[0m=[35mscrape_finance_news[0m [36msaved_files[0m=[35m['/Volumes/personal_folder/scraped/reuters_jp/2026-03-29/news_150005.json'][0m [36mtotal_articles[0m=[35m26[0m
[[32m[1minfo     [0m] [1mFinance news scraper starting [0m [[0m[1m[34m__main__[0m][0m [36minclude_content[0m=[35mTrue[0m [36mmax_articles[0m=[35m50[0m [36mmodule[0m=[35mscrape_finance_news[0m [36msources[0m=[35m['reuters_jp'][0m
[[32m[1minfo     [0m] [1mStarting news collection      [0m [[0m[1m[34m__main__[0m][0m [36mmodule[0m=[35mscrape_finance_news[0m [36msources[0m=[35m['reuters_jp'][0m
[[32m[1minfo     [0m] [1mStarting financial news collection (async)[0m [[0m[1m[34mnews_scraper.unified[0m][0m [36minclude_content[0m=[35mTrue[0m [36mmax_articles_per_source[0m=[35m50[0m [36mmodule[0m=[35munified[0m [36msources[0m=[35m['reuters_jp'][0m
[[32m[1minfo     [0m] [1mStarting Reuters JP news collection[0m [[0m[1m[34mnews_scraper.reuters_jp[0m][0m [36mmax_articles_per_source[0m=[35m50[0m [36mmodule[0m=[35mreuters_jp[0m [36msections[0m=[35m['markets', 'business'][0m
[[32m[1minfo     [0m] [1mFetching Reuters JP section   [0m [[0m[1m[34mnews_scraper.reuters_jp[0m][0m [36mmodule[0m=[35mreuters_jp[0m [36msection[0m=[35mmarkets[0m [36murl[0m=[35mhttps://jp.reuters.com/markets/[0m
[[32m[1minfo     [0m] [1mFetching Reuters JP section   [0m [[0m[1m[34mnews_scraper.reuters_jp[0m][0m [36mmodule[0m=[35mreuters_jp[0m [36msection[0m=[35mbusiness[0m [36murl[0m=[35mhttps://jp.reuters.com/business/[0m
[[32m[1minfo     [0m] [1mHTTP Request: GET https://jp.reuters.com/markets/ "HTTP/1.1 200 OK"[0m [[0m[1m[34mhttpx[0m][0m
[[32m[1minfo     [0m] [1mHTTP Request: GET https://jp.reuters.com/business/ "HTTP/1.1 200 OK"[0m [[0m[1m[34mhttpx[0m][0m
[[32m[1minfo     [0m] [1mHTML fetched (async)          [0m [[0m[1m[34mnews_scraper._html_utils[0m][0m [36mmodule[0m=[35mhtml_utils[0m [36mstatus_code[0m=[35m200[0m [36murl[0m=[35mhttps://jp.reuters.com/business/[0m
[[32m[1minfo     [0m] [1mBusiness page parsed          [0m [[0m[1m[34mnews_scraper.reuters_jp[0m][0m [36marticle_count[0m=[35m20[0m [36mmodule[0m=[35mreuters_jp[0m
[[32m[1minfo     [0m] [1mReuters JP section complete   [0m [[0m[1m[34mnews_scraper.reuters_jp[0m][0m [36mcount[0m=[35m20[0m [36mmodule[0m=[35mreuters_jp[0m [36msection[0m=[35mbusiness[0m
[[32m[1minfo     [0m] [1mHTML fetched (async)          [0m [[0m[1m[34mnews_scraper._html_utils[0m][0m [36mmodule[0m=[35mhtml_utils[0m [36mstatus_code[0m=[35m200[0m [36murl[0m=[35mhttps://jp.reuters.com/markets/[0m
[[32m[1minfo     [0m] [1mMarkets page parsed           [0m [[0m[1m[34mnews_scraper.reuters_jp[0m][0m [36marticle_count[0m=[35m6[0m [36mmodule[0m=[35mreuters_jp[0m
[[32m[1minfo     [0m] [1mReuters JP section complete   [0m [[0m[1m[34mnews_scraper.reuters_jp[0m][0m [36mcount[0m=[35m6[0m [36mmodule[0m=[35mreuters_jp[0m [36msection[0m=[35mmarkets[0m
[[32m[1minfo     [0m] [1mReuters JP news collection complete[0m [[0m[1m[34mnews_scraper.reuters_jp[0m][0m [36mmodule[0m=[35mreuters_jp[0m [36mtotal_articles[0m=[35m26[0m
[[32m[1minfo     [0m] [1mSource collection complete    [0m [[0m[1m[34mnews_scraper.unified[0m][0m [36mmodule[0m=[35munified[0m [36msource[0m=[35mreuters_jp[0m [36msource_articles[0m=[35m26[0m
[[32m[1minfo     [0m] [1mFetching content for articles missing it[0m [[0m[1m[34mnews_scraper.unified[0m][0m [36mcount[0m=[35m26[0m [36mmodule[0m=[35munified[0m
[[32m[1minfo     [0m] [1mStarting batch extraction     [0m [[0m[1m[34mrss.services.article_extractor[0m][0m [36mmodule[0m=[35marticle_extractor[0m [36mrate_limit[0m=[35m1.0[0m [36murl_count[0m=[35m26[0m
[[32m[1minfo     [0m] [1mStarting article extraction   [0m [[0m[1m[34mrss.services.article_extractor[0m][0m [36mmodule[0m=[35marticle_extractor[0m [36murl[0m=[35mhttps://jp.reuters.com/world/security/5F6JPLX76BJ5LG463D4YKFYHLE-2026-03-27/[0m [36muser_agent[0m=[35m'Mozilla/5.0 (Macintosh; Intel Mac OS X 10_15_7) Ap...'[0m
[[32m[1minfo     [0m] [1mTrafilatura extraction successful[0m [[0m[1m[34mrss.services.article_extractor[0m][0m [36mmodule[0m=[35marticle_extractor[0m [36mtext_length[0m=[35m422[0m [36mtitle[0m=[35mNone[0m [36murl[0m=[35mhttps://jp.reuters.com/world/security/5F6JPLX76BJ5LG463D4YKFYHLE-2026-03-27/[0m
[[32m[1minfo     [0m] [1mStarting article extraction   [0m [[0m[1m[34mrss.services.article_extractor[0m][0m [36mmodule[0m=[35marticle_extractor[0m [36murl[0m=[35mhttps://jp.reuters.com/markets/japan/KQEWEFOE4NJXTEKRUAWZYPZDE4-2026-03-27/[0m [36muser_agent[0m=[35m'Mozilla/5.0 (Macintosh; Intel Mac OS X 10_15_7) Ap...'[0m
[[32m[1minfo     [0m] [1mTrafilatura extraction successful[0m [[0m[1m[34mrss.services.article_extractor[0m][0m [36mmodule[0m=[35marticle_extractor[0m [36mtext_length[0m=[35m653[0m [36mtitle[0m=[35mNone[0m [36murl[0m=[35mhttps://jp.reuters.com/markets/japan/KQEWEFOE4NJXTEKRUAWZYPZDE4-2026-03-27/[0m
[[32m[1minfo     [0m] [1mStarting article extraction   [0m [[0m[1m[34mrss.services.article_extractor[0m][0m [36mmodule[0m=[35marticle_extractor[0m [36murl[0m=[35mhttps://jp.reuters.com/markets/japan/7UP73FSHFVIEDPBI5U5ZALGRVM-2026-03-28/[0m [36muser_agent[0m=[35m'Mozilla/5.0 (Macintosh; Intel Mac OS X 10_15_7) Ap...'[0m
[[32m[1minfo     [0m] [1mTrafilatura extraction successful[0m [[0m[1m[34mrss.services.article_extractor[0m][0m [36mmodule[0m=[35marticle_extractor[0m [36mtext_length[0m=[35m566[0m [36mtitle[0m=[35mNone[0m [36murl[0m=[35mhttps://jp.reuters.com/markets/japan/7UP73FSHFVIEDPBI5U5ZALGRVM-2026-03-28/[0m
[[32m[1minfo     [0m] [1mStarting article extraction   [0m [[0m[1m[34mrss.services.article_extractor[0m][0m [36mmodule[0m=[35marticle_extractor[0m [36murl[0m=[35mhttps://jp.reuters.com/markets/world-indices/Z66EUTDSL5NPDM7RFMCSE4GJ64-2026-03-28/[0m [36muser_agent[0m=[35m'Mozilla/5.0 (Macintosh; Intel Mac OS X 10_15_7) Ap...'[0m
[[32m[1minfo     [0m] [1mTrafilatura extraction successful[0m [[0m[1m[34mrss.services.article_extractor[0m][0m [36mmodule[0m=[35marticle_extractor[0m [36mtext_length[0m=[35m678[0m [36mtitle[0m=[35mNone[0m [36murl[0m=[35mhttps://jp.reuters.com/markets/world-indices/Z66EUTDSL5NPDM7RFMCSE4GJ64-2026-03-28/[0m
[[32m[1minfo     [0m] [1mStarting article extraction   [0m [[0m[1m[34mrss.services.article_extractor[0m][0m [36mmodule[0m=[35marticle_extractor[0m [36murl[0m=[35mhttps://jp.reuters.com/markets/global-markets/PPX3X2MDSFIG5K3I4DJJLDQQCI-2026-03-28/[0m [36muser_agent[0m=[35m'Mozilla/5.0 (Macintosh; Intel Mac OS X 10_15_7) Ap...'[0m
[[32m[1minfo     [0m] [1mTrafilatura extraction successful[0m [[0m[1m[34mrss.services.article_extractor[0m][0m [36mmodule[0m=[35marticle_extractor[0m [36mtext_length[0m=[35m550[0m [36mtitle[0m=[35mNone[0m [36murl[0m=[35mhttps://jp.reuters.com/markets/global-markets/PPX3X2MDSFIG5K3I4DJJLDQQCI-2026-03-28/[0m
[[32m[1minfo     [0m] [1mStarting article extraction   [0m [[0m[1m[34mrss.services.article_extractor[0m][0m [36mmodule[0m=[35marticle_extractor[0m [36murl[0m=[35mhttps://jp.reuters.com/world/us/6XTP3R2FZJNNVJ3XXJV64D5NT4-2026-03-29/[0m [36muser_agent[0m=[35m'Mozilla/5.0 (Macintosh; Intel Mac OS X 10_15_7) Ap...'[0m
[[32m[1minfo     [0m] [1mTrafilatura extraction successful[0m [[0m[1m[34mrss.services.article_extractor[0m][0m [36mmodule[0m=[35marticle_extractor[0m [36mtext_length[0m=[35m2708[0m [36mtitle[0m=[35mNone[0m [36murl[0m=[35mhttps://jp.reuters.com/world/us/6XTP3R2FZJNNVJ3XXJV64D5NT4-2026-03-29/[0m
[[32m[1minfo     [0m] [1mStarting article extraction   [0m [[0m[1m[34mrss.services.article_extractor[0m][0m [36mmodule[0m=[35marticle_extractor[0m [36murl[0m=[35mhttps://jp.reuters.com/markets/japan/BPNCPSIBIBID7ILK3YWTMWX2NU-2026-03-27/[0m [36muser_agent[0m=[35m'Mozilla/5.0 (Macintosh; Intel Mac OS X 10_15_7) Ap...'[0m
[[32m[1minfo     [0m] [1mTrafilatura extraction successful[0m [[0m[1m[34mrss.services.article_extractor[0m][0m [36mmodule[0m=[35marticle_extractor[0m [36mtext_length[0m=[35m435[0m [36mtitle[0m=[35mNone[0m [36murl[0m=[35mhttps://jp.reuters.com/markets/japan/BPNCPSIBIBID7ILK3YWTMWX2NU-2026-03-27/[0m
[[32m[1minfo     [0m] [1mStarting article extraction   [0m [[0m[1m[34mrss.services.article_extractor[0m][0m [36mmodule[0m=[35marticle_extractor[0m [36murl[0m=[35mhttps://jp.reuters.com/world/japan/4VIUJD2MIVP7LFCBOYEOVJOKZA-2026-03-27/[0m [36muser_agent[0m=[35m'Mozilla/5.0 (Macintosh; Intel Mac OS X 10_15_7) Ap...'[0m
[[32m[1minfo     [0m] [1mTrafilatura extraction successful[0m [[0m[1m[34mrss.services.article_extractor[0m][0m [36mmodule[0m=[35marticle_extractor[0m [36mtext_length[0m=[35m1698[0m [36mtitle[0m=[35mNone[0m [36murl[0m=[35mhttps://jp.reuters.com/world/japan/4VIUJD2MIVP7LFCBOYEOVJOKZA-2026-03-27/[0m
[[32m[1minfo     [0m] [1mStarting article extraction   [0m [[0m[1m[34mrss.services.article_extractor[0m][0m [36mmodule[0m=[35marticle_extractor[0m [36murl[0m=[35mhttps://jp.reuters.com/markets/japan/GZUZD6RNYRNZRND76PN3HW3BBM-2026-03-27/[0m [36muser_agent[0m=[35m'Mozilla/5.0 (Macintosh; Intel Mac OS X 10_15_7) Ap...'[0m
[[32m[1minfo     [0m] [1mTrafilatura extraction successful[0m [[0m[1m[34mrss.services.article_extractor[0m][0m [36mmodule[0m=[35marticle_extractor[0m [36mtext_length[0m=[35m877[0m [36mtitle[0m=[35mNone[0m [36murl[0m=[35mhttps://jp.reuters.com/markets/japan/GZUZD6RNYRNZRND76PN3HW3BBM-2026-03-27/[0m
[[32m[1minfo     [0m] [1mStarting article extraction   [0m [[0m[1m[34mrss.services.article_extractor[0m][0m [36mmodule[0m=[35marticle_extractor[0m [36murl[0m=[35mhttps://jp.reuters.com/markets/japan/557XOESEMRPZZGCEUMKMAF4HFA-2026-03-27/[0m [36muser_agent[0m=[35m'Mozilla/5.0 (Macintosh; Intel Mac OS X 10_15_7) Ap...'[0m
[[32m[1minfo     [0m] [1mTrafilatura extraction successful[0m [[0m[1m[34mrss.services.article_extractor[0m][0m [36mmodule[0m=[35marticle_extractor[0m [36mtext_length[0m=[35m119[0m [36mtitle[0m=[35mNone[0m [36murl[0m=[35mhttps://jp.reuters.com/markets/japan/557XOESEMRPZZGCEUMKMAF4HFA-2026-03-27/[0m
[[32m[1minfo     [0m] [1mStarting article extraction   [0m [[0m[1m[34mrss.services.article_extractor[0m][0m [36mmodule[0m=[35marticle_extractor[0m [36murl[0m=[35mhttps://jp.reuters.com/world/japan/6Y3WGAVJAFL4RC6EE47YK3Q3BE-2026-03-27/[0m [36muser_agent[0m=[35m'Mozilla/5.0 (Macintosh; Intel Mac OS X 10_15_7) Ap...'[0m
[[32m[1minfo     [0m] [1mTrafilatura extraction successful[0m [[0m[1m[34mrss.services.article_extractor[0m][0m [36mmodule[0m=[35marticle_extractor[0m [36mtext_length[0m=[35m265[0m [36mtitle[0m=[35mNone[0m [36murl[0m=[35mhttps://jp.reuters.com/world/japan/6Y3WGAVJAFL4RC6EE47YK3Q3BE-2026-03-27/[0m
[[32m[1minfo     [0m] [1mStarting article extraction   [0m [[0m[1m[34mrss.services.article_extractor[0m][0m [36mmodule[0m=[35marticle_extractor[0m [36murl[0m=[35mhttps://jp.reuters.com/markets/global-markets/3FVW2K6T7ZLILJNSG2YNSHYXPM-2026-03-27/[0m [36muser_agent[0m=[35m'Mozilla/5.0 (Macintosh; Intel Mac OS X 10_15_7) Ap...'[0m
[[32m[1minfo     [0m] [1mTrafilatura extraction successful[0m [[0m[1m[34mrss.services.article_extractor[0m][0m [36mmodule[0m=[35marticle_extractor[0m [36mtext_length[0m=[35m308[0m [36mtitle[0m=[35mNone[0m [36murl[0m=[35mhttps://jp.reuters.com/markets/global-markets/3FVW2K6T7ZLILJNSG2YNSHYXPM-2026-03-27/[0m
[[32m[1minfo     [0m] [1mStarting article extraction   [0m [[0m[1m[34mrss.services.article_extractor[0m][0m [36mmodule[0m=[35marticle_extractor[0m [36murl[0m=[35mhttps://jp.reuters.com/markets/global-markets/DMUSVJYZRNJKFGJCNFSSEBM7L4-2026-03-27/[0m [36muser_agent[0m=[35m'Mozilla/5.0 (Macintosh; Intel Mac OS X 10_15_7) Ap...'[0m
[[32m[1minfo     [0m] [1mTrafilatura extraction successful[0m [[0m[1m[34mrss.services.article_extractor[0m][0m [36mmodule[0m=[35marticle_extractor[0m [36mtext_length[0m=[35m246[0m [36mtitle[0m=[35mNone[0m [36murl[0m=[35mhttps://jp.reuters.com/markets/global-markets/DMUSVJYZRNJKFGJCNFSSEBM7L4-2026-03-27/[0m
[[32m[1minfo     [0m] [1mStarting article extraction   [0m [[0m[1m[34mrss.services.article_extractor[0m][0m [36mmodule[0m=[35marticle_extractor[0m [36murl[0m=[35mhttps://jp.reuters.com/markets/japan/KW7D27JYSFOM3P2P2NTAIYOKOE-2026-03-27/[0m [36muser_agent[0m=[35m'Mozilla/5.0 (Macintosh; Intel Mac OS X 10_15_7) Ap...'[0m
[[32m[1minfo     [0m] [1mTrafilatura extraction successful[0m [[0m[1m[34mrss.services.article_extractor[0m][0m [36mmodule[0m=[35marticle_extractor[0m [36mtext_length[0m=[35m349[0m [36mtitle[0m=[35mNone[0m [36murl[0m=[35mhttps://jp.reuters.com/markets/japan/KW7D27JYSFOM3P2P2NTAIYOKOE-2026-03-27/[0m
[[32m[1minfo     [0m] [1mStarting article extraction   [0m [[0m[1m[34mrss.services.article_extractor[0m][0m [36mmodule[0m=[35marticle_extractor[0m [36murl[0m=[35mhttps://jp.reuters.com/markets/global-markets/SVYEPDCEFZM6TPL4OF6P2JJSZY-2026-03-27/[0m [36muser_agent[0m=[35m'Mozilla/5.0 (Macintosh; Intel Mac OS X 10_15_7) Ap...'[0m
[[32m[1minfo     [0m] [1mTrafilatura extraction successful[0m [[0m[1m[34mrss.services.article_extractor[0m][0m [36mmodule[0m=[35marticle_extractor[0m [36mtext_length[0m=[35m226[0m [36mtitle[0m=[35mNone[0m [36murl[0m=[35mhttps://jp.reuters.com/markets/global-markets/SVYEPDCEFZM6TPL4OF6P2JJSZY-2026-03-27/[0m
[[32m[1minfo     [0m] [1mStarting article extraction   [0m [[0m[1m[34mrss.services.article_extractor[0m][0m [36mmodule[0m=[35marticle_extractor[0m [36murl[0m=[35mhttps://jp.reuters.com/markets/global-markets/43U2J6NMYFKNTAO7AC3H3GXQ4U-2026-03-27/[0m [36muser_agent[0m=[35m'Mozilla/5.0 (Macintosh; Intel Mac OS X 10_15_7) Ap...'[0m
[[32m[1minfo     [0m] [1mTrafilatura extraction successful[0m [[0m[1m[34mrss.services.article_extractor[0m][0m [36mmodule[0m=[35marticle_extractor[0m [36mtext_length[0m=[35m252[0m [36mtitle[0m=[35mNone[0m [36murl[0m=[35mhttps://jp.reuters.com/markets/global-markets/43U2J6NMYFKNTAO7AC3H3GXQ4U-2026-03-27/[0m
[[32m[1minfo     [0m] [1mStarting article extraction   [0m [[0m[1m[34mrss.services.article_extractor[0m][0m [36mmodule[0m=[35marticle_extractor[0m [36murl[0m=[35mhttps://jp.reuters.com/markets/japan/GZKNFGELJZIPFOG23SVFIUH54M-2026-03-27/[0m [36muser_agent[0m=[35m'Mozilla/5.0 (Macintosh; Intel Mac OS X 10_15_7) Ap...'[0m
[[32m[1minfo     [0m] [1mTrafilatura extraction successful[0m [[0m[1m[34mrss.services.article_extractor[0m][0m [36mmodule[0m=[35marticle_extractor[0m [36mtext_length[0m=[35m297[0m [36mtitle[0m=[35mNone[0m [36murl[0m=[35mhttps://jp.reuters.com/markets/japan/GZKNFGELJZIPFOG23SVFIUH54M-2026-03-27/[0m
[[32m[1minfo     [0m] [1mStarting article extraction   [0m [[0m[1m[34mrss.services.article_extractor[0m][0m [36mmodule[0m=[35marticle_extractor[0m [36murl[0m=[35mhttps://jp.reuters.com/markets/japan/P2RD6XUFCNOZXHIJ6SIQYXDQJA-2026-03-27/[0m [36muser_agent[0m=[35m'Mozilla/5.0 (Macintosh; Intel Mac OS X 10_15_7) Ap...'[0m
[[32m[1minfo     [0m] [1mTrafilatura extraction successful[0m [[0m[1m[34mrss.services.article_extractor[0m][0m [36mmodule[0m=[35marticle_extractor[0m [36mtext_length[0m=[35m912[0m [36mtitle[0m=[35mNone[0m [36murl[0m=[35mhttps://jp.reuters.com/markets/japan/P2RD6XUFCNOZXHIJ6SIQYXDQJA-2026-03-27/[0m
[[32m[1minfo     [0m] [1mStarting article extraction   [0m [[0m[1m[34mrss.services.article_extractor[0m][0m [36mmodule[0m=[35marticle_extractor[0m [36murl[0m=[35mhttps://jp.reuters.com/markets/japan/CV55Y25OTZPEBAARAVXLXGZ64I-2026-03-27/[0m [36muser_agent[0m=[35m'Mozilla/5.0 (Macintosh; Intel Mac OS X 10_15_7) Ap...'[0m
[[32m[1minfo     [0m] [1mTrafilatura extraction successful[0m [[0m[1m[34mrss.services.article_extractor[0m][0m [36mmodule[0m=[35marticle_extractor[0m [36mtext_length[0m=[35m898[0m [36mtitle[0m=[35mNone[0m [36murl[0m=[35mhttps://jp.reuters.com/markets/japan/CV55Y25OTZPEBAARAVXLXGZ64I-2026-03-27/[0m
[[32m[1minfo     [0m] [1mStarting article extraction   [0m [[0m[1m[34mrss.services.article_extractor[0m][0m [36mmodule[0m=[35marticle_extractor[0m [36murl[0m=[35mhttps://jp.reuters.com/markets/japan/3DQAS34FFJMNFEVMNVU6LK3NLU-2026-03-27/[0m [36muser_agent[0m=[35m'Mozilla/5.0 (Macintosh; Intel Mac OS X 10_15_7) Ap...'[0m
[[32m[1minfo     [0m] [1mTrafilatura extraction successful[0m [[0m[1m[34mrss.services.article_extractor[0m][0m [36mmodule[0m=[35marticle_extractor[0m [36mtext_length[0m=[35m526[0m [36mtitle[0m=[35mNone[0m [36murl[0m=[35mhttps://jp.reuters.com/markets/japan/3DQAS34FFJMNFEVMNVU6LK3NLU-2026-03-27/[0m
[[32m[1minfo     [0m] [1mStarting article extraction   [0m [[0m[1m[34mrss.services.article_extractor[0m][0m [36mmodule[0m=[35marticle_extractor[0m [36murl[0m=[35mhttps://jp.reuters.com/markets/japan/AFN5RPWMVJLRJLEIAQSHJAAYFQ-2026-03-27/[0m [36muser_agent[0m=[35m'Mozilla/5.0 (Macintosh; Intel Mac OS X 10_15_7) Ap...'[0m
[[32m[1minfo     [0m] [1mTrafilatura extraction successful[0m [[0m[1m[34mrss.services.article_extractor[0m][0m [36mmodule[0m=[35marticle_extractor[0m [36mtext_length[0m=[35m388[0m [36mtitle[0m=[35mNone[0m [36murl[0m=[35mhttps://jp.reuters.com/markets/japan/AFN5RPWMVJLRJLEIAQSHJAAYFQ-2026-03-27/[0m
[[32m[1minfo     [0m] [1mStarting article extraction   [0m [[0m[1m[34mrss.services.article_extractor[0m][0m [36mmodule[0m=[35marticle_extractor[0m [36murl[0m=[35mhttps://jp.reuters.com/markets/japan/HKIJREJ5HFMP7EE4X3OB4SRXPQ-2026-03-27/[0m [36muser_agent[0m=[35m'Mozilla/5.0 (Macintosh; Intel Mac OS X 10_15_7) Ap...'[0m
[[32m[1minfo     [0m] [1mTrafilatura extraction successful[0m [[0m[1m[34mrss.services.article_extractor[0m][0m [36mmodule[0m=[35marticle_extractor[0m [36mtext_length[0m=[35m1006[0m [36mtitle[0m=[35mNone[0m [36murl[0m=[35mhttps://jp.reuters.com/markets/japan/HKIJREJ5HFMP7EE4X3OB4SRXPQ-2026-03-27/[0m
[[32m[1minfo     [0m] [1mStarting article extraction   [0m [[0m[1m[34mrss.services.article_extractor[0m][0m [36mmodule[0m=[35marticle_extractor[0m [36murl[0m=[35mhttps://jp.reuters.com/markets/japan/YHG6L2GMPZJOTCGYNMIIK2H5PM-2026-03-27/[0m [36muser_agent[0m=[35m'Mozilla/5.0 (Macintosh; Intel Mac OS X 10_15_7) Ap...'[0m
[[32m[1minfo     [0m] [1mTrafilatura extraction successful[0m [[0m[1m[34mrss.services.article_extractor[0m][0m [36mmodule[0m=[35marticle_extractor[0m [36mtext_length[0m=[35m700[0m [36mtitle[0m=[35mNone[0m [36murl[0m=[35mhttps://jp.reuters.com/markets/japan/YHG6L2GMPZJOTCGYNMIIK2H5PM-2026-03-27/[0m
[[32m[1minfo     [0m] [1mStarting article extraction   [0m [[0m[1m[34mrss.services.article_extractor[0m][0m [36mmodule[0m=[35marticle_extractor[0m [36murl[0m=[35mhttps://jp.reuters.com/markets/japan/IRMWDYQTGROULKMQTC5P6ND7HA-2026-03-27/[0m [36muser_agent[0m=[35m'Mozilla/5.0 (Macintosh; Intel Mac OS X 10_15_7) Ap...'[0m
[[32m[1minfo     [0m] [1mTrafilatura extraction successful[0m [[0m[1m[34mrss.services.article_extractor[0m][0m [36mmodule[0m=[35marticle_extractor[0m [36mtext_length[0m=[35m1035[0m [36mtitle[0m=[35mNone[0m [36murl[0m=[35mhttps://jp.reuters.com/markets/japan/IRMWDYQTGROULKMQTC5P6ND7HA-2026-03-27/[0m
[[32m[1minfo     [0m] [1mStarting article extraction   [0m [[0m[1m[34mrss.services.article_extractor[0m][0m [36mmodule[0m=[35marticle_extractor[0m [36murl[0m=[35mhttps://jp.reuters.com/markets/japan/BMHOLU2N4ROGREKRZQU7J5IISQ-2026-03-27/[0m [36muser_agent[0m=[35m'Mozilla/5.0 (Macintosh; Intel Mac OS X 10_15_7) Ap...'[0m
[[32m[1minfo     [0m] [1mTrafilatura extraction successful[0m [[0m[1m[34mrss.services.article_extractor[0m][0m [36mmodule[0m=[35marticle_extractor[0m [36mtext_length[0m=[35m696[0m [36mtitle[0m=[35mNone[0m [36murl[0m=[35mhttps://jp.reuters.com/markets/japan/BMHOLU2N4ROGREKRZQU7J5IISQ-2026-03-27/[0m
[[32m[1minfo     [0m] [1mStarting article extraction   [0m [[0m[1m[34mrss.services.article_extractor[0m][0m [36mmodule[0m=[35marticle_extractor[0m [36murl[0m=[35mhttps://jp.reuters.com/markets/japan/6P57A46QXRI4XDV3PZMZDXHLTA-2026-03-27/[0m [36muser_agent[0m=[35m'Mozilla/5.0 (Macintosh; Intel Mac OS X 10_15_7) Ap...'[0m
[[32m[1minfo     [0m] [1mTrafilatura extraction successful[0m [[0m[1m[34mrss.services.article_extractor[0m][0m [36mmodule[0m=[35marticle_extractor[0m [36mtext_length[0m=[35m2060[0m [36mtitle[0m=[35mNone[0m [36murl[0m=[35mhttps://jp.reuters.com/markets/japan/6P57A46QXRI4XDV3PZMZDXHLTA-2026-03-27/[0m
[[32m[1minfo     [0m] [1mBatch extraction completed    [0m [[0m[1m[34mrss.services.article_extractor[0m][0m [36mfailed[0m=[35m0[0m [36mmodule[0m=[35marticle_extractor[0m [36msuccess[0m=[35m26[0m [36mtotal[0m=[35m26[0m
[[32m[1minfo     [0m] [1mContent post-fetch complete   [0m [[0m[1m[34mnews_scraper.unified[0m][0m [36mfetched[0m=[35m26[0m [36mmodule[0m=[35munified[0m [36mtotal[0m=[35m26[0m
[[32m[1minfo     [0m] [1mFinancial news collection complete[0m [[0m[1m[34mnews_scraper.unified[0m][0m [36melapsed_seconds[0m=[35m32.65[0m [36mmodule[0m=[35munified[0m [36msources[0m=[35m['reuters_jp'][0m [36mtotal_articles[0m=[35m26[0m
[[32m[1minfo     [0m] [1mRawStore: saved=0, dup=26, empty=0[0m [[0m[1m[34mnews_scraper.unified[0m][0m [36mmodule[0m=[35munified[0m
[[32m[1minfo     [0m] [1mCollection complete           [0m [[0m[1m[34m__main__[0m][0m [36marticle_count[0m=[35m26[0m [36mmodule[0m=[35mscrape_finance_news[0m
[[32m[1minfo     [0m] [1mNAS is mounted, using NAS output[0m [[0m[1m[34m__main__[0m][0m [36mmodule[0m=[35mscrape_finance_news[0m [36mpath[0m=[35m/Volumes/personal_folder/scraped/reuters_jp[0m [36msource[0m=[35mreuters_jp[0m
[[32m[1minfo     [0m] [1mOutput directory ready        [0m [[0m[1m[34m__main__[0m][0m [36mmodule[0m=[35mscrape_finance_news[0m [36mpath[0m=[35m/Volumes/personal_folder/scraped/reuters_jp/2026-03-29[0m
[[32m[1minfo     [0m] [1mArticles saved to JSON        [0m [[0m[1m[34m__main__[0m][0m [36mmodule[0m=[35mscrape_finance_news[0m [36mpath[0m=[35m/Volumes/personal_folder/scraped/reuters_jp/2026-03-29/news_210005.json[0m [36mtotal_count[0m=[35m26[0m
[[32m[1minfo     [0m] [1mSave complete                 [0m [[0m[1m[34m__main__[0m][0m [36mcount[0m=[35m26[0m [36mmodule[0m=[35mscrape_finance_news[0m [36moutput_file[0m=[35m/Volumes/personal_folder/scraped/reuters_jp/2026-03-29/news_210005.json[0m [36msource[0m=[35mreuters_jp[0m
[[32m[1minfo     [0m] [1mScraper finished successfully [0m [[0m[1m[34m__main__[0m][0m [36mmodule[0m=[35mscrape_finance_news[0m [36msaved_files[0m=[35m['/Volumes/personal_folder/scraped/reuters_jp/2026-03-29/news_210005.json'][0m [36mtotal_articles[0m=[35m26[0m
[[32m[1minfo     [0m] [1mFinance news scraper starting [0m [[0m[1m[34m__main__[0m][0m [36minclude_content[0m=[35mTrue[0m [36mmax_articles[0m=[35m50[0m [36mmodule[0m=[35mscrape_finance_news[0m [36msources[0m=[35m['reuters_jp'][0m
[[32m[1minfo     [0m] [1mStarting news collection      [0m [[0m[1m[34m__main__[0m][0m [36mmodule[0m=[35mscrape_finance_news[0m [36msources[0m=[35m['reuters_jp'][0m
[[32m[1minfo     [0m] [1mStarting financial news collection (async)[0m [[0m[1m[34mnews_scraper.unified[0m][0m [36minclude_content[0m=[35mTrue[0m [36mmax_articles_per_source[0m=[35m50[0m [36mmodule[0m=[35munified[0m [36msources[0m=[35m['reuters_jp'][0m
[[32m[1minfo     [0m] [1mStarting Reuters JP news collection[0m [[0m[1m[34mnews_scraper.reuters_jp[0m][0m [36mmax_articles_per_source[0m=[35m50[0m [36mmodule[0m=[35mreuters_jp[0m [36msections[0m=[35m['markets', 'business'][0m
[[32m[1minfo     [0m] [1mFetching Reuters JP section   [0m [[0m[1m[34mnews_scraper.reuters_jp[0m][0m [36mmodule[0m=[35mreuters_jp[0m [36msection[0m=[35mmarkets[0m [36murl[0m=[35mhttps://jp.reuters.com/markets/[0m
[[32m[1minfo     [0m] [1mFetching Reuters JP section   [0m [[0m[1m[34mnews_scraper.reuters_jp[0m][0m [36mmodule[0m=[35mreuters_jp[0m [36msection[0m=[35mbusiness[0m [36murl[0m=[35mhttps://jp.reuters.com/business/[0m
[[32m[1minfo     [0m] [1mHTTP Request: GET https://jp.reuters.com/markets/ "HTTP/1.1 200 OK"[0m [[0m[1m[34mhttpx[0m][0m
[[32m[1minfo     [0m] [1mHTTP Request: GET https://jp.reuters.com/business/ "HTTP/1.1 200 OK"[0m [[0m[1m[34mhttpx[0m][0m
[[32m[1minfo     [0m] [1mHTML fetched (async)          [0m [[0m[1m[34mnews_scraper._html_utils[0m][0m [36mmodule[0m=[35mhtml_utils[0m [36mstatus_code[0m=[35m200[0m [36murl[0m=[35mhttps://jp.reuters.com/business/[0m
[[32m[1minfo     [0m] [1mBusiness page parsed          [0m [[0m[1m[34mnews_scraper.reuters_jp[0m][0m [36marticle_count[0m=[35m20[0m [36mmodule[0m=[35mreuters_jp[0m
[[32m[1minfo     [0m] [1mReuters JP section complete   [0m [[0m[1m[34mnews_scraper.reuters_jp[0m][0m [36mcount[0m=[35m20[0m [36mmodule[0m=[35mreuters_jp[0m [36msection[0m=[35mbusiness[0m
[[32m[1minfo     [0m] [1mHTML fetched (async)          [0m [[0m[1m[34mnews_scraper._html_utils[0m][0m [36mmodule[0m=[35mhtml_utils[0m [36mstatus_code[0m=[35m200[0m [36murl[0m=[35mhttps://jp.reuters.com/markets/[0m
[[32m[1minfo     [0m] [1mMarkets page parsed           [0m [[0m[1m[34mnews_scraper.reuters_jp[0m][0m [36marticle_count[0m=[35m6[0m [36mmodule[0m=[35mreuters_jp[0m
[[32m[1minfo     [0m] [1mReuters JP section complete   [0m [[0m[1m[34mnews_scraper.reuters_jp[0m][0m [36mcount[0m=[35m6[0m [36mmodule[0m=[35mreuters_jp[0m [36msection[0m=[35mmarkets[0m
[[32m[1minfo     [0m] [1mReuters JP news collection complete[0m [[0m[1m[34mnews_scraper.reuters_jp[0m][0m [36mmodule[0m=[35mreuters_jp[0m [36mtotal_articles[0m=[35m23[0m
[[32m[1minfo     [0m] [1mSource collection complete    [0m [[0m[1m[34mnews_scraper.unified[0m][0m [36mmodule[0m=[35munified[0m [36msource[0m=[35mreuters_jp[0m [36msource_articles[0m=[35m23[0m
[[32m[1minfo     [0m] [1mFetching content for articles missing it[0m [[0m[1m[34mnews_scraper.unified[0m][0m [36mcount[0m=[35m23[0m [36mmodule[0m=[35munified[0m
[[32m[1minfo     [0m] [1mStarting batch extraction     [0m [[0m[1m[34mrss.services.article_extractor[0m][0m [36mmodule[0m=[35marticle_extractor[0m [36mrate_limit[0m=[35m1.0[0m [36murl_count[0m=[35m23[0m
[[32m[1minfo     [0m] [1mStarting article extraction   [0m [[0m[1m[34mrss.services.article_extractor[0m][0m [36mmodule[0m=[35marticle_extractor[0m [36murl[0m=[35mhttps://jp.reuters.com/markets/global-markets/6MNSHSNRKRJLLB4ZVDQQL6W5DI-2026-03-30/[0m [36muser_agent[0m=[35m'Mozilla/5.0 (Macintosh; Intel Mac OS X 10_15_7) Ap...'[0m
[[32m[1minfo     [0m] [1mTrafilatura extraction successful[0m [[0m[1m[34mrss.services.article_extractor[0m][0m [36mmodule[0m=[35marticle_extractor[0m [36mtext_length[0m=[35m432[0m [36mtitle[0m=[35mNone[0m [36murl[0m=[35mhttps://jp.reuters.com/markets/global-markets/6MNSHSNRKRJLLB4ZVDQQL6W5DI-2026-03-30/[0m
[[32m[1minfo     [0m] [1mStarting article extraction   [0m [[0m[1m[34mrss.services.article_extractor[0m][0m [36mmodule[0m=[35marticle_extractor[0m [36murl[0m=[35mhttps://jp.reuters.com/markets/japan/GLPNDY6VIFPXLLCO6OSJRKIALI-2026-03-30/[0m [36muser_agent[0m=[35m'Mozilla/5.0 (Macintosh; Intel Mac OS X 10_15_7) Ap...'[0m
[[32m[1minfo     [0m] [1mTrafilatura extraction successful[0m [[0m[1m[34mrss.services.article_extractor[0m][0m [36mmodule[0m=[35marticle_extractor[0m [36mtext_length[0m=[35m545[0m [36mtitle[0m=[35mNone[0m [36murl[0m=[35mhttps://jp.reuters.com/markets/japan/GLPNDY6VIFPXLLCO6OSJRKIALI-2026-03-30/[0m
[[32m[1minfo     [0m] [1mStarting article extraction   [0m [[0m[1m[34mrss.services.article_extractor[0m][0m [36mmodule[0m=[35marticle_extractor[0m [36murl[0m=[35mhttps://jp.reuters.com/markets/world-indices/CWZTNDSHZRLPJLE5PXTW7KPUHY-2026-03-30/[0m [36muser_agent[0m=[35m'Mozilla/5.0 (Macintosh; Intel Mac OS X 10_15_7) Ap...'[0m
[[32m[1minfo     [0m] [1mTrafilatura extraction successful[0m [[0m[1m[34mrss.services.article_extractor[0m][0m [36mmodule[0m=[35marticle_extractor[0m [36mtext_length[0m=[35m461[0m [36mtitle[0m=[35mNone[0m [36murl[0m=[35mhttps://jp.reuters.com/markets/world-indices/CWZTNDSHZRLPJLE5PXTW7KPUHY-2026-03-30/[0m
[[32m[1minfo     [0m] [1mStarting article extraction   [0m [[0m[1m[34mrss.services.article_extractor[0m][0m [36mmodule[0m=[35marticle_extractor[0m [36murl[0m=[35mhttps://jp.reuters.com/world/us/H4GZKBX4ZJOLFEYMDQZ7O6IOGE-2026-03-30/[0m [36muser_agent[0m=[35m'Mozilla/5.0 (Macintosh; Intel Mac OS X 10_15_7) Ap...'[0m
[[32m[1minfo     [0m] [1mTrafilatura extraction successful[0m [[0m[1m[34mrss.services.article_extractor[0m][0m [36mmodule[0m=[35marticle_extractor[0m [36mtext_length[0m=[35m390[0m [36mtitle[0m=[35mNone[0m [36murl[0m=[35mhttps://jp.reuters.com/world/us/H4GZKBX4ZJOLFEYMDQZ7O6IOGE-2026-03-30/[0m
[[32m[1minfo     [0m] [1mStarting article extraction   [0m [[0m[1m[34mrss.services.article_extractor[0m][0m [36mmodule[0m=[35marticle_extractor[0m [36murl[0m=[35mhttps://jp.reuters.com/markets/japan/Q6YSFQVFSRJTDITVZI3TKM2AJU-2026-03-30/[0m [36muser_agent[0m=[35m'Mozilla/5.0 (Macintosh; Intel Mac OS X 10_15_7) Ap...'[0m
[[32m[1minfo     [0m] [1mTrafilatura extraction successful[0m [[0m[1m[34mrss.services.article_extractor[0m][0m [36mmodule[0m=[35marticle_extractor[0m [36mtext_length[0m=[35m424[0m [36mtitle[0m=[35mNone[0m [36murl[0m=[35mhttps://jp.reuters.com/markets/japan/Q6YSFQVFSRJTDITVZI3TKM2AJU-2026-03-30/[0m
[[32m[1minfo     [0m] [1mStarting article extraction   [0m [[0m[1m[34mrss.services.article_extractor[0m][0m [36mmodule[0m=[35marticle_extractor[0m [36murl[0m=[35mhttps://jp.reuters.com/markets/commodities/AID4522G4VNCZDC7ZJW4ZJYDAI-2026-03-30/[0m [36muser_agent[0m=[35m'Mozilla/5.0 (Macintosh; Intel Mac OS X 10_15_7) Ap...'[0m
[[32m[1minfo     [0m] [1mTrafilatura extraction successful[0m [[0m[1m[34mrss.services.article_extractor[0m][0m [36mmodule[0m=[35marticle_extractor[0m [36mtext_length[0m=[35m583[0m [36mtitle[0m=[35mNone[0m [36murl[0m=[35mhttps://jp.reuters.com/markets/commodities/AID4522G4VNCZDC7ZJW4ZJYDAI-2026-03-30/[0m
[[32m[1minfo     [0m] [1mStarting article extraction   [0m [[0m[1m[34mrss.services.article_extractor[0m][0m [36mmodule[0m=[35marticle_extractor[0m [36murl[0m=[35mhttps://jp.reuters.com/markets/japan/BMHOLU2N4ROGREKRZQU7J5IISQ-2026-03-27/[0m [36muser_agent[0m=[35m'Mozilla/5.0 (Macintosh; Intel Mac OS X 10_15_7) Ap...'[0m
[[32m[1minfo     [0m] [1mTrafilatura extraction successful[0m [[0m[1m[34mrss.services.article_extractor[0m][0m [36mmodule[0m=[35marticle_extractor[0m [36mtext_length[0m=[35m696[0m [36mtitle[0m=[35mNone[0m [36murl[0m=[35mhttps://jp.reuters.com/markets/japan/BMHOLU2N4ROGREKRZQU7J5IISQ-2026-03-27/[0m
[[32m[1minfo     [0m] [1mStarting article extraction   [0m [[0m[1m[34mrss.services.article_extractor[0m][0m [36mmodule[0m=[35marticle_extractor[0m [36murl[0m=[35mhttps://jp.reuters.com/markets/japan/6P57A46QXRI4XDV3PZMZDXHLTA-2026-03-27/[0m [36muser_agent[0m=[35m'Mozilla/5.0 (Macintosh; Intel Mac OS X 10_15_7) Ap...'[0m
[[32m[1minfo     [0m] [1mTrafilatura extraction successful[0m [[0m[1m[34mrss.services.article_extractor[0m][0m [36mmodule[0m=[35marticle_extractor[0m [36mtext_length[0m=[35m2060[0m [36mtitle[0m=[35mNone[0m [36murl[0m=[35mhttps://jp.reuters.com/markets/japan/6P57A46QXRI4XDV3PZMZDXHLTA-2026-03-27/[0m
[[32m[1minfo     [0m] [1mStarting article extraction   [0m [[0m[1m[34mrss.services.article_extractor[0m][0m [36mmodule[0m=[35marticle_extractor[0m [36murl[0m=[35mhttps://jp.reuters.com/markets/japan/KFF5B45LGZO6PGELK2337UK67E-2026-03-29/[0m [36muser_agent[0m=[35m'Mozilla/5.0 (Macintosh; Intel Mac OS X 10_15_7) Ap...'[0m
[[32m[1minfo     [0m] [1mTrafilatura extraction successful[0m [[0m[1m[34mrss.services.article_extractor[0m][0m [36mmodule[0m=[35marticle_extractor[0m [36mtext_length[0m=[35m696[0m [36mtitle[0m=[35mNone[0m [36murl[0m=[35mhttps://jp.reuters.com/markets/japan/KFF5B45LGZO6PGELK2337UK67E-2026-03-29/[0m
[[32m[1minfo     [0m] [1mStarting article extraction   [0m [[0m[1m[34mrss.services.article_extractor[0m][0m [36mmodule[0m=[35marticle_extractor[0m [36murl[0m=[35mhttps://jp.reuters.com/business/FAKXCLUSLBO2ZEK5EFA7A5U64U-2026-03-29/[0m [36muser_agent[0m=[35m'Mozilla/5.0 (Macintosh; Intel Mac OS X 10_15_7) Ap...'[0m
[[32m[1minfo     [0m] [1mTrafilatura extraction successful[0m [[0m[1m[34mrss.services.article_extractor[0m][0m [36mmodule[0m=[35marticle_extractor[0m [36mtext_length[0m=[35m111[0m [36mtitle[0m=[35mNone[0m [36murl[0m=[35mhttps://jp.reuters.com/business/FAKXCLUSLBO2ZEK5EFA7A5U64U-2026-03-29/[0m
[[32m[1minfo     [0m] [1mStarting article extraction   [0m [[0m[1m[34mrss.services.article_extractor[0m][0m [36mmodule[0m=[35marticle_extractor[0m [36murl[0m=[35mhttps://jp.reuters.com/markets/commodities/V3HZT4WX75L6TGAKJU6X5VZ2YM-2026-03-29/[0m [36muser_agent[0m=[35m'Mozilla/5.0 (Macintosh; Intel Mac OS X 10_15_7) Ap...'[0m
[[32m[1minfo     [0m] [1mTrafilatura extraction successful[0m [[0m[1m[34mrss.services.article_extractor[0m][0m [36mmodule[0m=[35marticle_extractor[0m [36mtext_length[0m=[35m648[0m [36mtitle[0m=[35mNone[0m [36murl[0m=[35mhttps://jp.reuters.com/markets/commodities/V3HZT4WX75L6TGAKJU6X5VZ2YM-2026-03-29/[0m
[[32m[1minfo     [0m] [1mStarting article extraction   [0m [[0m[1m[34mrss.services.article_extractor[0m][0m [36mmodule[0m=[35marticle_extractor[0m [36murl[0m=[35mhttps://jp.reuters.com/markets/japan/SZ3C326EZRIVBJ7SEMTU22TL2E-2026-03-29/[0m [36muser_agent[0m=[35m'Mozilla/5.0 (Macintosh; Intel Mac OS X 10_15_7) Ap...'[0m
[[32m[1minfo     [0m] [1mTrafilatura extraction successful[0m [[0m[1m[34mrss.services.article_extractor[0m][0m [36mmodule[0m=[35marticle_extractor[0m [36mtext_length[0m=[35m685[0m [36mtitle[0m=[35mNone[0m [36murl[0m=[35mhttps://jp.reuters.com/markets/japan/SZ3C326EZRIVBJ7SEMTU22TL2E-2026-03-29/[0m
[[32m[1minfo     [0m] [1mStarting article extraction   [0m [[0m[1m[34mrss.services.article_extractor[0m][0m [36mmodule[0m=[35marticle_extractor[0m [36murl[0m=[35mhttps://jp.reuters.com/markets/japan/QR55VMPPI5OVLEMBN7M6CVY73U-2026-03-29/[0m [36muser_agent[0m=[35m'Mozilla/5.0 (Macintosh; Intel Mac OS X 10_15_7) Ap...'[0m
[[32m[1minfo     [0m] [1mTrafilatura extraction successful[0m [[0m[1m[34mrss.services.article_extractor[0m][0m [36mmodule[0m=[35marticle_extractor[0m [36mtext_length[0m=[35m265[0m [36mtitle[0m=[35mNone[0m [36murl[0m=[35mhttps://jp.reuters.com/markets/japan/QR55VMPPI5OVLEMBN7M6CVY73U-2026-03-29/[0m
[[32m[1minfo     [0m] [1mStarting article extraction   [0m [[0m[1m[34mrss.services.article_extractor[0m][0m [36mmodule[0m=[35marticle_extractor[0m [36murl[0m=[35mhttps://jp.reuters.com/markets/global-markets/BQQCWVUZDRJ5XH6AYU7RNYN7SQ-2026-03-30/[0m [36muser_agent[0m=[35m'Mozilla/5.0 (Macintosh; Intel Mac OS X 10_15_7) Ap...'[0m
[[32m[1minfo     [0m] [1mTrafilatura extraction successful[0m [[0m[1m[34mrss.services.article_extractor[0m][0m [36mmodule[0m=[35marticle_extractor[0m [36mtext_length[0m=[35m382[0m [36mtitle[0m=[35mNone[0m [36murl[0m=[35mhttps://jp.reuters.com/markets/global-markets/BQQCWVUZDRJ5XH6AYU7RNYN7SQ-2026-03-30/[0m
[[32m[1minfo     [0m] [1mStarting article extraction   [0m [[0m[1m[34mrss.services.article_extractor[0m][0m [36mmodule[0m=[35marticle_extractor[0m [36murl[0m=[35mhttps://jp.reuters.com/markets/commodities/RHMJSAQ6JROIFB6QDUW5VW2MMM-2026-03-30/[0m [36muser_agent[0m=[35m'Mozilla/5.0 (Macintosh; Intel Mac OS X 10_15_7) Ap...'[0m
[[32m[1minfo     [0m] [1mTrafilatura extraction successful[0m [[0m[1m[34mrss.services.article_extractor[0m][0m [36mmodule[0m=[35marticle_extractor[0m [36mtext_length[0m=[35m505[0m [36mtitle[0m=[35mNone[0m [36murl[0m=[35mhttps://jp.reuters.com/markets/commodities/RHMJSAQ6JROIFB6QDUW5VW2MMM-2026-03-30/[0m
[[32m[1minfo     [0m] [1mStarting article extraction   [0m [[0m[1m[34mrss.services.article_extractor[0m][0m [36mmodule[0m=[35marticle_extractor[0m [36murl[0m=[35mhttps://jp.reuters.com/markets/global-markets/CWTSFDDAFVLSBANVJ4C7J5VXZM-2026-03-30/[0m [36muser_agent[0m=[35m'Mozilla/5.0 (Macintosh; Intel Mac OS X 10_15_7) Ap...'[0m
[[32m[1minfo     [0m] [1mTrafilatura extraction successful[0m [[0m[1m[34mrss.services.article_extractor[0m][0m [36mmodule[0m=[35marticle_extractor[0m [36mtext_length[0m=[35m551[0m [36mtitle[0m=[35mNone[0m [36murl[0m=[35mhttps://jp.reuters.com/markets/global-markets/CWTSFDDAFVLSBANVJ4C7J5VXZM-2026-03-30/[0m
[[32m[1minfo     [0m] [1mStarting article extraction   [0m [[0m[1m[34mrss.services.article_extractor[0m][0m [36mmodule[0m=[35marticle_extractor[0m [36murl[0m=[35mhttps://jp.reuters.com/markets/japan/TJCBG674HBKQBPRRHTZLGAH4S4-2026-03-30/[0m [36muser_agent[0m=[35m'Mozilla/5.0 (Macintosh; Intel Mac OS X 10_15_7) Ap...'[0m
[[32m[1minfo     [0m] [1mTrafilatura extraction successful[0m [[0m[1m[34mrss.services.article_extractor[0m][0m [36mmodule[0m=[35marticle_extractor[0m [36mtext_length[0m=[35m326[0m [36mtitle[0m=[35mNone[0m [36murl[0m=[35mhttps://jp.reuters.com/markets/japan/TJCBG674HBKQBPRRHTZLGAH4S4-2026-03-30/[0m
[[32m[1minfo     [0m] [1mStarting article extraction   [0m [[0m[1m[34mrss.services.article_extractor[0m][0m [36mmodule[0m=[35marticle_extractor[0m [36murl[0m=[35mhttps://jp.reuters.com/markets/commodities/W4LSVLC76JL4PIT3MB6ZVCQQBM-2026-03-30/[0m [36muser_agent[0m=[35m'Mozilla/5.0 (Macintosh; Intel Mac OS X 10_15_7) Ap...'[0m
[[32m[1minfo     [0m] [1mTrafilatura extraction successful[0m [[0m[1m[34mrss.services.article_extractor[0m][0m [36mmodule[0m=[35marticle_extractor[0m [36mtext_length[0m=[35m410[0m [36mtitle[0m=[35mNone[0m [36murl[0m=[35mhttps://jp.reuters.com/markets/commodities/W4LSVLC76JL4PIT3MB6ZVCQQBM-2026-03-30/[0m
[[32m[1minfo     [0m] [1mStarting article extraction   [0m [[0m[1m[34mrss.services.article_extractor[0m][0m [36mmodule[0m=[35marticle_extractor[0m [36murl[0m=[35mhttps://jp.reuters.com/economy/bank-of-japan/55AGARDZSNIAJFTPG5GEOXZ6AU-2026-03-30/[0m [36muser_agent[0m=[35m'Mozilla/5.0 (Macintosh; Intel Mac OS X 10_15_7) Ap...'[0m
[[32m[1minfo     [0m] [1mTrafilatura extraction successful[0m [[0m[1m[34mrss.services.article_extractor[0m][0m [36mmodule[0m=[35marticle_extractor[0m [36mtext_length[0m=[35m1741[0m [36mtitle[0m=[35mNone[0m [36murl[0m=[35mhttps://jp.reuters.com/economy/bank-of-japan/55AGARDZSNIAJFTPG5GEOXZ6AU-2026-03-30/[0m
[[32m[1minfo     [0m] [1mStarting article extraction   [0m [[0m[1m[34mrss.services.article_extractor[0m][0m [36mmodule[0m=[35marticle_extractor[0m [36murl[0m=[35mhttps://jp.reuters.com/markets/treasury/65LNIAAPAVL4ZKVZNQP5HOPSOQ-2026-03-30/[0m [36muser_agent[0m=[35m'Mozilla/5.0 (Macintosh; Intel Mac OS X 10_15_7) Ap...'[0m
[[32m[1minfo     [0m] [1mTrafilatura extraction successful[0m [[0m[1m[34mrss.services.article_extractor[0m][0m [36mmodule[0m=[35marticle_extractor[0m [36mtext_length[0m=[35m504[0m [36mtitle[0m=[35mNone[0m [36murl[0m=[35mhttps://jp.reuters.com/markets/treasury/65LNIAAPAVL4ZKVZNQP5HOPSOQ-2026-03-30/[0m
[[32m[1minfo     [0m] [1mStarting article extraction   [0m [[0m[1m[34mrss.services.article_extractor[0m][0m [36mmodule[0m=[35marticle_extractor[0m [36murl[0m=[35mhttps://jp.reuters.com/business/SHT3WXYQ4FMRBF4FUBDNR3HNZ4-2026-03-30/[0m [36muser_agent[0m=[35m'Mozilla/5.0 (Macintosh; Intel Mac OS X 10_15_7) Ap...'[0m
[[32m[1minfo     [0m] [1mTrafilatura extraction successful[0m [[0m[1m[34mrss.services.article_extractor[0m][0m [36mmodule[0m=[35marticle_extractor[0m [36mtext_length[0m=[35m329[0m [36mtitle[0m=[35mNone[0m [36murl[0m=[35mhttps://jp.reuters.com/business/SHT3WXYQ4FMRBF4FUBDNR3HNZ4-2026-03-30/[0m
[[32m[1minfo     [0m] [1mStarting article extraction   [0m [[0m[1m[34mrss.services.article_extractor[0m][0m [36mmodule[0m=[35marticle_extractor[0m [36murl[0m=[35mhttps://jp.reuters.com/markets/japan/5IC34QZJRZNITIADMAQILNF7IA-2026-03-30/[0m [36muser_agent[0m=[35m'Mozilla/5.0 (Macintosh; Intel Mac OS X 10_15_7) Ap...'[0m
[[32m[1minfo     [0m] [1mTrafilatura extraction successful[0m [[0m[1m[34mrss.services.article_extractor[0m][0m [36mmodule[0m=[35marticle_extractor[0m [36mtext_length[0m=[35m473[0m [36mtitle[0m=[35mNone[0m [36murl[0m=[35mhttps://jp.reuters.com/markets/japan/5IC34QZJRZNITIADMAQILNF7IA-2026-03-30/[0m
[[32m[1minfo     [0m] [1mStarting article extraction   [0m [[0m[1m[34mrss.services.article_extractor[0m][0m [36mmodule[0m=[35marticle_extractor[0m [36murl[0m=[35mhttps://jp.reuters.com/markets/japan/62NA6VBI7NLEXMCEFZHNG2TLHU-2026-03-30/[0m [36muser_agent[0m=[35m'Mozilla/5.0 (Macintosh; Intel Mac OS X 10_15_7) Ap...'[0m
[[32m[1minfo     [0m] [1mTrafilatura extraction successful[0m [[0m[1m[34mrss.services.article_extractor[0m][0m [36mmodule[0m=[35marticle_extractor[0m [36mtext_length[0m=[35m975[0m [36mtitle[0m=[35mNone[0m [36murl[0m=[35mhttps://jp.reuters.com/markets/japan/62NA6VBI7NLEXMCEFZHNG2TLHU-2026-03-30/[0m
[[32m[1minfo     [0m] [1mBatch extraction completed    [0m [[0m[1m[34mrss.services.article_extractor[0m][0m [36mfailed[0m=[35m0[0m [36mmodule[0m=[35marticle_extractor[0m [36msuccess[0m=[35m23[0m [36mtotal[0m=[35m23[0m
[[32m[1minfo     [0m] [1mContent post-fetch complete   [0m [[0m[1m[34mnews_scraper.unified[0m][0m [36mfetched[0m=[35m23[0m [36mmodule[0m=[35munified[0m [36mtotal[0m=[35m23[0m
[[32m[1minfo     [0m] [1mFinancial news collection complete[0m [[0m[1m[34mnews_scraper.unified[0m][0m [36melapsed_seconds[0m=[35m30.42[0m [36mmodule[0m=[35munified[0m [36msources[0m=[35m['reuters_jp'][0m [36mtotal_articles[0m=[35m23[0m
[[32m[1minfo     [0m] [1mRawStore: saved=23, dup=0, empty=0[0m [[0m[1m[34mnews_scraper.unified[0m][0m [36mmodule[0m=[35munified[0m
[[32m[1minfo     [0m] [1mCollection complete           [0m [[0m[1m[34m__main__[0m][0m [36marticle_count[0m=[35m23[0m [36mmodule[0m=[35mscrape_finance_news[0m
[[32m[1minfo     [0m] [1mNAS is mounted, using NAS output[0m [[0m[1m[34m__main__[0m][0m [36mmodule[0m=[35mscrape_finance_news[0m [36mpath[0m=[35m/Volumes/personal_folder/scraped/reuters_jp[0m [36msource[0m=[35mreuters_jp[0m
[[32m[1minfo     [0m] [1mOutput directory ready        [0m [[0m[1m[34m__main__[0m][0m [36mmodule[0m=[35mscrape_finance_news[0m [36mpath[0m=[35m/Volumes/personal_folder/scraped/reuters_jp/2026-03-30[0m
[[32m[1minfo     [0m] [1mArticles saved to JSON        [0m [[0m[1m[34m__main__[0m][0m [36mmodule[0m=[35mscrape_finance_news[0m [36mpath[0m=[35m/Volumes/personal_folder/scraped/reuters_jp/2026-03-30/news_030006.json[0m [36mtotal_count[0m=[35m23[0m
[[32m[1minfo     [0m] [1mSave complete                 [0m [[0m[1m[34m__main__[0m][0m [36mcount[0m=[35m23[0m [36mmodule[0m=[35mscrape_finance_news[0m [36moutput_file[0m=[35m/Volumes/personal_folder/scraped/reuters_jp/2026-03-30/news_030006.json[0m [36msource[0m=[35mreuters_jp[0m
[[32m[1minfo     [0m] [1mScraper finished successfully [0m [[0m[1m[34m__main__[0m][0m [36mmodule[0m=[35mscrape_finance_news[0m [36msaved_files[0m=[35m['/Volumes/personal_folder/scraped/reuters_jp/2026-03-30/news_030006.json'][0m [36mtotal_articles[0m=[35m23[0m
[[32m[1minfo     [0m] [1mFinance news scraper starting [0m [[0m[1m[34m__main__[0m][0m [36minclude_content[0m=[35mTrue[0m [36mmax_articles[0m=[35m50[0m [36mmodule[0m=[35mscrape_finance_news[0m [36msources[0m=[35m['reuters_jp'][0m
[[32m[1minfo     [0m] [1mStarting news collection      [0m [[0m[1m[34m__main__[0m][0m [36mmodule[0m=[35mscrape_finance_news[0m [36msources[0m=[35m['reuters_jp'][0m
[[32m[1minfo     [0m] [1mStarting financial news collection (async)[0m [[0m[1m[34mnews_scraper.unified[0m][0m [36minclude_content[0m=[35mTrue[0m [36mmax_articles_per_source[0m=[35m50[0m [36mmodule[0m=[35munified[0m [36msources[0m=[35m['reuters_jp'][0m
[[32m[1minfo     [0m] [1mStarting Reuters JP news collection[0m [[0m[1m[34mnews_scraper.reuters_jp[0m][0m [36mmax_articles_per_source[0m=[35m50[0m [36mmodule[0m=[35mreuters_jp[0m [36msections[0m=[35m['markets', 'business'][0m
[[32m[1minfo     [0m] [1mFetching Reuters JP section   [0m [[0m[1m[34mnews_scraper.reuters_jp[0m][0m [36mmodule[0m=[35mreuters_jp[0m [36msection[0m=[35mmarkets[0m [36murl[0m=[35mhttps://jp.reuters.com/markets/[0m
[[32m[1minfo     [0m] [1mFetching Reuters JP section   [0m [[0m[1m[34mnews_scraper.reuters_jp[0m][0m [36mmodule[0m=[35mreuters_jp[0m [36msection[0m=[35mbusiness[0m [36murl[0m=[35mhttps://jp.reuters.com/business/[0m
[[32m[1minfo     [0m] [1mHTTP Request: GET https://jp.reuters.com/business/ "HTTP/1.1 200 OK"[0m [[0m[1m[34mhttpx[0m][0m
[[32m[1minfo     [0m] [1mHTML fetched (async)          [0m [[0m[1m[34mnews_scraper._html_utils[0m][0m [36mmodule[0m=[35mhtml_utils[0m [36mstatus_code[0m=[35m200[0m [36murl[0m=[35mhttps://jp.reuters.com/business/[0m
[[32m[1minfo     [0m] [1mBusiness page parsed          [0m [[0m[1m[34mnews_scraper.reuters_jp[0m][0m [36marticle_count[0m=[35m20[0m [36mmodule[0m=[35mreuters_jp[0m
[[32m[1minfo     [0m] [1mReuters JP section complete   [0m [[0m[1m[34mnews_scraper.reuters_jp[0m][0m [36mcount[0m=[35m20[0m [36mmodule[0m=[35mreuters_jp[0m [36msection[0m=[35mbusiness[0m
[[32m[1minfo     [0m] [1mHTTP Request: GET https://jp.reuters.com/markets/ "HTTP/1.1 200 OK"[0m [[0m[1m[34mhttpx[0m][0m
[[32m[1minfo     [0m] [1mHTML fetched (async)          [0m [[0m[1m[34mnews_scraper._html_utils[0m][0m [36mmodule[0m=[35mhtml_utils[0m [36mstatus_code[0m=[35m200[0m [36murl[0m=[35mhttps://jp.reuters.com/markets/[0m
[[32m[1minfo     [0m] [1mMarkets page parsed           [0m [[0m[1m[34mnews_scraper.reuters_jp[0m][0m [36marticle_count[0m=[35m6[0m [36mmodule[0m=[35mreuters_jp[0m
[[32m[1minfo     [0m] [1mReuters JP section complete   [0m [[0m[1m[34mnews_scraper.reuters_jp[0m][0m [36mcount[0m=[35m6[0m [36mmodule[0m=[35mreuters_jp[0m [36msection[0m=[35mmarkets[0m
[[32m[1minfo     [0m] [1mReuters JP news collection complete[0m [[0m[1m[34mnews_scraper.reuters_jp[0m][0m [36mmodule[0m=[35mreuters_jp[0m [36mtotal_articles[0m=[35m24[0m
[[32m[1minfo     [0m] [1mSource collection complete    [0m [[0m[1m[34mnews_scraper.unified[0m][0m [36mmodule[0m=[35munified[0m [36msource[0m=[35mreuters_jp[0m [36msource_articles[0m=[35m24[0m
[[32m[1minfo     [0m] [1mFetching content for articles missing it[0m [[0m[1m[34mnews_scraper.unified[0m][0m [36mcount[0m=[35m24[0m [36mmodule[0m=[35munified[0m
[[32m[1minfo     [0m] [1mStarting batch extraction     [0m [[0m[1m[34mrss.services.article_extractor[0m][0m [36mmodule[0m=[35marticle_extractor[0m [36mrate_limit[0m=[35m1.0[0m [36murl_count[0m=[35m24[0m
[[32m[1minfo     [0m] [1mStarting article extraction   [0m [[0m[1m[34mrss.services.article_extractor[0m][0m [36mmodule[0m=[35marticle_extractor[0m [36murl[0m=[35mhttps://jp.reuters.com/markets/global-markets/AGG47XT4MZL2HDBJSFUEODO55A-2026-03-30/[0m [36muser_agent[0m=[35m'Mozilla/5.0 (Macintosh; Intel Mac OS X 10_15_7) Ap...'[0m
[[32m[1minfo     [0m] [1mTrafilatura extraction successful[0m [[0m[1m[34mrss.services.article_extractor[0m][0m [36mmodule[0m=[35marticle_extractor[0m [36mtext_length[0m=[35m430[0m [36mtitle[0m=[35mNone[0m [36murl[0m=[35mhttps://jp.reuters.com/markets/global-markets/AGG47XT4MZL2HDBJSFUEODO55A-2026-03-30/[0m
[[32m[1minfo     [0m] [1mStarting article extraction   [0m [[0m[1m[34mrss.services.article_extractor[0m][0m [36mmodule[0m=[35marticle_extractor[0m [36murl[0m=[35mhttps://jp.reuters.com/markets/global-markets/R32CYCBSDJKZDPX7VWGVXSVXQI-2026-03-30/[0m [36muser_agent[0m=[35m'Mozilla/5.0 (Macintosh; Intel Mac OS X 10_15_7) Ap...'[0m
[[32m[1minfo     [0m] [1mTrafilatura extraction successful[0m [[0m[1m[34mrss.services.article_extractor[0m][0m [36mmodule[0m=[35marticle_extractor[0m [36mtext_length[0m=[35m235[0m [36mtitle[0m=[35mNone[0m [36murl[0m=[35mhttps://jp.reuters.com/markets/global-markets/R32CYCBSDJKZDPX7VWGVXSVXQI-2026-03-30/[0m
[[32m[1minfo     [0m] [1mStarting article extraction   [0m [[0m[1m[34mrss.services.article_extractor[0m][0m [36mmodule[0m=[35marticle_extractor[0m [36murl[0m=[35mhttps://jp.reuters.com/markets/global-markets/NH3YOZFJQNIW3HBOIWFZUEYN5M-2026-03-30/[0m [36muser_agent[0m=[35m'Mozilla/5.0 (Macintosh; Intel Mac OS X 10_15_7) Ap...'[0m
[[32m[1minfo     [0m] [1mTrafilatura extraction successful[0m [[0m[1m[34mrss.services.article_extractor[0m][0m [36mmodule[0m=[35marticle_extractor[0m [36mtext_length[0m=[35m190[0m [36mtitle[0m=[35mNone[0m [36murl[0m=[35mhttps://jp.reuters.com/markets/global-markets/NH3YOZFJQNIW3HBOIWFZUEYN5M-2026-03-30/[0m
[[32m[1minfo     [0m] [1mStarting article extraction   [0m [[0m[1m[34mrss.services.article_extractor[0m][0m [36mmodule[0m=[35marticle_extractor[0m [36murl[0m=[35mhttps://jp.reuters.com/markets/commodities/NBI5XSOOIVJTZDD5CLNMLQELRE-2026-03-30/[0m [36muser_agent[0m=[35m'Mozilla/5.0 (Macintosh; Intel Mac OS X 10_15_7) Ap...'[0m
[[32m[1minfo     [0m] [1mTrafilatura extraction successful[0m [[0m[1m[34mrss.services.article_extractor[0m][0m [36mmodule[0m=[35marticle_extractor[0m [36mtext_length[0m=[35m279[0m [36mtitle[0m=[35mNone[0m [36murl[0m=[35mhttps://jp.reuters.com/markets/commodities/NBI5XSOOIVJTZDD5CLNMLQELRE-2026-03-30/[0m
[[32m[1minfo     [0m] [1mStarting article extraction   [0m [[0m[1m[34mrss.services.article_extractor[0m][0m [36mmodule[0m=[35marticle_extractor[0m [36murl[0m=[35mhttps://jp.reuters.com/markets/commodities/4IPYU4UONNKPDEEOM5RPWHUCNI-2026-03-30/[0m [36muser_agent[0m=[35m'Mozilla/5.0 (Macintosh; Intel Mac OS X 10_15_7) Ap...'[0m
[[32m[1minfo     [0m] [1mTrafilatura extraction successful[0m [[0m[1m[34mrss.services.article_extractor[0m][0m [36mmodule[0m=[35marticle_extractor[0m [36mtext_length[0m=[35m997[0m [36mtitle[0m=[35mNone[0m [36murl[0m=[35mhttps://jp.reuters.com/markets/commodities/4IPYU4UONNKPDEEOM5RPWHUCNI-2026-03-30/[0m
[[32m[1minfo     [0m] [1mStarting article extraction   [0m [[0m[1m[34mrss.services.article_extractor[0m][0m [36mmodule[0m=[35marticle_extractor[0m [36murl[0m=[35mhttps://jp.reuters.com/markets/global-markets/J7GKY55G6JNI3I6T6PSWYQ5ZYU-2026-03-30/[0m [36muser_agent[0m=[35m'Mozilla/5.0 (Macintosh; Intel Mac OS X 10_15_7) Ap...'[0m
[[32m[1minfo     [0m] [1mTrafilatura extraction successful[0m [[0m[1m[34mrss.services.article_extractor[0m][0m [36mmodule[0m=[35marticle_extractor[0m [36mtext_length[0m=[35m239[0m [36mtitle[0m=[35mNone[0m [36murl[0m=[35mhttps://jp.reuters.com/markets/global-markets/J7GKY55G6JNI3I6T6PSWYQ5ZYU-2026-03-30/[0m
[[32m[1minfo     [0m] [1mStarting article extraction   [0m [[0m[1m[34mrss.services.article_extractor[0m][0m [36mmodule[0m=[35marticle_extractor[0m [36murl[0m=[35mhttps://jp.reuters.com/markets/world-indices/CWZTNDSHZRLPJLE5PXTW7KPUHY-2026-03-30/[0m [36muser_agent[0m=[35m'Mozilla/5.0 (Macintosh; Intel Mac OS X 10_15_7) Ap...'[0m
[[32m[1minfo     [0m] [1mTrafilatura extraction successful[0m [[0m[1m[34mrss.services.article_extractor[0m][0m [36mmodule[0m=[35marticle_extractor[0m [36mtext_length[0m=[35m461[0m [36mtitle[0m=[35mNone[0m [36murl[0m=[35mhttps://jp.reuters.com/markets/world-indices/CWZTNDSHZRLPJLE5PXTW7KPUHY-2026-03-30/[0m
[[32m[1minfo     [0m] [1mStarting article extraction   [0m [[0m[1m[34mrss.services.article_extractor[0m][0m [36mmodule[0m=[35marticle_extractor[0m [36murl[0m=[35mhttps://jp.reuters.com/markets/treasury/65LNIAAPAVL4ZKVZNQP5HOPSOQ-2026-03-30/[0m [36muser_agent[0m=[35m'Mozilla/5.0 (Macintosh; Intel Mac OS X 10_15_7) Ap...'[0m
[[32m[1minfo     [0m] [1mTrafilatura extraction successful[0m [[0m[1m[34mrss.services.article_extractor[0m][0m [36mmodule[0m=[35marticle_extractor[0m [36mtext_length[0m=[35m504[0m [36mtitle[0m=[35mNone[0m [36murl[0m=[35mhttps://jp.reuters.com/markets/treasury/65LNIAAPAVL4ZKVZNQP5HOPSOQ-2026-03-30/[0m
[[32m[1minfo     [0m] [1mStarting article extraction   [0m [[0m[1m[34mrss.services.article_extractor[0m][0m [36mmodule[0m=[35marticle_extractor[0m [36murl[0m=[35mhttps://jp.reuters.com/business/SHT3WXYQ4FMRBF4FUBDNR3HNZ4-2026-03-30/[0m [36muser_agent[0m=[35m'Mozilla/5.0 (Macintosh; Intel Mac OS X 10_15_7) Ap...'[0m
[[32m[1minfo     [0m] [1mTrafilatura extraction successful[0m [[0m[1m[34mrss.services.article_extractor[0m][0m [36mmodule[0m=[35marticle_extractor[0m [36mtext_length[0m=[35m329[0m [36mtitle[0m=[35mNone[0m [36murl[0m=[35mhttps://jp.reuters.com/business/SHT3WXYQ4FMRBF4FUBDNR3HNZ4-2026-03-30/[0m
[[32m[1minfo     [0m] [1mStarting article extraction   [0m [[0m[1m[34mrss.services.article_extractor[0m][0m [36mmodule[0m=[35marticle_extractor[0m [36murl[0m=[35mhttps://jp.reuters.com/markets/commodities/AID4522G4VNCZDC7ZJW4ZJYDAI-2026-03-30/[0m [36muser_agent[0m=[35m'Mozilla/5.0 (Macintosh; Intel Mac OS X 10_15_7) Ap...'[0m
[[32m[1minfo     [0m] [1mTrafilatura extraction successful[0m [[0m[1m[34mrss.services.article_extractor[0m][0m [36mmodule[0m=[35marticle_extractor[0m [36mtext_length[0m=[35m583[0m [36mtitle[0m=[35mNone[0m [36murl[0m=[35mhttps://jp.reuters.com/markets/commodities/AID4522G4VNCZDC7ZJW4ZJYDAI-2026-03-30/[0m
[[32m[1minfo     [0m] [1mStarting article extraction   [0m [[0m[1m[34mrss.services.article_extractor[0m][0m [36mmodule[0m=[35marticle_extractor[0m [36murl[0m=[35mhttps://jp.reuters.com/markets/japan/5IC34QZJRZNITIADMAQILNF7IA-2026-03-30/[0m [36muser_agent[0m=[35m'Mozilla/5.0 (Macintosh; Intel Mac OS X 10_15_7) Ap...'[0m
[[32m[1minfo     [0m] [1mTrafilatura extraction successful[0m [[0m[1m[34mrss.services.article_extractor[0m][0m [36mmodule[0m=[35marticle_extractor[0m [36mtext_length[0m=[35m473[0m [36mtitle[0m=[35mNone[0m [36murl[0m=[35mhttps://jp.reuters.com/markets/japan/5IC34QZJRZNITIADMAQILNF7IA-2026-03-30/[0m
[[32m[1minfo     [0m] [1mStarting article extraction   [0m [[0m[1m[34mrss.services.article_extractor[0m][0m [36mmodule[0m=[35marticle_extractor[0m [36murl[0m=[35mhttps://jp.reuters.com/markets/japan/62NA6VBI7NLEXMCEFZHNG2TLHU-2026-03-30/[0m [36muser_agent[0m=[35m'Mozilla/5.0 (Macintosh; Intel Mac OS X 10_15_7) Ap...'[0m
[[32m[1minfo     [0m] [1mTrafilatura extraction successful[0m [[0m[1m[34mrss.services.article_extractor[0m][0m [36mmodule[0m=[35marticle_extractor[0m [36mtext_length[0m=[35m975[0m [36mtitle[0m=[35mNone[0m [36murl[0m=[35mhttps://jp.reuters.com/markets/japan/62NA6VBI7NLEXMCEFZHNG2TLHU-2026-03-30/[0m
[[32m[1minfo     [0m] [1mStarting article extraction   [0m [[0m[1m[34mrss.services.article_extractor[0m][0m [36mmodule[0m=[35marticle_extractor[0m [36murl[0m=[35mhttps://jp.reuters.com/markets/japan/JGWL5NWVUJMITEAREJASC4EOAY-2026-03-30/[0m [36muser_agent[0m=[35m'Mozilla/5.0 (Macintosh; Intel Mac OS X 10_15_7) Ap...'[0m
[[32m[1minfo     [0m] [1mTrafilatura extraction successful[0m [[0m[1m[34mrss.services.article_extractor[0m][0m [36mmodule[0m=[35marticle_extractor[0m [36mtext_length[0m=[35m648[0m [36mtitle[0m=[35mNone[0m [36murl[0m=[35mhttps://jp.reuters.com/markets/japan/JGWL5NWVUJMITEAREJASC4EOAY-2026-03-30/[0m
[[32m[1minfo     [0m] [1mStarting article extraction   [0m [[0m[1m[34mrss.services.article_extractor[0m][0m [36mmodule[0m=[35marticle_extractor[0m [36murl[0m=[35mhttps://jp.reuters.com/markets/japan/QBNDHCPXMFPWRKNBTAIL7FA6MU-2026-03-30/[0m [36muser_agent[0m=[35m'Mozilla/5.0 (Macintosh; Intel Mac OS X 10_15_7) Ap...'[0m
[[32m[1minfo     [0m] [1mTrafilatura extraction successful[0m [[0m[1m[34mrss.services.article_extractor[0m][0m [36mmodule[0m=[35marticle_extractor[0m [36mtext_length[0m=[35m894[0m [36mtitle[0m=[35mNone[0m [36murl[0m=[35mhttps://jp.reuters.com/markets/japan/QBNDHCPXMFPWRKNBTAIL7FA6MU-2026-03-30/[0m
[[32m[1minfo     [0m] [1mStarting article extraction   [0m [[0m[1m[34mrss.services.article_extractor[0m][0m [36mmodule[0m=[35marticle_extractor[0m [36murl[0m=[35mhttps://jp.reuters.com/markets/japan/YGTRO2PJUBIZZDU4OOIBRLMF4M-2026-03-30/[0m [36muser_agent[0m=[35m'Mozilla/5.0 (Macintosh; Intel Mac OS X 10_15_7) Ap...'[0m
[[32m[1minfo     [0m] [1mTrafilatura extraction successful[0m [[0m[1m[34mrss.services.article_extractor[0m][0m [36mmodule[0m=[35marticle_extractor[0m [36mtext_length[0m=[35m519[0m [36mtitle[0m=[35mNone[0m [36murl[0m=[35mhttps://jp.reuters.com/markets/japan/YGTRO2PJUBIZZDU4OOIBRLMF4M-2026-03-30/[0m
[[32m[1minfo     [0m] [1mStarting article extraction   [0m [[0m[1m[34mrss.services.article_extractor[0m][0m [36mmodule[0m=[35marticle_extractor[0m [36murl[0m=[35mhttps://jp.reuters.com/markets/world-indices/IDROEEHIXZPOZBPSTDMC3K3W4A-2026-03-30/[0m [36muser_agent[0m=[35m'Mozilla/5.0 (Macintosh; Intel Mac OS X 10_15_7) Ap...'[0m
[[32m[1minfo     [0m] [1mTrafilatura extraction successful[0m [[0m[1m[34mrss.services.article_extractor[0m][0m [36mmodule[0m=[35marticle_extractor[0m [36mtext_length[0m=[35m144[0m [36mtitle[0m=[35mNone[0m [36murl[0m=[35mhttps://jp.reuters.com/markets/world-indices/IDROEEHIXZPOZBPSTDMC3K3W4A-2026-03-30/[0m
[[32m[1minfo     [0m] [1mStarting article extraction   [0m [[0m[1m[34mrss.services.article_extractor[0m][0m [36mmodule[0m=[35marticle_extractor[0m [36murl[0m=[35mhttps://jp.reuters.com/markets/global-markets/UECLYEMIWRPE5B6WCYDDULEJLQ-2026-03-30/[0m [36muser_agent[0m=[35m'Mozilla/5.0 (Macintosh; Intel Mac OS X 10_15_7) Ap...'[0m
[[32m[1minfo     [0m] [1mTrafilatura extraction successful[0m [[0m[1m[34mrss.services.article_extractor[0m][0m [36mmodule[0m=[35marticle_extractor[0m [36mtext_length[0m=[35m541[0m [36mtitle[0m=[35mNone[0m [36murl[0m=[35mhttps://jp.reuters.com/markets/global-markets/UECLYEMIWRPE5B6WCYDDULEJLQ-2026-03-30/[0m
[[32m[1minfo     [0m] [1mStarting article extraction   [0m [[0m[1m[34mrss.services.article_extractor[0m][0m [36mmodule[0m=[35marticle_extractor[0m [36murl[0m=[35mhttps://jp.reuters.com/markets/global-markets/FMWEUD4YNRIV5LI63ZUWHUSXWI-2026-03-30/[0m [36muser_agent[0m=[35m'Mozilla/5.0 (Macintosh; Intel Mac OS X 10_15_7) Ap...'[0m
[[32m[1minfo     [0m] [1mTrafilatura extraction successful[0m [[0m[1m[34mrss.services.article_extractor[0m][0m [36mmodule[0m=[35marticle_extractor[0m [36mtext_length[0m=[35m629[0m [36mtitle[0m=[35mNone[0m [36murl[0m=[35mhttps://jp.reuters.com/markets/global-markets/FMWEUD4YNRIV5LI63ZUWHUSXWI-2026-03-30/[0m
[[32m[1minfo     [0m] [1mStarting article extraction   [0m [[0m[1m[34mrss.services.article_extractor[0m][0m [36mmodule[0m=[35marticle_extractor[0m [36murl[0m=[35mhttps://jp.reuters.com/markets/treasury/BSOKMESIMFKWZABF5AMPXIDHG4-2026-03-30/[0m [36muser_agent[0m=[35m'Mozilla/5.0 (Macintosh; Intel Mac OS X 10_15_7) Ap...'[0m
[[32m[1minfo     [0m] [1mTrafilatura extraction successful[0m [[0m[1m[34mrss.services.article_extractor[0m][0m [36mmodule[0m=[35marticle_extractor[0m [36mtext_length[0m=[35m1413[0m [36mtitle[0m=[35mNone[0m [36murl[0m=[35mhttps://jp.reuters.com/markets/treasury/BSOKMESIMFKWZABF5AMPXIDHG4-2026-03-30/[0m
[[32m[1minfo     [0m] [1mStarting article extraction   [0m [[0m[1m[34mrss.services.article_extractor[0m][0m [36mmodule[0m=[35marticle_extractor[0m [36murl[0m=[35mhttps://jp.reuters.com/world/japan/FUQXIXWLMVJJTAWIIYY5ELXRKQ-2026-03-30/[0m [36muser_agent[0m=[35m'Mozilla/5.0 (Macintosh; Intel Mac OS X 10_15_7) Ap...'[0m
[[32m[1minfo     [0m] [1mTrafilatura extraction successful[0m [[0m[1m[34mrss.services.article_extractor[0m][0m [36mmodule[0m=[35marticle_extractor[0m [36mtext_length[0m=[35m654[0m [36mtitle[0m=[35mNone[0m [36murl[0m=[35mhttps://jp.reuters.com/world/japan/FUQXIXWLMVJJTAWIIYY5ELXRKQ-2026-03-30/[0m
[[32m[1minfo     [0m] [1mStarting article extraction   [0m [[0m[1m[34mrss.services.article_extractor[0m][0m [36mmodule[0m=[35marticle_extractor[0m [36murl[0m=[35mhttps://jp.reuters.com/world/interview/Q56OLFW325PBBCA67DUGKDR6CI-2026-03-30/[0m [36muser_agent[0m=[35m'Mozilla/5.0 (Macintosh; Intel Mac OS X 10_15_7) Ap...'[0m
[[32m[1minfo     [0m] [1mTrafilatura extraction successful[0m [[0m[1m[34mrss.services.article_extractor[0m][0m [36mmodule[0m=[35marticle_extractor[0m [36mtext_length[0m=[35m1280[0m [36mtitle[0m=[35mNone[0m [36murl[0m=[35mhttps://jp.reuters.com/world/interview/Q56OLFW325PBBCA67DUGKDR6CI-2026-03-30/[0m
[[32m[1minfo     [0m] [1mStarting article extraction   [0m [[0m[1m[34mrss.services.article_extractor[0m][0m [36mmodule[0m=[35marticle_extractor[0m [36murl[0m=[35mhttps://jp.reuters.com/markets/world-indices/XMPS5H64SJLI5ELUN6ZKHIQYSQ-2026-03-30/[0m [36muser_agent[0m=[35m'Mozilla/5.0 (Macintosh; Intel Mac OS X 10_15_7) Ap...'[0m
[[32m[1minfo     [0m] [1mTrafilatura extraction successful[0m [[0m[1m[34mrss.services.article_extractor[0m][0m [36mmodule[0m=[35marticle_extractor[0m [36mtext_length[0m=[35m281[0m [36mtitle[0m=[35mNone[0m [36murl[0m=[35mhttps://jp.reuters.com/markets/world-indices/XMPS5H64SJLI5ELUN6ZKHIQYSQ-2026-03-30/[0m
[[32m[1minfo     [0m] [1mStarting article extraction   [0m [[0m[1m[34mrss.services.article_extractor[0m][0m [36mmodule[0m=[35marticle_extractor[0m [36murl[0m=[35mhttps://jp.reuters.com/markets/japan/IAZRXNGOUFJ6XGC2SXY37SUHOA-2026-03-30/[0m [36muser_agent[0m=[35m'Mozilla/5.0 (Macintosh; Intel Mac OS X 10_15_7) Ap...'[0m
[[32m[1minfo     [0m] [1mTrafilatura extraction successful[0m [[0m[1m[34mrss.services.article_extractor[0m][0m [36mmodule[0m=[35marticle_extractor[0m [36mtext_length[0m=[35m916[0m [36mtitle[0m=[35mNone[0m [36murl[0m=[35mhttps://jp.reuters.com/markets/japan/IAZRXNGOUFJ6XGC2SXY37SUHOA-2026-03-30/[0m
[[32m[1minfo     [0m] [1mStarting article extraction   [0m [[0m[1m[34mrss.services.article_extractor[0m][0m [36mmodule[0m=[35marticle_extractor[0m [36murl[0m=[35mhttps://jp.reuters.com/markets/japan/4EACV5BWCNPR7BHXSWKRKIDACU-2026-03-30/[0m [36muser_agent[0m=[35m'Mozilla/5.0 (Macintosh; Intel Mac OS X 10_15_7) Ap...'[0m
[[32m[1minfo     [0m] [1mTrafilatura extraction successful[0m [[0m[1m[34mrss.services.article_extractor[0m][0m [36mmodule[0m=[35marticle_extractor[0m [36mtext_length[0m=[35m1147[0m [36mtitle[0m=[35mNone[0m [36murl[0m=[35mhttps://jp.reuters.com/markets/japan/4EACV5BWCNPR7BHXSWKRKIDACU-2026-03-30/[0m
[[32m[1minfo     [0m] [1mBatch extraction completed    [0m [[0m[1m[34mrss.services.article_extractor[0m][0m [36mfailed[0m=[35m0[0m [36mmodule[0m=[35marticle_extractor[0m [36msuccess[0m=[35m24[0m [36mtotal[0m=[35m24[0m
[[32m[1minfo     [0m] [1mContent post-fetch complete   [0m [[0m[1m[34mnews_scraper.unified[0m][0m [36mfetched[0m=[35m24[0m [36mmodule[0m=[35munified[0m [36mtotal[0m=[35m24[0m
[[32m[1minfo     [0m] [1mFinancial news collection complete[0m [[0m[1m[34mnews_scraper.unified[0m][0m [36melapsed_seconds[0m=[35m29.47[0m [36mmodule[0m=[35munified[0m [36msources[0m=[35m['reuters_jp'][0m [36mtotal_articles[0m=[35m24[0m
[[32m[1minfo     [0m] [1mRawStore: saved=18, dup=6, empty=0[0m [[0m[1m[34mnews_scraper.unified[0m][0m [36mmodule[0m=[35munified[0m
[[32m[1minfo     [0m] [1mCollection complete           [0m [[0m[1m[34m__main__[0m][0m [36marticle_count[0m=[35m24[0m [36mmodule[0m=[35mscrape_finance_news[0m
[[32m[1minfo     [0m] [1mNAS is mounted, using NAS output[0m [[0m[1m[34m__main__[0m][0m [36mmodule[0m=[35mscrape_finance_news[0m [36mpath[0m=[35m/Volumes/personal_folder/scraped/reuters_jp[0m [36msource[0m=[35mreuters_jp[0m
[[32m[1minfo     [0m] [1mOutput directory ready        [0m [[0m[1m[34m__main__[0m][0m [36mmodule[0m=[35mscrape_finance_news[0m [36mpath[0m=[35m/Volumes/personal_folder/scraped/reuters_jp/2026-03-30[0m
[[32m[1minfo     [0m] [1mArticles saved to JSON        [0m [[0m[1m[34m__main__[0m][0m [36mmodule[0m=[35mscrape_finance_news[0m [36mpath[0m=[35m/Volumes/personal_folder/scraped/reuters_jp/2026-03-30/news_090005.json[0m [36mtotal_count[0m=[35m24[0m
[[32m[1minfo     [0m] [1mSave complete                 [0m [[0m[1m[34m__main__[0m][0m [36mcount[0m=[35m24[0m [36mmodule[0m=[35mscrape_finance_news[0m [36moutput_file[0m=[35m/Volumes/personal_folder/scraped/reuters_jp/2026-03-30/news_090005.json[0m [36msource[0m=[35mreuters_jp[0m
[[32m[1minfo     [0m] [1mScraper finished successfully [0m [[0m[1m[34m__main__[0m][0m [36mmodule[0m=[35mscrape_finance_news[0m [36msaved_files[0m=[35m['/Volumes/personal_folder/scraped/reuters_jp/2026-03-30/news_090005.json'][0m [36mtotal_articles[0m=[35m24[0m
[[32m[1minfo     [0m] [1mFinance news scraper starting [0m [[0m[1m[34m__main__[0m][0m [36minclude_content[0m=[35mTrue[0m [36mmax_articles[0m=[35m50[0m [36mmodule[0m=[35mscrape_finance_news[0m [36msources[0m=[35m['reuters_jp'][0m
[[32m[1minfo     [0m] [1mStarting news collection      [0m [[0m[1m[34m__main__[0m][0m [36mmodule[0m=[35mscrape_finance_news[0m [36msources[0m=[35m['reuters_jp'][0m
[[32m[1minfo     [0m] [1mStarting financial news collection (async)[0m [[0m[1m[34mnews_scraper.unified[0m][0m [36minclude_content[0m=[35mTrue[0m [36mmax_articles_per_source[0m=[35m50[0m [36mmodule[0m=[35munified[0m [36msources[0m=[35m['reuters_jp'][0m
[[32m[1minfo     [0m] [1mStarting Reuters JP news collection[0m [[0m[1m[34mnews_scraper.reuters_jp[0m][0m [36mmax_articles_per_source[0m=[35m50[0m [36mmodule[0m=[35mreuters_jp[0m [36msections[0m=[35m['markets', 'business'][0m
[[32m[1minfo     [0m] [1mFetching Reuters JP section   [0m [[0m[1m[34mnews_scraper.reuters_jp[0m][0m [36mmodule[0m=[35mreuters_jp[0m [36msection[0m=[35mmarkets[0m [36murl[0m=[35mhttps://jp.reuters.com/markets/[0m
[[32m[1minfo     [0m] [1mFetching Reuters JP section   [0m [[0m[1m[34mnews_scraper.reuters_jp[0m][0m [36mmodule[0m=[35mreuters_jp[0m [36msection[0m=[35mbusiness[0m [36murl[0m=[35mhttps://jp.reuters.com/business/[0m
[[32m[1minfo     [0m] [1mHTTP Request: GET https://jp.reuters.com/business/ "HTTP/1.1 200 OK"[0m [[0m[1m[34mhttpx[0m][0m
[[32m[1minfo     [0m] [1mHTML fetched (async)          [0m [[0m[1m[34mnews_scraper._html_utils[0m][0m [36mmodule[0m=[35mhtml_utils[0m [36mstatus_code[0m=[35m200[0m [36murl[0m=[35mhttps://jp.reuters.com/business/[0m
[[32m[1minfo     [0m] [1mBusiness page parsed          [0m [[0m[1m[34mnews_scraper.reuters_jp[0m][0m [36marticle_count[0m=[35m20[0m [36mmodule[0m=[35mreuters_jp[0m
[[32m[1minfo     [0m] [1mReuters JP section complete   [0m [[0m[1m[34mnews_scraper.reuters_jp[0m][0m [36mcount[0m=[35m20[0m [36mmodule[0m=[35mreuters_jp[0m [36msection[0m=[35mbusiness[0m
[[32m[1minfo     [0m] [1mHTTP Request: GET https://jp.reuters.com/markets/ "HTTP/1.1 200 OK"[0m [[0m[1m[34mhttpx[0m][0m
[[32m[1minfo     [0m] [1mHTML fetched (async)          [0m [[0m[1m[34mnews_scraper._html_utils[0m][0m [36mmodule[0m=[35mhtml_utils[0m [36mstatus_code[0m=[35m200[0m [36murl[0m=[35mhttps://jp.reuters.com/markets/[0m
[[32m[1minfo     [0m] [1mMarkets page parsed           [0m [[0m[1m[34mnews_scraper.reuters_jp[0m][0m [36marticle_count[0m=[35m6[0m [36mmodule[0m=[35mreuters_jp[0m
[[32m[1minfo     [0m] [1mReuters JP section complete   [0m [[0m[1m[34mnews_scraper.reuters_jp[0m][0m [36mcount[0m=[35m6[0m [36mmodule[0m=[35mreuters_jp[0m [36msection[0m=[35mmarkets[0m
[[32m[1minfo     [0m] [1mReuters JP news collection complete[0m [[0m[1m[34mnews_scraper.reuters_jp[0m][0m [36mmodule[0m=[35mreuters_jp[0m [36mtotal_articles[0m=[35m24[0m
[[32m[1minfo     [0m] [1mSource collection complete    [0m [[0m[1m[34mnews_scraper.unified[0m][0m [36mmodule[0m=[35munified[0m [36msource[0m=[35mreuters_jp[0m [36msource_articles[0m=[35m24[0m
[[32m[1minfo     [0m] [1mFetching content for articles missing it[0m [[0m[1m[34mnews_scraper.unified[0m][0m [36mcount[0m=[35m24[0m [36mmodule[0m=[35munified[0m
[[32m[1minfo     [0m] [1mStarting batch extraction     [0m [[0m[1m[34mrss.services.article_extractor[0m][0m [36mmodule[0m=[35marticle_extractor[0m [36mrate_limit[0m=[35m1.0[0m [36murl_count[0m=[35m24[0m
[[32m[1minfo     [0m] [1mStarting article extraction   [0m [[0m[1m[34mrss.services.article_extractor[0m][0m [36mmodule[0m=[35marticle_extractor[0m [36murl[0m=[35mhttps://jp.reuters.com/markets/global-markets/R32CYCBSDJKZDPX7VWGVXSVXQI-2026-03-30/[0m [36muser_agent[0m=[35m'Mozilla/5.0 (Macintosh; Intel Mac OS X 10_15_7) Ap...'[0m
[[32m[1minfo     [0m] [1mTrafilatura extraction successful[0m [[0m[1m[34mrss.services.article_extractor[0m][0m [36mmodule[0m=[35marticle_extractor[0m [36mtext_length[0m=[35m235[0m [36mtitle[0m=[35mNone[0m [36murl[0m=[35mhttps://jp.reuters.com/markets/global-markets/R32CYCBSDJKZDPX7VWGVXSVXQI-2026-03-30/[0m
[[32m[1minfo     [0m] [1mStarting article extraction   [0m [[0m[1m[34mrss.services.article_extractor[0m][0m [36mmodule[0m=[35marticle_extractor[0m [36murl[0m=[35mhttps://jp.reuters.com/markets/global-markets/NH3YOZFJQNIW3HBOIWFZUEYN5M-2026-03-30/[0m [36muser_agent[0m=[35m'Mozilla/5.0 (Macintosh; Intel Mac OS X 10_15_7) Ap...'[0m
[[32m[1minfo     [0m] [1mTrafilatura extraction successful[0m [[0m[1m[34mrss.services.article_extractor[0m][0m [36mmodule[0m=[35marticle_extractor[0m [36mtext_length[0m=[35m190[0m [36mtitle[0m=[35mNone[0m [36murl[0m=[35mhttps://jp.reuters.com/markets/global-markets/NH3YOZFJQNIW3HBOIWFZUEYN5M-2026-03-30/[0m
[[32m[1minfo     [0m] [1mStarting article extraction   [0m [[0m[1m[34mrss.services.article_extractor[0m][0m [36mmodule[0m=[35marticle_extractor[0m [36murl[0m=[35mhttps://jp.reuters.com/markets/commodities/NBI5XSOOIVJTZDD5CLNMLQELRE-2026-03-30/[0m [36muser_agent[0m=[35m'Mozilla/5.0 (Macintosh; Intel Mac OS X 10_15_7) Ap...'[0m
[[32m[1minfo     [0m] [1mTrafilatura extraction successful[0m [[0m[1m[34mrss.services.article_extractor[0m][0m [36mmodule[0m=[35marticle_extractor[0m [36mtext_length[0m=[35m279[0m [36mtitle[0m=[35mNone[0m [36murl[0m=[35mhttps://jp.reuters.com/markets/commodities/NBI5XSOOIVJTZDD5CLNMLQELRE-2026-03-30/[0m
[[32m[1minfo     [0m] [1mStarting article extraction   [0m [[0m[1m[34mrss.services.article_extractor[0m][0m [36mmodule[0m=[35marticle_extractor[0m [36murl[0m=[35mhttps://jp.reuters.com/markets/commodities/4IPYU4UONNKPDEEOM5RPWHUCNI-2026-03-30/[0m [36muser_agent[0m=[35m'Mozilla/5.0 (Macintosh; Intel Mac OS X 10_15_7) Ap...'[0m
[[32m[1minfo     [0m] [1mTrafilatura extraction successful[0m [[0m[1m[34mrss.services.article_extractor[0m][0m [36mmodule[0m=[35marticle_extractor[0m [36mtext_length[0m=[35m997[0m [36mtitle[0m=[35mNone[0m [36murl[0m=[35mhttps://jp.reuters.com/markets/commodities/4IPYU4UONNKPDEEOM5RPWHUCNI-2026-03-30/[0m
[[32m[1minfo     [0m] [1mStarting article extraction   [0m [[0m[1m[34mrss.services.article_extractor[0m][0m [36mmodule[0m=[35marticle_extractor[0m [36murl[0m=[35mhttps://jp.reuters.com/markets/global-markets/J7GKY55G6JNI3I6T6PSWYQ5ZYU-2026-03-30/[0m [36muser_agent[0m=[35m'Mozilla/5.0 (Macintosh; Intel Mac OS X 10_15_7) Ap...'[0m
[[32m[1minfo     [0m] [1mTrafilatura extraction successful[0m [[0m[1m[34mrss.services.article_extractor[0m][0m [36mmodule[0m=[35marticle_extractor[0m [36mtext_length[0m=[35m239[0m [36mtitle[0m=[35mNone[0m [36murl[0m=[35mhttps://jp.reuters.com/markets/global-markets/J7GKY55G6JNI3I6T6PSWYQ5ZYU-2026-03-30/[0m
[[32m[1minfo     [0m] [1mStarting article extraction   [0m [[0m[1m[34mrss.services.article_extractor[0m][0m [36mmodule[0m=[35marticle_extractor[0m [36murl[0m=[35mhttps://jp.reuters.com/markets/global-markets/6LHRKXR6X5JF3INBCDCFY3ESGI-2026-03-30/[0m [36muser_agent[0m=[35m'Mozilla/5.0 (Macintosh; Intel Mac OS X 10_15_7) Ap...'[0m
[[32m[1minfo     [0m] [1mTrafilatura extraction successful[0m [[0m[1m[34mrss.services.article_extractor[0m][0m [36mmodule[0m=[35marticle_extractor[0m [36mtext_length[0m=[35m99[0m [36mtitle[0m=[35mNone[0m [36murl[0m=[35mhttps://jp.reuters.com/markets/global-markets/6LHRKXR6X5JF3INBCDCFY3ESGI-2026-03-30/[0m
[[32m[1minfo     [0m] [1mStarting article extraction   [0m [[0m[1m[34mrss.services.article_extractor[0m][0m [36mmodule[0m=[35marticle_extractor[0m [36murl[0m=[35mhttps://jp.reuters.com/markets/japan/62NA6VBI7NLEXMCEFZHNG2TLHU-2026-03-30/[0m [36muser_agent[0m=[35m'Mozilla/5.0 (Macintosh; Intel Mac OS X 10_15_7) Ap...'[0m
[[32m[1minfo     [0m] [1mTrafilatura extraction successful[0m [[0m[1m[34mrss.services.article_extractor[0m][0m [36mmodule[0m=[35marticle_extractor[0m [36mtext_length[0m=[35m975[0m [36mtitle[0m=[35mNone[0m [36murl[0m=[35mhttps://jp.reuters.com/markets/japan/62NA6VBI7NLEXMCEFZHNG2TLHU-2026-03-30/[0m
[[32m[1minfo     [0m] [1mStarting article extraction   [0m [[0m[1m[34mrss.services.article_extractor[0m][0m [36mmodule[0m=[35marticle_extractor[0m [36murl[0m=[35mhttps://jp.reuters.com/markets/japan/JGWL5NWVUJMITEAREJASC4EOAY-2026-03-30/[0m [36muser_agent[0m=[35m'Mozilla/5.0 (Macintosh; Intel Mac OS X 10_15_7) Ap...'[0m
[[32m[1minfo     [0m] [1mTrafilatura extraction successful[0m [[0m[1m[34mrss.services.article_extractor[0m][0m [36mmodule[0m=[35marticle_extractor[0m [36mtext_length[0m=[35m648[0m [36mtitle[0m=[35mNone[0m [36murl[0m=[35mhttps://jp.reuters.com/markets/japan/JGWL5NWVUJMITEAREJASC4EOAY-2026-03-30/[0m
[[32m[1minfo     [0m] [1mStarting article extraction   [0m [[0m[1m[34mrss.services.article_extractor[0m][0m [36mmodule[0m=[35marticle_extractor[0m [36murl[0m=[35mhttps://jp.reuters.com/markets/japan/QBNDHCPXMFPWRKNBTAIL7FA6MU-2026-03-30/[0m [36muser_agent[0m=[35m'Mozilla/5.0 (Macintosh; Intel Mac OS X 10_15_7) Ap...'[0m
[[32m[1minfo     [0m] [1mTrafilatura extraction successful[0m [[0m[1m[34mrss.services.article_extractor[0m][0m [36mmodule[0m=[35marticle_extractor[0m [36mtext_length[0m=[35m894[0m [36mtitle[0m=[35mNone[0m [36murl[0m=[35mhttps://jp.reuters.com/markets/japan/QBNDHCPXMFPWRKNBTAIL7FA6MU-2026-03-30/[0m
[[32m[1minfo     [0m] [1mStarting article extraction   [0m [[0m[1m[34mrss.services.article_extractor[0m][0m [36mmodule[0m=[35marticle_extractor[0m [36murl[0m=[35mhttps://jp.reuters.com/markets/japan/YGTRO2PJUBIZZDU4OOIBRLMF4M-2026-03-30/[0m [36muser_agent[0m=[35m'Mozilla/5.0 (Macintosh; Intel Mac OS X 10_15_7) Ap...'[0m
[[32m[1minfo     [0m] [1mTrafilatura extraction successful[0m [[0m[1m[34mrss.services.article_extractor[0m][0m [36mmodule[0m=[35marticle_extractor[0m [36mtext_length[0m=[35m519[0m [36mtitle[0m=[35mNone[0m [36murl[0m=[35mhttps://jp.reuters.com/markets/japan/YGTRO2PJUBIZZDU4OOIBRLMF4M-2026-03-30/[0m
[[32m[1minfo     [0m] [1mStarting article extraction   [0m [[0m[1m[34mrss.services.article_extractor[0m][0m [36mmodule[0m=[35marticle_extractor[0m [36murl[0m=[35mhttps://jp.reuters.com/markets/world-indices/IDROEEHIXZPOZBPSTDMC3K3W4A-2026-03-30/[0m [36muser_agent[0m=[35m'Mozilla/5.0 (Macintosh; Intel Mac OS X 10_15_7) Ap...'[0m
[[32m[1minfo     [0m] [1mTrafilatura extraction successful[0m [[0m[1m[34mrss.services.article_extractor[0m][0m [36mmodule[0m=[35marticle_extractor[0m [36mtext_length[0m=[35m144[0m [36mtitle[0m=[35mNone[0m [36murl[0m=[35mhttps://jp.reuters.com/markets/world-indices/IDROEEHIXZPOZBPSTDMC3K3W4A-2026-03-30/[0m
[[32m[1minfo     [0m] [1mStarting article extraction   [0m [[0m[1m[34mrss.services.article_extractor[0m][0m [36mmodule[0m=[35marticle_extractor[0m [36murl[0m=[35mhttps://jp.reuters.com/markets/global-markets/UECLYEMIWRPE5B6WCYDDULEJLQ-2026-03-30/[0m [36muser_agent[0m=[35m'Mozilla/5.0 (Macintosh; Intel Mac OS X 10_15_7) Ap...'[0m
[[32m[1minfo     [0m] [1mTrafilatura extraction successful[0m [[0m[1m[34mrss.services.article_extractor[0m][0m [36mmodule[0m=[35marticle_extractor[0m [36mtext_length[0m=[35m541[0m [36mtitle[0m=[35mNone[0m [36murl[0m=[35mhttps://jp.reuters.com/markets/global-markets/UECLYEMIWRPE5B6WCYDDULEJLQ-2026-03-30/[0m
[[32m[1minfo     [0m] [1mStarting article extraction   [0m [[0m[1m[34mrss.services.article_extractor[0m][0m [36mmodule[0m=[35marticle_extractor[0m [36murl[0m=[35mhttps://jp.reuters.com/markets/global-markets/FMWEUD4YNRIV5LI63ZUWHUSXWI-2026-03-30/[0m [36muser_agent[0m=[35m'Mozilla/5.0 (Macintosh; Intel Mac OS X 10_15_7) Ap...'[0m
[[32m[1minfo     [0m] [1mTrafilatura extraction successful[0m [[0m[1m[34mrss.services.article_extractor[0m][0m [36mmodule[0m=[35marticle_extractor[0m [36mtext_length[0m=[35m629[0m [36mtitle[0m=[35mNone[0m [36murl[0m=[35mhttps://jp.reuters.com/markets/global-markets/FMWEUD4YNRIV5LI63ZUWHUSXWI-2026-03-30/[0m
[[32m[1minfo     [0m] [1mStarting article extraction   [0m [[0m[1m[34mrss.services.article_extractor[0m][0m [36mmodule[0m=[35marticle_extractor[0m [36murl[0m=[35mhttps://jp.reuters.com/markets/treasury/BSOKMESIMFKWZABF5AMPXIDHG4-2026-03-30/[0m [36muser_agent[0m=[35m'Mozilla/5.0 (Macintosh; Intel Mac OS X 10_15_7) Ap...'[0m
[[32m[1minfo     [0m] [1mTrafilatura extraction successful[0m [[0m[1m[34mrss.services.article_extractor[0m][0m [36mmodule[0m=[35marticle_extractor[0m [36mtext_length[0m=[35m1413[0m [36mtitle[0m=[35mNone[0m [36murl[0m=[35mhttps://jp.reuters.com/markets/treasury/BSOKMESIMFKWZABF5AMPXIDHG4-2026-03-30/[0m
[[32m[1minfo     [0m] [1mStarting article extraction   [0m [[0m[1m[34mrss.services.article_extractor[0m][0m [36mmodule[0m=[35marticle_extractor[0m [36murl[0m=[35mhttps://jp.reuters.com/world/japan/FUQXIXWLMVJJTAWIIYY5ELXRKQ-2026-03-30/[0m [36muser_agent[0m=[35m'Mozilla/5.0 (Macintosh; Intel Mac OS X 10_15_7) Ap...'[0m
[[32m[1minfo     [0m] [1mTrafilatura extraction successful[0m [[0m[1m[34mrss.services.article_extractor[0m][0m [36mmodule[0m=[35marticle_extractor[0m [36mtext_length[0m=[35m654[0m [36mtitle[0m=[35mNone[0m [36murl[0m=[35mhttps://jp.reuters.com/world/japan/FUQXIXWLMVJJTAWIIYY5ELXRKQ-2026-03-30/[0m
[[32m[1minfo     [0m] [1mStarting article extraction   [0m [[0m[1m[34mrss.services.article_extractor[0m][0m [36mmodule[0m=[35marticle_extractor[0m [36murl[0m=[35mhttps://jp.reuters.com/world/interview/Q56OLFW325PBBCA67DUGKDR6CI-2026-03-30/[0m [36muser_agent[0m=[35m'Mozilla/5.0 (Macintosh; Intel Mac OS X 10_15_7) Ap...'[0m
[[32m[1minfo     [0m] [1mTrafilatura extraction successful[0m [[0m[1m[34mrss.services.article_extractor[0m][0m [36mmodule[0m=[35marticle_extractor[0m [36mtext_length[0m=[35m1280[0m [36mtitle[0m=[35mNone[0m [36murl[0m=[35mhttps://jp.reuters.com/world/interview/Q56OLFW325PBBCA67DUGKDR6CI-2026-03-30/[0m
[[32m[1minfo     [0m] [1mStarting article extraction   [0m [[0m[1m[34mrss.services.article_extractor[0m][0m [36mmodule[0m=[35marticle_extractor[0m [36murl[0m=[35mhttps://jp.reuters.com/markets/world-indices/XMPS5H64SJLI5ELUN6ZKHIQYSQ-2026-03-30/[0m [36muser_agent[0m=[35m'Mozilla/5.0 (Macintosh; Intel Mac OS X 10_15_7) Ap...'[0m
[[32m[1minfo     [0m] [1mTrafilatura extraction successful[0m [[0m[1m[34mrss.services.article_extractor[0m][0m [36mmodule[0m=[35marticle_extractor[0m [36mtext_length[0m=[35m281[0m [36mtitle[0m=[35mNone[0m [36murl[0m=[35mhttps://jp.reuters.com/markets/world-indices/XMPS5H64SJLI5ELUN6ZKHIQYSQ-2026-03-30/[0m
[[32m[1minfo     [0m] [1mStarting article extraction   [0m [[0m[1m[34mrss.services.article_extractor[0m][0m [36mmodule[0m=[35marticle_extractor[0m [36murl[0m=[35mhttps://jp.reuters.com/markets/japan/IAZRXNGOUFJ6XGC2SXY37SUHOA-2026-03-30/[0m [36muser_agent[0m=[35m'Mozilla/5.0 (Macintosh; Intel Mac OS X 10_15_7) Ap...'[0m
[[32m[1minfo     [0m] [1mTrafilatura extraction successful[0m [[0m[1m[34mrss.services.article_extractor[0m][0m [36mmodule[0m=[35marticle_extractor[0m [36mtext_length[0m=[35m916[0m [36mtitle[0m=[35mNone[0m [36murl[0m=[35mhttps://jp.reuters.com/markets/japan/IAZRXNGOUFJ6XGC2SXY37SUHOA-2026-03-30/[0m
[[32m[1minfo     [0m] [1mStarting article extraction   [0m [[0m[1m[34mrss.services.article_extractor[0m][0m [36mmodule[0m=[35marticle_extractor[0m [36murl[0m=[35mhttps://jp.reuters.com/markets/global-markets/AGG47XT4MZL2HDBJSFUEODO55A-2026-03-30/[0m [36muser_agent[0m=[35m'Mozilla/5.0 (Macintosh; Intel Mac OS X 10_15_7) Ap...'[0m
[[32m[1minfo     [0m] [1mTrafilatura extraction successful[0m [[0m[1m[34mrss.services.article_extractor[0m][0m [36mmodule[0m=[35marticle_extractor[0m [36mtext_length[0m=[35m430[0m [36mtitle[0m=[35mNone[0m [36murl[0m=[35mhttps://jp.reuters.com/markets/global-markets/AGG47XT4MZL2HDBJSFUEODO55A-2026-03-30/[0m
[[32m[1minfo     [0m] [1mStarting article extraction   [0m [[0m[1m[34mrss.services.article_extractor[0m][0m [36mmodule[0m=[35marticle_extractor[0m [36murl[0m=[35mhttps://jp.reuters.com/markets/japan/4EACV5BWCNPR7BHXSWKRKIDACU-2026-03-30/[0m [36muser_agent[0m=[35m'Mozilla/5.0 (Macintosh; Intel Mac OS X 10_15_7) Ap...'[0m
[[32m[1minfo     [0m] [1mTrafilatura extraction successful[0m [[0m[1m[34mrss.services.article_extractor[0m][0m [36mmodule[0m=[35marticle_extractor[0m [36mtext_length[0m=[35m1147[0m [36mtitle[0m=[35mNone[0m [36murl[0m=[35mhttps://jp.reuters.com/markets/japan/4EACV5BWCNPR7BHXSWKRKIDACU-2026-03-30/[0m
[[32m[1minfo     [0m] [1mStarting article extraction   [0m [[0m[1m[34mrss.services.article_extractor[0m][0m [36mmodule[0m=[35marticle_extractor[0m [36murl[0m=[35mhttps://jp.reuters.com/business/W5Y2HH7IE5IM3LNHSBQNRTU55M-2026-03-30/[0m [36muser_agent[0m=[35m'Mozilla/5.0 (Macintosh; Intel Mac OS X 10_15_7) Ap...'[0m
[[32m[1minfo     [0m] [1mTrafilatura extraction successful[0m [[0m[1m[34mrss.services.article_extractor[0m][0m [36mmodule[0m=[35marticle_extractor[0m [36mtext_length[0m=[35m458[0m [36mtitle[0m=[35mNone[0m [36murl[0m=[35mhttps://jp.reuters.com/business/W5Y2HH7IE5IM3LNHSBQNRTU55M-2026-03-30/[0m
[[32m[1minfo     [0m] [1mStarting article extraction   [0m [[0m[1m[34mrss.services.article_extractor[0m][0m [36mmodule[0m=[35marticle_extractor[0m [36murl[0m=[35mhttps://jp.reuters.com/markets/japan/T7SDZWMBPZPJFLAE2QAJ7HNEMM-2026-03-30/[0m [36muser_agent[0m=[35m'Mozilla/5.0 (Macintosh; Intel Mac OS X 10_15_7) Ap...'[0m
[[32m[1minfo     [0m] [1mTrafilatura extraction successful[0m [[0m[1m[34mrss.services.article_extractor[0m][0m [36mmodule[0m=[35marticle_extractor[0m [36mtext_length[0m=[35m248[0m [36mtitle[0m=[35mNone[0m [36murl[0m=[35mhttps://jp.reuters.com/markets/japan/T7SDZWMBPZPJFLAE2QAJ7HNEMM-2026-03-30/[0m
[[32m[1minfo     [0m] [1mStarting article extraction   [0m [[0m[1m[34mrss.services.article_extractor[0m][0m [36mmodule[0m=[35marticle_extractor[0m [36murl[0m=[35mhttps://jp.reuters.com/markets/japan/YBZHR45KIBOFRF5CWWCFNQ4DIQ-2026-03-30/[0m [36muser_agent[0m=[35m'Mozilla/5.0 (Macintosh; Intel Mac OS X 10_15_7) Ap...'[0m
[[32m[1minfo     [0m] [1mTrafilatura extraction successful[0m [[0m[1m[34mrss.services.article_extractor[0m][0m [36mmodule[0m=[35marticle_extractor[0m [36mtext_length[0m=[35m744[0m [36mtitle[0m=[35mNone[0m [36murl[0m=[35mhttps://jp.reuters.com/markets/japan/YBZHR45KIBOFRF5CWWCFNQ4DIQ-2026-03-30/[0m
[[32m[1minfo     [0m] [1mStarting article extraction   [0m [[0m[1m[34mrss.services.article_extractor[0m][0m [36mmodule[0m=[35marticle_extractor[0m [36murl[0m=[35mhttps://jp.reuters.com/markets/japan/M4USOEKPXRLJ3BYV4VYAURCLH4-2026-03-30/[0m [36muser_agent[0m=[35m'Mozilla/5.0 (Macintosh; Intel Mac OS X 10_15_7) Ap...'[0m
[[32m[1minfo     [0m] [1mTrafilatura extraction successful[0m [[0m[1m[34mrss.services.article_extractor[0m][0m [36mmodule[0m=[35marticle_extractor[0m [36mtext_length[0m=[35m429[0m [36mtitle[0m=[35mNone[0m [36murl[0m=[35mhttps://jp.reuters.com/markets/japan/M4USOEKPXRLJ3BYV4VYAURCLH4-2026-03-30/[0m
[[32m[1minfo     [0m] [1mBatch extraction completed    [0m [[0m[1m[34mrss.services.article_extractor[0m][0m [36mfailed[0m=[35m0[0m [36mmodule[0m=[35marticle_extractor[0m [36msuccess[0m=[35m24[0m [36mtotal[0m=[35m24[0m
[[32m[1minfo     [0m] [1mContent post-fetch complete   [0m [[0m[1m[34mnews_scraper.unified[0m][0m [36mfetched[0m=[35m24[0m [36mmodule[0m=[35munified[0m [36mtotal[0m=[35m24[0m
[[32m[1minfo     [0m] [1mFinancial news collection complete[0m [[0m[1m[34mnews_scraper.unified[0m][0m [36melapsed_seconds[0m=[35m33.81[0m [36mmodule[0m=[35munified[0m [36msources[0m=[35m['reuters_jp'][0m [36mtotal_articles[0m=[35m24[0m
[[32m[1minfo     [0m] [1mRawStore: saved=5, dup=19, empty=0[0m [[0m[1m[34mnews_scraper.unified[0m][0m [36mmodule[0m=[35munified[0m
[[32m[1minfo     [0m] [1mCollection complete           [0m [[0m[1m[34m__main__[0m][0m [36marticle_count[0m=[35m24[0m [36mmodule[0m=[35mscrape_finance_news[0m
[[32m[1minfo     [0m] [1mNAS is mounted, using NAS output[0m [[0m[1m[34m__main__[0m][0m [36mmodule[0m=[35mscrape_finance_news[0m [36mpath[0m=[35m/Volumes/personal_folder/scraped/reuters_jp[0m [36msource[0m=[35mreuters_jp[0m
[[32m[1minfo     [0m] [1mOutput directory ready        [0m [[0m[1m[34m__main__[0m][0m [36mmodule[0m=[35mscrape_finance_news[0m [36mpath[0m=[35m/Volumes/personal_folder/scraped/reuters_jp/2026-03-30[0m
[[32m[1minfo     [0m] [1mArticles saved to JSON        [0m [[0m[1m[34m__main__[0m][0m [36mmodule[0m=[35mscrape_finance_news[0m [36mpath[0m=[35m/Volumes/personal_folder/scraped/reuters_jp/2026-03-30/news_150004.json[0m [36mtotal_count[0m=[35m24[0m
[[32m[1minfo     [0m] [1mSave complete                 [0m [[0m[1m[34m__main__[0m][0m [36mcount[0m=[35m24[0m [36mmodule[0m=[35mscrape_finance_news[0m [36moutput_file[0m=[35m/Volumes/personal_folder/scraped/reuters_jp/2026-03-30/news_150004.json[0m [36msource[0m=[35mreuters_jp[0m
[[32m[1minfo     [0m] [1mScraper finished successfully [0m [[0m[1m[34m__main__[0m][0m [36mmodule[0m=[35mscrape_finance_news[0m [36msaved_files[0m=[35m['/Volumes/personal_folder/scraped/reuters_jp/2026-03-30/news_150004.json'][0m [36mtotal_articles[0m=[35m24[0m
[[32m[1minfo     [0m] [1mFinance news scraper starting [0m [[0m[1m[34m__main__[0m][0m [36minclude_content[0m=[35mTrue[0m [36mmax_articles[0m=[35m50[0m [36mmodule[0m=[35mscrape_finance_news[0m [36msources[0m=[35m['reuters_jp'][0m
[[32m[1minfo     [0m] [1mStarting news collection      [0m [[0m[1m[34m__main__[0m][0m [36mmodule[0m=[35mscrape_finance_news[0m [36msources[0m=[35m['reuters_jp'][0m
[[32m[1minfo     [0m] [1mStarting financial news collection (async)[0m [[0m[1m[34mnews_scraper.unified[0m][0m [36minclude_content[0m=[35mTrue[0m [36mmax_articles_per_source[0m=[35m50[0m [36mmodule[0m=[35munified[0m [36msources[0m=[35m['reuters_jp'][0m
[[32m[1minfo     [0m] [1mStarting Reuters JP news collection[0m [[0m[1m[34mnews_scraper.reuters_jp[0m][0m [36mmax_articles_per_source[0m=[35m50[0m [36mmodule[0m=[35mreuters_jp[0m [36msections[0m=[35m['markets', 'business'][0m
[[32m[1minfo     [0m] [1mFetching Reuters JP section   [0m [[0m[1m[34mnews_scraper.reuters_jp[0m][0m [36mmodule[0m=[35mreuters_jp[0m [36msection[0m=[35mmarkets[0m [36murl[0m=[35mhttps://jp.reuters.com/markets/[0m
[[32m[1minfo     [0m] [1mFetching Reuters JP section   [0m [[0m[1m[34mnews_scraper.reuters_jp[0m][0m [36mmodule[0m=[35mreuters_jp[0m [36msection[0m=[35mbusiness[0m [36murl[0m=[35mhttps://jp.reuters.com/business/[0m
[[32m[1minfo     [0m] [1mHTTP Request: GET https://jp.reuters.com/business/ "HTTP/1.1 200 OK"[0m [[0m[1m[34mhttpx[0m][0m
[[32m[1minfo     [0m] [1mHTTP Request: GET https://jp.reuters.com/markets/ "HTTP/1.1 200 OK"[0m [[0m[1m[34mhttpx[0m][0m
[[32m[1minfo     [0m] [1mHTML fetched (async)          [0m [[0m[1m[34mnews_scraper._html_utils[0m][0m [36mmodule[0m=[35mhtml_utils[0m [36mstatus_code[0m=[35m200[0m [36murl[0m=[35mhttps://jp.reuters.com/business/[0m
[[32m[1minfo     [0m] [1mBusiness page parsed          [0m [[0m[1m[34mnews_scraper.reuters_jp[0m][0m [36marticle_count[0m=[35m20[0m [36mmodule[0m=[35mreuters_jp[0m
[[32m[1minfo     [0m] [1mReuters JP section complete   [0m [[0m[1m[34mnews_scraper.reuters_jp[0m][0m [36mcount[0m=[35m20[0m [36mmodule[0m=[35mreuters_jp[0m [36msection[0m=[35mbusiness[0m
[[32m[1minfo     [0m] [1mHTML fetched (async)          [0m [[0m[1m[34mnews_scraper._html_utils[0m][0m [36mmodule[0m=[35mhtml_utils[0m [36mstatus_code[0m=[35m200[0m [36murl[0m=[35mhttps://jp.reuters.com/markets/[0m
[[32m[1minfo     [0m] [1mMarkets page parsed           [0m [[0m[1m[34mnews_scraper.reuters_jp[0m][0m [36marticle_count[0m=[35m6[0m [36mmodule[0m=[35mreuters_jp[0m
[[32m[1minfo     [0m] [1mReuters JP section complete   [0m [[0m[1m[34mnews_scraper.reuters_jp[0m][0m [36mcount[0m=[35m6[0m [36mmodule[0m=[35mreuters_jp[0m [36msection[0m=[35mmarkets[0m
[[32m[1minfo     [0m] [1mReuters JP news collection complete[0m [[0m[1m[34mnews_scraper.reuters_jp[0m][0m [36mmodule[0m=[35mreuters_jp[0m [36mtotal_articles[0m=[35m24[0m
[[32m[1minfo     [0m] [1mSource collection complete    [0m [[0m[1m[34mnews_scraper.unified[0m][0m [36mmodule[0m=[35munified[0m [36msource[0m=[35mreuters_jp[0m [36msource_articles[0m=[35m24[0m
[[32m[1minfo     [0m] [1mFetching content for articles missing it[0m [[0m[1m[34mnews_scraper.unified[0m][0m [36mcount[0m=[35m24[0m [36mmodule[0m=[35munified[0m
[[32m[1minfo     [0m] [1mStarting batch extraction     [0m [[0m[1m[34mrss.services.article_extractor[0m][0m [36mmodule[0m=[35marticle_extractor[0m [36mrate_limit[0m=[35m1.0[0m [36murl_count[0m=[35m24[0m
[[32m[1minfo     [0m] [1mStarting article extraction   [0m [[0m[1m[34mrss.services.article_extractor[0m][0m [36mmodule[0m=[35marticle_extractor[0m [36murl[0m=[35mhttps://jp.reuters.com/markets/global-markets/R32CYCBSDJKZDPX7VWGVXSVXQI-2026-03-30/[0m [36muser_agent[0m=[35m'Mozilla/5.0 (Macintosh; Intel Mac OS X 10_15_7) Ap...'[0m
[[32m[1minfo     [0m] [1mTrafilatura extraction successful[0m [[0m[1m[34mrss.services.article_extractor[0m][0m [36mmodule[0m=[35marticle_extractor[0m [36mtext_length[0m=[35m235[0m [36mtitle[0m=[35mNone[0m [36murl[0m=[35mhttps://jp.reuters.com/markets/global-markets/R32CYCBSDJKZDPX7VWGVXSVXQI-2026-03-30/[0m
[[32m[1minfo     [0m] [1mStarting article extraction   [0m [[0m[1m[34mrss.services.article_extractor[0m][0m [36mmodule[0m=[35marticle_extractor[0m [36murl[0m=[35mhttps://jp.reuters.com/markets/global-markets/NH3YOZFJQNIW3HBOIWFZUEYN5M-2026-03-30/[0m [36muser_agent[0m=[35m'Mozilla/5.0 (Macintosh; Intel Mac OS X 10_15_7) Ap...'[0m
[[32m[1minfo     [0m] [1mTrafilatura extraction successful[0m [[0m[1m[34mrss.services.article_extractor[0m][0m [36mmodule[0m=[35marticle_extractor[0m [36mtext_length[0m=[35m190[0m [36mtitle[0m=[35mNone[0m [36murl[0m=[35mhttps://jp.reuters.com/markets/global-markets/NH3YOZFJQNIW3HBOIWFZUEYN5M-2026-03-30/[0m
[[32m[1minfo     [0m] [1mStarting article extraction   [0m [[0m[1m[34mrss.services.article_extractor[0m][0m [36mmodule[0m=[35marticle_extractor[0m [36murl[0m=[35mhttps://jp.reuters.com/markets/commodities/NBI5XSOOIVJTZDD5CLNMLQELRE-2026-03-30/[0m [36muser_agent[0m=[35m'Mozilla/5.0 (Macintosh; Intel Mac OS X 10_15_7) Ap...'[0m
[[32m[1minfo     [0m] [1mTrafilatura extraction successful[0m [[0m[1m[34mrss.services.article_extractor[0m][0m [36mmodule[0m=[35marticle_extractor[0m [36mtext_length[0m=[35m279[0m [36mtitle[0m=[35mNone[0m [36murl[0m=[35mhttps://jp.reuters.com/markets/commodities/NBI5XSOOIVJTZDD5CLNMLQELRE-2026-03-30/[0m
[[32m[1minfo     [0m] [1mStarting article extraction   [0m [[0m[1m[34mrss.services.article_extractor[0m][0m [36mmodule[0m=[35marticle_extractor[0m [36murl[0m=[35mhttps://jp.reuters.com/markets/commodities/4IPYU4UONNKPDEEOM5RPWHUCNI-2026-03-30/[0m [36muser_agent[0m=[35m'Mozilla/5.0 (Macintosh; Intel Mac OS X 10_15_7) Ap...'[0m
[[32m[1minfo     [0m] [1mTrafilatura extraction successful[0m [[0m[1m[34mrss.services.article_extractor[0m][0m [36mmodule[0m=[35marticle_extractor[0m [36mtext_length[0m=[35m997[0m [36mtitle[0m=[35mNone[0m [36murl[0m=[35mhttps://jp.reuters.com/markets/commodities/4IPYU4UONNKPDEEOM5RPWHUCNI-2026-03-30/[0m
[[32m[1minfo     [0m] [1mStarting article extraction   [0m [[0m[1m[34mrss.services.article_extractor[0m][0m [36mmodule[0m=[35marticle_extractor[0m [36murl[0m=[35mhttps://jp.reuters.com/markets/global-markets/J7GKY55G6JNI3I6T6PSWYQ5ZYU-2026-03-30/[0m [36muser_agent[0m=[35m'Mozilla/5.0 (Macintosh; Intel Mac OS X 10_15_7) Ap...'[0m
[[32m[1minfo     [0m] [1mTrafilatura extraction successful[0m [[0m[1m[34mrss.services.article_extractor[0m][0m [36mmodule[0m=[35marticle_extractor[0m [36mtext_length[0m=[35m239[0m [36mtitle[0m=[35mNone[0m [36murl[0m=[35mhttps://jp.reuters.com/markets/global-markets/J7GKY55G6JNI3I6T6PSWYQ5ZYU-2026-03-30/[0m
[[32m[1minfo     [0m] [1mStarting article extraction   [0m [[0m[1m[34mrss.services.article_extractor[0m][0m [36mmodule[0m=[35marticle_extractor[0m [36murl[0m=[35mhttps://jp.reuters.com/markets/global-markets/6LHRKXR6X5JF3INBCDCFY3ESGI-2026-03-30/[0m [36muser_agent[0m=[35m'Mozilla/5.0 (Macintosh; Intel Mac OS X 10_15_7) Ap...'[0m
[[32m[1minfo     [0m] [1mTrafilatura extraction successful[0m [[0m[1m[34mrss.services.article_extractor[0m][0m [36mmodule[0m=[35marticle_extractor[0m [36mtext_length[0m=[35m99[0m [36mtitle[0m=[35mNone[0m [36murl[0m=[35mhttps://jp.reuters.com/markets/global-markets/6LHRKXR6X5JF3INBCDCFY3ESGI-2026-03-30/[0m
[[32m[1minfo     [0m] [1mStarting article extraction   [0m [[0m[1m[34mrss.services.article_extractor[0m][0m [36mmodule[0m=[35marticle_extractor[0m [36murl[0m=[35mhttps://jp.reuters.com/markets/global-markets/FMWEUD4YNRIV5LI63ZUWHUSXWI-2026-03-30/[0m [36muser_agent[0m=[35m'Mozilla/5.0 (Macintosh; Intel Mac OS X 10_15_7) Ap...'[0m
[[32m[1minfo     [0m] [1mTrafilatura extraction successful[0m [[0m[1m[34mrss.services.article_extractor[0m][0m [36mmodule[0m=[35marticle_extractor[0m [36mtext_length[0m=[35m629[0m [36mtitle[0m=[35mNone[0m [36murl[0m=[35mhttps://jp.reuters.com/markets/global-markets/FMWEUD4YNRIV5LI63ZUWHUSXWI-2026-03-30/[0m
[[32m[1minfo     [0m] [1mStarting article extraction   [0m [[0m[1m[34mrss.services.article_extractor[0m][0m [36mmodule[0m=[35marticle_extractor[0m [36murl[0m=[35mhttps://jp.reuters.com/markets/treasury/BSOKMESIMFKWZABF5AMPXIDHG4-2026-03-30/[0m [36muser_agent[0m=[35m'Mozilla/5.0 (Macintosh; Intel Mac OS X 10_15_7) Ap...'[0m
[[32m[1minfo     [0m] [1mTrafilatura extraction successful[0m [[0m[1m[34mrss.services.article_extractor[0m][0m [36mmodule[0m=[35marticle_extractor[0m [36mtext_length[0m=[35m1413[0m [36mtitle[0m=[35mNone[0m [36murl[0m=[35mhttps://jp.reuters.com/markets/treasury/BSOKMESIMFKWZABF5AMPXIDHG4-2026-03-30/[0m
[[32m[1minfo     [0m] [1mStarting article extraction   [0m [[0m[1m[34mrss.services.article_extractor[0m][0m [36mmodule[0m=[35marticle_extractor[0m [36murl[0m=[35mhttps://jp.reuters.com/world/japan/FUQXIXWLMVJJTAWIIYY5ELXRKQ-2026-03-30/[0m [36muser_agent[0m=[35m'Mozilla/5.0 (Macintosh; Intel Mac OS X 10_15_7) Ap...'[0m
[[32m[1minfo     [0m] [1mTrafilatura extraction successful[0m [[0m[1m[34mrss.services.article_extractor[0m][0m [36mmodule[0m=[35marticle_extractor[0m [36mtext_length[0m=[35m654[0m [36mtitle[0m=[35mNone[0m [36murl[0m=[35mhttps://jp.reuters.com/world/japan/FUQXIXWLMVJJTAWIIYY5ELXRKQ-2026-03-30/[0m
[[32m[1minfo     [0m] [1mStarting article extraction   [0m [[0m[1m[34mrss.services.article_extractor[0m][0m [36mmodule[0m=[35marticle_extractor[0m [36murl[0m=[35mhttps://jp.reuters.com/world/interview/Q56OLFW325PBBCA67DUGKDR6CI-2026-03-30/[0m [36muser_agent[0m=[35m'Mozilla/5.0 (Macintosh; Intel Mac OS X 10_15_7) Ap...'[0m
[[32m[1minfo     [0m] [1mTrafilatura extraction successful[0m [[0m[1m[34mrss.services.article_extractor[0m][0m [36mmodule[0m=[35marticle_extractor[0m [36mtext_length[0m=[35m1280[0m [36mtitle[0m=[35mNone[0m [36murl[0m=[35mhttps://jp.reuters.com/world/interview/Q56OLFW325PBBCA67DUGKDR6CI-2026-03-30/[0m
[[32m[1minfo     [0m] [1mStarting article extraction   [0m [[0m[1m[34mrss.services.article_extractor[0m][0m [36mmodule[0m=[35marticle_extractor[0m [36murl[0m=[35mhttps://jp.reuters.com/markets/world-indices/XMPS5H64SJLI5ELUN6ZKHIQYSQ-2026-03-30/[0m [36muser_agent[0m=[35m'Mozilla/5.0 (Macintosh; Intel Mac OS X 10_15_7) Ap...'[0m
[[32m[1minfo     [0m] [1mTrafilatura extraction successful[0m [[0m[1m[34mrss.services.article_extractor[0m][0m [36mmodule[0m=[35marticle_extractor[0m [36mtext_length[0m=[35m281[0m [36mtitle[0m=[35mNone[0m [36murl[0m=[35mhttps://jp.reuters.com/markets/world-indices/XMPS5H64SJLI5ELUN6ZKHIQYSQ-2026-03-30/[0m
[[32m[1minfo     [0m] [1mStarting article extraction   [0m [[0m[1m[34mrss.services.article_extractor[0m][0m [36mmodule[0m=[35marticle_extractor[0m [36murl[0m=[35mhttps://jp.reuters.com/markets/japan/IAZRXNGOUFJ6XGC2SXY37SUHOA-2026-03-30/[0m [36muser_agent[0m=[35m'Mozilla/5.0 (Macintosh; Intel Mac OS X 10_15_7) Ap...'[0m
[[32m[1minfo     [0m] [1mTrafilatura extraction successful[0m [[0m[1m[34mrss.services.article_extractor[0m][0m [36mmodule[0m=[35marticle_extractor[0m [36mtext_length[0m=[35m916[0m [36mtitle[0m=[35mNone[0m [36murl[0m=[35mhttps://jp.reuters.com/markets/japan/IAZRXNGOUFJ6XGC2SXY37SUHOA-2026-03-30/[0m
[[32m[1minfo     [0m] [1mStarting article extraction   [0m [[0m[1m[34mrss.services.article_extractor[0m][0m [36mmodule[0m=[35marticle_extractor[0m [36murl[0m=[35mhttps://jp.reuters.com/markets/global-markets/AGG47XT4MZL2HDBJSFUEODO55A-2026-03-30/[0m [36muser_agent[0m=[35m'Mozilla/5.0 (Macintosh; Intel Mac OS X 10_15_7) Ap...'[0m
[[32m[1minfo     [0m] [1mTrafilatura extraction successful[0m [[0m[1m[34mrss.services.article_extractor[0m][0m [36mmodule[0m=[35marticle_extractor[0m [36mtext_length[0m=[35m430[0m [36mtitle[0m=[35mNone[0m [36murl[0m=[35mhttps://jp.reuters.com/markets/global-markets/AGG47XT4MZL2HDBJSFUEODO55A-2026-03-30/[0m
[[32m[1minfo     [0m] [1mStarting article extraction   [0m [[0m[1m[34mrss.services.article_extractor[0m][0m [36mmodule[0m=[35marticle_extractor[0m [36murl[0m=[35mhttps://jp.reuters.com/markets/japan/4EACV5BWCNPR7BHXSWKRKIDACU-2026-03-30/[0m [36muser_agent[0m=[35m'Mozilla/5.0 (Macintosh; Intel Mac OS X 10_15_7) Ap...'[0m
[[32m[1minfo     [0m] [1mTrafilatura extraction successful[0m [[0m[1m[34mrss.services.article_extractor[0m][0m [36mmodule[0m=[35marticle_extractor[0m [36mtext_length[0m=[35m1147[0m [36mtitle[0m=[35mNone[0m [36murl[0m=[35mhttps://jp.reuters.com/markets/japan/4EACV5BWCNPR7BHXSWKRKIDACU-2026-03-30/[0m
[[32m[1minfo     [0m] [1mStarting article extraction   [0m [[0m[1m[34mrss.services.article_extractor[0m][0m [36mmodule[0m=[35marticle_extractor[0m [36murl[0m=[35mhttps://jp.reuters.com/business/W5Y2HH7IE5IM3LNHSBQNRTU55M-2026-03-30/[0m [36muser_agent[0m=[35m'Mozilla/5.0 (Macintosh; Intel Mac OS X 10_15_7) Ap...'[0m
[[32m[1minfo     [0m] [1mTrafilatura extraction successful[0m [[0m[1m[34mrss.services.article_extractor[0m][0m [36mmodule[0m=[35marticle_extractor[0m [36mtext_length[0m=[35m458[0m [36mtitle[0m=[35mNone[0m [36murl[0m=[35mhttps://jp.reuters.com/business/W5Y2HH7IE5IM3LNHSBQNRTU55M-2026-03-30/[0m
[[32m[1minfo     [0m] [1mStarting article extraction   [0m [[0m[1m[34mrss.services.article_extractor[0m][0m [36mmodule[0m=[35marticle_extractor[0m [36murl[0m=[35mhttps://jp.reuters.com/markets/japan/T7SDZWMBPZPJFLAE2QAJ7HNEMM-2026-03-30/[0m [36muser_agent[0m=[35m'Mozilla/5.0 (Macintosh; Intel Mac OS X 10_15_7) Ap...'[0m
[[32m[1minfo     [0m] [1mTrafilatura extraction successful[0m [[0m[1m[34mrss.services.article_extractor[0m][0m [36mmodule[0m=[35marticle_extractor[0m [36mtext_length[0m=[35m248[0m [36mtitle[0m=[35mNone[0m [36murl[0m=[35mhttps://jp.reuters.com/markets/japan/T7SDZWMBPZPJFLAE2QAJ7HNEMM-2026-03-30/[0m
[[32m[1minfo     [0m] [1mStarting article extraction   [0m [[0m[1m[34mrss.services.article_extractor[0m][0m [36mmodule[0m=[35marticle_extractor[0m [36murl[0m=[35mhttps://jp.reuters.com/markets/japan/YBZHR45KIBOFRF5CWWCFNQ4DIQ-2026-03-30/[0m [36muser_agent[0m=[35m'Mozilla/5.0 (Macintosh; Intel Mac OS X 10_15_7) Ap...'[0m
[[32m[1minfo     [0m] [1mTrafilatura extraction successful[0m [[0m[1m[34mrss.services.article_extractor[0m][0m [36mmodule[0m=[35marticle_extractor[0m [36mtext_length[0m=[35m744[0m [36mtitle[0m=[35mNone[0m [36murl[0m=[35mhttps://jp.reuters.com/markets/japan/YBZHR45KIBOFRF5CWWCFNQ4DIQ-2026-03-30/[0m
[[32m[1minfo     [0m] [1mStarting article extraction   [0m [[0m[1m[34mrss.services.article_extractor[0m][0m [36mmodule[0m=[35marticle_extractor[0m [36murl[0m=[35mhttps://jp.reuters.com/markets/japan/M4USOEKPXRLJ3BYV4VYAURCLH4-2026-03-30/[0m [36muser_agent[0m=[35m'Mozilla/5.0 (Macintosh; Intel Mac OS X 10_15_7) Ap...'[0m
[[32m[1minfo     [0m] [1mTrafilatura extraction successful[0m [[0m[1m[34mrss.services.article_extractor[0m][0m [36mmodule[0m=[35marticle_extractor[0m [36mtext_length[0m=[35m429[0m [36mtitle[0m=[35mNone[0m [36murl[0m=[35mhttps://jp.reuters.com/markets/japan/M4USOEKPXRLJ3BYV4VYAURCLH4-2026-03-30/[0m
[[32m[1minfo     [0m] [1mStarting article extraction   [0m [[0m[1m[34mrss.services.article_extractor[0m][0m [36mmodule[0m=[35marticle_extractor[0m [36murl[0m=[35mhttps://jp.reuters.com/markets/japan/ZPM3NFWUFRMDLDUGPONJVNYYSU-2026-03-30/[0m [36muser_agent[0m=[35m'Mozilla/5.0 (Macintosh; Intel Mac OS X 10_15_7) Ap...'[0m
[[32m[1minfo     [0m] [1mTrafilatura extraction successful[0m [[0m[1m[34mrss.services.article_extractor[0m][0m [36mmodule[0m=[35marticle_extractor[0m [36mtext_length[0m=[35m936[0m [36mtitle[0m=[35mNone[0m [36murl[0m=[35mhttps://jp.reuters.com/markets/japan/ZPM3NFWUFRMDLDUGPONJVNYYSU-2026-03-30/[0m
[[32m[1minfo     [0m] [1mStarting article extraction   [0m [[0m[1m[34mrss.services.article_extractor[0m][0m [36mmodule[0m=[35marticle_extractor[0m [36murl[0m=[35mhttps://jp.reuters.com/markets/japan/7XEOP5VDXVLVTNA5J5STZFXIEU-2026-03-30/[0m [36muser_agent[0m=[35m'Mozilla/5.0 (Macintosh; Intel Mac OS X 10_15_7) Ap...'[0m
[[32m[1minfo     [0m] [1mTrafilatura extraction successful[0m [[0m[1m[34mrss.services.article_extractor[0m][0m [36mmodule[0m=[35marticle_extractor[0m [36mtext_length[0m=[35m397[0m [36mtitle[0m=[35mNone[0m [36murl[0m=[35mhttps://jp.reuters.com/markets/japan/7XEOP5VDXVLVTNA5J5STZFXIEU-2026-03-30/[0m
[[32m[1minfo     [0m] [1mStarting article extraction   [0m [[0m[1m[34mrss.services.article_extractor[0m][0m [36mmodule[0m=[35marticle_extractor[0m [36murl[0m=[35mhttps://jp.reuters.com/markets/japan/HH25QRBL7NO45DZ5VCHNGS2IOM-2026-03-30/[0m [36muser_agent[0m=[35m'Mozilla/5.0 (Macintosh; Intel Mac OS X 10_15_7) Ap...'[0m
[[32m[1minfo     [0m] [1mTrafilatura extraction successful[0m [[0m[1m[34mrss.services.article_extractor[0m][0m [36mmodule[0m=[35marticle_extractor[0m [36mtext_length[0m=[35m521[0m [36mtitle[0m=[35mNone[0m [36murl[0m=[35mhttps://jp.reuters.com/markets/japan/HH25QRBL7NO45DZ5VCHNGS2IOM-2026-03-30/[0m
[[32m[1minfo     [0m] [1mStarting article extraction   [0m [[0m[1m[34mrss.services.article_extractor[0m][0m [36mmodule[0m=[35marticle_extractor[0m [36murl[0m=[35mhttps://jp.reuters.com/markets/japan/6J3TX5AOVRLAZNTV4HJD7SI5GY-2026-03-30/[0m [36muser_agent[0m=[35m'Mozilla/5.0 (Macintosh; Intel Mac OS X 10_15_7) Ap...'[0m
[[32m[1minfo     [0m] [1mTrafilatura extraction successful[0m [[0m[1m[34mrss.services.article_extractor[0m][0m [36mmodule[0m=[35marticle_extractor[0m [36mtext_length[0m=[35m423[0m [36mtitle[0m=[35mNone[0m [36murl[0m=[35mhttps://jp.reuters.com/markets/japan/6J3TX5AOVRLAZNTV4HJD7SI5GY-2026-03-30/[0m
[[32m[1minfo     [0m] [1mStarting article extraction   [0m [[0m[1m[34mrss.services.article_extractor[0m][0m [36mmodule[0m=[35marticle_extractor[0m [36murl[0m=[35mhttps://jp.reuters.com/markets/japan/XERO5SOC6RNFVKIU3CFNRLGDZQ-2026-03-30/[0m [36muser_agent[0m=[35m'Mozilla/5.0 (Macintosh; Intel Mac OS X 10_15_7) Ap...'[0m
[[32m[1minfo     [0m] [1mTrafilatura extraction successful[0m [[0m[1m[34mrss.services.article_extractor[0m][0m [36mmodule[0m=[35marticle_extractor[0m [36mtext_length[0m=[35m1161[0m [36mtitle[0m=[35mNone[0m [36murl[0m=[35mhttps://jp.reuters.com/markets/japan/XERO5SOC6RNFVKIU3CFNRLGDZQ-2026-03-30/[0m
[[32m[1minfo     [0m] [1mStarting article extraction   [0m [[0m[1m[34mrss.services.article_extractor[0m][0m [36mmodule[0m=[35marticle_extractor[0m [36murl[0m=[35mhttps://jp.reuters.com/markets/japan/6Q4DRA2QRJNIZBYGP4SW5IUSSA-2026-03-30/[0m [36muser_agent[0m=[35m'Mozilla/5.0 (Macintosh; Intel Mac OS X 10_15_7) Ap...'[0m
[[32m[1minfo     [0m] [1mTrafilatura extraction successful[0m [[0m[1m[34mrss.services.article_extractor[0m][0m [36mmodule[0m=[35marticle_extractor[0m [36mtext_length[0m=[35m291[0m [36mtitle[0m=[35mNone[0m [36murl[0m=[35mhttps://jp.reuters.com/markets/japan/6Q4DRA2QRJNIZBYGP4SW5IUSSA-2026-03-30/[0m
[[32m[1minfo     [0m] [1mBatch extraction completed    [0m [[0m[1m[34mrss.services.article_extractor[0m][0m [36mfailed[0m=[35m0[0m [36mmodule[0m=[35marticle_extractor[0m [36msuccess[0m=[35m24[0m [36mtotal[0m=[35m24[0m
[[32m[1minfo     [0m] [1mContent post-fetch complete   [0m [[0m[1m[34mnews_scraper.unified[0m][0m [36mfetched[0m=[35m24[0m [36mmodule[0m=[35munified[0m [36mtotal[0m=[35m24[0m
[[32m[1minfo     [0m] [1mFinancial news collection complete[0m [[0m[1m[34mnews_scraper.unified[0m][0m [36melapsed_seconds[0m=[35m32.39[0m [36mmodule[0m=[35munified[0m [36msources[0m=[35m['reuters_jp'][0m [36mtotal_articles[0m=[35m24[0m
[[32m[1minfo     [0m] [1mRawStore: saved=6, dup=18, empty=0[0m [[0m[1m[34mnews_scraper.unified[0m][0m [36mmodule[0m=[35munified[0m
[[32m[1minfo     [0m] [1mCollection complete           [0m [[0m[1m[34m__main__[0m][0m [36marticle_count[0m=[35m24[0m [36mmodule[0m=[35mscrape_finance_news[0m
[[32m[1minfo     [0m] [1mNAS is mounted, using NAS output[0m [[0m[1m[34m__main__[0m][0m [36mmodule[0m=[35mscrape_finance_news[0m [36mpath[0m=[35m/Volumes/personal_folder/scraped/reuters_jp[0m [36msource[0m=[35mreuters_jp[0m
[[32m[1minfo     [0m] [1mOutput directory ready        [0m [[0m[1m[34m__main__[0m][0m [36mmodule[0m=[35mscrape_finance_news[0m [36mpath[0m=[35m/Volumes/personal_folder/scraped/reuters_jp/2026-03-30[0m
[[32m[1minfo     [0m] [1mArticles saved to JSON        [0m [[0m[1m[34m__main__[0m][0m [36mmodule[0m=[35mscrape_finance_news[0m [36mpath[0m=[35m/Volumes/personal_folder/scraped/reuters_jp/2026-03-30/news_210005.json[0m [36mtotal_count[0m=[35m24[0m
[[32m[1minfo     [0m] [1mSave complete                 [0m [[0m[1m[34m__main__[0m][0m [36mcount[0m=[35m24[0m [36mmodule[0m=[35mscrape_finance_news[0m [36moutput_file[0m=[35m/Volumes/personal_folder/scraped/reuters_jp/2026-03-30/news_210005.json[0m [36msource[0m=[35mreuters_jp[0m
[[32m[1minfo     [0m] [1mScraper finished successfully [0m [[0m[1m[34m__main__[0m][0m [36mmodule[0m=[35mscrape_finance_news[0m [36msaved_files[0m=[35m['/Volumes/personal_folder/scraped/reuters_jp/2026-03-30/news_210005.json'][0m [36mtotal_articles[0m=[35m24[0m
[[32m[1minfo     [0m] [1mFinance news scraper starting [0m [[0m[1m[34m__main__[0m][0m [36minclude_content[0m=[35mTrue[0m [36mmax_articles[0m=[35m50[0m [36mmodule[0m=[35mscrape_finance_news[0m [36msources[0m=[35m['reuters_jp'][0m
[[32m[1minfo     [0m] [1mStarting news collection      [0m [[0m[1m[34m__main__[0m][0m [36mmodule[0m=[35mscrape_finance_news[0m [36msources[0m=[35m['reuters_jp'][0m
[[32m[1minfo     [0m] [1mStarting financial news collection (async)[0m [[0m[1m[34mnews_scraper.unified[0m][0m [36minclude_content[0m=[35mTrue[0m [36mmax_articles_per_source[0m=[35m50[0m [36mmodule[0m=[35munified[0m [36msources[0m=[35m['reuters_jp'][0m
[[32m[1minfo     [0m] [1mStarting Reuters JP news collection[0m [[0m[1m[34mnews_scraper.reuters_jp[0m][0m [36mmax_articles_per_source[0m=[35m50[0m [36mmodule[0m=[35mreuters_jp[0m [36msections[0m=[35m['markets', 'business'][0m
[[32m[1minfo     [0m] [1mFetching Reuters JP section   [0m [[0m[1m[34mnews_scraper.reuters_jp[0m][0m [36mmodule[0m=[35mreuters_jp[0m [36msection[0m=[35mmarkets[0m [36murl[0m=[35mhttps://jp.reuters.com/markets/[0m
[[32m[1minfo     [0m] [1mFetching Reuters JP section   [0m [[0m[1m[34mnews_scraper.reuters_jp[0m][0m [36mmodule[0m=[35mreuters_jp[0m [36msection[0m=[35mbusiness[0m [36murl[0m=[35mhttps://jp.reuters.com/business/[0m
[[32m[1minfo     [0m] [1mHTTP Request: GET https://jp.reuters.com/markets/ "HTTP/1.1 200 OK"[0m [[0m[1m[34mhttpx[0m][0m
[[32m[1minfo     [0m] [1mHTTP Request: GET https://jp.reuters.com/business/ "HTTP/1.1 200 OK"[0m [[0m[1m[34mhttpx[0m][0m
[[32m[1minfo     [0m] [1mHTML fetched (async)          [0m [[0m[1m[34mnews_scraper._html_utils[0m][0m [36mmodule[0m=[35mhtml_utils[0m [36mstatus_code[0m=[35m200[0m [36murl[0m=[35mhttps://jp.reuters.com/markets/[0m
[[32m[1minfo     [0m] [1mMarkets page parsed           [0m [[0m[1m[34mnews_scraper.reuters_jp[0m][0m [36marticle_count[0m=[35m6[0m [36mmodule[0m=[35mreuters_jp[0m
[[32m[1minfo     [0m] [1mReuters JP section complete   [0m [[0m[1m[34mnews_scraper.reuters_jp[0m][0m [36mcount[0m=[35m6[0m [36mmodule[0m=[35mreuters_jp[0m [36msection[0m=[35mmarkets[0m
[[32m[1minfo     [0m] [1mHTML fetched (async)          [0m [[0m[1m[34mnews_scraper._html_utils[0m][0m [36mmodule[0m=[35mhtml_utils[0m [36mstatus_code[0m=[35m200[0m [36murl[0m=[35mhttps://jp.reuters.com/business/[0m
[[32m[1minfo     [0m] [1mBusiness page parsed          [0m [[0m[1m[34mnews_scraper.reuters_jp[0m][0m [36marticle_count[0m=[35m20[0m [36mmodule[0m=[35mreuters_jp[0m
[[32m[1minfo     [0m] [1mReuters JP section complete   [0m [[0m[1m[34mnews_scraper.reuters_jp[0m][0m [36mcount[0m=[35m20[0m [36mmodule[0m=[35mreuters_jp[0m [36msection[0m=[35mbusiness[0m
[[32m[1minfo     [0m] [1mReuters JP news collection complete[0m [[0m[1m[34mnews_scraper.reuters_jp[0m][0m [36mmodule[0m=[35mreuters_jp[0m [36mtotal_articles[0m=[35m23[0m
[[32m[1minfo     [0m] [1mSource collection complete    [0m [[0m[1m[34mnews_scraper.unified[0m][0m [36mmodule[0m=[35munified[0m [36msource[0m=[35mreuters_jp[0m [36msource_articles[0m=[35m23[0m
[[32m[1minfo     [0m] [1mFetching content for articles missing it[0m [[0m[1m[34mnews_scraper.unified[0m][0m [36mcount[0m=[35m23[0m [36mmodule[0m=[35munified[0m
[[32m[1minfo     [0m] [1mStarting batch extraction     [0m [[0m[1m[34mrss.services.article_extractor[0m][0m [36mmodule[0m=[35marticle_extractor[0m [36mrate_limit[0m=[35m1.0[0m [36murl_count[0m=[35m23[0m
[[32m[1minfo     [0m] [1mStarting article extraction   [0m [[0m[1m[34mrss.services.article_extractor[0m][0m [36mmodule[0m=[35marticle_extractor[0m [36murl[0m=[35mhttps://jp.reuters.com/markets/japan/XERO5SOC6RNFVKIU3CFNRLGDZQ-2026-03-30/[0m [36muser_agent[0m=[35m'Mozilla/5.0 (Macintosh; Intel Mac OS X 10_15_7) Ap...'[0m
[[32m[1minfo     [0m] [1mTrafilatura extraction successful[0m [[0m[1m[34mrss.services.article_extractor[0m][0m [36mmodule[0m=[35marticle_extractor[0m [36mtext_length[0m=[35m1161[0m [36mtitle[0m=[35mNone[0m [36murl[0m=[35mhttps://jp.reuters.com/markets/japan/XERO5SOC6RNFVKIU3CFNRLGDZQ-2026-03-30/[0m
[[32m[1minfo     [0m] [1mStarting article extraction   [0m [[0m[1m[34mrss.services.article_extractor[0m][0m [36mmodule[0m=[35marticle_extractor[0m [36murl[0m=[35mhttps://jp.reuters.com/markets/japan/6Q4DRA2QRJNIZBYGP4SW5IUSSA-2026-03-30/[0m [36muser_agent[0m=[35m'Mozilla/5.0 (Macintosh; Intel Mac OS X 10_15_7) Ap...'[0m
[[32m[1minfo     [0m] [1mTrafilatura extraction successful[0m [[0m[1m[34mrss.services.article_extractor[0m][0m [36mmodule[0m=[35marticle_extractor[0m [36mtext_length[0m=[35m1044[0m [36mtitle[0m=[35mNone[0m [36murl[0m=[35mhttps://jp.reuters.com/markets/japan/6Q4DRA2QRJNIZBYGP4SW5IUSSA-2026-03-30/[0m
[[32m[1minfo     [0m] [1mStarting article extraction   [0m [[0m[1m[34mrss.services.article_extractor[0m][0m [36mmodule[0m=[35marticle_extractor[0m [36murl[0m=[35mhttps://jp.reuters.com/markets/japan/WLGQI7G3UJI3NNZZZIIUAVFKDM-2026-03-30/[0m [36muser_agent[0m=[35m'Mozilla/5.0 (Macintosh; Intel Mac OS X 10_15_7) Ap...'[0m
[[32m[1minfo     [0m] [1mTrafilatura extraction successful[0m [[0m[1m[34mrss.services.article_extractor[0m][0m [36mmodule[0m=[35marticle_extractor[0m [36mtext_length[0m=[35m3793[0m [36mtitle[0m=[35mNone[0m [36murl[0m=[35mhttps://jp.reuters.com/markets/japan/WLGQI7G3UJI3NNZZZIIUAVFKDM-2026-03-30/[0m
[[32m[1minfo     [0m] [1mStarting article extraction   [0m [[0m[1m[34mrss.services.article_extractor[0m][0m [36mmodule[0m=[35marticle_extractor[0m [36murl[0m=[35mhttps://jp.reuters.com/markets/japan/V7BOG2QL4JN3ZCMAB7R6TVBRPI-2026-03-30/[0m [36muser_agent[0m=[35m'Mozilla/5.0 (Macintosh; Intel Mac OS X 10_15_7) Ap...'[0m
[[32m[1minfo     [0m] [1mTrafilatura extraction successful[0m [[0m[1m[34mrss.services.article_extractor[0m][0m [36mmodule[0m=[35marticle_extractor[0m [36mtext_length[0m=[35m420[0m [36mtitle[0m=[35mNone[0m [36murl[0m=[35mhttps://jp.reuters.com/markets/japan/V7BOG2QL4JN3ZCMAB7R6TVBRPI-2026-03-30/[0m
[[32m[1minfo     [0m] [1mStarting article extraction   [0m [[0m[1m[34mrss.services.article_extractor[0m][0m [36mmodule[0m=[35marticle_extractor[0m [36murl[0m=[35mhttps://jp.reuters.com/markets/japan/NUZIZRE7MVP25DYKSHPZIDPNYI-2026-03-30/[0m [36muser_agent[0m=[35m'Mozilla/5.0 (Macintosh; Intel Mac OS X 10_15_7) Ap...'[0m
[[32m[1minfo     [0m] [1mTrafilatura extraction successful[0m [[0m[1m[34mrss.services.article_extractor[0m][0m [36mmodule[0m=[35marticle_extractor[0m [36mtext_length[0m=[35m575[0m [36mtitle[0m=[35mNone[0m [36murl[0m=[35mhttps://jp.reuters.com/markets/japan/NUZIZRE7MVP25DYKSHPZIDPNYI-2026-03-30/[0m
[[32m[1minfo     [0m] [1mStarting article extraction   [0m [[0m[1m[34mrss.services.article_extractor[0m][0m [36mmodule[0m=[35marticle_extractor[0m [36murl[0m=[35mhttps://jp.reuters.com/markets/commodities/CN6STDPBDBM4FHWL57TZ6REUK4-2026-03-30/[0m [36muser_agent[0m=[35m'Mozilla/5.0 (Macintosh; Intel Mac OS X 10_15_7) Ap...'[0m
[[32m[1minfo     [0m] [1mTrafilatura extraction successful[0m [[0m[1m[34mrss.services.article_extractor[0m][0m [36mmodule[0m=[35marticle_extractor[0m [36mtext_length[0m=[35m475[0m [36mtitle[0m=[35mNone[0m [36murl[0m=[35mhttps://jp.reuters.com/markets/commodities/CN6STDPBDBM4FHWL57TZ6REUK4-2026-03-30/[0m
[[32m[1minfo     [0m] [1mStarting article extraction   [0m [[0m[1m[34mrss.services.article_extractor[0m][0m [36mmodule[0m=[35marticle_extractor[0m [36murl[0m=[35mhttps://jp.reuters.com/markets/japan/6Y5X4ZA4UJI4BEXHDIQIVPY3SM-2026-03-30/[0m [36muser_agent[0m=[35m'Mozilla/5.0 (Macintosh; Intel Mac OS X 10_15_7) Ap...'[0m
[[32m[1minfo     [0m] [1mTrafilatura extraction successful[0m [[0m[1m[34mrss.services.article_extractor[0m][0m [36mmodule[0m=[35marticle_extractor[0m [36mtext_length[0m=[35m784[0m [36mtitle[0m=[35mNone[0m [36murl[0m=[35mhttps://jp.reuters.com/markets/japan/6Y5X4ZA4UJI4BEXHDIQIVPY3SM-2026-03-30/[0m
[[32m[1minfo     [0m] [1mStarting article extraction   [0m [[0m[1m[34mrss.services.article_extractor[0m][0m [36mmodule[0m=[35marticle_extractor[0m [36murl[0m=[35mhttps://jp.reuters.com/markets/japan/DSW7MGPYCBJBHN6UW5YYJXN5GI-2026-03-30/[0m [36muser_agent[0m=[35m'Mozilla/5.0 (Macintosh; Intel Mac OS X 10_15_7) Ap...'[0m
[[32m[1minfo     [0m] [1mTrafilatura extraction successful[0m [[0m[1m[34mrss.services.article_extractor[0m][0m [36mmodule[0m=[35marticle_extractor[0m [36mtext_length[0m=[35m1429[0m [36mtitle[0m=[35mNone[0m [36murl[0m=[35mhttps://jp.reuters.com/markets/japan/DSW7MGPYCBJBHN6UW5YYJXN5GI-2026-03-30/[0m
[[32m[1minfo     [0m] [1mStarting article extraction   [0m [[0m[1m[34mrss.services.article_extractor[0m][0m [36mmodule[0m=[35marticle_extractor[0m [36murl[0m=[35mhttps://jp.reuters.com/world/japan/YN355L6B5JIIZIRUYGHUQ27H6I-2026-03-30/[0m [36muser_agent[0m=[35m'Mozilla/5.0 (Macintosh; Intel Mac OS X 10_15_7) Ap...'[0m
[[32m[1minfo     [0m] [1mTrafilatura extraction successful[0m [[0m[1m[34mrss.services.article_extractor[0m][0m [36mmodule[0m=[35marticle_extractor[0m [36mtext_length[0m=[35m615[0m [36mtitle[0m=[35mNone[0m [36murl[0m=[35mhttps://jp.reuters.com/world/japan/YN355L6B5JIIZIRUYGHUQ27H6I-2026-03-30/[0m
[[32m[1minfo     [0m] [1mStarting article extraction   [0m [[0m[1m[34mrss.services.article_extractor[0m][0m [36mmodule[0m=[35marticle_extractor[0m [36murl[0m=[35mhttps://jp.reuters.com/markets/japan/QVS5VXTJRZJ3ZFNOMGUUMDNRAE-2026-03-30/[0m [36muser_agent[0m=[35m'Mozilla/5.0 (Macintosh; Intel Mac OS X 10_15_7) Ap...'[0m
[[32m[1minfo     [0m] [1mTrafilatura extraction successful[0m [[0m[1m[34mrss.services.article_extractor[0m][0m [36mmodule[0m=[35marticle_extractor[0m [36mtext_length[0m=[35m455[0m [36mtitle[0m=[35mNone[0m [36murl[0m=[35mhttps://jp.reuters.com/markets/japan/QVS5VXTJRZJ3ZFNOMGUUMDNRAE-2026-03-30/[0m
[[32m[1minfo     [0m] [1mStarting article extraction   [0m [[0m[1m[34mrss.services.article_extractor[0m][0m [36mmodule[0m=[35marticle_extractor[0m [36murl[0m=[35mhttps://jp.reuters.com/markets/japan/PP37P2H4KRLSPBWMPYLETZNEVA-2026-03-31/[0m [36muser_agent[0m=[35m'Mozilla/5.0 (Macintosh; Intel Mac OS X 10_15_7) Ap...'[0m
[[32m[1minfo     [0m] [1mTrafilatura extraction successful[0m [[0m[1m[34mrss.services.article_extractor[0m][0m [36mmodule[0m=[35marticle_extractor[0m [36mtext_length[0m=[35m582[0m [36mtitle[0m=[35mNone[0m [36murl[0m=[35mhttps://jp.reuters.com/markets/japan/PP37P2H4KRLSPBWMPYLETZNEVA-2026-03-31/[0m
[[32m[1minfo     [0m] [1mStarting article extraction   [0m [[0m[1m[34mrss.services.article_extractor[0m][0m [36mmodule[0m=[35marticle_extractor[0m [36murl[0m=[35mhttps://jp.reuters.com/markets/japan/FLBH76KDEFM2LFUPAHLFPCZ5X4-2026-03-31/[0m [36muser_agent[0m=[35m'Mozilla/5.0 (Macintosh; Intel Mac OS X 10_15_7) Ap...'[0m
[[32m[1minfo     [0m] [1mTrafilatura extraction successful[0m [[0m[1m[34mrss.services.article_extractor[0m][0m [36mmodule[0m=[35marticle_extractor[0m [36mtext_length[0m=[35m349[0m [36mtitle[0m=[35mNone[0m [36murl[0m=[35mhttps://jp.reuters.com/markets/japan/FLBH76KDEFM2LFUPAHLFPCZ5X4-2026-03-31/[0m
[[32m[1minfo     [0m] [1mStarting article extraction   [0m [[0m[1m[34mrss.services.article_extractor[0m][0m [36mmodule[0m=[35marticle_extractor[0m [36murl[0m=[35mhttps://jp.reuters.com/markets/japan/X74ERMSIE5NLFDBR2OVJZ4ZJQY-2026-03-31/[0m [36muser_agent[0m=[35m'Mozilla/5.0 (Macintosh; Intel Mac OS X 10_15_7) Ap...'[0m
[[32m[1minfo     [0m] [1mTrafilatura extraction successful[0m [[0m[1m[34mrss.services.article_extractor[0m][0m [36mmodule[0m=[35marticle_extractor[0m [36mtext_length[0m=[35m847[0m [36mtitle[0m=[35mNone[0m [36murl[0m=[35mhttps://jp.reuters.com/markets/japan/X74ERMSIE5NLFDBR2OVJZ4ZJQY-2026-03-31/[0m
[[32m[1minfo     [0m] [1mStarting article extraction   [0m [[0m[1m[34mrss.services.article_extractor[0m][0m [36mmodule[0m=[35marticle_extractor[0m [36murl[0m=[35mhttps://jp.reuters.com/markets/japan/GYZRETJI35JEZIAGWJUNIP6T5Q-2026-03-31/[0m [36muser_agent[0m=[35m'Mozilla/5.0 (Macintosh; Intel Mac OS X 10_15_7) Ap...'[0m
[[32m[1minfo     [0m] [1mTrafilatura extraction successful[0m [[0m[1m[34mrss.services.article_extractor[0m][0m [36mmodule[0m=[35marticle_extractor[0m [36mtext_length[0m=[35m565[0m [36mtitle[0m=[35mNone[0m [36murl[0m=[35mhttps://jp.reuters.com/markets/japan/GYZRETJI35JEZIAGWJUNIP6T5Q-2026-03-31/[0m
[[32m[1minfo     [0m] [1mStarting article extraction   [0m [[0m[1m[34mrss.services.article_extractor[0m][0m [36mmodule[0m=[35marticle_extractor[0m [36murl[0m=[35mhttps://jp.reuters.com/markets/japan/4VBXRM722NLJLGIFFLIOXJGEGQ-2026-03-31/[0m [36muser_agent[0m=[35m'Mozilla/5.0 (Macintosh; Intel Mac OS X 10_15_7) Ap...'[0m
[[32m[1minfo     [0m] [1mTrafilatura extraction successful[0m [[0m[1m[34mrss.services.article_extractor[0m][0m [36mmodule[0m=[35marticle_extractor[0m [36mtext_length[0m=[35m838[0m [36mtitle[0m=[35mNone[0m [36murl[0m=[35mhttps://jp.reuters.com/markets/japan/4VBXRM722NLJLGIFFLIOXJGEGQ-2026-03-31/[0m
[[32m[1minfo     [0m] [1mStarting article extraction   [0m [[0m[1m[34mrss.services.article_extractor[0m][0m [36mmodule[0m=[35marticle_extractor[0m [36murl[0m=[35mhttps://jp.reuters.com/markets/japan/6DZ3XK6ALZOIDLUBPYFNLKMLBI-2026-03-31/[0m [36muser_agent[0m=[35m'Mozilla/5.0 (Macintosh; Intel Mac OS X 10_15_7) Ap...'[0m
[[32m[1minfo     [0m] [1mTrafilatura extraction successful[0m [[0m[1m[34mrss.services.article_extractor[0m][0m [36mmodule[0m=[35marticle_extractor[0m [36mtext_length[0m=[35m504[0m [36mtitle[0m=[35mNone[0m [36murl[0m=[35mhttps://jp.reuters.com/markets/japan/6DZ3XK6ALZOIDLUBPYFNLKMLBI-2026-03-31/[0m
[[32m[1minfo     [0m] [1mStarting article extraction   [0m [[0m[1m[34mrss.services.article_extractor[0m][0m [36mmodule[0m=[35marticle_extractor[0m [36murl[0m=[35mhttps://jp.reuters.com/opinion/TLXZTQLZ7JL4TFN7STUWUVGF34-2026-03-31/[0m [36muser_agent[0m=[35m'Mozilla/5.0 (Macintosh; Intel Mac OS X 10_15_7) Ap...'[0m
[[32m[1minfo     [0m] [1mTrafilatura extraction successful[0m [[0m[1m[34mrss.services.article_extractor[0m][0m [36mmodule[0m=[35marticle_extractor[0m [36mtext_length[0m=[35m145[0m [36mtitle[0m=[35mNone[0m [36murl[0m=[35mhttps://jp.reuters.com/opinion/TLXZTQLZ7JL4TFN7STUWUVGF34-2026-03-31/[0m
[[32m[1minfo     [0m] [1mStarting article extraction   [0m [[0m[1m[34mrss.services.article_extractor[0m][0m [36mmodule[0m=[35marticle_extractor[0m [36murl[0m=[35mhttps://jp.reuters.com/world/us/QIH6EKGZYZPTJKG36WPZ5G4HWU-2026-03-30/[0m [36muser_agent[0m=[35m'Mozilla/5.0 (Macintosh; Intel Mac OS X 10_15_7) Ap...'[0m
[[32m[1minfo     [0m] [1mTrafilatura extraction successful[0m [[0m[1m[34mrss.services.article_extractor[0m][0m [36mmodule[0m=[35marticle_extractor[0m [36mtext_length[0m=[35m791[0m [36mtitle[0m=[35mNone[0m [36murl[0m=[35mhttps://jp.reuters.com/world/us/QIH6EKGZYZPTJKG36WPZ5G4HWU-2026-03-30/[0m
[[32m[1minfo     [0m] [1mStarting article extraction   [0m [[0m[1m[34mrss.services.article_extractor[0m][0m [36mmodule[0m=[35marticle_extractor[0m [36murl[0m=[35mhttps://jp.reuters.com/markets/global-markets/JUBDAUOM6VL3BP5ASHWG66KEYY-2026-03-31/[0m [36muser_agent[0m=[35m'Mozilla/5.0 (Macintosh; Intel Mac OS X 10_15_7) Ap...'[0m
[[32m[1minfo     [0m] [1mTrafilatura extraction successful[0m [[0m[1m[34mrss.services.article_extractor[0m][0m [36mmodule[0m=[35marticle_extractor[0m [36mtext_length[0m=[35m710[0m [36mtitle[0m=[35mNone[0m [36murl[0m=[35mhttps://jp.reuters.com/markets/global-markets/JUBDAUOM6VL3BP5ASHWG66KEYY-2026-03-31/[0m
[[32m[1minfo     [0m] [1mStarting article extraction   [0m [[0m[1m[34mrss.services.article_extractor[0m][0m [36mmodule[0m=[35marticle_extractor[0m [36murl[0m=[35mhttps://jp.reuters.com/markets/global-markets/DOHAJKI2TBMPXIASNLTFIMB5FY-2026-03-31/[0m [36muser_agent[0m=[35m'Mozilla/5.0 (Macintosh; Intel Mac OS X 10_15_7) Ap...'[0m
[[32m[1minfo     [0m] [1mTrafilatura extraction successful[0m [[0m[1m[34mrss.services.article_extractor[0m][0m [36mmodule[0m=[35marticle_extractor[0m [36mtext_length[0m=[35m372[0m [36mtitle[0m=[35mNone[0m [36murl[0m=[35mhttps://jp.reuters.com/markets/global-markets/DOHAJKI2TBMPXIASNLTFIMB5FY-2026-03-31/[0m
[[32m[1minfo     [0m] [1mStarting article extraction   [0m [[0m[1m[34mrss.services.article_extractor[0m][0m [36mmodule[0m=[35marticle_extractor[0m [36murl[0m=[35mhttps://jp.reuters.com/markets/japan/B7EDTWAELFO7HC7W2B5SLAXGV4-2026-03-31/[0m [36muser_agent[0m=[35m'Mozilla/5.0 (Macintosh; Intel Mac OS X 10_15_7) Ap...'[0m
[[32m[1minfo     [0m] [1mTrafilatura extraction successful[0m [[0m[1m[34mrss.services.article_extractor[0m][0m [36mmodule[0m=[35marticle_extractor[0m [36mtext_length[0m=[35m405[0m [36mtitle[0m=[35mNone[0m [36murl[0m=[35mhttps://jp.reuters.com/markets/japan/B7EDTWAELFO7HC7W2B5SLAXGV4-2026-03-31/[0m
[[32m[1minfo     [0m] [1mStarting article extraction   [0m [[0m[1m[34mrss.services.article_extractor[0m][0m [36mmodule[0m=[35marticle_extractor[0m [36murl[0m=[35mhttps://jp.reuters.com/markets/commodities/2OVXUWVCLZLBTFCPTT5G4LBCDE-2026-03-31/[0m [36muser_agent[0m=[35m'Mozilla/5.0 (Macintosh; Intel Mac OS X 10_15_7) Ap...'[0m
[[32m[1minfo     [0m] [1mTrafilatura extraction successful[0m [[0m[1m[34mrss.services.article_extractor[0m][0m [36mmodule[0m=[35marticle_extractor[0m [36mtext_length[0m=[35m618[0m [36mtitle[0m=[35mNone[0m [36murl[0m=[35mhttps://jp.reuters.com/markets/commodities/2OVXUWVCLZLBTFCPTT5G4LBCDE-2026-03-31/[0m
[[32m[1minfo     [0m] [1mStarting article extraction   [0m [[0m[1m[34mrss.services.article_extractor[0m][0m [36mmodule[0m=[35marticle_extractor[0m [36murl[0m=[35mhttps://jp.reuters.com/markets/global-markets/OYQLQ3KZHZO45LJC6HPWH5RFAA-2026-03-31/[0m [36muser_agent[0m=[35m'Mozilla/5.0 (Macintosh; Intel Mac OS X 10_15_7) Ap...'[0m
[[32m[1minfo     [0m] [1mTrafilatura extraction successful[0m [[0m[1m[34mrss.services.article_extractor[0m][0m [36mmodule[0m=[35marticle_extractor[0m [36mtext_length[0m=[35m466[0m [36mtitle[0m=[35mNone[0m [36murl[0m=[35mhttps://jp.reuters.com/markets/global-markets/OYQLQ3KZHZO45LJC6HPWH5RFAA-2026-03-31/[0m
[[32m[1minfo     [0m] [1mBatch extraction completed    [0m [[0m[1m[34mrss.services.article_extractor[0m][0m [36mfailed[0m=[35m0[0m [36mmodule[0m=[35marticle_extractor[0m [36msuccess[0m=[35m23[0m [36mtotal[0m=[35m23[0m
[[32m[1minfo     [0m] [1mContent post-fetch complete   [0m [[0m[1m[34mnews_scraper.unified[0m][0m [36mfetched[0m=[35m23[0m [36mmodule[0m=[35munified[0m [36mtotal[0m=[35m23[0m
[[32m[1minfo     [0m] [1mFinancial news collection complete[0m [[0m[1m[34mnews_scraper.unified[0m][0m [36melapsed_seconds[0m=[35m25.3[0m [36mmodule[0m=[35munified[0m [36msources[0m=[35m['reuters_jp'][0m [36mtotal_articles[0m=[35m23[0m
[[32m[1minfo     [0m] [1mRawStore: saved=23, dup=0, empty=0[0m [[0m[1m[34mnews_scraper.unified[0m][0m [36mmodule[0m=[35munified[0m
[[32m[1minfo     [0m] [1mCollection complete           [0m [[0m[1m[34m__main__[0m][0m [36marticle_count[0m=[35m23[0m [36mmodule[0m=[35mscrape_finance_news[0m
[[32m[1minfo     [0m] [1mNAS is mounted, using NAS output[0m [[0m[1m[34m__main__[0m][0m [36mmodule[0m=[35mscrape_finance_news[0m [36mpath[0m=[35m/Volumes/personal_folder/scraped/reuters_jp[0m [36msource[0m=[35mreuters_jp[0m
[[32m[1minfo     [0m] [1mOutput directory ready        [0m [[0m[1m[34m__main__[0m][0m [36mmodule[0m=[35mscrape_finance_news[0m [36mpath[0m=[35m/Volumes/personal_folder/scraped/reuters_jp/2026-03-31[0m
[[32m[1minfo     [0m] [1mArticles saved to JSON        [0m [[0m[1m[34m__main__[0m][0m [36mmodule[0m=[35mscrape_finance_news[0m [36mpath[0m=[35m/Volumes/personal_folder/scraped/reuters_jp/2026-03-31/news_030005.json[0m [36mtotal_count[0m=[35m23[0m
[[32m[1minfo     [0m] [1mSave complete                 [0m [[0m[1m[34m__main__[0m][0m [36mcount[0m=[35m23[0m [36mmodule[0m=[35mscrape_finance_news[0m [36moutput_file[0m=[35m/Volumes/personal_folder/scraped/reuters_jp/2026-03-31/news_030005.json[0m [36msource[0m=[35mreuters_jp[0m
[[32m[1minfo     [0m] [1mScraper finished successfully [0m [[0m[1m[34m__main__[0m][0m [36mmodule[0m=[35mscrape_finance_news[0m [36msaved_files[0m=[35m['/Volumes/personal_folder/scraped/reuters_jp/2026-03-31/news_030005.json'][0m [36mtotal_articles[0m=[35m23[0m
[[32m[1minfo     [0m] [1mFinance news scraper starting [0m [[0m[1m[34m__main__[0m][0m [36minclude_content[0m=[35mTrue[0m [36mmax_articles[0m=[35m50[0m [36mmodule[0m=[35mscrape_finance_news[0m [36msources[0m=[35m['reuters_jp'][0m
[[32m[1minfo     [0m] [1mStarting news collection      [0m [[0m[1m[34m__main__[0m][0m [36mmodule[0m=[35mscrape_finance_news[0m [36msources[0m=[35m['reuters_jp'][0m
[[32m[1minfo     [0m] [1mStarting financial news collection (async)[0m [[0m[1m[34mnews_scraper.unified[0m][0m [36minclude_content[0m=[35mTrue[0m [36mmax_articles_per_source[0m=[35m50[0m [36mmodule[0m=[35munified[0m [36msources[0m=[35m['reuters_jp'][0m
[[32m[1minfo     [0m] [1mStarting Reuters JP news collection[0m [[0m[1m[34mnews_scraper.reuters_jp[0m][0m [36mmax_articles_per_source[0m=[35m50[0m [36mmodule[0m=[35mreuters_jp[0m [36msections[0m=[35m['markets', 'business'][0m
[[32m[1minfo     [0m] [1mFetching Reuters JP section   [0m [[0m[1m[34mnews_scraper.reuters_jp[0m][0m [36mmodule[0m=[35mreuters_jp[0m [36msection[0m=[35mmarkets[0m [36murl[0m=[35mhttps://jp.reuters.com/markets/[0m
[[32m[1minfo     [0m] [1mFetching Reuters JP section   [0m [[0m[1m[34mnews_scraper.reuters_jp[0m][0m [36mmodule[0m=[35mreuters_jp[0m [36msection[0m=[35mbusiness[0m [36murl[0m=[35mhttps://jp.reuters.com/business/[0m
[[32m[1minfo     [0m] [1mHTTP Request: GET https://jp.reuters.com/markets/ "HTTP/1.1 200 OK"[0m [[0m[1m[34mhttpx[0m][0m
[[32m[1minfo     [0m] [1mHTML fetched (async)          [0m [[0m[1m[34mnews_scraper._html_utils[0m][0m [36mmodule[0m=[35mhtml_utils[0m [36mstatus_code[0m=[35m200[0m [36murl[0m=[35mhttps://jp.reuters.com/markets/[0m
[[32m[1minfo     [0m] [1mMarkets page parsed           [0m [[0m[1m[34mnews_scraper.reuters_jp[0m][0m [36marticle_count[0m=[35m6[0m [36mmodule[0m=[35mreuters_jp[0m
[[32m[1minfo     [0m] [1mReuters JP section complete   [0m [[0m[1m[34mnews_scraper.reuters_jp[0m][0m [36mcount[0m=[35m6[0m [36mmodule[0m=[35mreuters_jp[0m [36msection[0m=[35mmarkets[0m
[[32m[1minfo     [0m] [1mHTTP Request: GET https://jp.reuters.com/business/ "HTTP/1.1 200 OK"[0m [[0m[1m[34mhttpx[0m][0m
[[32m[1minfo     [0m] [1mHTML fetched (async)          [0m [[0m[1m[34mnews_scraper._html_utils[0m][0m [36mmodule[0m=[35mhtml_utils[0m [36mstatus_code[0m=[35m200[0m [36murl[0m=[35mhttps://jp.reuters.com/business/[0m
[[32m[1minfo     [0m] [1mBusiness page parsed          [0m [[0m[1m[34mnews_scraper.reuters_jp[0m][0m [36marticle_count[0m=[35m20[0m [36mmodule[0m=[35mreuters_jp[0m
[[32m[1minfo     [0m] [1mReuters JP section complete   [0m [[0m[1m[34mnews_scraper.reuters_jp[0m][0m [36mcount[0m=[35m20[0m [36mmodule[0m=[35mreuters_jp[0m [36msection[0m=[35mbusiness[0m
[[32m[1minfo     [0m] [1mReuters JP news collection complete[0m [[0m[1m[34mnews_scraper.reuters_jp[0m][0m [36mmodule[0m=[35mreuters_jp[0m [36mtotal_articles[0m=[35m20[0m
[[32m[1minfo     [0m] [1mSource collection complete    [0m [[0m[1m[34mnews_scraper.unified[0m][0m [36mmodule[0m=[35munified[0m [36msource[0m=[35mreuters_jp[0m [36msource_articles[0m=[35m20[0m
[[32m[1minfo     [0m] [1mFetching content for articles missing it[0m [[0m[1m[34mnews_scraper.unified[0m][0m [36mcount[0m=[35m20[0m [36mmodule[0m=[35munified[0m
[[32m[1minfo     [0m] [1mStarting batch extraction     [0m [[0m[1m[34mrss.services.article_extractor[0m][0m [36mmodule[0m=[35marticle_extractor[0m [36mrate_limit[0m=[35m1.0[0m [36murl_count[0m=[35m20[0m
[[32m[1minfo     [0m] [1mStarting article extraction   [0m [[0m[1m[34mrss.services.article_extractor[0m][0m [36mmodule[0m=[35marticle_extractor[0m [36murl[0m=[35mhttps://jp.reuters.com/markets/japan/CSWLIR4IBFIKPJ3GANI4UIATEA-2026-03-31/[0m [36muser_agent[0m=[35m'Mozilla/5.0 (Macintosh; Intel Mac OS X 10_15_7) Ap...'[0m
[[32m[1minfo     [0m] [1mTrafilatura extraction successful[0m [[0m[1m[34mrss.services.article_extractor[0m][0m [36mmodule[0m=[35marticle_extractor[0m [36mtext_length[0m=[35m957[0m [36mtitle[0m=[35mNone[0m [36murl[0m=[35mhttps://jp.reuters.com/markets/japan/CSWLIR4IBFIKPJ3GANI4UIATEA-2026-03-31/[0m
[[32m[1minfo     [0m] [1mStarting article extraction   [0m [[0m[1m[34mrss.services.article_extractor[0m][0m [36mmodule[0m=[35marticle_extractor[0m [36murl[0m=[35mhttps://jp.reuters.com/markets/japan/O3PR7ETPGVNJPK43CHPA45VSSI-2026-03-31/[0m [36muser_agent[0m=[35m'Mozilla/5.0 (Macintosh; Intel Mac OS X 10_15_7) Ap...'[0m
[[32m[1minfo     [0m] [1mTrafilatura extraction successful[0m [[0m[1m[34mrss.services.article_extractor[0m][0m [36mmodule[0m=[35marticle_extractor[0m [36mtext_length[0m=[35m533[0m [36mtitle[0m=[35mNone[0m [36murl[0m=[35mhttps://jp.reuters.com/markets/japan/O3PR7ETPGVNJPK43CHPA45VSSI-2026-03-31/[0m
[[32m[1minfo     [0m] [1mStarting article extraction   [0m [[0m[1m[34mrss.services.article_extractor[0m][0m [36mmodule[0m=[35marticle_extractor[0m [36murl[0m=[35mhttps://jp.reuters.com/markets/japan/XDJIJGWCAFJX7JLOT536FR6KRE-2026-03-31/[0m [36muser_agent[0m=[35m'Mozilla/5.0 (Macintosh; Intel Mac OS X 10_15_7) Ap...'[0m
[[32m[1minfo     [0m] [1mTrafilatura extraction successful[0m [[0m[1m[34mrss.services.article_extractor[0m][0m [36mmodule[0m=[35marticle_extractor[0m [36mtext_length[0m=[35m356[0m [36mtitle[0m=[35mNone[0m [36murl[0m=[35mhttps://jp.reuters.com/markets/japan/XDJIJGWCAFJX7JLOT536FR6KRE-2026-03-31/[0m
[[32m[1minfo     [0m] [1mStarting article extraction   [0m [[0m[1m[34mrss.services.article_extractor[0m][0m [36mmodule[0m=[35marticle_extractor[0m [36murl[0m=[35mhttps://jp.reuters.com/markets/japan/G6OQZFQUKRMZXEUGZPV3THGKKQ-2026-03-31/[0m [36muser_agent[0m=[35m'Mozilla/5.0 (Macintosh; Intel Mac OS X 10_15_7) Ap...'[0m
[[32m[1minfo     [0m] [1mTrafilatura extraction successful[0m [[0m[1m[34mrss.services.article_extractor[0m][0m [36mmodule[0m=[35marticle_extractor[0m [36mtext_length[0m=[35m572[0m [36mtitle[0m=[35mNone[0m [36murl[0m=[35mhttps://jp.reuters.com/markets/japan/G6OQZFQUKRMZXEUGZPV3THGKKQ-2026-03-31/[0m
[[32m[1minfo     [0m] [1mStarting article extraction   [0m [[0m[1m[34mrss.services.article_extractor[0m][0m [36mmodule[0m=[35marticle_extractor[0m [36murl[0m=[35mhttps://jp.reuters.com/markets/commodities/CMYB4OC7FNN6RDMUDVNUIAXD2M-2026-03-31/[0m [36muser_agent[0m=[35m'Mozilla/5.0 (Macintosh; Intel Mac OS X 10_15_7) Ap...'[0m
[[32m[1minfo     [0m] [1mTrafilatura extraction successful[0m [[0m[1m[34mrss.services.article_extractor[0m][0m [36mmodule[0m=[35marticle_extractor[0m [36mtext_length[0m=[35m223[0m [36mtitle[0m=[35mNone[0m [36murl[0m=[35mhttps://jp.reuters.com/markets/commodities/CMYB4OC7FNN6RDMUDVNUIAXD2M-2026-03-31/[0m
[[32m[1minfo     [0m] [1mStarting article extraction   [0m [[0m[1m[34mrss.services.article_extractor[0m][0m [36mmodule[0m=[35marticle_extractor[0m [36murl[0m=[35mhttps://jp.reuters.com/markets/global-markets/4PMOSTCSHJKT5P242NVNDH3ABY-2026-03-31/[0m [36muser_agent[0m=[35m'Mozilla/5.0 (Macintosh; Intel Mac OS X 10_15_7) Ap...'[0m
[[32m[1minfo     [0m] [1mTrafilatura extraction successful[0m [[0m[1m[34mrss.services.article_extractor[0m][0m [36mmodule[0m=[35marticle_extractor[0m [36mtext_length[0m=[35m240[0m [36mtitle[0m=[35mNone[0m [36murl[0m=[35mhttps://jp.reuters.com/markets/global-markets/4PMOSTCSHJKT5P242NVNDH3ABY-2026-03-31/[0m
[[32m[1minfo     [0m] [1mStarting article extraction   [0m [[0m[1m[34mrss.services.article_extractor[0m][0m [36mmodule[0m=[35marticle_extractor[0m [36murl[0m=[35mhttps://jp.reuters.com/markets/japan/JGL7NVAPYNKUBNGWFCZEFOL3KI-2026-03-31/[0m [36muser_agent[0m=[35m'Mozilla/5.0 (Macintosh; Intel Mac OS X 10_15_7) Ap...'[0m
[[32m[1minfo     [0m] [1mTrafilatura extraction successful[0m [[0m[1m[34mrss.services.article_extractor[0m][0m [36mmodule[0m=[35marticle_extractor[0m [36mtext_length[0m=[35m981[0m [36mtitle[0m=[35mNone[0m [36murl[0m=[35mhttps://jp.reuters.com/markets/japan/JGL7NVAPYNKUBNGWFCZEFOL3KI-2026-03-31/[0m
[[32m[1minfo     [0m] [1mStarting article extraction   [0m [[0m[1m[34mrss.services.article_extractor[0m][0m [36mmodule[0m=[35marticle_extractor[0m [36murl[0m=[35mhttps://jp.reuters.com/markets/japan/R25WA5KZWROP7DEILYNOCXTTP4-2026-03-31/[0m [36muser_agent[0m=[35m'Mozilla/5.0 (Macintosh; Intel Mac OS X 10_15_7) Ap...'[0m
[[32m[1minfo     [0m] [1mTrafilatura extraction successful[0m [[0m[1m[34mrss.services.article_extractor[0m][0m [36mmodule[0m=[35marticle_extractor[0m [36mtext_length[0m=[35m1144[0m [36mtitle[0m=[35mNone[0m [36murl[0m=[35mhttps://jp.reuters.com/markets/japan/R25WA5KZWROP7DEILYNOCXTTP4-2026-03-31/[0m
[[32m[1minfo     [0m] [1mStarting article extraction   [0m [[0m[1m[34mrss.services.article_extractor[0m][0m [36mmodule[0m=[35marticle_extractor[0m [36murl[0m=[35mhttps://jp.reuters.com/markets/japan/ZMJMNPGDGJJPJHQ2QATWR6QWYM-2026-03-31/[0m [36muser_agent[0m=[35m'Mozilla/5.0 (Macintosh; Intel Mac OS X 10_15_7) Ap...'[0m
[[32m[1minfo     [0m] [1mTrafilatura extraction successful[0m [[0m[1m[34mrss.services.article_extractor[0m][0m [36mmodule[0m=[35marticle_extractor[0m [36mtext_length[0m=[35m764[0m [36mtitle[0m=[35mNone[0m [36murl[0m=[35mhttps://jp.reuters.com/markets/japan/ZMJMNPGDGJJPJHQ2QATWR6QWYM-2026-03-31/[0m
[[32m[1minfo     [0m] [1mStarting article extraction   [0m [[0m[1m[34mrss.services.article_extractor[0m][0m [36mmodule[0m=[35marticle_extractor[0m [36murl[0m=[35mhttps://jp.reuters.com/markets/global-markets/SHUJBB4URVNAPLYFVCXBOLKZCQ-2026-03-31/[0m [36muser_agent[0m=[35m'Mozilla/5.0 (Macintosh; Intel Mac OS X 10_15_7) Ap...'[0m
[[32m[1minfo     [0m] [1mTrafilatura extraction successful[0m [[0m[1m[34mrss.services.article_extractor[0m][0m [36mmodule[0m=[35marticle_extractor[0m [36mtext_length[0m=[35m482[0m [36mtitle[0m=[35mNone[0m [36murl[0m=[35mhttps://jp.reuters.com/markets/global-markets/SHUJBB4URVNAPLYFVCXBOLKZCQ-2026-03-31/[0m
[[32m[1minfo     [0m] [1mStarting article extraction   [0m [[0m[1m[34mrss.services.article_extractor[0m][0m [36mmodule[0m=[35marticle_extractor[0m [36murl[0m=[35mhttps://jp.reuters.com/markets/global-markets/PGSANP2TE5IAJET7UBZ7BMRXEY-2026-03-31/[0m [36muser_agent[0m=[35m'Mozilla/5.0 (Macintosh; Intel Mac OS X 10_15_7) Ap...'[0m
[[32m[1minfo     [0m] [1mTrafilatura extraction successful[0m [[0m[1m[34mrss.services.article_extractor[0m][0m [36mmodule[0m=[35marticle_extractor[0m [36mtext_length[0m=[35m818[0m [36mtitle[0m=[35mNone[0m [36murl[0m=[35mhttps://jp.reuters.com/markets/global-markets/PGSANP2TE5IAJET7UBZ7BMRXEY-2026-03-31/[0m
[[32m[1minfo     [0m] [1mStarting article extraction   [0m [[0m[1m[34mrss.services.article_extractor[0m][0m [36mmodule[0m=[35marticle_extractor[0m [36murl[0m=[35mhttps://jp.reuters.com/markets/japan/RDNBALA7AFLNHJH6U2XD4UTCQE-2026-03-31/[0m [36muser_agent[0m=[35m'Mozilla/5.0 (Macintosh; Intel Mac OS X 10_15_7) Ap...'[0m
[[32m[1minfo     [0m] [1mTrafilatura extraction successful[0m [[0m[1m[34mrss.services.article_extractor[0m][0m [36mmodule[0m=[35marticle_extractor[0m [36mtext_length[0m=[35m276[0m [36mtitle[0m=[35mNone[0m [36murl[0m=[35mhttps://jp.reuters.com/markets/japan/RDNBALA7AFLNHJH6U2XD4UTCQE-2026-03-31/[0m
[[32m[1minfo     [0m] [1mStarting article extraction   [0m [[0m[1m[34mrss.services.article_extractor[0m][0m [36mmodule[0m=[35marticle_extractor[0m [36murl[0m=[35mhttps://jp.reuters.com/markets/japan/VJOOA62YLBNB3EVSJFQSPGEORQ-2026-03-31/[0m [36muser_agent[0m=[35m'Mozilla/5.0 (Macintosh; Intel Mac OS X 10_15_7) Ap...'[0m
[[32m[1minfo     [0m] [1mTrafilatura extraction successful[0m [[0m[1m[34mrss.services.article_extractor[0m][0m [36mmodule[0m=[35marticle_extractor[0m [36mtext_length[0m=[35m786[0m [36mtitle[0m=[35mNone[0m [36murl[0m=[35mhttps://jp.reuters.com/markets/japan/VJOOA62YLBNB3EVSJFQSPGEORQ-2026-03-31/[0m
[[32m[1minfo     [0m] [1mStarting article extraction   [0m [[0m[1m[34mrss.services.article_extractor[0m][0m [36mmodule[0m=[35marticle_extractor[0m [36murl[0m=[35mhttps://jp.reuters.com/markets/commodities/TYE3TMR27NM3DALPEZXN5JTFDE-2026-03-31/[0m [36muser_agent[0m=[35m'Mozilla/5.0 (Macintosh; Intel Mac OS X 10_15_7) Ap...'[0m
[[32m[1minfo     [0m] [1mTrafilatura extraction successful[0m [[0m[1m[34mrss.services.article_extractor[0m][0m [36mmodule[0m=[35marticle_extractor[0m [36mtext_length[0m=[35m232[0m [36mtitle[0m=[35mNone[0m [36murl[0m=[35mhttps://jp.reuters.com/markets/commodities/TYE3TMR27NM3DALPEZXN5JTFDE-2026-03-31/[0m
[[32m[1minfo     [0m] [1mStarting article extraction   [0m [[0m[1m[34mrss.services.article_extractor[0m][0m [36mmodule[0m=[35marticle_extractor[0m [36murl[0m=[35mhttps://jp.reuters.com/markets/world-indices/MDY5APBV7JITDDTF5U7SMBVNKM-2026-03-31/[0m [36muser_agent[0m=[35m'Mozilla/5.0 (Macintosh; Intel Mac OS X 10_15_7) Ap...'[0m
[[32m[1minfo     [0m] [1mTrafilatura extraction successful[0m [[0m[1m[34mrss.services.article_extractor[0m][0m [36mmodule[0m=[35marticle_extractor[0m [36mtext_length[0m=[35m279[0m [36mtitle[0m=[35mNone[0m [36murl[0m=[35mhttps://jp.reuters.com/markets/world-indices/MDY5APBV7JITDDTF5U7SMBVNKM-2026-03-31/[0m
[[32m[1minfo     [0m] [1mStarting article extraction   [0m [[0m[1m[34mrss.services.article_extractor[0m][0m [36mmodule[0m=[35marticle_extractor[0m [36murl[0m=[35mhttps://jp.reuters.com/markets/world-indices/THBDOFYFHVJOXN7PQMWNH64Q7E-2026-03-31/[0m [36muser_agent[0m=[35m'Mozilla/5.0 (Macintosh; Intel Mac OS X 10_15_7) Ap...'[0m
[[32m[1minfo     [0m] [1mTrafilatura extraction successful[0m [[0m[1m[34mrss.services.article_extractor[0m][0m [36mmodule[0m=[35marticle_extractor[0m [36mtext_length[0m=[35m380[0m [36mtitle[0m=[35mNone[0m [36murl[0m=[35mhttps://jp.reuters.com/markets/world-indices/THBDOFYFHVJOXN7PQMWNH64Q7E-2026-03-31/[0m
[[32m[1minfo     [0m] [1mStarting article extraction   [0m [[0m[1m[34mrss.services.article_extractor[0m][0m [36mmodule[0m=[35marticle_extractor[0m [36murl[0m=[35mhttps://jp.reuters.com/markets/japan/MAI7QWQVVFOYLIRW7FZ2323MLY-2026-03-31/[0m [36muser_agent[0m=[35m'Mozilla/5.0 (Macintosh; Intel Mac OS X 10_15_7) Ap...'[0m
[[32m[1minfo     [0m] [1mTrafilatura extraction successful[0m [[0m[1m[34mrss.services.article_extractor[0m][0m [36mmodule[0m=[35marticle_extractor[0m [36mtext_length[0m=[35m428[0m [36mtitle[0m=[35mNone[0m [36murl[0m=[35mhttps://jp.reuters.com/markets/japan/MAI7QWQVVFOYLIRW7FZ2323MLY-2026-03-31/[0m
[[32m[1minfo     [0m] [1mStarting article extraction   [0m [[0m[1m[34mrss.services.article_extractor[0m][0m [36mmodule[0m=[35marticle_extractor[0m [36murl[0m=[35mhttps://jp.reuters.com/markets/global-markets/72UF7K4P65NVJNEGXSYAWKDYV4-2026-03-31/[0m [36muser_agent[0m=[35m'Mozilla/5.0 (Macintosh; Intel Mac OS X 10_15_7) Ap...'[0m
[[32m[1minfo     [0m] [1mTrafilatura extraction successful[0m [[0m[1m[34mrss.services.article_extractor[0m][0m [36mmodule[0m=[35marticle_extractor[0m [36mtext_length[0m=[35m269[0m [36mtitle[0m=[35mNone[0m [36murl[0m=[35mhttps://jp.reuters.com/markets/global-markets/72UF7K4P65NVJNEGXSYAWKDYV4-2026-03-31/[0m
[[32m[1minfo     [0m] [1mStarting article extraction   [0m [[0m[1m[34mrss.services.article_extractor[0m][0m [36mmodule[0m=[35marticle_extractor[0m [36murl[0m=[35mhttps://jp.reuters.com/markets/commodities/F4QYVPUQHZO7JKEJPSJWK7KWLI-2026-03-31/[0m [36muser_agent[0m=[35m'Mozilla/5.0 (Macintosh; Intel Mac OS X 10_15_7) Ap...'[0m
[[32m[1minfo     [0m] [1mTrafilatura extraction successful[0m [[0m[1m[34mrss.services.article_extractor[0m][0m [36mmodule[0m=[35marticle_extractor[0m [36mtext_length[0m=[35m704[0m [36mtitle[0m=[35mNone[0m [36murl[0m=[35mhttps://jp.reuters.com/markets/commodities/F4QYVPUQHZO7JKEJPSJWK7KWLI-2026-03-31/[0m
[[32m[1minfo     [0m] [1mStarting article extraction   [0m [[0m[1m[34mrss.services.article_extractor[0m][0m [36mmodule[0m=[35marticle_extractor[0m [36murl[0m=[35mhttps://jp.reuters.com/markets/global-markets/EZXLEGCGFNKNVLL7PCAB5RX7WI-2026-03-31/[0m [36muser_agent[0m=[35m'Mozilla/5.0 (Macintosh; Intel Mac OS X 10_15_7) Ap...'[0m
[[32m[1minfo     [0m] [1mTrafilatura extraction successful[0m [[0m[1m[34mrss.services.article_extractor[0m][0m [36mmodule[0m=[35marticle_extractor[0m [36mtext_length[0m=[35m201[0m [36mtitle[0m=[35mNone[0m [36murl[0m=[35mhttps://jp.reuters.com/markets/global-markets/EZXLEGCGFNKNVLL7PCAB5RX7WI-2026-03-31/[0m
[[32m[1minfo     [0m] [1mBatch extraction completed    [0m [[0m[1m[34mrss.services.article_extractor[0m][0m [36mfailed[0m=[35m0[0m [36mmodule[0m=[35marticle_extractor[0m [36msuccess[0m=[35m20[0m [36mtotal[0m=[35m20[0m
[[32m[1minfo     [0m] [1mContent post-fetch complete   [0m [[0m[1m[34mnews_scraper.unified[0m][0m [36mfetched[0m=[35m20[0m [36mmodule[0m=[35munified[0m [36mtotal[0m=[35m20[0m
[[32m[1minfo     [0m] [1mFinancial news collection complete[0m [[0m[1m[34mnews_scraper.unified[0m][0m [36melapsed_seconds[0m=[35m22.69[0m [36mmodule[0m=[35munified[0m [36msources[0m=[35m['reuters_jp'][0m [36mtotal_articles[0m=[35m20[0m
[[32m[1minfo     [0m] [1mRawStore: saved=20, dup=0, empty=0[0m [[0m[1m[34mnews_scraper.unified[0m][0m [36mmodule[0m=[35munified[0m
[[32m[1minfo     [0m] [1mCollection complete           [0m [[0m[1m[34m__main__[0m][0m [36marticle_count[0m=[35m20[0m [36mmodule[0m=[35mscrape_finance_news[0m
[[32m[1minfo     [0m] [1mNAS is mounted, using NAS output[0m [[0m[1m[34m__main__[0m][0m [36mmodule[0m=[35mscrape_finance_news[0m [36mpath[0m=[35m/Volumes/personal_folder/scraped/reuters_jp[0m [36msource[0m=[35mreuters_jp[0m
[[32m[1minfo     [0m] [1mOutput directory ready        [0m [[0m[1m[34m__main__[0m][0m [36mmodule[0m=[35mscrape_finance_news[0m [36mpath[0m=[35m/Volumes/personal_folder/scraped/reuters_jp/2026-03-31[0m
[[32m[1minfo     [0m] [1mArticles saved to JSON        [0m [[0m[1m[34m__main__[0m][0m [36mmodule[0m=[35mscrape_finance_news[0m [36mpath[0m=[35m/Volumes/personal_folder/scraped/reuters_jp/2026-03-31/news_090005.json[0m [36mtotal_count[0m=[35m20[0m
[[32m[1minfo     [0m] [1mSave complete                 [0m [[0m[1m[34m__main__[0m][0m [36mcount[0m=[35m20[0m [36mmodule[0m=[35mscrape_finance_news[0m [36moutput_file[0m=[35m/Volumes/personal_folder/scraped/reuters_jp/2026-03-31/news_090005.json[0m [36msource[0m=[35mreuters_jp[0m
[[32m[1minfo     [0m] [1mScraper finished successfully [0m [[0m[1m[34m__main__[0m][0m [36mmodule[0m=[35mscrape_finance_news[0m [36msaved_files[0m=[35m['/Volumes/personal_folder/scraped/reuters_jp/2026-03-31/news_090005.json'][0m [36mtotal_articles[0m=[35m20[0m
[[32m[1minfo     [0m] [1mFinance news scraper starting [0m [[0m[1m[34m__main__[0m][0m [36minclude_content[0m=[35mTrue[0m [36mmax_articles[0m=[35m50[0m [36mmodule[0m=[35mscrape_finance_news[0m [36msources[0m=[35m['reuters_jp'][0m
[[32m[1minfo     [0m] [1mStarting news collection      [0m [[0m[1m[34m__main__[0m][0m [36mmodule[0m=[35mscrape_finance_news[0m [36msources[0m=[35m['reuters_jp'][0m
[[32m[1minfo     [0m] [1mStarting financial news collection (async)[0m [[0m[1m[34mnews_scraper.unified[0m][0m [36minclude_content[0m=[35mTrue[0m [36mmax_articles_per_source[0m=[35m50[0m [36mmodule[0m=[35munified[0m [36msources[0m=[35m['reuters_jp'][0m
[[32m[1minfo     [0m] [1mStarting Reuters JP news collection[0m [[0m[1m[34mnews_scraper.reuters_jp[0m][0m [36mmax_articles_per_source[0m=[35m50[0m [36mmodule[0m=[35mreuters_jp[0m [36msections[0m=[35m['markets', 'business'][0m
[[32m[1minfo     [0m] [1mFetching Reuters JP section   [0m [[0m[1m[34mnews_scraper.reuters_jp[0m][0m [36mmodule[0m=[35mreuters_jp[0m [36msection[0m=[35mmarkets[0m [36murl[0m=[35mhttps://jp.reuters.com/markets/[0m
[[32m[1minfo     [0m] [1mFetching Reuters JP section   [0m [[0m[1m[34mnews_scraper.reuters_jp[0m][0m [36mmodule[0m=[35mreuters_jp[0m [36msection[0m=[35mbusiness[0m [36murl[0m=[35mhttps://jp.reuters.com/business/[0m
[[32m[1minfo     [0m] [1mHTTP Request: GET https://jp.reuters.com/business/ "HTTP/1.1 200 OK"[0m [[0m[1m[34mhttpx[0m][0m
[[32m[1minfo     [0m] [1mHTML fetched (async)          [0m [[0m[1m[34mnews_scraper._html_utils[0m][0m [36mmodule[0m=[35mhtml_utils[0m [36mstatus_code[0m=[35m200[0m [36murl[0m=[35mhttps://jp.reuters.com/business/[0m
[[32m[1minfo     [0m] [1mBusiness page parsed          [0m [[0m[1m[34mnews_scraper.reuters_jp[0m][0m [36marticle_count[0m=[35m20[0m [36mmodule[0m=[35mreuters_jp[0m
[[32m[1minfo     [0m] [1mReuters JP section complete   [0m [[0m[1m[34mnews_scraper.reuters_jp[0m][0m [36mcount[0m=[35m20[0m [36mmodule[0m=[35mreuters_jp[0m [36msection[0m=[35mbusiness[0m
[[32m[1minfo     [0m] [1mHTTP Request: GET https://jp.reuters.com/markets/ "HTTP/1.1 200 OK"[0m [[0m[1m[34mhttpx[0m][0m
[[32m[1minfo     [0m] [1mHTML fetched (async)          [0m [[0m[1m[34mnews_scraper._html_utils[0m][0m [36mmodule[0m=[35mhtml_utils[0m [36mstatus_code[0m=[35m200[0m [36murl[0m=[35mhttps://jp.reuters.com/markets/[0m
[[32m[1minfo     [0m] [1mMarkets page parsed           [0m [[0m[1m[34mnews_scraper.reuters_jp[0m][0m [36marticle_count[0m=[35m6[0m [36mmodule[0m=[35mreuters_jp[0m
[[32m[1minfo     [0m] [1mReuters JP section complete   [0m [[0m[1m[34mnews_scraper.reuters_jp[0m][0m [36mcount[0m=[35m6[0m [36mmodule[0m=[35mreuters_jp[0m [36msection[0m=[35mmarkets[0m
[[32m[1minfo     [0m] [1mReuters JP news collection complete[0m [[0m[1m[34mnews_scraper.reuters_jp[0m][0m [36mmodule[0m=[35mreuters_jp[0m [36mtotal_articles[0m=[35m26[0m
[[32m[1minfo     [0m] [1mSource collection complete    [0m [[0m[1m[34mnews_scraper.unified[0m][0m [36mmodule[0m=[35munified[0m [36msource[0m=[35mreuters_jp[0m [36msource_articles[0m=[35m26[0m
[[32m[1minfo     [0m] [1mFetching content for articles missing it[0m [[0m[1m[34mnews_scraper.unified[0m][0m [36mcount[0m=[35m26[0m [36mmodule[0m=[35munified[0m
[[32m[1minfo     [0m] [1mStarting batch extraction     [0m [[0m[1m[34mrss.services.article_extractor[0m][0m [36mmodule[0m=[35marticle_extractor[0m [36mrate_limit[0m=[35m1.0[0m [36murl_count[0m=[35m26[0m
[[32m[1minfo     [0m] [1mStarting article extraction   [0m [[0m[1m[34mrss.services.article_extractor[0m][0m [36mmodule[0m=[35marticle_extractor[0m [36murl[0m=[35mhttps://jp.reuters.com/markets/global-markets/JMCPY7JFDZKXROIIPL6O7K52YA-2026-03-31/[0m [36muser_agent[0m=[35m'Mozilla/5.0 (Macintosh; Intel Mac OS X 10_15_7) Ap...'[0m
[[32m[1minfo     [0m] [1mTrafilatura extraction successful[0m [[0m[1m[34mrss.services.article_extractor[0m][0m [36mmodule[0m=[35marticle_extractor[0m [36mtext_length[0m=[35m407[0m [36mtitle[0m=[35mNone[0m [36murl[0m=[35mhttps://jp.reuters.com/markets/global-markets/JMCPY7JFDZKXROIIPL6O7K52YA-2026-03-31/[0m
[[32m[1minfo     [0m] [1mStarting article extraction   [0m [[0m[1m[34mrss.services.article_extractor[0m][0m [36mmodule[0m=[35marticle_extractor[0m [36murl[0m=[35mhttps://jp.reuters.com/markets/commodities/XZUWFOZGFJPEVNKYGXDYJZZRHM-2026-03-31/[0m [36muser_agent[0m=[35m'Mozilla/5.0 (Macintosh; Intel Mac OS X 10_15_7) Ap...'[0m
[[32m[1minfo     [0m] [1mTrafilatura extraction successful[0m [[0m[1m[34mrss.services.article_extractor[0m][0m [36mmodule[0m=[35marticle_extractor[0m [36mtext_length[0m=[35m538[0m [36mtitle[0m=[35mNone[0m [36murl[0m=[35mhttps://jp.reuters.com/markets/commodities/XZUWFOZGFJPEVNKYGXDYJZZRHM-2026-03-31/[0m
[[32m[1minfo     [0m] [1mStarting article extraction   [0m [[0m[1m[34mrss.services.article_extractor[0m][0m [36mmodule[0m=[35marticle_extractor[0m [36murl[0m=[35mhttps://jp.reuters.com/markets/world-indices/QW4LAORU7VNDFLV36F3GGF4AQI-2026-03-31/[0m [36muser_agent[0m=[35m'Mozilla/5.0 (Macintosh; Intel Mac OS X 10_15_7) Ap...'[0m
[[32m[1minfo     [0m] [1mTrafilatura extraction successful[0m [[0m[1m[34mrss.services.article_extractor[0m][0m [36mmodule[0m=[35marticle_extractor[0m [36mtext_length[0m=[35m449[0m [36mtitle[0m=[35mNone[0m [36murl[0m=[35mhttps://jp.reuters.com/markets/world-indices/QW4LAORU7VNDFLV36F3GGF4AQI-2026-03-31/[0m
[[32m[1minfo     [0m] [1mStarting article extraction   [0m [[0m[1m[34mrss.services.article_extractor[0m][0m [36mmodule[0m=[35marticle_extractor[0m [36murl[0m=[35mhttps://jp.reuters.com/markets/commodities/ODAAXVLS3NPPXPFTAAEB2ZILPM-2026-03-31/[0m [36muser_agent[0m=[35m'Mozilla/5.0 (Macintosh; Intel Mac OS X 10_15_7) Ap...'[0m
[[32m[1minfo     [0m] [1mTrafilatura extraction successful[0m [[0m[1m[34mrss.services.article_extractor[0m][0m [36mmodule[0m=[35marticle_extractor[0m [36mtext_length[0m=[35m608[0m [36mtitle[0m=[35mNone[0m [36murl[0m=[35mhttps://jp.reuters.com/markets/commodities/ODAAXVLS3NPPXPFTAAEB2ZILPM-2026-03-31/[0m
[[32m[1minfo     [0m] [1mStarting article extraction   [0m [[0m[1m[34mrss.services.article_extractor[0m][0m [36mmodule[0m=[35marticle_extractor[0m [36murl[0m=[35mhttps://jp.reuters.com/markets/global-markets/TCVTZ2UD7RMC7JA6U72A3RG2QI-2026-03-31/[0m [36muser_agent[0m=[35m'Mozilla/5.0 (Macintosh; Intel Mac OS X 10_15_7) Ap...'[0m
[[32m[1minfo     [0m] [1mTrafilatura extraction successful[0m [[0m[1m[34mrss.services.article_extractor[0m][0m [36mmodule[0m=[35marticle_extractor[0m [36mtext_length[0m=[35m523[0m [36mtitle[0m=[35mNone[0m [36murl[0m=[35mhttps://jp.reuters.com/markets/global-markets/TCVTZ2UD7RMC7JA6U72A3RG2QI-2026-03-31/[0m
[[32m[1minfo     [0m] [1mStarting article extraction   [0m [[0m[1m[34mrss.services.article_extractor[0m][0m [36mmodule[0m=[35marticle_extractor[0m [36murl[0m=[35mhttps://jp.reuters.com/world/taiwan/IXBQJYOLUFLAPCGMEA4LDQDRDU-2026-03-31/[0m [36muser_agent[0m=[35m'Mozilla/5.0 (Macintosh; Intel Mac OS X 10_15_7) Ap...'[0m
[[32m[1minfo     [0m] [1mTrafilatura extraction successful[0m [[0m[1m[34mrss.services.article_extractor[0m][0m [36mmodule[0m=[35marticle_extractor[0m [36mtext_length[0m=[35m286[0m [36mtitle[0m=[35mNone[0m [36murl[0m=[35mhttps://jp.reuters.com/world/taiwan/IXBQJYOLUFLAPCGMEA4LDQDRDU-2026-03-31/[0m
[[32m[1minfo     [0m] [1mStarting article extraction   [0m [[0m[1m[34mrss.services.article_extractor[0m][0m [36mmodule[0m=[35marticle_extractor[0m [36murl[0m=[35mhttps://jp.reuters.com/markets/japan/O3PR7ETPGVNJPK43CHPA45VSSI-2026-03-31/[0m [36muser_agent[0m=[35m'Mozilla/5.0 (Macintosh; Intel Mac OS X 10_15_7) Ap...'[0m
[[32m[1minfo     [0m] [1mTrafilatura extraction successful[0m [[0m[1m[34mrss.services.article_extractor[0m][0m [36mmodule[0m=[35marticle_extractor[0m [36mtext_length[0m=[35m533[0m [36mtitle[0m=[35mNone[0m [36murl[0m=[35mhttps://jp.reuters.com/markets/japan/O3PR7ETPGVNJPK43CHPA45VSSI-2026-03-31/[0m
[[32m[1minfo     [0m] [1mStarting article extraction   [0m [[0m[1m[34mrss.services.article_extractor[0m][0m [36mmodule[0m=[35marticle_extractor[0m [36murl[0m=[35mhttps://jp.reuters.com/markets/japan/XDJIJGWCAFJX7JLOT536FR6KRE-2026-03-31/[0m [36muser_agent[0m=[35m'Mozilla/5.0 (Macintosh; Intel Mac OS X 10_15_7) Ap...'[0m
[[32m[1minfo     [0m] [1mTrafilatura extraction successful[0m [[0m[1m[34mrss.services.article_extractor[0m][0m [36mmodule[0m=[35marticle_extractor[0m [36mtext_length[0m=[35m356[0m [36mtitle[0m=[35mNone[0m [36murl[0m=[35mhttps://jp.reuters.com/markets/japan/XDJIJGWCAFJX7JLOT536FR6KRE-2026-03-31/[0m
[[32m[1minfo     [0m] [1mStarting article extraction   [0m [[0m[1m[34mrss.services.article_extractor[0m][0m [36mmodule[0m=[35marticle_extractor[0m [36murl[0m=[35mhttps://jp.reuters.com/markets/japan/G6OQZFQUKRMZXEUGZPV3THGKKQ-2026-03-31/[0m [36muser_agent[0m=[35m'Mozilla/5.0 (Macintosh; Intel Mac OS X 10_15_7) Ap...'[0m
[[32m[1minfo     [0m] [1mTrafilatura extraction successful[0m [[0m[1m[34mrss.services.article_extractor[0m][0m [36mmodule[0m=[35marticle_extractor[0m [36mtext_length[0m=[35m572[0m [36mtitle[0m=[35mNone[0m [36murl[0m=[35mhttps://jp.reuters.com/markets/japan/G6OQZFQUKRMZXEUGZPV3THGKKQ-2026-03-31/[0m
[[32m[1minfo     [0m] [1mStarting article extraction   [0m [[0m[1m[34mrss.services.article_extractor[0m][0m [36mmodule[0m=[35marticle_extractor[0m [36murl[0m=[35mhttps://jp.reuters.com/markets/commodities/CMYB4OC7FNN6RDMUDVNUIAXD2M-2026-03-31/[0m [36muser_agent[0m=[35m'Mozilla/5.0 (Macintosh; Intel Mac OS X 10_15_7) Ap...'[0m
[[32m[1minfo     [0m] [1mTrafilatura extraction successful[0m [[0m[1m[34mrss.services.article_extractor[0m][0m [36mmodule[0m=[35marticle_extractor[0m [36mtext_length[0m=[35m223[0m [36mtitle[0m=[35mNone[0m [36murl[0m=[35mhttps://jp.reuters.com/markets/commodities/CMYB4OC7FNN6RDMUDVNUIAXD2M-2026-03-31/[0m
[[32m[1minfo     [0m] [1mStarting article extraction   [0m [[0m[1m[34mrss.services.article_extractor[0m][0m [36mmodule[0m=[35marticle_extractor[0m [36murl[0m=[35mhttps://jp.reuters.com/markets/global-markets/4PMOSTCSHJKT5P242NVNDH3ABY-2026-03-31/[0m [36muser_agent[0m=[35m'Mozilla/5.0 (Macintosh; Intel Mac OS X 10_15_7) Ap...'[0m
[[32m[1minfo     [0m] [1mTrafilatura extraction successful[0m [[0m[1m[34mrss.services.article_extractor[0m][0m [36mmodule[0m=[35marticle_extractor[0m [36mtext_length[0m=[35m240[0m [36mtitle[0m=[35mNone[0m [36murl[0m=[35mhttps://jp.reuters.com/markets/global-markets/4PMOSTCSHJKT5P242NVNDH3ABY-2026-03-31/[0m
[[32m[1minfo     [0m] [1mStarting article extraction   [0m [[0m[1m[34mrss.services.article_extractor[0m][0m [36mmodule[0m=[35marticle_extractor[0m [36murl[0m=[35mhttps://jp.reuters.com/markets/japan/JGL7NVAPYNKUBNGWFCZEFOL3KI-2026-03-31/[0m [36muser_agent[0m=[35m'Mozilla/5.0 (Macintosh; Intel Mac OS X 10_15_7) Ap...'[0m
[[32m[1minfo     [0m] [1mTrafilatura extraction successful[0m [[0m[1m[34mrss.services.article_extractor[0m][0m [36mmodule[0m=[35marticle_extractor[0m [36mtext_length[0m=[35m981[0m [36mtitle[0m=[35mNone[0m [36murl[0m=[35mhttps://jp.reuters.com/markets/japan/JGL7NVAPYNKUBNGWFCZEFOL3KI-2026-03-31/[0m
[[32m[1minfo     [0m] [1mStarting article extraction   [0m [[0m[1m[34mrss.services.article_extractor[0m][0m [36mmodule[0m=[35marticle_extractor[0m [36murl[0m=[35mhttps://jp.reuters.com/markets/japan/R25WA5KZWROP7DEILYNOCXTTP4-2026-03-31/[0m [36muser_agent[0m=[35m'Mozilla/5.0 (Macintosh; Intel Mac OS X 10_15_7) Ap...'[0m
[[32m[1minfo     [0m] [1mTrafilatura extraction successful[0m [[0m[1m[34mrss.services.article_extractor[0m][0m [36mmodule[0m=[35marticle_extractor[0m [36mtext_length[0m=[35m1144[0m [36mtitle[0m=[35mNone[0m [36murl[0m=[35mhttps://jp.reuters.com/markets/japan/R25WA5KZWROP7DEILYNOCXTTP4-2026-03-31/[0m
[[32m[1minfo     [0m] [1mStarting article extraction   [0m [[0m[1m[34mrss.services.article_extractor[0m][0m [36mmodule[0m=[35marticle_extractor[0m [36murl[0m=[35mhttps://jp.reuters.com/markets/japan/ZMJMNPGDGJJPJHQ2QATWR6QWYM-2026-03-31/[0m [36muser_agent[0m=[35m'Mozilla/5.0 (Macintosh; Intel Mac OS X 10_15_7) Ap...'[0m
[[32m[1minfo     [0m] [1mTrafilatura extraction successful[0m [[0m[1m[34mrss.services.article_extractor[0m][0m [36mmodule[0m=[35marticle_extractor[0m [36mtext_length[0m=[35m764[0m [36mtitle[0m=[35mNone[0m [36murl[0m=[35mhttps://jp.reuters.com/markets/japan/ZMJMNPGDGJJPJHQ2QATWR6QWYM-2026-03-31/[0m
[[32m[1minfo     [0m] [1mStarting article extraction   [0m [[0m[1m[34mrss.services.article_extractor[0m][0m [36mmodule[0m=[35marticle_extractor[0m [36murl[0m=[35mhttps://jp.reuters.com/markets/global-markets/SHUJBB4URVNAPLYFVCXBOLKZCQ-2026-03-31/[0m [36muser_agent[0m=[35m'Mozilla/5.0 (Macintosh; Intel Mac OS X 10_15_7) Ap...'[0m
[[32m[1minfo     [0m] [1mTrafilatura extraction successful[0m [[0m[1m[34mrss.services.article_extractor[0m][0m [36mmodule[0m=[35marticle_extractor[0m [36mtext_length[0m=[35m623[0m [36mtitle[0m=[35mNone[0m [36murl[0m=[35mhttps://jp.reuters.com/markets/global-markets/SHUJBB4URVNAPLYFVCXBOLKZCQ-2026-03-31/[0m
[[32m[1minfo     [0m] [1mStarting article extraction   [0m [[0m[1m[34mrss.services.article_extractor[0m][0m [36mmodule[0m=[35marticle_extractor[0m [36murl[0m=[35mhttps://jp.reuters.com/markets/global-markets/PGSANP2TE5IAJET7UBZ7BMRXEY-2026-03-31/[0m [36muser_agent[0m=[35m'Mozilla/5.0 (Macintosh; Intel Mac OS X 10_15_7) Ap...'[0m
[[32m[1minfo     [0m] [1mTrafilatura extraction successful[0m [[0m[1m[34mrss.services.article_extractor[0m][0m [36mmodule[0m=[35marticle_extractor[0m [36mtext_length[0m=[35m818[0m [36mtitle[0m=[35mNone[0m [36murl[0m=[35mhttps://jp.reuters.com/markets/global-markets/PGSANP2TE5IAJET7UBZ7BMRXEY-2026-03-31/[0m
[[32m[1minfo     [0m] [1mStarting article extraction   [0m [[0m[1m[34mrss.services.article_extractor[0m][0m [36mmodule[0m=[35marticle_extractor[0m [36murl[0m=[35mhttps://jp.reuters.com/markets/japan/RDNBALA7AFLNHJH6U2XD4UTCQE-2026-03-31/[0m [36muser_agent[0m=[35m'Mozilla/5.0 (Macintosh; Intel Mac OS X 10_15_7) Ap...'[0m
[[32m[1minfo     [0m] [1mTrafilatura extraction successful[0m [[0m[1m[34mrss.services.article_extractor[0m][0m [36mmodule[0m=[35marticle_extractor[0m [36mtext_length[0m=[35m276[0m [36mtitle[0m=[35mNone[0m [36murl[0m=[35mhttps://jp.reuters.com/markets/japan/RDNBALA7AFLNHJH6U2XD4UTCQE-2026-03-31/[0m
[[32m[1minfo     [0m] [1mStarting article extraction   [0m [[0m[1m[34mrss.services.article_extractor[0m][0m [36mmodule[0m=[35marticle_extractor[0m [36murl[0m=[35mhttps://jp.reuters.com/markets/japan/VJOOA62YLBNB3EVSJFQSPGEORQ-2026-03-31/[0m [36muser_agent[0m=[35m'Mozilla/5.0 (Macintosh; Intel Mac OS X 10_15_7) Ap...'[0m
[[32m[1minfo     [0m] [1mTrafilatura extraction successful[0m [[0m[1m[34mrss.services.article_extractor[0m][0m [36mmodule[0m=[35marticle_extractor[0m [36mtext_length[0m=[35m786[0m [36mtitle[0m=[35mNone[0m [36murl[0m=[35mhttps://jp.reuters.com/markets/japan/VJOOA62YLBNB3EVSJFQSPGEORQ-2026-03-31/[0m
[[32m[1minfo     [0m] [1mStarting article extraction   [0m [[0m[1m[34mrss.services.article_extractor[0m][0m [36mmodule[0m=[35marticle_extractor[0m [36murl[0m=[35mhttps://jp.reuters.com/markets/commodities/TYE3TMR27NM3DALPEZXN5JTFDE-2026-03-31/[0m [36muser_agent[0m=[35m'Mozilla/5.0 (Macintosh; Intel Mac OS X 10_15_7) Ap...'[0m
[[32m[1minfo     [0m] [1mTrafilatura extraction successful[0m [[0m[1m[34mrss.services.article_extractor[0m][0m [36mmodule[0m=[35marticle_extractor[0m [36mtext_length[0m=[35m232[0m [36mtitle[0m=[35mNone[0m [36murl[0m=[35mhttps://jp.reuters.com/markets/commodities/TYE3TMR27NM3DALPEZXN5JTFDE-2026-03-31/[0m
[[32m[1minfo     [0m] [1mStarting article extraction   [0m [[0m[1m[34mrss.services.article_extractor[0m][0m [36mmodule[0m=[35marticle_extractor[0m [36murl[0m=[35mhttps://jp.reuters.com/markets/world-indices/MDY5APBV7JITDDTF5U7SMBVNKM-2026-03-31/[0m [36muser_agent[0m=[35m'Mozilla/5.0 (Macintosh; Intel Mac OS X 10_15_7) Ap...'[0m
[[32m[1minfo     [0m] [1mTrafilatura extraction successful[0m [[0m[1m[34mrss.services.article_extractor[0m][0m [36mmodule[0m=[35marticle_extractor[0m [36mtext_length[0m=[35m279[0m [36mtitle[0m=[35mNone[0m [36murl[0m=[35mhttps://jp.reuters.com/markets/world-indices/MDY5APBV7JITDDTF5U7SMBVNKM-2026-03-31/[0m
[[32m[1minfo     [0m] [1mStarting article extraction   [0m [[0m[1m[34mrss.services.article_extractor[0m][0m [36mmodule[0m=[35marticle_extractor[0m [36murl[0m=[35mhttps://jp.reuters.com/markets/world-indices/THBDOFYFHVJOXN7PQMWNH64Q7E-2026-03-31/[0m [36muser_agent[0m=[35m'Mozilla/5.0 (Macintosh; Intel Mac OS X 10_15_7) Ap...'[0m
[[32m[1minfo     [0m] [1mTrafilatura extraction successful[0m [[0m[1m[34mrss.services.article_extractor[0m][0m [36mmodule[0m=[35marticle_extractor[0m [36mtext_length[0m=[35m380[0m [36mtitle[0m=[35mNone[0m [36murl[0m=[35mhttps://jp.reuters.com/markets/world-indices/THBDOFYFHVJOXN7PQMWNH64Q7E-2026-03-31/[0m
[[32m[1minfo     [0m] [1mStarting article extraction   [0m [[0m[1m[34mrss.services.article_extractor[0m][0m [36mmodule[0m=[35marticle_extractor[0m [36murl[0m=[35mhttps://jp.reuters.com/markets/japan/MAI7QWQVVFOYLIRW7FZ2323MLY-2026-03-31/[0m [36muser_agent[0m=[35m'Mozilla/5.0 (Macintosh; Intel Mac OS X 10_15_7) Ap...'[0m
[[32m[1minfo     [0m] [1mTrafilatura extraction successful[0m [[0m[1m[34mrss.services.article_extractor[0m][0m [36mmodule[0m=[35marticle_extractor[0m [36mtext_length[0m=[35m428[0m [36mtitle[0m=[35mNone[0m [36murl[0m=[35mhttps://jp.reuters.com/markets/japan/MAI7QWQVVFOYLIRW7FZ2323MLY-2026-03-31/[0m
[[32m[1minfo     [0m] [1mStarting article extraction   [0m [[0m[1m[34mrss.services.article_extractor[0m][0m [36mmodule[0m=[35marticle_extractor[0m [36murl[0m=[35mhttps://jp.reuters.com/markets/global-markets/72UF7K4P65NVJNEGXSYAWKDYV4-2026-03-31/[0m [36muser_agent[0m=[35m'Mozilla/5.0 (Macintosh; Intel Mac OS X 10_15_7) Ap...'[0m
[[32m[1minfo     [0m] [1mTrafilatura extraction successful[0m [[0m[1m[34mrss.services.article_extractor[0m][0m [36mmodule[0m=[35marticle_extractor[0m [36mtext_length[0m=[35m269[0m [36mtitle[0m=[35mNone[0m [36murl[0m=[35mhttps://jp.reuters.com/markets/global-markets/72UF7K4P65NVJNEGXSYAWKDYV4-2026-03-31/[0m
[[32m[1minfo     [0m] [1mStarting article extraction   [0m [[0m[1m[34mrss.services.article_extractor[0m][0m [36mmodule[0m=[35marticle_extractor[0m [36murl[0m=[35mhttps://jp.reuters.com/markets/commodities/F4QYVPUQHZO7JKEJPSJWK7KWLI-2026-03-31/[0m [36muser_agent[0m=[35m'Mozilla/5.0 (Macintosh; Intel Mac OS X 10_15_7) Ap...'[0m
[[32m[1minfo     [0m] [1mTrafilatura extraction successful[0m [[0m[1m[34mrss.services.article_extractor[0m][0m [36mmodule[0m=[35marticle_extractor[0m [36mtext_length[0m=[35m704[0m [36mtitle[0m=[35mNone[0m [36murl[0m=[35mhttps://jp.reuters.com/markets/commodities/F4QYVPUQHZO7JKEJPSJWK7KWLI-2026-03-31/[0m
[[32m[1minfo     [0m] [1mStarting article extraction   [0m [[0m[1m[34mrss.services.article_extractor[0m][0m [36mmodule[0m=[35marticle_extractor[0m [36murl[0m=[35mhttps://jp.reuters.com/markets/global-markets/EZXLEGCGFNKNVLL7PCAB5RX7WI-2026-03-31/[0m [36muser_agent[0m=[35m'Mozilla/5.0 (Macintosh; Intel Mac OS X 10_15_7) Ap...'[0m
[[32m[1minfo     [0m] [1mTrafilatura extraction successful[0m [[0m[1m[34mrss.services.article_extractor[0m][0m [36mmodule[0m=[35marticle_extractor[0m [36mtext_length[0m=[35m201[0m [36mtitle[0m=[35mNone[0m [36murl[0m=[35mhttps://jp.reuters.com/markets/global-markets/EZXLEGCGFNKNVLL7PCAB5RX7WI-2026-03-31/[0m
[[32m[1minfo     [0m] [1mStarting article extraction   [0m [[0m[1m[34mrss.services.article_extractor[0m][0m [36mmodule[0m=[35marticle_extractor[0m [36murl[0m=[35mhttps://jp.reuters.com/markets/japan/TN3HNHXZVJMGHBZFYHB72NDLBI-2026-03-31/[0m [36muser_agent[0m=[35m'Mozilla/5.0 (Macintosh; Intel Mac OS X 10_15_7) Ap...'[0m
[[32m[1minfo     [0m] [1mTrafilatura extraction successful[0m [[0m[1m[34mrss.services.article_extractor[0m][0m [36mmodule[0m=[35marticle_extractor[0m [36mtext_length[0m=[35m546[0m [36mtitle[0m=[35mNone[0m [36murl[0m=[35mhttps://jp.reuters.com/markets/japan/TN3HNHXZVJMGHBZFYHB72NDLBI-2026-03-31/[0m
[[32m[1minfo     [0m] [1mBatch extraction completed    [0m [[0m[1m[34mrss.services.article_extractor[0m][0m [36mfailed[0m=[35m0[0m [36mmodule[0m=[35marticle_extractor[0m [36msuccess[0m=[35m26[0m [36mtotal[0m=[35m26[0m
[[32m[1minfo     [0m] [1mContent post-fetch complete   [0m [[0m[1m[34mnews_scraper.unified[0m][0m [36mfetched[0m=[35m26[0m [36mmodule[0m=[35munified[0m [36mtotal[0m=[35m26[0m
[[32m[1minfo     [0m] [1mFinancial news collection complete[0m [[0m[1m[34mnews_scraper.unified[0m][0m [36melapsed_seconds[0m=[35m32.81[0m [36mmodule[0m=[35munified[0m [36msources[0m=[35m['reuters_jp'][0m [36mtotal_articles[0m=[35m26[0m
[[32m[1minfo     [0m] [1mRawStore: saved=7, dup=19, empty=0[0m [[0m[1m[34mnews_scraper.unified[0m][0m [36mmodule[0m=[35munified[0m
[[32m[1minfo     [0m] [1mCollection complete           [0m [[0m[1m[34m__main__[0m][0m [36marticle_count[0m=[35m26[0m [36mmodule[0m=[35mscrape_finance_news[0m
[[32m[1minfo     [0m] [1mNAS is mounted, using NAS output[0m [[0m[1m[34m__main__[0m][0m [36mmodule[0m=[35mscrape_finance_news[0m [36mpath[0m=[35m/Volumes/personal_folder/scraped/reuters_jp[0m [36msource[0m=[35mreuters_jp[0m
[[32m[1minfo     [0m] [1mOutput directory ready        [0m [[0m[1m[34m__main__[0m][0m [36mmodule[0m=[35mscrape_finance_news[0m [36mpath[0m=[35m/Volumes/personal_folder/scraped/reuters_jp/2026-03-31[0m
[[32m[1minfo     [0m] [1mArticles saved to JSON        [0m [[0m[1m[34m__main__[0m][0m [36mmodule[0m=[35mscrape_finance_news[0m [36mpath[0m=[35m/Volumes/personal_folder/scraped/reuters_jp/2026-03-31/news_150005.json[0m [36mtotal_count[0m=[35m26[0m
[[32m[1minfo     [0m] [1mSave complete                 [0m [[0m[1m[34m__main__[0m][0m [36mcount[0m=[35m26[0m [36mmodule[0m=[35mscrape_finance_news[0m [36moutput_file[0m=[35m/Volumes/personal_folder/scraped/reuters_jp/2026-03-31/news_150005.json[0m [36msource[0m=[35mreuters_jp[0m
[[32m[1minfo     [0m] [1mScraper finished successfully [0m [[0m[1m[34m__main__[0m][0m [36mmodule[0m=[35mscrape_finance_news[0m [36msaved_files[0m=[35m['/Volumes/personal_folder/scraped/reuters_jp/2026-03-31/news_150005.json'][0m [36mtotal_articles[0m=[35m26[0m
[[32m[1minfo     [0m] [1mFinance news scraper starting [0m [[0m[1m[34m__main__[0m][0m [36minclude_content[0m=[35mTrue[0m [36mmax_articles[0m=[35m50[0m [36mmodule[0m=[35mscrape_finance_news[0m [36msources[0m=[35m['reuters_jp'][0m
[[32m[1minfo     [0m] [1mStarting news collection      [0m [[0m[1m[34m__main__[0m][0m [36mmodule[0m=[35mscrape_finance_news[0m [36msources[0m=[35m['reuters_jp'][0m
[[32m[1minfo     [0m] [1mStarting financial news collection (async)[0m [[0m[1m[34mnews_scraper.unified[0m][0m [36minclude_content[0m=[35mTrue[0m [36mmax_articles_per_source[0m=[35m50[0m [36mmodule[0m=[35munified[0m [36msources[0m=[35m['reuters_jp'][0m
[[32m[1minfo     [0m] [1mStarting Reuters JP news collection[0m [[0m[1m[34mnews_scraper.reuters_jp[0m][0m [36mmax_articles_per_source[0m=[35m50[0m [36mmodule[0m=[35mreuters_jp[0m [36msections[0m=[35m['markets', 'business'][0m
[[32m[1minfo     [0m] [1mFetching Reuters JP section   [0m [[0m[1m[34mnews_scraper.reuters_jp[0m][0m [36mmodule[0m=[35mreuters_jp[0m [36msection[0m=[35mmarkets[0m [36murl[0m=[35mhttps://jp.reuters.com/markets/[0m
[[32m[1minfo     [0m] [1mFetching Reuters JP section   [0m [[0m[1m[34mnews_scraper.reuters_jp[0m][0m [36mmodule[0m=[35mreuters_jp[0m [36msection[0m=[35mbusiness[0m [36murl[0m=[35mhttps://jp.reuters.com/business/[0m
[[32m[1minfo     [0m] [1mHTTP Request: GET https://jp.reuters.com/markets/ "HTTP/1.1 200 OK"[0m [[0m[1m[34mhttpx[0m][0m
[[32m[1minfo     [0m] [1mHTTP Request: GET https://jp.reuters.com/business/ "HTTP/1.1 200 OK"[0m [[0m[1m[34mhttpx[0m][0m
[[32m[1minfo     [0m] [1mHTML fetched (async)          [0m [[0m[1m[34mnews_scraper._html_utils[0m][0m [36mmodule[0m=[35mhtml_utils[0m [36mstatus_code[0m=[35m200[0m [36murl[0m=[35mhttps://jp.reuters.com/business/[0m
[[32m[1minfo     [0m] [1mBusiness page parsed          [0m [[0m[1m[34mnews_scraper.reuters_jp[0m][0m [36marticle_count[0m=[35m20[0m [36mmodule[0m=[35mreuters_jp[0m
[[32m[1minfo     [0m] [1mReuters JP section complete   [0m [[0m[1m[34mnews_scraper.reuters_jp[0m][0m [36mcount[0m=[35m20[0m [36mmodule[0m=[35mreuters_jp[0m [36msection[0m=[35mbusiness[0m
[[32m[1minfo     [0m] [1mHTML fetched (async)          [0m [[0m[1m[34mnews_scraper._html_utils[0m][0m [36mmodule[0m=[35mhtml_utils[0m [36mstatus_code[0m=[35m200[0m [36murl[0m=[35mhttps://jp.reuters.com/markets/[0m
[[32m[1minfo     [0m] [1mMarkets page parsed           [0m [[0m[1m[34mnews_scraper.reuters_jp[0m][0m [36marticle_count[0m=[35m6[0m [36mmodule[0m=[35mreuters_jp[0m
[[32m[1minfo     [0m] [1mReuters JP section complete   [0m [[0m[1m[34mnews_scraper.reuters_jp[0m][0m [36mcount[0m=[35m6[0m [36mmodule[0m=[35mreuters_jp[0m [36msection[0m=[35mmarkets[0m
[[32m[1minfo     [0m] [1mReuters JP news collection complete[0m [[0m[1m[34mnews_scraper.reuters_jp[0m][0m [36mmodule[0m=[35mreuters_jp[0m [36mtotal_articles[0m=[35m24[0m
[[32m[1minfo     [0m] [1mSource collection complete    [0m [[0m[1m[34mnews_scraper.unified[0m][0m [36mmodule[0m=[35munified[0m [36msource[0m=[35mreuters_jp[0m [36msource_articles[0m=[35m24[0m
[[32m[1minfo     [0m] [1mFetching content for articles missing it[0m [[0m[1m[34mnews_scraper.unified[0m][0m [36mcount[0m=[35m24[0m [36mmodule[0m=[35munified[0m
[[32m[1minfo     [0m] [1mStarting batch extraction     [0m [[0m[1m[34mrss.services.article_extractor[0m][0m [36mmodule[0m=[35marticle_extractor[0m [36mrate_limit[0m=[35m1.0[0m [36murl_count[0m=[35m24[0m
[[32m[1minfo     [0m] [1mStarting article extraction   [0m [[0m[1m[34mrss.services.article_extractor[0m][0m [36mmodule[0m=[35marticle_extractor[0m [36murl[0m=[35mhttps://jp.reuters.com/world/taiwan/IXBQJYOLUFLAPCGMEA4LDQDRDU-2026-03-31/[0m [36muser_agent[0m=[35m'Mozilla/5.0 (Macintosh; Intel Mac OS X 10_15_7) Ap...'[0m
[[32m[1minfo     [0m] [1mTrafilatura extraction successful[0m [[0m[1m[34mrss.services.article_extractor[0m][0m [36mmodule[0m=[35marticle_extractor[0m [36mtext_length[0m=[35m286[0m [36mtitle[0m=[35mNone[0m [36murl[0m=[35mhttps://jp.reuters.com/world/taiwan/IXBQJYOLUFLAPCGMEA4LDQDRDU-2026-03-31/[0m
[[32m[1minfo     [0m] [1mStarting article extraction   [0m [[0m[1m[34mrss.services.article_extractor[0m][0m [36mmodule[0m=[35marticle_extractor[0m [36murl[0m=[35mhttps://jp.reuters.com/economy/inflation/D52HZPVP2ZLILC7YUKSSWH5NZY-2026-03-31/[0m [36muser_agent[0m=[35m'Mozilla/5.0 (Macintosh; Intel Mac OS X 10_15_7) Ap...'[0m
[[32m[1minfo     [0m] [1mTrafilatura extraction successful[0m [[0m[1m[34mrss.services.article_extractor[0m][0m [36mmodule[0m=[35marticle_extractor[0m [36mtext_length[0m=[35m949[0m [36mtitle[0m=[35mNone[0m [36murl[0m=[35mhttps://jp.reuters.com/economy/inflation/D52HZPVP2ZLILC7YUKSSWH5NZY-2026-03-31/[0m
[[32m[1minfo     [0m] [1mStarting article extraction   [0m [[0m[1m[34mrss.services.article_extractor[0m][0m [36mmodule[0m=[35marticle_extractor[0m [36murl[0m=[35mhttps://jp.reuters.com/world/us/V2MOGCBFBRNQ5PIDFKZPFAC7E4-2026-03-31/[0m [36muser_agent[0m=[35m'Mozilla/5.0 (Macintosh; Intel Mac OS X 10_15_7) Ap...'[0m
[[32m[1minfo     [0m] [1mTrafilatura extraction successful[0m [[0m[1m[34mrss.services.article_extractor[0m][0m [36mmodule[0m=[35marticle_extractor[0m [36mtext_length[0m=[35m251[0m [36mtitle[0m=[35mNone[0m [36murl[0m=[35mhttps://jp.reuters.com/world/us/V2MOGCBFBRNQ5PIDFKZPFAC7E4-2026-03-31/[0m
[[32m[1minfo     [0m] [1mStarting article extraction   [0m [[0m[1m[34mrss.services.article_extractor[0m][0m [36mmodule[0m=[35marticle_extractor[0m [36murl[0m=[35mhttps://jp.reuters.com/markets/japan/3A2X5U6CRVO7FIGQ57EC365ZTQ-2026-03-31/[0m [36muser_agent[0m=[35m'Mozilla/5.0 (Macintosh; Intel Mac OS X 10_15_7) Ap...'[0m
[[32m[1minfo     [0m] [1mTrafilatura extraction successful[0m [[0m[1m[34mrss.services.article_extractor[0m][0m [36mmodule[0m=[35marticle_extractor[0m [36mtext_length[0m=[35m518[0m [36mtitle[0m=[35mNone[0m [36murl[0m=[35mhttps://jp.reuters.com/markets/japan/3A2X5U6CRVO7FIGQ57EC365ZTQ-2026-03-31/[0m
[[32m[1minfo     [0m] [1mStarting article extraction   [0m [[0m[1m[34mrss.services.article_extractor[0m][0m [36mmodule[0m=[35marticle_extractor[0m [36murl[0m=[35mhttps://jp.reuters.com/world/us/DTMKVR4JYBJUXIBF7DAHLAZIQM-2026-03-31/[0m [36muser_agent[0m=[35m'Mozilla/5.0 (Macintosh; Intel Mac OS X 10_15_7) Ap...'[0m
[[32m[1minfo     [0m] [1mTrafilatura extraction successful[0m [[0m[1m[34mrss.services.article_extractor[0m][0m [36mmodule[0m=[35marticle_extractor[0m [36mtext_length[0m=[35m505[0m [36mtitle[0m=[35mNone[0m [36murl[0m=[35mhttps://jp.reuters.com/world/us/DTMKVR4JYBJUXIBF7DAHLAZIQM-2026-03-31/[0m
[[32m[1minfo     [0m] [1mStarting article extraction   [0m [[0m[1m[34mrss.services.article_extractor[0m][0m [36mmodule[0m=[35marticle_extractor[0m [36murl[0m=[35mhttps://jp.reuters.com/markets/commodities/M5FSDJZ3BNPSPGE6VGV4EXNKRE-2026-03-31/[0m [36muser_agent[0m=[35m'Mozilla/5.0 (Macintosh; Intel Mac OS X 10_15_7) Ap...'[0m
[[32m[1minfo     [0m] [1mTrafilatura extraction successful[0m [[0m[1m[34mrss.services.article_extractor[0m][0m [36mmodule[0m=[35marticle_extractor[0m [36mtext_length[0m=[35m1408[0m [36mtitle[0m=[35mNone[0m [36murl[0m=[35mhttps://jp.reuters.com/markets/commodities/M5FSDJZ3BNPSPGE6VGV4EXNKRE-2026-03-31/[0m
[[32m[1minfo     [0m] [1mStarting article extraction   [0m [[0m[1m[34mrss.services.article_extractor[0m][0m [36mmodule[0m=[35marticle_extractor[0m [36murl[0m=[35mhttps://jp.reuters.com/markets/japan/R25WA5KZWROP7DEILYNOCXTTP4-2026-03-31/[0m [36muser_agent[0m=[35m'Mozilla/5.0 (Macintosh; Intel Mac OS X 10_15_7) Ap...'[0m
[[32m[1minfo     [0m] [1mTrafilatura extraction successful[0m [[0m[1m[34mrss.services.article_extractor[0m][0m [36mmodule[0m=[35marticle_extractor[0m [36mtext_length[0m=[35m1144[0m [36mtitle[0m=[35mNone[0m [36murl[0m=[35mhttps://jp.reuters.com/markets/japan/R25WA5KZWROP7DEILYNOCXTTP4-2026-03-31/[0m
[[32m[1minfo     [0m] [1mStarting article extraction   [0m [[0m[1m[34mrss.services.article_extractor[0m][0m [36mmodule[0m=[35marticle_extractor[0m [36murl[0m=[35mhttps://jp.reuters.com/markets/japan/ZMJMNPGDGJJPJHQ2QATWR6QWYM-2026-03-31/[0m [36muser_agent[0m=[35m'Mozilla/5.0 (Macintosh; Intel Mac OS X 10_15_7) Ap...'[0m
[[32m[1minfo     [0m] [1mTrafilatura extraction successful[0m [[0m[1m[34mrss.services.article_extractor[0m][0m [36mmodule[0m=[35marticle_extractor[0m [36mtext_length[0m=[35m764[0m [36mtitle[0m=[35mNone[0m [36murl[0m=[35mhttps://jp.reuters.com/markets/japan/ZMJMNPGDGJJPJHQ2QATWR6QWYM-2026-03-31/[0m
[[32m[1minfo     [0m] [1mStarting article extraction   [0m [[0m[1m[34mrss.services.article_extractor[0m][0m [36mmodule[0m=[35marticle_extractor[0m [36murl[0m=[35mhttps://jp.reuters.com/markets/global-markets/SHUJBB4URVNAPLYFVCXBOLKZCQ-2026-03-31/[0m [36muser_agent[0m=[35m'Mozilla/5.0 (Macintosh; Intel Mac OS X 10_15_7) Ap...'[0m
[[32m[1minfo     [0m] [1mTrafilatura extraction successful[0m [[0m[1m[34mrss.services.article_extractor[0m][0m [36mmodule[0m=[35marticle_extractor[0m [36mtext_length[0m=[35m623[0m [36mtitle[0m=[35mNone[0m [36murl[0m=[35mhttps://jp.reuters.com/markets/global-markets/SHUJBB4URVNAPLYFVCXBOLKZCQ-2026-03-31/[0m
[[32m[1minfo     [0m] [1mStarting article extraction   [0m [[0m[1m[34mrss.services.article_extractor[0m][0m [36mmodule[0m=[35marticle_extractor[0m [36murl[0m=[35mhttps://jp.reuters.com/markets/global-markets/PGSANP2TE5IAJET7UBZ7BMRXEY-2026-03-31/[0m [36muser_agent[0m=[35m'Mozilla/5.0 (Macintosh; Intel Mac OS X 10_15_7) Ap...'[0m
[[32m[1minfo     [0m] [1mTrafilatura extraction successful[0m [[0m[1m[34mrss.services.article_extractor[0m][0m [36mmodule[0m=[35marticle_extractor[0m [36mtext_length[0m=[35m818[0m [36mtitle[0m=[35mNone[0m [36murl[0m=[35mhttps://jp.reuters.com/markets/global-markets/PGSANP2TE5IAJET7UBZ7BMRXEY-2026-03-31/[0m
[[32m[1minfo     [0m] [1mStarting article extraction   [0m [[0m[1m[34mrss.services.article_extractor[0m][0m [36mmodule[0m=[35marticle_extractor[0m [36murl[0m=[35mhttps://jp.reuters.com/markets/japan/RDNBALA7AFLNHJH6U2XD4UTCQE-2026-03-31/[0m [36muser_agent[0m=[35m'Mozilla/5.0 (Macintosh; Intel Mac OS X 10_15_7) Ap...'[0m
[[32m[1minfo     [0m] [1mTrafilatura extraction successful[0m [[0m[1m[34mrss.services.article_extractor[0m][0m [36mmodule[0m=[35marticle_extractor[0m [36mtext_length[0m=[35m276[0m [36mtitle[0m=[35mNone[0m [36murl[0m=[35mhttps://jp.reuters.com/markets/japan/RDNBALA7AFLNHJH6U2XD4UTCQE-2026-03-31/[0m
[[32m[1minfo     [0m] [1mStarting article extraction   [0m [[0m[1m[34mrss.services.article_extractor[0m][0m [36mmodule[0m=[35marticle_extractor[0m [36murl[0m=[35mhttps://jp.reuters.com/markets/japan/VJOOA62YLBNB3EVSJFQSPGEORQ-2026-03-31/[0m [36muser_agent[0m=[35m'Mozilla/5.0 (Macintosh; Intel Mac OS X 10_15_7) Ap...'[0m
[[32m[1minfo     [0m] [1mTrafilatura extraction successful[0m [[0m[1m[34mrss.services.article_extractor[0m][0m [36mmodule[0m=[35marticle_extractor[0m [36mtext_length[0m=[35m786[0m [36mtitle[0m=[35mNone[0m [36murl[0m=[35mhttps://jp.reuters.com/markets/japan/VJOOA62YLBNB3EVSJFQSPGEORQ-2026-03-31/[0m
[[32m[1minfo     [0m] [1mStarting article extraction   [0m [[0m[1m[34mrss.services.article_extractor[0m][0m [36mmodule[0m=[35marticle_extractor[0m [36murl[0m=[35mhttps://jp.reuters.com/markets/commodities/TYE3TMR27NM3DALPEZXN5JTFDE-2026-03-31/[0m [36muser_agent[0m=[35m'Mozilla/5.0 (Macintosh; Intel Mac OS X 10_15_7) Ap...'[0m
[[32m[1minfo     [0m] [1mTrafilatura extraction successful[0m [[0m[1m[34mrss.services.article_extractor[0m][0m [36mmodule[0m=[35marticle_extractor[0m [36mtext_length[0m=[35m232[0m [36mtitle[0m=[35mNone[0m [36murl[0m=[35mhttps://jp.reuters.com/markets/commodities/TYE3TMR27NM3DALPEZXN5JTFDE-2026-03-31/[0m
[[32m[1minfo     [0m] [1mStarting article extraction   [0m [[0m[1m[34mrss.services.article_extractor[0m][0m [36mmodule[0m=[35marticle_extractor[0m [36murl[0m=[35mhttps://jp.reuters.com/markets/world-indices/MDY5APBV7JITDDTF5U7SMBVNKM-2026-03-31/[0m [36muser_agent[0m=[35m'Mozilla/5.0 (Macintosh; Intel Mac OS X 10_15_7) Ap...'[0m
[[32m[1minfo     [0m] [1mTrafilatura extraction successful[0m [[0m[1m[34mrss.services.article_extractor[0m][0m [36mmodule[0m=[35marticle_extractor[0m [36mtext_length[0m=[35m279[0m [36mtitle[0m=[35mNone[0m [36murl[0m=[35mhttps://jp.reuters.com/markets/world-indices/MDY5APBV7JITDDTF5U7SMBVNKM-2026-03-31/[0m
[[32m[1minfo     [0m] [1mStarting article extraction   [0m [[0m[1m[34mrss.services.article_extractor[0m][0m [36mmodule[0m=[35marticle_extractor[0m [36murl[0m=[35mhttps://jp.reuters.com/markets/world-indices/THBDOFYFHVJOXN7PQMWNH64Q7E-2026-03-31/[0m [36muser_agent[0m=[35m'Mozilla/5.0 (Macintosh; Intel Mac OS X 10_15_7) Ap...'[0m
[[32m[1minfo     [0m] [1mTrafilatura extraction successful[0m [[0m[1m[34mrss.services.article_extractor[0m][0m [36mmodule[0m=[35marticle_extractor[0m [36mtext_length[0m=[35m380[0m [36mtitle[0m=[35mNone[0m [36murl[0m=[35mhttps://jp.reuters.com/markets/world-indices/THBDOFYFHVJOXN7PQMWNH64Q7E-2026-03-31/[0m
[[32m[1minfo     [0m] [1mStarting article extraction   [0m [[0m[1m[34mrss.services.article_extractor[0m][0m [36mmodule[0m=[35marticle_extractor[0m [36murl[0m=[35mhttps://jp.reuters.com/markets/japan/MAI7QWQVVFOYLIRW7FZ2323MLY-2026-03-31/[0m [36muser_agent[0m=[35m'Mozilla/5.0 (Macintosh; Intel Mac OS X 10_15_7) Ap...'[0m
[[32m[1minfo     [0m] [1mTrafilatura extraction successful[0m [[0m[1m[34mrss.services.article_extractor[0m][0m [36mmodule[0m=[35marticle_extractor[0m [36mtext_length[0m=[35m428[0m [36mtitle[0m=[35mNone[0m [36murl[0m=[35mhttps://jp.reuters.com/markets/japan/MAI7QWQVVFOYLIRW7FZ2323MLY-2026-03-31/[0m
[[32m[1minfo     [0m] [1mStarting article extraction   [0m [[0m[1m[34mrss.services.article_extractor[0m][0m [36mmodule[0m=[35marticle_extractor[0m [36murl[0m=[35mhttps://jp.reuters.com/markets/global-markets/72UF7K4P65NVJNEGXSYAWKDYV4-2026-03-31/[0m [36muser_agent[0m=[35m'Mozilla/5.0 (Macintosh; Intel Mac OS X 10_15_7) Ap...'[0m
[[32m[1minfo     [0m] [1mTrafilatura extraction successful[0m [[0m[1m[34mrss.services.article_extractor[0m][0m [36mmodule[0m=[35marticle_extractor[0m [36mtext_length[0m=[35m269[0m [36mtitle[0m=[35mNone[0m [36murl[0m=[35mhttps://jp.reuters.com/markets/global-markets/72UF7K4P65NVJNEGXSYAWKDYV4-2026-03-31/[0m
[[32m[1minfo     [0m] [1mStarting article extraction   [0m [[0m[1m[34mrss.services.article_extractor[0m][0m [36mmodule[0m=[35marticle_extractor[0m [36murl[0m=[35mhttps://jp.reuters.com/markets/commodities/F4QYVPUQHZO7JKEJPSJWK7KWLI-2026-03-31/[0m [36muser_agent[0m=[35m'Mozilla/5.0 (Macintosh; Intel Mac OS X 10_15_7) Ap...'[0m
[[32m[1minfo     [0m] [1mTrafilatura extraction successful[0m [[0m[1m[34mrss.services.article_extractor[0m][0m [36mmodule[0m=[35marticle_extractor[0m [36mtext_length[0m=[35m704[0m [36mtitle[0m=[35mNone[0m [36murl[0m=[35mhttps://jp.reuters.com/markets/commodities/F4QYVPUQHZO7JKEJPSJWK7KWLI-2026-03-31/[0m
[[32m[1minfo     [0m] [1mStarting article extraction   [0m [[0m[1m[34mrss.services.article_extractor[0m][0m [36mmodule[0m=[35marticle_extractor[0m [36murl[0m=[35mhttps://jp.reuters.com/markets/global-markets/EZXLEGCGFNKNVLL7PCAB5RX7WI-2026-03-31/[0m [36muser_agent[0m=[35m'Mozilla/5.0 (Macintosh; Intel Mac OS X 10_15_7) Ap...'[0m
[[32m[1minfo     [0m] [1mTrafilatura extraction successful[0m [[0m[1m[34mrss.services.article_extractor[0m][0m [36mmodule[0m=[35marticle_extractor[0m [36mtext_length[0m=[35m201[0m [36mtitle[0m=[35mNone[0m [36murl[0m=[35mhttps://jp.reuters.com/markets/global-markets/EZXLEGCGFNKNVLL7PCAB5RX7WI-2026-03-31/[0m
[[32m[1minfo     [0m] [1mStarting article extraction   [0m [[0m[1m[34mrss.services.article_extractor[0m][0m [36mmodule[0m=[35marticle_extractor[0m [36murl[0m=[35mhttps://jp.reuters.com/markets/japan/TN3HNHXZVJMGHBZFYHB72NDLBI-2026-03-31/[0m [36muser_agent[0m=[35m'Mozilla/5.0 (Macintosh; Intel Mac OS X 10_15_7) Ap...'[0m
[[32m[1minfo     [0m] [1mTrafilatura extraction successful[0m [[0m[1m[34mrss.services.article_extractor[0m][0m [36mmodule[0m=[35marticle_extractor[0m [36mtext_length[0m=[35m546[0m [36mtitle[0m=[35mNone[0m [36murl[0m=[35mhttps://jp.reuters.com/markets/japan/TN3HNHXZVJMGHBZFYHB72NDLBI-2026-03-31/[0m
[[32m[1minfo     [0m] [1mStarting article extraction   [0m [[0m[1m[34mrss.services.article_extractor[0m][0m [36mmodule[0m=[35marticle_extractor[0m [36murl[0m=[35mhttps://jp.reuters.com/markets/japan/U6UG4ENT2FLSHJGYDGNW5VRK74-2026-03-31/[0m [36muser_agent[0m=[35m'Mozilla/5.0 (Macintosh; Intel Mac OS X 10_15_7) Ap...'[0m
[[32m[1minfo     [0m] [1mTrafilatura extraction successful[0m [[0m[1m[34mrss.services.article_extractor[0m][0m [36mmodule[0m=[35marticle_extractor[0m [36mtext_length[0m=[35m836[0m [36mtitle[0m=[35mNone[0m [36murl[0m=[35mhttps://jp.reuters.com/markets/japan/U6UG4ENT2FLSHJGYDGNW5VRK74-2026-03-31/[0m
[[32m[1minfo     [0m] [1mStarting article extraction   [0m [[0m[1m[34mrss.services.article_extractor[0m][0m [36mmodule[0m=[35marticle_extractor[0m [36murl[0m=[35mhttps://jp.reuters.com/markets/japan/I4WSSWSWAFPU5O6DKIF3G3BCDI-2026-03-31/[0m [36muser_agent[0m=[35m'Mozilla/5.0 (Macintosh; Intel Mac OS X 10_15_7) Ap...'[0m
[[32m[1minfo     [0m] [1mTrafilatura extraction successful[0m [[0m[1m[34mrss.services.article_extractor[0m][0m [36mmodule[0m=[35marticle_extractor[0m [36mtext_length[0m=[35m687[0m [36mtitle[0m=[35mNone[0m [36murl[0m=[35mhttps://jp.reuters.com/markets/japan/I4WSSWSWAFPU5O6DKIF3G3BCDI-2026-03-31/[0m
[[32m[1minfo     [0m] [1mStarting article extraction   [0m [[0m[1m[34mrss.services.article_extractor[0m][0m [36mmodule[0m=[35marticle_extractor[0m [36murl[0m=[35mhttps://jp.reuters.com/markets/japan/22XRW4QJRBPMZOQ46KN5VVREVY-2026-03-31/[0m [36muser_agent[0m=[35m'Mozilla/5.0 (Macintosh; Intel Mac OS X 10_15_7) Ap...'[0m
[[32m[1minfo     [0m] [1mTrafilatura extraction successful[0m [[0m[1m[34mrss.services.article_extractor[0m][0m [36mmodule[0m=[35marticle_extractor[0m [36mtext_length[0m=[35m41[0m [36mtitle[0m=[35mNone[0m [36murl[0m=[35mhttps://jp.reuters.com/markets/japan/22XRW4QJRBPMZOQ46KN5VVREVY-2026-03-31/[0m
[[32m[1minfo     [0m] [1mStarting article extraction   [0m [[0m[1m[34mrss.services.article_extractor[0m][0m [36mmodule[0m=[35marticle_extractor[0m [36murl[0m=[35mhttps://jp.reuters.com/markets/japan/Y732FMKRKRNFFIJCWKYEFIPUTU-2026-03-31/[0m [36muser_agent[0m=[35m'Mozilla/5.0 (Macintosh; Intel Mac OS X 10_15_7) Ap...'[0m
[[32m[1minfo     [0m] [1mTrafilatura extraction successful[0m [[0m[1m[34mrss.services.article_extractor[0m][0m [36mmodule[0m=[35marticle_extractor[0m [36mtext_length[0m=[35m1725[0m [36mtitle[0m=[35mNone[0m [36murl[0m=[35mhttps://jp.reuters.com/markets/japan/Y732FMKRKRNFFIJCWKYEFIPUTU-2026-03-31/[0m
[[32m[1minfo     [0m] [1mBatch extraction completed    [0m [[0m[1m[34mrss.services.article_extractor[0m][0m [36mfailed[0m=[35m0[0m [36mmodule[0m=[35marticle_extractor[0m [36msuccess[0m=[35m24[0m [36mtotal[0m=[35m24[0m
[[32m[1minfo     [0m] [1mContent post-fetch complete   [0m [[0m[1m[34mnews_scraper.unified[0m][0m [36mfetched[0m=[35m24[0m [36mmodule[0m=[35munified[0m [36mtotal[0m=[35m24[0m
[[32m[1minfo     [0m] [1mFinancial news collection complete[0m [[0m[1m[34mnews_scraper.unified[0m][0m [36melapsed_seconds[0m=[35m26.04[0m [36mmodule[0m=[35munified[0m [36msources[0m=[35m['reuters_jp'][0m [36mtotal_articles[0m=[35m24[0m
[[32m[1minfo     [0m] [1mRawStore: saved=9, dup=15, empty=0[0m [[0m[1m[34mnews_scraper.unified[0m][0m [36mmodule[0m=[35munified[0m
[[32m[1minfo     [0m] [1mCollection complete           [0m [[0m[1m[34m__main__[0m][0m [36marticle_count[0m=[35m24[0m [36mmodule[0m=[35mscrape_finance_news[0m
[[32m[1minfo     [0m] [1mNAS is mounted, using NAS output[0m [[0m[1m[34m__main__[0m][0m [36mmodule[0m=[35mscrape_finance_news[0m [36mpath[0m=[35m/Volumes/personal_folder/scraped/reuters_jp[0m [36msource[0m=[35mreuters_jp[0m
[[32m[1minfo     [0m] [1mOutput directory ready        [0m [[0m[1m[34m__main__[0m][0m [36mmodule[0m=[35mscrape_finance_news[0m [36mpath[0m=[35m/Volumes/personal_folder/scraped/reuters_jp/2026-03-31[0m
[[32m[1minfo     [0m] [1mArticles saved to JSON        [0m [[0m[1m[34m__main__[0m][0m [36mmodule[0m=[35mscrape_finance_news[0m [36mpath[0m=[35m/Volumes/personal_folder/scraped/reuters_jp/2026-03-31/news_210005.json[0m [36mtotal_count[0m=[35m24[0m
[[32m[1minfo     [0m] [1mSave complete                 [0m [[0m[1m[34m__main__[0m][0m [36mcount[0m=[35m24[0m [36mmodule[0m=[35mscrape_finance_news[0m [36moutput_file[0m=[35m/Volumes/personal_folder/scraped/reuters_jp/2026-03-31/news_210005.json[0m [36msource[0m=[35mreuters_jp[0m
[[32m[1minfo     [0m] [1mScraper finished successfully [0m [[0m[1m[34m__main__[0m][0m [36mmodule[0m=[35mscrape_finance_news[0m [36msaved_files[0m=[35m['/Volumes/personal_folder/scraped/reuters_jp/2026-03-31/news_210005.json'][0m [36mtotal_articles[0m=[35m24[0m
[[32m[1minfo     [0m] [1mFinance news scraper starting [0m [[0m[1m[34m__main__[0m][0m [36minclude_content[0m=[35mTrue[0m [36mmax_articles[0m=[35m50[0m [36mmodule[0m=[35mscrape_finance_news[0m [36msources[0m=[35m['reuters_jp'][0m
[[32m[1minfo     [0m] [1mStarting news collection      [0m [[0m[1m[34m__main__[0m][0m [36mmodule[0m=[35mscrape_finance_news[0m [36msources[0m=[35m['reuters_jp'][0m
[[32m[1minfo     [0m] [1mStarting financial news collection (async)[0m [[0m[1m[34mnews_scraper.unified[0m][0m [36minclude_content[0m=[35mTrue[0m [36mmax_articles_per_source[0m=[35m50[0m [36mmodule[0m=[35munified[0m [36msources[0m=[35m['reuters_jp'][0m
[[32m[1minfo     [0m] [1mStarting Reuters JP news collection[0m [[0m[1m[34mnews_scraper.reuters_jp[0m][0m [36mmax_articles_per_source[0m=[35m50[0m [36mmodule[0m=[35mreuters_jp[0m [36msections[0m=[35m['markets', 'business'][0m
[[32m[1minfo     [0m] [1mFetching Reuters JP section   [0m [[0m[1m[34mnews_scraper.reuters_jp[0m][0m [36mmodule[0m=[35mreuters_jp[0m [36msection[0m=[35mmarkets[0m [36murl[0m=[35mhttps://jp.reuters.com/markets/[0m
[[32m[1minfo     [0m] [1mFetching Reuters JP section   [0m [[0m[1m[34mnews_scraper.reuters_jp[0m][0m [36mmodule[0m=[35mreuters_jp[0m [36msection[0m=[35mbusiness[0m [36murl[0m=[35mhttps://jp.reuters.com/business/[0m
[[32m[1minfo     [0m] [1mHTTP Request: GET https://jp.reuters.com/business/ "HTTP/1.1 200 OK"[0m [[0m[1m[34mhttpx[0m][0m
[[32m[1minfo     [0m] [1mHTML fetched (async)          [0m [[0m[1m[34mnews_scraper._html_utils[0m][0m [36mmodule[0m=[35mhtml_utils[0m [36mstatus_code[0m=[35m200[0m [36murl[0m=[35mhttps://jp.reuters.com/business/[0m
[[32m[1minfo     [0m] [1mBusiness page parsed          [0m [[0m[1m[34mnews_scraper.reuters_jp[0m][0m [36marticle_count[0m=[35m20[0m [36mmodule[0m=[35mreuters_jp[0m
[[32m[1minfo     [0m] [1mReuters JP section complete   [0m [[0m[1m[34mnews_scraper.reuters_jp[0m][0m [36mcount[0m=[35m20[0m [36mmodule[0m=[35mreuters_jp[0m [36msection[0m=[35mbusiness[0m
[[32m[1minfo     [0m] [1mHTTP Request: GET https://jp.reuters.com/markets/ "HTTP/1.1 200 OK"[0m [[0m[1m[34mhttpx[0m][0m
[[32m[1minfo     [0m] [1mHTML fetched (async)          [0m [[0m[1m[34mnews_scraper._html_utils[0m][0m [36mmodule[0m=[35mhtml_utils[0m [36mstatus_code[0m=[35m200[0m [36murl[0m=[35mhttps://jp.reuters.com/markets/[0m
[[32m[1minfo     [0m] [1mMarkets page parsed           [0m [[0m[1m[34mnews_scraper.reuters_jp[0m][0m [36marticle_count[0m=[35m6[0m [36mmodule[0m=[35mreuters_jp[0m
[[32m[1minfo     [0m] [1mReuters JP section complete   [0m [[0m[1m[34mnews_scraper.reuters_jp[0m][0m [36mcount[0m=[35m6[0m [36mmodule[0m=[35mreuters_jp[0m [36msection[0m=[35mmarkets[0m
[[32m[1minfo     [0m] [1mReuters JP news collection complete[0m [[0m[1m[34mnews_scraper.reuters_jp[0m][0m [36mmodule[0m=[35mreuters_jp[0m [36mtotal_articles[0m=[35m23[0m
[[32m[1minfo     [0m] [1mSource collection complete    [0m [[0m[1m[34mnews_scraper.unified[0m][0m [36mmodule[0m=[35munified[0m [36msource[0m=[35mreuters_jp[0m [36msource_articles[0m=[35m23[0m
[[32m[1minfo     [0m] [1mFetching content for articles missing it[0m [[0m[1m[34mnews_scraper.unified[0m][0m [36mcount[0m=[35m23[0m [36mmodule[0m=[35munified[0m
[[32m[1minfo     [0m] [1mStarting batch extraction     [0m [[0m[1m[34mrss.services.article_extractor[0m][0m [36mmodule[0m=[35marticle_extractor[0m [36mrate_limit[0m=[35m1.0[0m [36murl_count[0m=[35m23[0m
[[32m[1minfo     [0m] [1mStarting article extraction   [0m [[0m[1m[34mrss.services.article_extractor[0m][0m [36mmodule[0m=[35marticle_extractor[0m [36murl[0m=[35mhttps://jp.reuters.com/markets/japan/EBMBBHBIQVITVP2GDOIWLUE5BQ-2026-04-01/[0m [36muser_agent[0m=[35m'Mozilla/5.0 (Macintosh; Intel Mac OS X 10_15_7) Ap...'[0m
[[32m[1minfo     [0m] [1mTrafilatura extraction successful[0m [[0m[1m[34mrss.services.article_extractor[0m][0m [36mmodule[0m=[35marticle_extractor[0m [36mtext_length[0m=[35m647[0m [36mtitle[0m=[35mNone[0m [36murl[0m=[35mhttps://jp.reuters.com/markets/japan/EBMBBHBIQVITVP2GDOIWLUE5BQ-2026-04-01/[0m
[[32m[1minfo     [0m] [1mStarting article extraction   [0m [[0m[1m[34mrss.services.article_extractor[0m][0m [36mmodule[0m=[35marticle_extractor[0m [36murl[0m=[35mhttps://jp.reuters.com/markets/global-markets/F47ZO2YV2RN3DHNJ76X3UAVW7E-2026-04-01/[0m [36muser_agent[0m=[35m'Mozilla/5.0 (Macintosh; Intel Mac OS X 10_15_7) Ap...'[0m
[[32m[1minfo     [0m] [1mTrafilatura extraction successful[0m [[0m[1m[34mrss.services.article_extractor[0m][0m [36mmodule[0m=[35marticle_extractor[0m [36mtext_length[0m=[35m677[0m [36mtitle[0m=[35mNone[0m [36murl[0m=[35mhttps://jp.reuters.com/markets/global-markets/F47ZO2YV2RN3DHNJ76X3UAVW7E-2026-04-01/[0m
[[32m[1minfo     [0m] [1mStarting article extraction   [0m [[0m[1m[34mrss.services.article_extractor[0m][0m [36mmodule[0m=[35marticle_extractor[0m [36murl[0m=[35mhttps://jp.reuters.com/markets/global-markets/55ZQ25ACTVKANLEXFADTF3WRUA-2026-04-01/[0m [36muser_agent[0m=[35m'Mozilla/5.0 (Macintosh; Intel Mac OS X 10_15_7) Ap...'[0m
[[32m[1minfo     [0m] [1mTrafilatura extraction successful[0m [[0m[1m[34mrss.services.article_extractor[0m][0m [36mmodule[0m=[35marticle_extractor[0m [36mtext_length[0m=[35m379[0m [36mtitle[0m=[35mNone[0m [36murl[0m=[35mhttps://jp.reuters.com/markets/global-markets/55ZQ25ACTVKANLEXFADTF3WRUA-2026-04-01/[0m
[[32m[1minfo     [0m] [1mStarting article extraction   [0m [[0m[1m[34mrss.services.article_extractor[0m][0m [36mmodule[0m=[35marticle_extractor[0m [36murl[0m=[35mhttps://jp.reuters.com/markets/japan/FRBWUM52JNO6FLWWBCCX3KTIHY-2026-04-01/[0m [36muser_agent[0m=[35m'Mozilla/5.0 (Macintosh; Intel Mac OS X 10_15_7) Ap...'[0m
[[32m[1minfo     [0m] [1mTrafilatura extraction successful[0m [[0m[1m[34mrss.services.article_extractor[0m][0m [36mmodule[0m=[35marticle_extractor[0m [36mtext_length[0m=[35m287[0m [36mtitle[0m=[35mNone[0m [36murl[0m=[35mhttps://jp.reuters.com/markets/japan/FRBWUM52JNO6FLWWBCCX3KTIHY-2026-04-01/[0m
[[32m[1minfo     [0m] [1mStarting article extraction   [0m [[0m[1m[34mrss.services.article_extractor[0m][0m [36mmodule[0m=[35marticle_extractor[0m [36murl[0m=[35mhttps://jp.reuters.com/markets/global-markets/VY76626MJBNAPHZ7GNAMXSUX3Q-2026-04-01/[0m [36muser_agent[0m=[35m'Mozilla/5.0 (Macintosh; Intel Mac OS X 10_15_7) Ap...'[0m
[[32m[1minfo     [0m] [1mTrafilatura extraction successful[0m [[0m[1m[34mrss.services.article_extractor[0m][0m [36mmodule[0m=[35marticle_extractor[0m [36mtext_length[0m=[35m447[0m [36mtitle[0m=[35mNone[0m [36murl[0m=[35mhttps://jp.reuters.com/markets/global-markets/VY76626MJBNAPHZ7GNAMXSUX3Q-2026-04-01/[0m
[[32m[1minfo     [0m] [1mStarting article extraction   [0m [[0m[1m[34mrss.services.article_extractor[0m][0m [36mmodule[0m=[35marticle_extractor[0m [36murl[0m=[35mhttps://jp.reuters.com/markets/world-indices/CN4A5X3PLFJTFMVPAPXFQY54KA-2026-04-01/[0m [36muser_agent[0m=[35m'Mozilla/5.0 (Macintosh; Intel Mac OS X 10_15_7) Ap...'[0m
[[32m[1minfo     [0m] [1mTrafilatura extraction successful[0m [[0m[1m[34mrss.services.article_extractor[0m][0m [36mmodule[0m=[35marticle_extractor[0m [36mtext_length[0m=[35m464[0m [36mtitle[0m=[35mNone[0m [36murl[0m=[35mhttps://jp.reuters.com/markets/world-indices/CN4A5X3PLFJTFMVPAPXFQY54KA-2026-04-01/[0m
[[32m[1minfo     [0m] [1mStarting article extraction   [0m [[0m[1m[34mrss.services.article_extractor[0m][0m [36mmodule[0m=[35marticle_extractor[0m [36murl[0m=[35mhttps://jp.reuters.com/markets/japan/22XRW4QJRBPMZOQ46KN5VVREVY-2026-03-31/[0m [36muser_agent[0m=[35m'Mozilla/5.0 (Macintosh; Intel Mac OS X 10_15_7) Ap...'[0m
[[32m[1minfo     [0m] [1mTrafilatura extraction successful[0m [[0m[1m[34mrss.services.article_extractor[0m][0m [36mmodule[0m=[35marticle_extractor[0m [36mtext_length[0m=[35m847[0m [36mtitle[0m=[35mNone[0m [36murl[0m=[35mhttps://jp.reuters.com/markets/japan/22XRW4QJRBPMZOQ46KN5VVREVY-2026-03-31/[0m
[[32m[1minfo     [0m] [1mStarting article extraction   [0m [[0m[1m[34mrss.services.article_extractor[0m][0m [36mmodule[0m=[35marticle_extractor[0m [36murl[0m=[35mhttps://jp.reuters.com/markets/japan/Y732FMKRKRNFFIJCWKYEFIPUTU-2026-03-31/[0m [36muser_agent[0m=[35m'Mozilla/5.0 (Macintosh; Intel Mac OS X 10_15_7) Ap...'[0m
[[32m[1minfo     [0m] [1mTrafilatura extraction successful[0m [[0m[1m[34mrss.services.article_extractor[0m][0m [36mmodule[0m=[35marticle_extractor[0m [36mtext_length[0m=[35m1725[0m [36mtitle[0m=[35mNone[0m [36murl[0m=[35mhttps://jp.reuters.com/markets/japan/Y732FMKRKRNFFIJCWKYEFIPUTU-2026-03-31/[0m
[[32m[1minfo     [0m] [1mStarting article extraction   [0m [[0m[1m[34mrss.services.article_extractor[0m][0m [36mmodule[0m=[35marticle_extractor[0m [36murl[0m=[35mhttps://jp.reuters.com/markets/japan/ZP3FIN4IOZI6NEP6SHGCUQWHAA-2026-03-31/[0m [36muser_agent[0m=[35m'Mozilla/5.0 (Macintosh; Intel Mac OS X 10_15_7) Ap...'[0m
[[32m[1minfo     [0m] [1mTrafilatura extraction successful[0m [[0m[1m[34mrss.services.article_extractor[0m][0m [36mmodule[0m=[35marticle_extractor[0m [36mtext_length[0m=[35m4607[0m [36mtitle[0m=[35mNone[0m [36murl[0m=[35mhttps://jp.reuters.com/markets/japan/ZP3FIN4IOZI6NEP6SHGCUQWHAA-2026-03-31/[0m
[[32m[1minfo     [0m] [1mStarting article extraction   [0m [[0m[1m[34mrss.services.article_extractor[0m][0m [36mmodule[0m=[35marticle_extractor[0m [36murl[0m=[35mhttps://jp.reuters.com/markets/global-markets/QVQ2OTVEQFOODK7E7C2FGW4I5I-2026-03-31/[0m [36muser_agent[0m=[35m'Mozilla/5.0 (Macintosh; Intel Mac OS X 10_15_7) Ap...'[0m
[[32m[1minfo     [0m] [1mTrafilatura extraction successful[0m [[0m[1m[34mrss.services.article_extractor[0m][0m [36mmodule[0m=[35marticle_extractor[0m [36mtext_length[0m=[35m1007[0m [36mtitle[0m=[35mNone[0m [36murl[0m=[35mhttps://jp.reuters.com/markets/global-markets/QVQ2OTVEQFOODK7E7C2FGW4I5I-2026-03-31/[0m
[[32m[1minfo     [0m] [1mStarting article extraction   [0m [[0m[1m[34mrss.services.article_extractor[0m][0m [36mmodule[0m=[35marticle_extractor[0m [36murl[0m=[35mhttps://jp.reuters.com/markets/world-indices/3WO3IL25WZPVXIXR46P6OXUPXU-2026-03-31/[0m [36muser_agent[0m=[35m'Mozilla/5.0 (Macintosh; Intel Mac OS X 10_15_7) Ap...'[0m
[[32m[1minfo     [0m] [1mTrafilatura extraction successful[0m [[0m[1m[34mrss.services.article_extractor[0m][0m [36mmodule[0m=[35marticle_extractor[0m [36mtext_length[0m=[35m368[0m [36mtitle[0m=[35mNone[0m [36murl[0m=[35mhttps://jp.reuters.com/markets/world-indices/3WO3IL25WZPVXIXR46P6OXUPXU-2026-03-31/[0m
[[32m[1minfo     [0m] [1mStarting article extraction   [0m [[0m[1m[34mrss.services.article_extractor[0m][0m [36mmodule[0m=[35marticle_extractor[0m [36murl[0m=[35mhttps://jp.reuters.com/markets/global-markets/Z5FYCRJ3IJJFVF66ZSGOQ66WRI-2026-03-31/[0m [36muser_agent[0m=[35m'Mozilla/5.0 (Macintosh; Intel Mac OS X 10_15_7) Ap...'[0m
[[32m[1minfo     [0m] [1mTrafilatura extraction successful[0m [[0m[1m[34mrss.services.article_extractor[0m][0m [36mmodule[0m=[35marticle_extractor[0m [36mtext_length[0m=[35m926[0m [36mtitle[0m=[35mNone[0m [36murl[0m=[35mhttps://jp.reuters.com/markets/global-markets/Z5FYCRJ3IJJFVF66ZSGOQ66WRI-2026-03-31/[0m
[[32m[1minfo     [0m] [1mStarting article extraction   [0m [[0m[1m[34mrss.services.article_extractor[0m][0m [36mmodule[0m=[35marticle_extractor[0m [36murl[0m=[35mhttps://jp.reuters.com/markets/japan/3DH52PXVA5KEJFXAE2KDWFPVGE-2026-03-31/[0m [36muser_agent[0m=[35m'Mozilla/5.0 (Macintosh; Intel Mac OS X 10_15_7) Ap...'[0m
[[32m[1minfo     [0m] [1mTrafilatura extraction successful[0m [[0m[1m[34mrss.services.article_extractor[0m][0m [36mmodule[0m=[35marticle_extractor[0m [36mtext_length[0m=[35m503[0m [36mtitle[0m=[35mNone[0m [36murl[0m=[35mhttps://jp.reuters.com/markets/japan/3DH52PXVA5KEJFXAE2KDWFPVGE-2026-03-31/[0m
[[32m[1minfo     [0m] [1mStarting article extraction   [0m [[0m[1m[34mrss.services.article_extractor[0m][0m [36mmodule[0m=[35marticle_extractor[0m [36murl[0m=[35mhttps://jp.reuters.com/markets/world-indices/AA2MVHJLARIALHK3K7VOPKPNYQ-2026-03-31/[0m [36muser_agent[0m=[35m'Mozilla/5.0 (Macintosh; Intel Mac OS X 10_15_7) Ap...'[0m
[[32m[1minfo     [0m] [1mTrafilatura extraction successful[0m [[0m[1m[34mrss.services.article_extractor[0m][0m [36mmodule[0m=[35marticle_extractor[0m [36mtext_length[0m=[35m710[0m [36mtitle[0m=[35mNone[0m [36murl[0m=[35mhttps://jp.reuters.com/markets/world-indices/AA2MVHJLARIALHK3K7VOPKPNYQ-2026-03-31/[0m
[[32m[1minfo     [0m] [1mStarting article extraction   [0m [[0m[1m[34mrss.services.article_extractor[0m][0m [36mmodule[0m=[35marticle_extractor[0m [36murl[0m=[35mhttps://jp.reuters.com/markets/global-markets/TK77EHGS5ZLNLB7EVUSLKLKXC4-2026-03-31/[0m [36muser_agent[0m=[35m'Mozilla/5.0 (Macintosh; Intel Mac OS X 10_15_7) Ap...'[0m
[[32m[1minfo     [0m] [1mTrafilatura extraction successful[0m [[0m[1m[34mrss.services.article_extractor[0m][0m [36mmodule[0m=[35marticle_extractor[0m [36mtext_length[0m=[35m533[0m [36mtitle[0m=[35mNone[0m [36murl[0m=[35mhttps://jp.reuters.com/markets/global-markets/TK77EHGS5ZLNLB7EVUSLKLKXC4-2026-03-31/[0m
[[32m[1minfo     [0m] [1mStarting article extraction   [0m [[0m[1m[34mrss.services.article_extractor[0m][0m [36mmodule[0m=[35marticle_extractor[0m [36murl[0m=[35mhttps://jp.reuters.com/world/japan/3VEMPWSYINKZBCJWRTQJJXEXYA-2026-04-01/[0m [36muser_agent[0m=[35m'Mozilla/5.0 (Macintosh; Intel Mac OS X 10_15_7) Ap...'[0m
[[32m[1minfo     [0m] [1mTrafilatura extraction successful[0m [[0m[1m[34mrss.services.article_extractor[0m][0m [36mmodule[0m=[35marticle_extractor[0m [36mtext_length[0m=[35m1887[0m [36mtitle[0m=[35mNone[0m [36murl[0m=[35mhttps://jp.reuters.com/world/japan/3VEMPWSYINKZBCJWRTQJJXEXYA-2026-04-01/[0m
[[32m[1minfo     [0m] [1mStarting article extraction   [0m [[0m[1m[34mrss.services.article_extractor[0m][0m [36mmodule[0m=[35marticle_extractor[0m [36murl[0m=[35mhttps://jp.reuters.com/markets/japan/JCVEFJWDFRJYNDSDQWTAZCW5O4-2026-04-01/[0m [36muser_agent[0m=[35m'Mozilla/5.0 (Macintosh; Intel Mac OS X 10_15_7) Ap...'[0m
[[32m[1minfo     [0m] [1mTrafilatura extraction successful[0m [[0m[1m[34mrss.services.article_extractor[0m][0m [36mmodule[0m=[35marticle_extractor[0m [36mtext_length[0m=[35m1056[0m [36mtitle[0m=[35mNone[0m [36murl[0m=[35mhttps://jp.reuters.com/markets/japan/JCVEFJWDFRJYNDSDQWTAZCW5O4-2026-04-01/[0m
[[32m[1minfo     [0m] [1mStarting article extraction   [0m [[0m[1m[34mrss.services.article_extractor[0m][0m [36mmodule[0m=[35marticle_extractor[0m [36murl[0m=[35mhttps://jp.reuters.com/markets/japan/2VQ7IYHDEZLE3NLV5OMJDNOCZU-2026-04-01/[0m [36muser_agent[0m=[35m'Mozilla/5.0 (Macintosh; Intel Mac OS X 10_15_7) Ap...'[0m
[[32m[1minfo     [0m] [1mTrafilatura extraction successful[0m [[0m[1m[34mrss.services.article_extractor[0m][0m [36mmodule[0m=[35marticle_extractor[0m [36mtext_length[0m=[35m523[0m [36mtitle[0m=[35mNone[0m [36murl[0m=[35mhttps://jp.reuters.com/markets/japan/2VQ7IYHDEZLE3NLV5OMJDNOCZU-2026-04-01/[0m
[[32m[1minfo     [0m] [1mStarting article extraction   [0m [[0m[1m[34mrss.services.article_extractor[0m][0m [36mmodule[0m=[35marticle_extractor[0m [36murl[0m=[35mhttps://jp.reuters.com/business/MI57L7TVBZLQBPUOT7KDDW65CA-2026-04-01/[0m [36muser_agent[0m=[35m'Mozilla/5.0 (Macintosh; Intel Mac OS X 10_15_7) Ap...'[0m
[[32m[1minfo     [0m] [1mTrafilatura extraction successful[0m [[0m[1m[34mrss.services.article_extractor[0m][0m [36mmodule[0m=[35marticle_extractor[0m [36mtext_length[0m=[35m406[0m [36mtitle[0m=[35mNone[0m [36murl[0m=[35mhttps://jp.reuters.com/business/MI57L7TVBZLQBPUOT7KDDW65CA-2026-04-01/[0m
[[32m[1minfo     [0m] [1mStarting article extraction   [0m [[0m[1m[34mrss.services.article_extractor[0m][0m [36mmodule[0m=[35marticle_extractor[0m [36murl[0m=[35mhttps://jp.reuters.com/markets/global-markets/5UT7NYFK2JKLDPINJAMYXAUUW4-2026-04-01/[0m [36muser_agent[0m=[35m'Mozilla/5.0 (Macintosh; Intel Mac OS X 10_15_7) Ap...'[0m
[[32m[1minfo     [0m] [1mTrafilatura extraction successful[0m [[0m[1m[34mrss.services.article_extractor[0m][0m [36mmodule[0m=[35marticle_extractor[0m [36mtext_length[0m=[35m443[0m [36mtitle[0m=[35mNone[0m [36murl[0m=[35mhttps://jp.reuters.com/markets/global-markets/5UT7NYFK2JKLDPINJAMYXAUUW4-2026-04-01/[0m
[[32m[1minfo     [0m] [1mStarting article extraction   [0m [[0m[1m[34mrss.services.article_extractor[0m][0m [36mmodule[0m=[35marticle_extractor[0m [36murl[0m=[35mhttps://jp.reuters.com/economy/industry/LODXJI6KRFNYJDDBLVGIMRM6AY-2026-04-01/[0m [36muser_agent[0m=[35m'Mozilla/5.0 (Macintosh; Intel Mac OS X 10_15_7) Ap...'[0m
[[32m[1minfo     [0m] [1mTrafilatura extraction successful[0m [[0m[1m[34mrss.services.article_extractor[0m][0m [36mmodule[0m=[35marticle_extractor[0m [36mtext_length[0m=[35m468[0m [36mtitle[0m=[35mNone[0m [36murl[0m=[35mhttps://jp.reuters.com/economy/industry/LODXJI6KRFNYJDDBLVGIMRM6AY-2026-04-01/[0m
[[32m[1minfo     [0m] [1mStarting article extraction   [0m [[0m[1m[34mrss.services.article_extractor[0m][0m [36mmodule[0m=[35marticle_extractor[0m [36murl[0m=[35mhttps://jp.reuters.com/world/japan/E2UMCUMEVNPQ3DLYZIZ3PMWTGU-2026-04-01/[0m [36muser_agent[0m=[35m'Mozilla/5.0 (Macintosh; Intel Mac OS X 10_15_7) Ap...'[0m
[[32m[1minfo     [0m] [1mTrafilatura extraction successful[0m [[0m[1m[34mrss.services.article_extractor[0m][0m [36mmodule[0m=[35marticle_extractor[0m [36mtext_length[0m=[35m1622[0m [36mtitle[0m=[35mNone[0m [36murl[0m=[35mhttps://jp.reuters.com/world/japan/E2UMCUMEVNPQ3DLYZIZ3PMWTGU-2026-04-01/[0m
[[32m[1minfo     [0m] [1mStarting article extraction   [0m [[0m[1m[34mrss.services.article_extractor[0m][0m [36mmodule[0m=[35marticle_extractor[0m [36murl[0m=[35mhttps://jp.reuters.com/markets/global-markets/2I3K5CGBW5ND5NN67CZO6WXN3A-2026-04-01/[0m [36muser_agent[0m=[35m'Mozilla/5.0 (Macintosh; Intel Mac OS X 10_15_7) Ap...'[0m
[[32m[1minfo     [0m] [1mTrafilatura extraction successful[0m [[0m[1m[34mrss.services.article_extractor[0m][0m [36mmodule[0m=[35marticle_extractor[0m [36mtext_length[0m=[35m1065[0m [36mtitle[0m=[35mNone[0m [36murl[0m=[35mhttps://jp.reuters.com/markets/global-markets/2I3K5CGBW5ND5NN67CZO6WXN3A-2026-04-01/[0m
[[32m[1minfo     [0m] [1mBatch extraction completed    [0m [[0m[1m[34mrss.services.article_extractor[0m][0m [36mfailed[0m=[35m0[0m [36mmodule[0m=[35marticle_extractor[0m [36msuccess[0m=[35m23[0m [36mtotal[0m=[35m23[0m
[[32m[1minfo     [0m] [1mContent post-fetch complete   [0m [[0m[1m[34mnews_scraper.unified[0m][0m [36mfetched[0m=[35m23[0m [36mmodule[0m=[35munified[0m [36mtotal[0m=[35m23[0m
[[32m[1minfo     [0m] [1mFinancial news collection complete[0m [[0m[1m[34mnews_scraper.unified[0m][0m [36melapsed_seconds[0m=[35m27.17[0m [36mmodule[0m=[35munified[0m [36msources[0m=[35m['reuters_jp'][0m [36mtotal_articles[0m=[35m23[0m
[[32m[1minfo     [0m] [1mRawStore: saved=23, dup=0, empty=0[0m [[0m[1m[34mnews_scraper.unified[0m][0m [36mmodule[0m=[35munified[0m
[[32m[1minfo     [0m] [1mCollection complete           [0m [[0m[1m[34m__main__[0m][0m [36marticle_count[0m=[35m23[0m [36mmodule[0m=[35mscrape_finance_news[0m
[[32m[1minfo     [0m] [1mNAS is mounted, using NAS output[0m [[0m[1m[34m__main__[0m][0m [36mmodule[0m=[35mscrape_finance_news[0m [36mpath[0m=[35m/Volumes/personal_folder/scraped/reuters_jp[0m [36msource[0m=[35mreuters_jp[0m
[[32m[1minfo     [0m] [1mOutput directory ready        [0m [[0m[1m[34m__main__[0m][0m [36mmodule[0m=[35mscrape_finance_news[0m [36mpath[0m=[35m/Volumes/personal_folder/scraped/reuters_jp/2026-04-01[0m
[[32m[1minfo     [0m] [1mArticles saved to JSON        [0m [[0m[1m[34m__main__[0m][0m [36mmodule[0m=[35mscrape_finance_news[0m [36mpath[0m=[35m/Volumes/personal_folder/scraped/reuters_jp/2026-04-01/news_030006.json[0m [36mtotal_count[0m=[35m23[0m
[[32m[1minfo     [0m] [1mSave complete                 [0m [[0m[1m[34m__main__[0m][0m [36mcount[0m=[35m23[0m [36mmodule[0m=[35mscrape_finance_news[0m [36moutput_file[0m=[35m/Volumes/personal_folder/scraped/reuters_jp/2026-04-01/news_030006.json[0m [36msource[0m=[35mreuters_jp[0m
[[32m[1minfo     [0m] [1mScraper finished successfully [0m [[0m[1m[34m__main__[0m][0m [36mmodule[0m=[35mscrape_finance_news[0m [36msaved_files[0m=[35m['/Volumes/personal_folder/scraped/reuters_jp/2026-04-01/news_030006.json'][0m [36mtotal_articles[0m=[35m23[0m
[[32m[1minfo     [0m] [1mFinance news scraper starting [0m [[0m[1m[34m__main__[0m][0m [36minclude_content[0m=[35mTrue[0m [36mmax_articles[0m=[35m50[0m [36mmodule[0m=[35mscrape_finance_news[0m [36msources[0m=[35m['reuters_jp'][0m
[[32m[1minfo     [0m] [1mStarting news collection      [0m [[0m[1m[34m__main__[0m][0m [36mmodule[0m=[35mscrape_finance_news[0m [36msources[0m=[35m['reuters_jp'][0m
[[32m[1minfo     [0m] [1mStarting financial news collection (async)[0m [[0m[1m[34mnews_scraper.unified[0m][0m [36minclude_content[0m=[35mTrue[0m [36mmax_articles_per_source[0m=[35m50[0m [36mmodule[0m=[35munified[0m [36msources[0m=[35m['reuters_jp'][0m
[[32m[1minfo     [0m] [1mStarting Reuters JP news collection[0m [[0m[1m[34mnews_scraper.reuters_jp[0m][0m [36mmax_articles_per_source[0m=[35m50[0m [36mmodule[0m=[35mreuters_jp[0m [36msections[0m=[35m['markets', 'business'][0m
[[32m[1minfo     [0m] [1mFetching Reuters JP section   [0m [[0m[1m[34mnews_scraper.reuters_jp[0m][0m [36mmodule[0m=[35mreuters_jp[0m [36msection[0m=[35mmarkets[0m [36murl[0m=[35mhttps://jp.reuters.com/markets/[0m
[[32m[1minfo     [0m] [1mFetching Reuters JP section   [0m [[0m[1m[34mnews_scraper.reuters_jp[0m][0m [36mmodule[0m=[35mreuters_jp[0m [36msection[0m=[35mbusiness[0m [36murl[0m=[35mhttps://jp.reuters.com/business/[0m
[[32m[1minfo     [0m] [1mHTTP Request: GET https://jp.reuters.com/markets/ "HTTP/1.1 200 OK"[0m [[0m[1m[34mhttpx[0m][0m
[[32m[1minfo     [0m] [1mHTML fetched (async)          [0m [[0m[1m[34mnews_scraper._html_utils[0m][0m [36mmodule[0m=[35mhtml_utils[0m [36mstatus_code[0m=[35m200[0m [36murl[0m=[35mhttps://jp.reuters.com/markets/[0m
[[32m[1minfo     [0m] [1mMarkets page parsed           [0m [[0m[1m[34mnews_scraper.reuters_jp[0m][0m [36marticle_count[0m=[35m6[0m [36mmodule[0m=[35mreuters_jp[0m
[[32m[1minfo     [0m] [1mReuters JP section complete   [0m [[0m[1m[34mnews_scraper.reuters_jp[0m][0m [36mcount[0m=[35m6[0m [36mmodule[0m=[35mreuters_jp[0m [36msection[0m=[35mmarkets[0m
[[32m[1minfo     [0m] [1mHTTP Request: GET https://jp.reuters.com/business/ "HTTP/1.1 200 OK"[0m [[0m[1m[34mhttpx[0m][0m
[[32m[1minfo     [0m] [1mHTML fetched (async)          [0m [[0m[1m[34mnews_scraper._html_utils[0m][0m [36mmodule[0m=[35mhtml_utils[0m [36mstatus_code[0m=[35m200[0m [36murl[0m=[35mhttps://jp.reuters.com/business/[0m
[[32m[1minfo     [0m] [1mBusiness page parsed          [0m [[0m[1m[34mnews_scraper.reuters_jp[0m][0m [36marticle_count[0m=[35m20[0m [36mmodule[0m=[35mreuters_jp[0m
[[32m[1minfo     [0m] [1mReuters JP section complete   [0m [[0m[1m[34mnews_scraper.reuters_jp[0m][0m [36mcount[0m=[35m20[0m [36mmodule[0m=[35mreuters_jp[0m [36msection[0m=[35mbusiness[0m
[[32m[1minfo     [0m] [1mReuters JP news collection complete[0m [[0m[1m[34mnews_scraper.reuters_jp[0m][0m [36mmodule[0m=[35mreuters_jp[0m [36mtotal_articles[0m=[35m24[0m
[[32m[1minfo     [0m] [1mSource collection complete    [0m [[0m[1m[34mnews_scraper.unified[0m][0m [36mmodule[0m=[35munified[0m [36msource[0m=[35mreuters_jp[0m [36msource_articles[0m=[35m24[0m
[[32m[1minfo     [0m] [1mFetching content for articles missing it[0m [[0m[1m[34mnews_scraper.unified[0m][0m [36mcount[0m=[35m24[0m [36mmodule[0m=[35munified[0m
[[32m[1minfo     [0m] [1mStarting batch extraction     [0m [[0m[1m[34mrss.services.article_extractor[0m][0m [36mmodule[0m=[35marticle_extractor[0m [36mrate_limit[0m=[35m1.0[0m [36murl_count[0m=[35m24[0m
[[32m[1minfo     [0m] [1mStarting article extraction   [0m [[0m[1m[34mrss.services.article_extractor[0m][0m [36mmodule[0m=[35marticle_extractor[0m [36murl[0m=[35mhttps://jp.reuters.com/markets/global-markets/V2YQHSPPGBO3NEY4HVFR4KY7MM-2026-04-10/[0m [36muser_agent[0m=[35m'Mozilla/5.0 (Macintosh; Intel Mac OS X 10_15_7) Ap...'[0m
[[32m[1minfo     [0m] [1mTrafilatura extraction successful[0m [[0m[1m[34mrss.services.article_extractor[0m][0m [36mmodule[0m=[35marticle_extractor[0m [36mtext_length[0m=[35m678[0m [36mtitle[0m=[35mNone[0m [36murl[0m=[35mhttps://jp.reuters.com/markets/global-markets/V2YQHSPPGBO3NEY4HVFR4KY7MM-2026-04-10/[0m
[[32m[1minfo     [0m] [1mStarting article extraction   [0m [[0m[1m[34mrss.services.article_extractor[0m][0m [36mmodule[0m=[35marticle_extractor[0m [36murl[0m=[35mhttps://jp.reuters.com/markets/world-indices/ZI24NZUTKJPEVLZB33K35METLI-2026-04-10/[0m [36muser_agent[0m=[35m'Mozilla/5.0 (Macintosh; Intel Mac OS X 10_15_7) Ap...'[0m
[[32m[1minfo     [0m] [1mTrafilatura extraction successful[0m [[0m[1m[34mrss.services.article_extractor[0m][0m [36mmodule[0m=[35marticle_extractor[0m [36mtext_length[0m=[35m637[0m [36mtitle[0m=[35mNone[0m [36murl[0m=[35mhttps://jp.reuters.com/markets/world-indices/ZI24NZUTKJPEVLZB33K35METLI-2026-04-10/[0m
[[32m[1minfo     [0m] [1mStarting article extraction   [0m [[0m[1m[34mrss.services.article_extractor[0m][0m [36mmodule[0m=[35marticle_extractor[0m [36murl[0m=[35mhttps://jp.reuters.com/markets/japan/L7XC4KOBRRO5LBNSKEIZOG3XOE-2026-04-10/[0m [36muser_agent[0m=[35m'Mozilla/5.0 (Macintosh; Intel Mac OS X 10_15_7) Ap...'[0m
[[32m[1minfo     [0m] [1mTrafilatura extraction successful[0m [[0m[1m[34mrss.services.article_extractor[0m][0m [36mmodule[0m=[35marticle_extractor[0m [36mtext_length[0m=[35m944[0m [36mtitle[0m=[35mNone[0m [36murl[0m=[35mhttps://jp.reuters.com/markets/japan/L7XC4KOBRRO5LBNSKEIZOG3XOE-2026-04-10/[0m
[[32m[1minfo     [0m] [1mStarting article extraction   [0m [[0m[1m[34mrss.services.article_extractor[0m][0m [36mmodule[0m=[35marticle_extractor[0m [36murl[0m=[35mhttps://jp.reuters.com/markets/japan/XTCYKDE22VJFDFZQRX7QT2SUVI-2026-04-10/[0m [36muser_agent[0m=[35m'Mozilla/5.0 (Macintosh; Intel Mac OS X 10_15_7) Ap...'[0m
[[32m[1minfo     [0m] [1mTrafilatura extraction successful[0m [[0m[1m[34mrss.services.article_extractor[0m][0m [36mmodule[0m=[35marticle_extractor[0m [36mtext_length[0m=[35m749[0m [36mtitle[0m=[35mNone[0m [36murl[0m=[35mhttps://jp.reuters.com/markets/japan/XTCYKDE22VJFDFZQRX7QT2SUVI-2026-04-10/[0m
[[32m[1minfo     [0m] [1mStarting article extraction   [0m [[0m[1m[34mrss.services.article_extractor[0m][0m [36mmodule[0m=[35marticle_extractor[0m [36murl[0m=[35mhttps://jp.reuters.com/markets/japan/VPPDBKXZ7FJKJJDA3VRNDVXSEM-2026-04-10/[0m [36muser_agent[0m=[35m'Mozilla/5.0 (Macintosh; Intel Mac OS X 10_15_7) Ap...'[0m
[[32m[1minfo     [0m] [1mTrafilatura extraction successful[0m [[0m[1m[34mrss.services.article_extractor[0m][0m [36mmodule[0m=[35marticle_extractor[0m [36mtext_length[0m=[35m1071[0m [36mtitle[0m=[35mNone[0m [36murl[0m=[35mhttps://jp.reuters.com/markets/japan/VPPDBKXZ7FJKJJDA3VRNDVXSEM-2026-04-10/[0m
[[32m[1minfo     [0m] [1mStarting article extraction   [0m [[0m[1m[34mrss.services.article_extractor[0m][0m [36mmodule[0m=[35marticle_extractor[0m [36murl[0m=[35mhttps://jp.reuters.com/markets/japan/2B2SDNONQRMWLB24NCMBU6RP2I-2026-04-10/[0m [36muser_agent[0m=[35m'Mozilla/5.0 (Macintosh; Intel Mac OS X 10_15_7) Ap...'[0m
[[32m[1minfo     [0m] [1mTrafilatura extraction successful[0m [[0m[1m[34mrss.services.article_extractor[0m][0m [36mmodule[0m=[35marticle_extractor[0m [36mtext_length[0m=[35m447[0m [36mtitle[0m=[35mNone[0m [36murl[0m=[35mhttps://jp.reuters.com/markets/japan/2B2SDNONQRMWLB24NCMBU6RP2I-2026-04-10/[0m
[[32m[1minfo     [0m] [1mStarting article extraction   [0m [[0m[1m[34mrss.services.article_extractor[0m][0m [36mmodule[0m=[35marticle_extractor[0m [36murl[0m=[35mhttps://jp.reuters.com/markets/global-markets/LFFNY7FOFVKFRGA7VKIFIE67NQ-2026-04-10/[0m [36muser_agent[0m=[35m'Mozilla/5.0 (Macintosh; Intel Mac OS X 10_15_7) Ap...'[0m
[[32m[1minfo     [0m] [1mTrafilatura extraction successful[0m [[0m[1m[34mrss.services.article_extractor[0m][0m [36mmodule[0m=[35marticle_extractor[0m [36mtext_length[0m=[35m307[0m [36mtitle[0m=[35mNone[0m [36murl[0m=[35mhttps://jp.reuters.com/markets/global-markets/LFFNY7FOFVKFRGA7VKIFIE67NQ-2026-04-10/[0m
[[32m[1minfo     [0m] [1mStarting article extraction   [0m [[0m[1m[34mrss.services.article_extractor[0m][0m [36mmodule[0m=[35marticle_extractor[0m [36murl[0m=[35mhttps://jp.reuters.com/markets/world-indices/KV6IM2EI35NABMIJDWNTLEKRNM-2026-04-10/[0m [36muser_agent[0m=[35m'Mozilla/5.0 (Macintosh; Intel Mac OS X 10_15_7) Ap...'[0m
[[32m[1minfo     [0m] [1mTrafilatura extraction successful[0m [[0m[1m[34mrss.services.article_extractor[0m][0m [36mmodule[0m=[35marticle_extractor[0m [36mtext_length[0m=[35m824[0m [36mtitle[0m=[35mNone[0m [36murl[0m=[35mhttps://jp.reuters.com/markets/world-indices/KV6IM2EI35NABMIJDWNTLEKRNM-2026-04-10/[0m
[[32m[1minfo     [0m] [1mStarting article extraction   [0m [[0m[1m[34mrss.services.article_extractor[0m][0m [36mmodule[0m=[35marticle_extractor[0m [36murl[0m=[35mhttps://jp.reuters.com/markets/global-markets/N5L453A2MFN25MUE37ADV2P6A4-2026-04-10/[0m [36muser_agent[0m=[35m'Mozilla/5.0 (Macintosh; Intel Mac OS X 10_15_7) Ap...'[0m
[[32m[1minfo     [0m] [1mTrafilatura extraction successful[0m [[0m[1m[34mrss.services.article_extractor[0m][0m [36mmodule[0m=[35marticle_extractor[0m [36mtext_length[0m=[35m237[0m [36mtitle[0m=[35mNone[0m [36murl[0m=[35mhttps://jp.reuters.com/markets/global-markets/N5L453A2MFN25MUE37ADV2P6A4-2026-04-10/[0m
[[32m[1minfo     [0m] [1mStarting article extraction   [0m [[0m[1m[34mrss.services.article_extractor[0m][0m [36mmodule[0m=[35marticle_extractor[0m [36murl[0m=[35mhttps://jp.reuters.com/markets/japan/SBNNVOB37JJPRI5YF6OTCBAKCE-2026-04-10/[0m [36muser_agent[0m=[35m'Mozilla/5.0 (Macintosh; Intel Mac OS X 10_15_7) Ap...'[0m
[[32m[1minfo     [0m] [1mTrafilatura extraction successful[0m [[0m[1m[34mrss.services.article_extractor[0m][0m [36mmodule[0m=[35marticle_extractor[0m [36mtext_length[0m=[35m604[0m [36mtitle[0m=[35mNone[0m [36murl[0m=[35mhttps://jp.reuters.com/markets/japan/SBNNVOB37JJPRI5YF6OTCBAKCE-2026-04-10/[0m
[[32m[1minfo     [0m] [1mStarting article extraction   [0m [[0m[1m[34mrss.services.article_extractor[0m][0m [36mmodule[0m=[35marticle_extractor[0m [36murl[0m=[35mhttps://jp.reuters.com/markets/commodities/5B4NEZCNOFOQXKYSW4DU2ZJ3RM-2026-04-10/[0m [36muser_agent[0m=[35m'Mozilla/5.0 (Macintosh; Intel Mac OS X 10_15_7) Ap...'[0m
[[32m[1minfo     [0m] [1mTrafilatura extraction successful[0m [[0m[1m[34mrss.services.article_extractor[0m][0m [36mmodule[0m=[35marticle_extractor[0m [36mtext_length[0m=[35m948[0m [36mtitle[0m=[35mNone[0m [36murl[0m=[35mhttps://jp.reuters.com/markets/commodities/5B4NEZCNOFOQXKYSW4DU2ZJ3RM-2026-04-10/[0m
[[32m[1minfo     [0m] [1mStarting article extraction   [0m [[0m[1m[34mrss.services.article_extractor[0m][0m [36mmodule[0m=[35marticle_extractor[0m [36murl[0m=[35mhttps://jp.reuters.com/markets/japan/PJUDECWJXBORLJHVF6NUGBCSSM-2026-04-10/[0m [36muser_agent[0m=[35m'Mozilla/5.0 (Macintosh; Intel Mac OS X 10_15_7) Ap...'[0m
[[32m[1minfo     [0m] [1mTrafilatura extraction successful[0m [[0m[1m[34mrss.services.article_extractor[0m][0m [36mmodule[0m=[35marticle_extractor[0m [36mtext_length[0m=[35m793[0m [36mtitle[0m=[35mNone[0m [36murl[0m=[35mhttps://jp.reuters.com/markets/japan/PJUDECWJXBORLJHVF6NUGBCSSM-2026-04-10/[0m
[[32m[1minfo     [0m] [1mStarting article extraction   [0m [[0m[1m[34mrss.services.article_extractor[0m][0m [36mmodule[0m=[35marticle_extractor[0m [36murl[0m=[35mhttps://jp.reuters.com/markets/japan/DVO77SAJ4NIA7GIMB6JQ7XJIPU-2026-04-10/[0m [36muser_agent[0m=[35m'Mozilla/5.0 (Macintosh; Intel Mac OS X 10_15_7) Ap...'[0m
[[32m[1minfo     [0m] [1mTrafilatura extraction successful[0m [[0m[1m[34mrss.services.article_extractor[0m][0m [36mmodule[0m=[35marticle_extractor[0m [36mtext_length[0m=[35m269[0m [36mtitle[0m=[35mNone[0m [36murl[0m=[35mhttps://jp.reuters.com/markets/japan/DVO77SAJ4NIA7GIMB6JQ7XJIPU-2026-04-10/[0m
[[32m[1minfo     [0m] [1mStarting article extraction   [0m [[0m[1m[34mrss.services.article_extractor[0m][0m [36mmodule[0m=[35marticle_extractor[0m [36murl[0m=[35mhttps://jp.reuters.com/markets/japan/KHFCHGAI7RMENGHMS3J4N5BRDY-2026-04-10/[0m [36muser_agent[0m=[35m'Mozilla/5.0 (Macintosh; Intel Mac OS X 10_15_7) Ap...'[0m
[[32m[1minfo     [0m] [1mTrafilatura extraction successful[0m [[0m[1m[34mrss.services.article_extractor[0m][0m [36mmodule[0m=[35marticle_extractor[0m [36mtext_length[0m=[35m373[0m [36mtitle[0m=[35mNone[0m [36murl[0m=[35mhttps://jp.reuters.com/markets/japan/KHFCHGAI7RMENGHMS3J4N5BRDY-2026-04-10/[0m
[[32m[1minfo     [0m] [1mStarting article extraction   [0m [[0m[1m[34mrss.services.article_extractor[0m][0m [36mmodule[0m=[35marticle_extractor[0m [36murl[0m=[35mhttps://jp.reuters.com/markets/japan/QAJI2NY3ERKYLFJMRY3JJWBR5M-2026-04-10/[0m [36muser_agent[0m=[35m'Mozilla/5.0 (Macintosh; Intel Mac OS X 10_15_7) Ap...'[0m
[[32m[1minfo     [0m] [1mTrafilatura extraction successful[0m [[0m[1m[34mrss.services.article_extractor[0m][0m [36mmodule[0m=[35marticle_extractor[0m [36mtext_length[0m=[35m438[0m [36mtitle[0m=[35mNone[0m [36murl[0m=[35mhttps://jp.reuters.com/markets/japan/QAJI2NY3ERKYLFJMRY3JJWBR5M-2026-04-10/[0m
[[32m[1minfo     [0m] [1mStarting article extraction   [0m [[0m[1m[34mrss.services.article_extractor[0m][0m [36mmodule[0m=[35marticle_extractor[0m [36murl[0m=[35mhttps://jp.reuters.com/markets/japan/GEGSU5TMMVL53J4RECZFMBUJKU-2026-04-10/[0m [36muser_agent[0m=[35m'Mozilla/5.0 (Macintosh; Intel Mac OS X 10_15_7) Ap...'[0m
[[32m[1minfo     [0m] [1mTrafilatura extraction successful[0m [[0m[1m[34mrss.services.article_extractor[0m][0m [36mmodule[0m=[35marticle_extractor[0m [36mtext_length[0m=[35m762[0m [36mtitle[0m=[35mNone[0m [36murl[0m=[35mhttps://jp.reuters.com/markets/japan/GEGSU5TMMVL53J4RECZFMBUJKU-2026-04-10/[0m
[[32m[1minfo     [0m] [1mStarting article extraction   [0m [[0m[1m[34mrss.services.article_extractor[0m][0m [36mmodule[0m=[35marticle_extractor[0m [36murl[0m=[35mhttps://jp.reuters.com/markets/japan/O6RMXNP4YJKF7FHVL6ZOCGYIWI-2026-04-10/[0m [36muser_agent[0m=[35m'Mozilla/5.0 (Macintosh; Intel Mac OS X 10_15_7) Ap...'[0m
[[32m[1minfo     [0m] [1mTrafilatura extraction successful[0m [[0m[1m[34mrss.services.article_extractor[0m][0m [36mmodule[0m=[35marticle_extractor[0m [36mtext_length[0m=[35m581[0m [36mtitle[0m=[35mNone[0m [36murl[0m=[35mhttps://jp.reuters.com/markets/japan/O6RMXNP4YJKF7FHVL6ZOCGYIWI-2026-04-10/[0m
[[32m[1minfo     [0m] [1mStarting article extraction   [0m [[0m[1m[34mrss.services.article_extractor[0m][0m [36mmodule[0m=[35marticle_extractor[0m [36murl[0m=[35mhttps://jp.reuters.com/markets/japan/6LUFUH6HJNNW5F4IMBT4HYS7LI-2026-04-10/[0m [36muser_agent[0m=[35m'Mozilla/5.0 (Macintosh; Intel Mac OS X 10_15_7) Ap...'[0m
[[32m[1minfo     [0m] [1mTrafilatura extraction successful[0m [[0m[1m[34mrss.services.article_extractor[0m][0m [36mmodule[0m=[35marticle_extractor[0m [36mtext_length[0m=[35m2161[0m [36mtitle[0m=[35mNone[0m [36murl[0m=[35mhttps://jp.reuters.com/markets/japan/6LUFUH6HJNNW5F4IMBT4HYS7LI-2026-04-10/[0m
[[32m[1minfo     [0m] [1mStarting article extraction   [0m [[0m[1m[34mrss.services.article_extractor[0m][0m [36mmodule[0m=[35marticle_extractor[0m [36murl[0m=[35mhttps://jp.reuters.com/markets/commodities/7QOQNGXMMJNBJAMCDFODH6M2NQ-2026-04-10/[0m [36muser_agent[0m=[35m'Mozilla/5.0 (Macintosh; Intel Mac OS X 10_15_7) Ap...'[0m
[[32m[1minfo     [0m] [1mTrafilatura extraction successful[0m [[0m[1m[34mrss.services.article_extractor[0m][0m [36mmodule[0m=[35marticle_extractor[0m [36mtext_length[0m=[35m856[0m [36mtitle[0m=[35mNone[0m [36murl[0m=[35mhttps://jp.reuters.com/markets/commodities/7QOQNGXMMJNBJAMCDFODH6M2NQ-2026-04-10/[0m
[[32m[1minfo     [0m] [1mStarting article extraction   [0m [[0m[1m[34mrss.services.article_extractor[0m][0m [36mmodule[0m=[35marticle_extractor[0m [36murl[0m=[35mhttps://jp.reuters.com/markets/commodities/NPCHKXCR5NP4VNOQKI2ZPCKQIQ-2026-04-10/[0m [36muser_agent[0m=[35m'Mozilla/5.0 (Macintosh; Intel Mac OS X 10_15_7) Ap...'[0m
[[32m[1minfo     [0m] [1mTrafilatura extraction successful[0m [[0m[1m[34mrss.services.article_extractor[0m][0m [36mmodule[0m=[35marticle_extractor[0m [36mtext_length[0m=[35m707[0m [36mtitle[0m=[35mNone[0m [36murl[0m=[35mhttps://jp.reuters.com/markets/commodities/NPCHKXCR5NP4VNOQKI2ZPCKQIQ-2026-04-10/[0m
[[32m[1minfo     [0m] [1mStarting article extraction   [0m [[0m[1m[34mrss.services.article_extractor[0m][0m [36mmodule[0m=[35marticle_extractor[0m [36murl[0m=[35mhttps://jp.reuters.com/markets/commodities/WDDAJ5BSZVP4NMTYUBG6FVK27Q-2026-04-10/[0m [36muser_agent[0m=[35m'Mozilla/5.0 (Macintosh; Intel Mac OS X 10_15_7) Ap...'[0m
[[32m[1minfo     [0m] [1mTrafilatura extraction successful[0m [[0m[1m[34mrss.services.article_extractor[0m][0m [36mmodule[0m=[35marticle_extractor[0m [36mtext_length[0m=[35m511[0m [36mtitle[0m=[35mNone[0m [36murl[0m=[35mhttps://jp.reuters.com/markets/commodities/WDDAJ5BSZVP4NMTYUBG6FVK27Q-2026-04-10/[0m
[[32m[1minfo     [0m] [1mStarting article extraction   [0m [[0m[1m[34mrss.services.article_extractor[0m][0m [36mmodule[0m=[35marticle_extractor[0m [36murl[0m=[35mhttps://jp.reuters.com/markets/global-markets/FWQ46V57GBM6NGNXOQQUB2FLFM-2026-04-10/[0m [36muser_agent[0m=[35m'Mozilla/5.0 (Macintosh; Intel Mac OS X 10_15_7) Ap...'[0m
[[32m[1minfo     [0m] [1mTrafilatura extraction successful[0m [[0m[1m[34mrss.services.article_extractor[0m][0m [36mmodule[0m=[35marticle_extractor[0m [36mtext_length[0m=[35m251[0m [36mtitle[0m=[35mNone[0m [36murl[0m=[35mhttps://jp.reuters.com/markets/global-markets/FWQ46V57GBM6NGNXOQQUB2FLFM-2026-04-10/[0m
[[32m[1minfo     [0m] [1mStarting article extraction   [0m [[0m[1m[34mrss.services.article_extractor[0m][0m [36mmodule[0m=[35marticle_extractor[0m [36murl[0m=[35mhttps://jp.reuters.com/world/us/YELAMOUCYRNA7JC7HKZRDZ5C7M-2026-04-11/[0m [36muser_agent[0m=[35m'Mozilla/5.0 (Macintosh; Intel Mac OS X 10_15_7) Ap...'[0m
[[32m[1minfo     [0m] [1mTrafilatura extraction successful[0m [[0m[1m[34mrss.services.article_extractor[0m][0m [36mmodule[0m=[35marticle_extractor[0m [36mtext_length[0m=[35m498[0m [36mtitle[0m=[35mNone[0m [36murl[0m=[35mhttps://jp.reuters.com/world/us/YELAMOUCYRNA7JC7HKZRDZ5C7M-2026-04-11/[0m
[[32m[1minfo     [0m] [1mStarting article extraction   [0m [[0m[1m[34mrss.services.article_extractor[0m][0m [36mmodule[0m=[35marticle_extractor[0m [36murl[0m=[35mhttps://jp.reuters.com/markets/japan/DSA6EYKPINIW5LVMDWYLSEZSVA-2026-04-11/[0m [36muser_agent[0m=[35m'Mozilla/5.0 (Macintosh; Intel Mac OS X 10_15_7) Ap...'[0m
[[32m[1minfo     [0m] [1mTrafilatura extraction successful[0m [[0m[1m[34mrss.services.article_extractor[0m][0m [36mmodule[0m=[35marticle_extractor[0m [36mtext_length[0m=[35m639[0m [36mtitle[0m=[35mNone[0m [36murl[0m=[35mhttps://jp.reuters.com/markets/japan/DSA6EYKPINIW5LVMDWYLSEZSVA-2026-04-11/[0m
[[32m[1minfo     [0m] [1mBatch extraction completed    [0m [[0m[1m[34mrss.services.article_extractor[0m][0m [36mfailed[0m=[35m0[0m [36mmodule[0m=[35marticle_extractor[0m [36msuccess[0m=[35m24[0m [36mtotal[0m=[35m24[0m
[[32m[1minfo     [0m] [1mContent post-fetch complete   [0m [[0m[1m[34mnews_scraper.unified[0m][0m [36mfetched[0m=[35m24[0m [36mmodule[0m=[35munified[0m [36mtotal[0m=[35m24[0m
[[32m[1minfo     [0m] [1mFinancial news collection complete[0m [[0m[1m[34mnews_scraper.unified[0m][0m [36melapsed_seconds[0m=[35m31.05[0m [36mmodule[0m=[35munified[0m [36msources[0m=[35m['reuters_jp'][0m [36mtotal_articles[0m=[35m24[0m
[[32m[1minfo     [0m] [1mRawStore: saved=24, dup=0, empty=0[0m [[0m[1m[34mnews_scraper.unified[0m][0m [36mmodule[0m=[35munified[0m
[[32m[1minfo     [0m] [1mCollection complete           [0m [[0m[1m[34m__main__[0m][0m [36marticle_count[0m=[35m24[0m [36mmodule[0m=[35mscrape_finance_news[0m
[[32m[1minfo     [0m] [1mNAS is mounted, using NAS output[0m [[0m[1m[34m__main__[0m][0m [36mmodule[0m=[35mscrape_finance_news[0m [36mpath[0m=[35m/Volumes/personal_folder/scraped/reuters_jp[0m [36msource[0m=[35mreuters_jp[0m
[[32m[1minfo     [0m] [1mOutput directory ready        [0m [[0m[1m[34m__main__[0m][0m [36mmodule[0m=[35mscrape_finance_news[0m [36mpath[0m=[35m/Volumes/personal_folder/scraped/reuters_jp/2026-04-12[0m
[[32m[1minfo     [0m] [1mArticles saved to JSON        [0m [[0m[1m[34m__main__[0m][0m [36mmodule[0m=[35mscrape_finance_news[0m [36mpath[0m=[35m/Volumes/personal_folder/scraped/reuters_jp/2026-04-12/news_090006.json[0m [36mtotal_count[0m=[35m24[0m
[[32m[1minfo     [0m] [1mSave complete                 [0m [[0m[1m[34m__main__[0m][0m [36mcount[0m=[35m24[0m [36mmodule[0m=[35mscrape_finance_news[0m [36moutput_file[0m=[35m/Volumes/personal_folder/scraped/reuters_jp/2026-04-12/news_090006.json[0m [36msource[0m=[35mreuters_jp[0m
[[32m[1minfo     [0m] [1mScraper finished successfully [0m [[0m[1m[34m__main__[0m][0m [36mmodule[0m=[35mscrape_finance_news[0m [36msaved_files[0m=[35m['/Volumes/personal_folder/scraped/reuters_jp/2026-04-12/news_090006.json'][0m [36mtotal_articles[0m=[35m24[0m
[[32m[1minfo     [0m] [1mFinance news scraper starting [0m [[0m[1m[34m__main__[0m][0m [36minclude_content[0m=[35mTrue[0m [36mmax_articles[0m=[35m50[0m [36mmodule[0m=[35mscrape_finance_news[0m [36msources[0m=[35m['reuters_jp'][0m
[[32m[1minfo     [0m] [1mStarting news collection      [0m [[0m[1m[34m__main__[0m][0m [36mmodule[0m=[35mscrape_finance_news[0m [36msources[0m=[35m['reuters_jp'][0m
[[32m[1minfo     [0m] [1mStarting financial news collection (async)[0m [[0m[1m[34mnews_scraper.unified[0m][0m [36minclude_content[0m=[35mTrue[0m [36mmax_articles_per_source[0m=[35m50[0m [36mmodule[0m=[35munified[0m [36msources[0m=[35m['reuters_jp'][0m
[[32m[1minfo     [0m] [1mStarting Reuters JP news collection[0m [[0m[1m[34mnews_scraper.reuters_jp[0m][0m [36mmax_articles_per_source[0m=[35m50[0m [36mmodule[0m=[35mreuters_jp[0m [36msections[0m=[35m['markets', 'business'][0m
[[32m[1minfo     [0m] [1mFetching Reuters JP section   [0m [[0m[1m[34mnews_scraper.reuters_jp[0m][0m [36mmodule[0m=[35mreuters_jp[0m [36msection[0m=[35mmarkets[0m [36murl[0m=[35mhttps://jp.reuters.com/markets/[0m
[[32m[1minfo     [0m] [1mFetching Reuters JP section   [0m [[0m[1m[34mnews_scraper.reuters_jp[0m][0m [36mmodule[0m=[35mreuters_jp[0m [36msection[0m=[35mbusiness[0m [36murl[0m=[35mhttps://jp.reuters.com/business/[0m
[[32m[1minfo     [0m] [1mHTTP Request: GET https://jp.reuters.com/markets/ "HTTP/1.1 200 OK"[0m [[0m[1m[34mhttpx[0m][0m
[[32m[1minfo     [0m] [1mHTML fetched (async)          [0m [[0m[1m[34mnews_scraper._html_utils[0m][0m [36mmodule[0m=[35mhtml_utils[0m [36mstatus_code[0m=[35m200[0m [36murl[0m=[35mhttps://jp.reuters.com/markets/[0m
[[32m[1minfo     [0m] [1mMarkets page parsed           [0m [[0m[1m[34mnews_scraper.reuters_jp[0m][0m [36marticle_count[0m=[35m6[0m [36mmodule[0m=[35mreuters_jp[0m
[[32m[1minfo     [0m] [1mReuters JP section complete   [0m [[0m[1m[34mnews_scraper.reuters_jp[0m][0m [36mcount[0m=[35m6[0m [36mmodule[0m=[35mreuters_jp[0m [36msection[0m=[35mmarkets[0m
[[32m[1minfo     [0m] [1mHTTP Request: GET https://jp.reuters.com/business/ "HTTP/1.1 200 OK"[0m [[0m[1m[34mhttpx[0m][0m
[[32m[1minfo     [0m] [1mHTML fetched (async)          [0m [[0m[1m[34mnews_scraper._html_utils[0m][0m [36mmodule[0m=[35mhtml_utils[0m [36mstatus_code[0m=[35m200[0m [36murl[0m=[35mhttps://jp.reuters.com/business/[0m
[[32m[1minfo     [0m] [1mBusiness page parsed          [0m [[0m[1m[34mnews_scraper.reuters_jp[0m][0m [36marticle_count[0m=[35m20[0m [36mmodule[0m=[35mreuters_jp[0m
[[32m[1minfo     [0m] [1mReuters JP section complete   [0m [[0m[1m[34mnews_scraper.reuters_jp[0m][0m [36mcount[0m=[35m20[0m [36mmodule[0m=[35mreuters_jp[0m [36msection[0m=[35mbusiness[0m
[[32m[1minfo     [0m] [1mReuters JP news collection complete[0m [[0m[1m[34mnews_scraper.reuters_jp[0m][0m [36mmodule[0m=[35mreuters_jp[0m [36mtotal_articles[0m=[35m24[0m
[[32m[1minfo     [0m] [1mSource collection complete    [0m [[0m[1m[34mnews_scraper.unified[0m][0m [36mmodule[0m=[35munified[0m [36msource[0m=[35mreuters_jp[0m [36msource_articles[0m=[35m24[0m
[[32m[1minfo     [0m] [1mFetching content for articles missing it[0m [[0m[1m[34mnews_scraper.unified[0m][0m [36mcount[0m=[35m24[0m [36mmodule[0m=[35munified[0m
[[32m[1minfo     [0m] [1mStarting batch extraction     [0m [[0m[1m[34mrss.services.article_extractor[0m][0m [36mmodule[0m=[35marticle_extractor[0m [36mrate_limit[0m=[35m1.0[0m [36murl_count[0m=[35m24[0m
[[32m[1minfo     [0m] [1mStarting article extraction   [0m [[0m[1m[34mrss.services.article_extractor[0m][0m [36mmodule[0m=[35marticle_extractor[0m [36murl[0m=[35mhttps://jp.reuters.com/markets/global-markets/V2YQHSPPGBO3NEY4HVFR4KY7MM-2026-04-10/[0m [36muser_agent[0m=[35m'Mozilla/5.0 (Macintosh; Intel Mac OS X 10_15_7) Ap...'[0m
[[32m[1minfo     [0m] [1mTrafilatura extraction successful[0m [[0m[1m[34mrss.services.article_extractor[0m][0m [36mmodule[0m=[35marticle_extractor[0m [36mtext_length[0m=[35m678[0m [36mtitle[0m=[35mNone[0m [36murl[0m=[35mhttps://jp.reuters.com/markets/global-markets/V2YQHSPPGBO3NEY4HVFR4KY7MM-2026-04-10/[0m
[[32m[1minfo     [0m] [1mStarting article extraction   [0m [[0m[1m[34mrss.services.article_extractor[0m][0m [36mmodule[0m=[35marticle_extractor[0m [36murl[0m=[35mhttps://jp.reuters.com/markets/world-indices/ZI24NZUTKJPEVLZB33K35METLI-2026-04-10/[0m [36muser_agent[0m=[35m'Mozilla/5.0 (Macintosh; Intel Mac OS X 10_15_7) Ap...'[0m
[[32m[1minfo     [0m] [1mTrafilatura extraction successful[0m [[0m[1m[34mrss.services.article_extractor[0m][0m [36mmodule[0m=[35marticle_extractor[0m [36mtext_length[0m=[35m637[0m [36mtitle[0m=[35mNone[0m [36murl[0m=[35mhttps://jp.reuters.com/markets/world-indices/ZI24NZUTKJPEVLZB33K35METLI-2026-04-10/[0m
[[32m[1minfo     [0m] [1mStarting article extraction   [0m [[0m[1m[34mrss.services.article_extractor[0m][0m [36mmodule[0m=[35marticle_extractor[0m [36murl[0m=[35mhttps://jp.reuters.com/markets/japan/L7XC4KOBRRO5LBNSKEIZOG3XOE-2026-04-10/[0m [36muser_agent[0m=[35m'Mozilla/5.0 (Macintosh; Intel Mac OS X 10_15_7) Ap...'[0m
[[32m[1minfo     [0m] [1mTrafilatura extraction successful[0m [[0m[1m[34mrss.services.article_extractor[0m][0m [36mmodule[0m=[35marticle_extractor[0m [36mtext_length[0m=[35m944[0m [36mtitle[0m=[35mNone[0m [36murl[0m=[35mhttps://jp.reuters.com/markets/japan/L7XC4KOBRRO5LBNSKEIZOG3XOE-2026-04-10/[0m
[[32m[1minfo     [0m] [1mStarting article extraction   [0m [[0m[1m[34mrss.services.article_extractor[0m][0m [36mmodule[0m=[35marticle_extractor[0m [36murl[0m=[35mhttps://jp.reuters.com/markets/japan/XTCYKDE22VJFDFZQRX7QT2SUVI-2026-04-10/[0m [36muser_agent[0m=[35m'Mozilla/5.0 (Macintosh; Intel Mac OS X 10_15_7) Ap...'[0m
[[32m[1minfo     [0m] [1mTrafilatura extraction successful[0m [[0m[1m[34mrss.services.article_extractor[0m][0m [36mmodule[0m=[35marticle_extractor[0m [36mtext_length[0m=[35m749[0m [36mtitle[0m=[35mNone[0m [36murl[0m=[35mhttps://jp.reuters.com/markets/japan/XTCYKDE22VJFDFZQRX7QT2SUVI-2026-04-10/[0m
[[32m[1minfo     [0m] [1mStarting article extraction   [0m [[0m[1m[34mrss.services.article_extractor[0m][0m [36mmodule[0m=[35marticle_extractor[0m [36murl[0m=[35mhttps://jp.reuters.com/markets/japan/VPPDBKXZ7FJKJJDA3VRNDVXSEM-2026-04-10/[0m [36muser_agent[0m=[35m'Mozilla/5.0 (Macintosh; Intel Mac OS X 10_15_7) Ap...'[0m
[[32m[1minfo     [0m] [1mTrafilatura extraction successful[0m [[0m[1m[34mrss.services.article_extractor[0m][0m [36mmodule[0m=[35marticle_extractor[0m [36mtext_length[0m=[35m1071[0m [36mtitle[0m=[35mNone[0m [36murl[0m=[35mhttps://jp.reuters.com/markets/japan/VPPDBKXZ7FJKJJDA3VRNDVXSEM-2026-04-10/[0m
[[32m[1minfo     [0m] [1mStarting article extraction   [0m [[0m[1m[34mrss.services.article_extractor[0m][0m [36mmodule[0m=[35marticle_extractor[0m [36murl[0m=[35mhttps://jp.reuters.com/markets/japan/2B2SDNONQRMWLB24NCMBU6RP2I-2026-04-10/[0m [36muser_agent[0m=[35m'Mozilla/5.0 (Macintosh; Intel Mac OS X 10_15_7) Ap...'[0m
[[32m[1minfo     [0m] [1mTrafilatura extraction successful[0m [[0m[1m[34mrss.services.article_extractor[0m][0m [36mmodule[0m=[35marticle_extractor[0m [36mtext_length[0m=[35m447[0m [36mtitle[0m=[35mNone[0m [36murl[0m=[35mhttps://jp.reuters.com/markets/japan/2B2SDNONQRMWLB24NCMBU6RP2I-2026-04-10/[0m
[[32m[1minfo     [0m] [1mStarting article extraction   [0m [[0m[1m[34mrss.services.article_extractor[0m][0m [36mmodule[0m=[35marticle_extractor[0m [36murl[0m=[35mhttps://jp.reuters.com/markets/global-markets/LFFNY7FOFVKFRGA7VKIFIE67NQ-2026-04-10/[0m [36muser_agent[0m=[35m'Mozilla/5.0 (Macintosh; Intel Mac OS X 10_15_7) Ap...'[0m
[[32m[1minfo     [0m] [1mTrafilatura extraction successful[0m [[0m[1m[34mrss.services.article_extractor[0m][0m [36mmodule[0m=[35marticle_extractor[0m [36mtext_length[0m=[35m307[0m [36mtitle[0m=[35mNone[0m [36murl[0m=[35mhttps://jp.reuters.com/markets/global-markets/LFFNY7FOFVKFRGA7VKIFIE67NQ-2026-04-10/[0m
[[32m[1minfo     [0m] [1mStarting article extraction   [0m [[0m[1m[34mrss.services.article_extractor[0m][0m [36mmodule[0m=[35marticle_extractor[0m [36murl[0m=[35mhttps://jp.reuters.com/markets/world-indices/KV6IM2EI35NABMIJDWNTLEKRNM-2026-04-10/[0m [36muser_agent[0m=[35m'Mozilla/5.0 (Macintosh; Intel Mac OS X 10_15_7) Ap...'[0m
[[32m[1minfo     [0m] [1mTrafilatura extraction successful[0m [[0m[1m[34mrss.services.article_extractor[0m][0m [36mmodule[0m=[35marticle_extractor[0m [36mtext_length[0m=[35m824[0m [36mtitle[0m=[35mNone[0m [36murl[0m=[35mhttps://jp.reuters.com/markets/world-indices/KV6IM2EI35NABMIJDWNTLEKRNM-2026-04-10/[0m
[[32m[1minfo     [0m] [1mStarting article extraction   [0m [[0m[1m[34mrss.services.article_extractor[0m][0m [36mmodule[0m=[35marticle_extractor[0m [36murl[0m=[35mhttps://jp.reuters.com/markets/global-markets/N5L453A2MFN25MUE37ADV2P6A4-2026-04-10/[0m [36muser_agent[0m=[35m'Mozilla/5.0 (Macintosh; Intel Mac OS X 10_15_7) Ap...'[0m
[[32m[1minfo     [0m] [1mTrafilatura extraction successful[0m [[0m[1m[34mrss.services.article_extractor[0m][0m [36mmodule[0m=[35marticle_extractor[0m [36mtext_length[0m=[35m237[0m [36mtitle[0m=[35mNone[0m [36murl[0m=[35mhttps://jp.reuters.com/markets/global-markets/N5L453A2MFN25MUE37ADV2P6A4-2026-04-10/[0m
[[32m[1minfo     [0m] [1mStarting article extraction   [0m [[0m[1m[34mrss.services.article_extractor[0m][0m [36mmodule[0m=[35marticle_extractor[0m [36murl[0m=[35mhttps://jp.reuters.com/markets/japan/SBNNVOB37JJPRI5YF6OTCBAKCE-2026-04-10/[0m [36muser_agent[0m=[35m'Mozilla/5.0 (Macintosh; Intel Mac OS X 10_15_7) Ap...'[0m
[[32m[1minfo     [0m] [1mTrafilatura extraction successful[0m [[0m[1m[34mrss.services.article_extractor[0m][0m [36mmodule[0m=[35marticle_extractor[0m [36mtext_length[0m=[35m604[0m [36mtitle[0m=[35mNone[0m [36murl[0m=[35mhttps://jp.reuters.com/markets/japan/SBNNVOB37JJPRI5YF6OTCBAKCE-2026-04-10/[0m
[[32m[1minfo     [0m] [1mStarting article extraction   [0m [[0m[1m[34mrss.services.article_extractor[0m][0m [36mmodule[0m=[35marticle_extractor[0m [36murl[0m=[35mhttps://jp.reuters.com/markets/commodities/5B4NEZCNOFOQXKYSW4DU2ZJ3RM-2026-04-10/[0m [36muser_agent[0m=[35m'Mozilla/5.0 (Macintosh; Intel Mac OS X 10_15_7) Ap...'[0m
[[32m[1minfo     [0m] [1mTrafilatura extraction successful[0m [[0m[1m[34mrss.services.article_extractor[0m][0m [36mmodule[0m=[35marticle_extractor[0m [36mtext_length[0m=[35m948[0m [36mtitle[0m=[35mNone[0m [36murl[0m=[35mhttps://jp.reuters.com/markets/commodities/5B4NEZCNOFOQXKYSW4DU2ZJ3RM-2026-04-10/[0m
[[32m[1minfo     [0m] [1mStarting article extraction   [0m [[0m[1m[34mrss.services.article_extractor[0m][0m [36mmodule[0m=[35marticle_extractor[0m [36murl[0m=[35mhttps://jp.reuters.com/markets/japan/PJUDECWJXBORLJHVF6NUGBCSSM-2026-04-10/[0m [36muser_agent[0m=[35m'Mozilla/5.0 (Macintosh; Intel Mac OS X 10_15_7) Ap...'[0m
[[32m[1minfo     [0m] [1mTrafilatura extraction successful[0m [[0m[1m[34mrss.services.article_extractor[0m][0m [36mmodule[0m=[35marticle_extractor[0m [36mtext_length[0m=[35m793[0m [36mtitle[0m=[35mNone[0m [36murl[0m=[35mhttps://jp.reuters.com/markets/japan/PJUDECWJXBORLJHVF6NUGBCSSM-2026-04-10/[0m
[[32m[1minfo     [0m] [1mStarting article extraction   [0m [[0m[1m[34mrss.services.article_extractor[0m][0m [36mmodule[0m=[35marticle_extractor[0m [36murl[0m=[35mhttps://jp.reuters.com/markets/japan/DVO77SAJ4NIA7GIMB6JQ7XJIPU-2026-04-10/[0m [36muser_agent[0m=[35m'Mozilla/5.0 (Macintosh; Intel Mac OS X 10_15_7) Ap...'[0m
[[32m[1minfo     [0m] [1mTrafilatura extraction successful[0m [[0m[1m[34mrss.services.article_extractor[0m][0m [36mmodule[0m=[35marticle_extractor[0m [36mtext_length[0m=[35m269[0m [36mtitle[0m=[35mNone[0m [36murl[0m=[35mhttps://jp.reuters.com/markets/japan/DVO77SAJ4NIA7GIMB6JQ7XJIPU-2026-04-10/[0m
[[32m[1minfo     [0m] [1mStarting article extraction   [0m [[0m[1m[34mrss.services.article_extractor[0m][0m [36mmodule[0m=[35marticle_extractor[0m [36murl[0m=[35mhttps://jp.reuters.com/markets/japan/KHFCHGAI7RMENGHMS3J4N5BRDY-2026-04-10/[0m [36muser_agent[0m=[35m'Mozilla/5.0 (Macintosh; Intel Mac OS X 10_15_7) Ap...'[0m
[[32m[1minfo     [0m] [1mTrafilatura extraction successful[0m [[0m[1m[34mrss.services.article_extractor[0m][0m [36mmodule[0m=[35marticle_extractor[0m [36mtext_length[0m=[35m373[0m [36mtitle[0m=[35mNone[0m [36murl[0m=[35mhttps://jp.reuters.com/markets/japan/KHFCHGAI7RMENGHMS3J4N5BRDY-2026-04-10/[0m
[[32m[1minfo     [0m] [1mStarting article extraction   [0m [[0m[1m[34mrss.services.article_extractor[0m][0m [36mmodule[0m=[35marticle_extractor[0m [36murl[0m=[35mhttps://jp.reuters.com/markets/japan/QAJI2NY3ERKYLFJMRY3JJWBR5M-2026-04-10/[0m [36muser_agent[0m=[35m'Mozilla/5.0 (Macintosh; Intel Mac OS X 10_15_7) Ap...'[0m
[[32m[1minfo     [0m] [1mTrafilatura extraction successful[0m [[0m[1m[34mrss.services.article_extractor[0m][0m [36mmodule[0m=[35marticle_extractor[0m [36mtext_length[0m=[35m438[0m [36mtitle[0m=[35mNone[0m [36murl[0m=[35mhttps://jp.reuters.com/markets/japan/QAJI2NY3ERKYLFJMRY3JJWBR5M-2026-04-10/[0m
[[32m[1minfo     [0m] [1mStarting article extraction   [0m [[0m[1m[34mrss.services.article_extractor[0m][0m [36mmodule[0m=[35marticle_extractor[0m [36murl[0m=[35mhttps://jp.reuters.com/markets/japan/GEGSU5TMMVL53J4RECZFMBUJKU-2026-04-10/[0m [36muser_agent[0m=[35m'Mozilla/5.0 (Macintosh; Intel Mac OS X 10_15_7) Ap...'[0m
[[32m[1minfo     [0m] [1mTrafilatura extraction successful[0m [[0m[1m[34mrss.services.article_extractor[0m][0m [36mmodule[0m=[35marticle_extractor[0m [36mtext_length[0m=[35m762[0m [36mtitle[0m=[35mNone[0m [36murl[0m=[35mhttps://jp.reuters.com/markets/japan/GEGSU5TMMVL53J4RECZFMBUJKU-2026-04-10/[0m
[[32m[1minfo     [0m] [1mStarting article extraction   [0m [[0m[1m[34mrss.services.article_extractor[0m][0m [36mmodule[0m=[35marticle_extractor[0m [36murl[0m=[35mhttps://jp.reuters.com/markets/japan/O6RMXNP4YJKF7FHVL6ZOCGYIWI-2026-04-10/[0m [36muser_agent[0m=[35m'Mozilla/5.0 (Macintosh; Intel Mac OS X 10_15_7) Ap...'[0m
[[32m[1minfo     [0m] [1mTrafilatura extraction successful[0m [[0m[1m[34mrss.services.article_extractor[0m][0m [36mmodule[0m=[35marticle_extractor[0m [36mtext_length[0m=[35m581[0m [36mtitle[0m=[35mNone[0m [36murl[0m=[35mhttps://jp.reuters.com/markets/japan/O6RMXNP4YJKF7FHVL6ZOCGYIWI-2026-04-10/[0m
[[32m[1minfo     [0m] [1mStarting article extraction   [0m [[0m[1m[34mrss.services.article_extractor[0m][0m [36mmodule[0m=[35marticle_extractor[0m [36murl[0m=[35mhttps://jp.reuters.com/markets/japan/6LUFUH6HJNNW5F4IMBT4HYS7LI-2026-04-10/[0m [36muser_agent[0m=[35m'Mozilla/5.0 (Macintosh; Intel Mac OS X 10_15_7) Ap...'[0m
[[32m[1minfo     [0m] [1mTrafilatura extraction successful[0m [[0m[1m[34mrss.services.article_extractor[0m][0m [36mmodule[0m=[35marticle_extractor[0m [36mtext_length[0m=[35m2161[0m [36mtitle[0m=[35mNone[0m [36murl[0m=[35mhttps://jp.reuters.com/markets/japan/6LUFUH6HJNNW5F4IMBT4HYS7LI-2026-04-10/[0m
[[32m[1minfo     [0m] [1mStarting article extraction   [0m [[0m[1m[34mrss.services.article_extractor[0m][0m [36mmodule[0m=[35marticle_extractor[0m [36murl[0m=[35mhttps://jp.reuters.com/markets/commodities/7QOQNGXMMJNBJAMCDFODH6M2NQ-2026-04-10/[0m [36muser_agent[0m=[35m'Mozilla/5.0 (Macintosh; Intel Mac OS X 10_15_7) Ap...'[0m
[[32m[1minfo     [0m] [1mTrafilatura extraction successful[0m [[0m[1m[34mrss.services.article_extractor[0m][0m [36mmodule[0m=[35marticle_extractor[0m [36mtext_length[0m=[35m856[0m [36mtitle[0m=[35mNone[0m [36murl[0m=[35mhttps://jp.reuters.com/markets/commodities/7QOQNGXMMJNBJAMCDFODH6M2NQ-2026-04-10/[0m
[[32m[1minfo     [0m] [1mStarting article extraction   [0m [[0m[1m[34mrss.services.article_extractor[0m][0m [36mmodule[0m=[35marticle_extractor[0m [36murl[0m=[35mhttps://jp.reuters.com/markets/commodities/NPCHKXCR5NP4VNOQKI2ZPCKQIQ-2026-04-10/[0m [36muser_agent[0m=[35m'Mozilla/5.0 (Macintosh; Intel Mac OS X 10_15_7) Ap...'[0m
[[32m[1minfo     [0m] [1mTrafilatura extraction successful[0m [[0m[1m[34mrss.services.article_extractor[0m][0m [36mmodule[0m=[35marticle_extractor[0m [36mtext_length[0m=[35m707[0m [36mtitle[0m=[35mNone[0m [36murl[0m=[35mhttps://jp.reuters.com/markets/commodities/NPCHKXCR5NP4VNOQKI2ZPCKQIQ-2026-04-10/[0m
[[32m[1minfo     [0m] [1mStarting article extraction   [0m [[0m[1m[34mrss.services.article_extractor[0m][0m [36mmodule[0m=[35marticle_extractor[0m [36murl[0m=[35mhttps://jp.reuters.com/markets/commodities/WDDAJ5BSZVP4NMTYUBG6FVK27Q-2026-04-10/[0m [36muser_agent[0m=[35m'Mozilla/5.0 (Macintosh; Intel Mac OS X 10_15_7) Ap...'[0m
[[32m[1minfo     [0m] [1mTrafilatura extraction successful[0m [[0m[1m[34mrss.services.article_extractor[0m][0m [36mmodule[0m=[35marticle_extractor[0m [36mtext_length[0m=[35m511[0m [36mtitle[0m=[35mNone[0m [36murl[0m=[35mhttps://jp.reuters.com/markets/commodities/WDDAJ5BSZVP4NMTYUBG6FVK27Q-2026-04-10/[0m
[[32m[1minfo     [0m] [1mStarting article extraction   [0m [[0m[1m[34mrss.services.article_extractor[0m][0m [36mmodule[0m=[35marticle_extractor[0m [36murl[0m=[35mhttps://jp.reuters.com/markets/global-markets/FWQ46V57GBM6NGNXOQQUB2FLFM-2026-04-10/[0m [36muser_agent[0m=[35m'Mozilla/5.0 (Macintosh; Intel Mac OS X 10_15_7) Ap...'[0m
[[32m[1minfo     [0m] [1mTrafilatura extraction successful[0m [[0m[1m[34mrss.services.article_extractor[0m][0m [36mmodule[0m=[35marticle_extractor[0m [36mtext_length[0m=[35m251[0m [36mtitle[0m=[35mNone[0m [36murl[0m=[35mhttps://jp.reuters.com/markets/global-markets/FWQ46V57GBM6NGNXOQQUB2FLFM-2026-04-10/[0m
[[32m[1minfo     [0m] [1mStarting article extraction   [0m [[0m[1m[34mrss.services.article_extractor[0m][0m [36mmodule[0m=[35marticle_extractor[0m [36murl[0m=[35mhttps://jp.reuters.com/world/us/YELAMOUCYRNA7JC7HKZRDZ5C7M-2026-04-11/[0m [36muser_agent[0m=[35m'Mozilla/5.0 (Macintosh; Intel Mac OS X 10_15_7) Ap...'[0m
[[32m[1minfo     [0m] [1mTrafilatura extraction successful[0m [[0m[1m[34mrss.services.article_extractor[0m][0m [36mmodule[0m=[35marticle_extractor[0m [36mtext_length[0m=[35m498[0m [36mtitle[0m=[35mNone[0m [36murl[0m=[35mhttps://jp.reuters.com/world/us/YELAMOUCYRNA7JC7HKZRDZ5C7M-2026-04-11/[0m
[[32m[1minfo     [0m] [1mStarting article extraction   [0m [[0m[1m[34mrss.services.article_extractor[0m][0m [36mmodule[0m=[35marticle_extractor[0m [36murl[0m=[35mhttps://jp.reuters.com/markets/japan/DSA6EYKPINIW5LVMDWYLSEZSVA-2026-04-11/[0m [36muser_agent[0m=[35m'Mozilla/5.0 (Macintosh; Intel Mac OS X 10_15_7) Ap...'[0m
[[32m[1minfo     [0m] [1mTrafilatura extraction successful[0m [[0m[1m[34mrss.services.article_extractor[0m][0m [36mmodule[0m=[35marticle_extractor[0m [36mtext_length[0m=[35m639[0m [36mtitle[0m=[35mNone[0m [36murl[0m=[35mhttps://jp.reuters.com/markets/japan/DSA6EYKPINIW5LVMDWYLSEZSVA-2026-04-11/[0m
[[32m[1minfo     [0m] [1mBatch extraction completed    [0m [[0m[1m[34mrss.services.article_extractor[0m][0m [36mfailed[0m=[35m0[0m [36mmodule[0m=[35marticle_extractor[0m [36msuccess[0m=[35m24[0m [36mtotal[0m=[35m24[0m
[[32m[1minfo     [0m] [1mContent post-fetch complete   [0m [[0m[1m[34mnews_scraper.unified[0m][0m [36mfetched[0m=[35m24[0m [36mmodule[0m=[35munified[0m [36mtotal[0m=[35m24[0m
[[32m[1minfo     [0m] [1mFinancial news collection complete[0m [[0m[1m[34mnews_scraper.unified[0m][0m [36melapsed_seconds[0m=[35m31.5[0m [36mmodule[0m=[35munified[0m [36msources[0m=[35m['reuters_jp'][0m [36mtotal_articles[0m=[35m24[0m
[[32m[1minfo     [0m] [1mRawStore: saved=0, dup=24, empty=0[0m [[0m[1m[34mnews_scraper.unified[0m][0m [36mmodule[0m=[35munified[0m
[[32m[1minfo     [0m] [1mCollection complete           [0m [[0m[1m[34m__main__[0m][0m [36marticle_count[0m=[35m24[0m [36mmodule[0m=[35mscrape_finance_news[0m
[[32m[1minfo     [0m] [1mNAS is mounted, using NAS output[0m [[0m[1m[34m__main__[0m][0m [36mmodule[0m=[35mscrape_finance_news[0m [36mpath[0m=[35m/Volumes/personal_folder/scraped/reuters_jp[0m [36msource[0m=[35mreuters_jp[0m
[[32m[1minfo     [0m] [1mOutput directory ready        [0m [[0m[1m[34m__main__[0m][0m [36mmodule[0m=[35mscrape_finance_news[0m [36mpath[0m=[35m/Volumes/personal_folder/scraped/reuters_jp/2026-04-12[0m
[[32m[1minfo     [0m] [1mArticles saved to JSON        [0m [[0m[1m[34m__main__[0m][0m [36mmodule[0m=[35mscrape_finance_news[0m [36mpath[0m=[35m/Volumes/personal_folder/scraped/reuters_jp/2026-04-12/news_150006.json[0m [36mtotal_count[0m=[35m24[0m
[[32m[1minfo     [0m] [1mSave complete                 [0m [[0m[1m[34m__main__[0m][0m [36mcount[0m=[35m24[0m [36mmodule[0m=[35mscrape_finance_news[0m [36moutput_file[0m=[35m/Volumes/personal_folder/scraped/reuters_jp/2026-04-12/news_150006.json[0m [36msource[0m=[35mreuters_jp[0m
[[32m[1minfo     [0m] [1mScraper finished successfully [0m [[0m[1m[34m__main__[0m][0m [36mmodule[0m=[35mscrape_finance_news[0m [36msaved_files[0m=[35m['/Volumes/personal_folder/scraped/reuters_jp/2026-04-12/news_150006.json'][0m [36mtotal_articles[0m=[35m24[0m
[[32m[1minfo     [0m] [1mFinance news scraper starting [0m [[0m[1m[34m__main__[0m][0m [36minclude_content[0m=[35mTrue[0m [36mmax_articles[0m=[35m50[0m [36mmodule[0m=[35mscrape_finance_news[0m [36msources[0m=[35m['reuters_jp'][0m
[[32m[1minfo     [0m] [1mStarting news collection      [0m [[0m[1m[34m__main__[0m][0m [36mmodule[0m=[35mscrape_finance_news[0m [36msources[0m=[35m['reuters_jp'][0m
[[32m[1minfo     [0m] [1mStarting financial news collection (async)[0m [[0m[1m[34mnews_scraper.unified[0m][0m [36minclude_content[0m=[35mTrue[0m [36mmax_articles_per_source[0m=[35m50[0m [36mmodule[0m=[35munified[0m [36msources[0m=[35m['reuters_jp'][0m
[[32m[1minfo     [0m] [1mStarting Reuters JP news collection[0m [[0m[1m[34mnews_scraper.reuters_jp[0m][0m [36mmax_articles_per_source[0m=[35m50[0m [36mmodule[0m=[35mreuters_jp[0m [36msections[0m=[35m['markets', 'business'][0m
[[32m[1minfo     [0m] [1mFetching Reuters JP section   [0m [[0m[1m[34mnews_scraper.reuters_jp[0m][0m [36mmodule[0m=[35mreuters_jp[0m [36msection[0m=[35mmarkets[0m [36murl[0m=[35mhttps://jp.reuters.com/markets/[0m
[[32m[1minfo     [0m] [1mFetching Reuters JP section   [0m [[0m[1m[34mnews_scraper.reuters_jp[0m][0m [36mmodule[0m=[35mreuters_jp[0m [36msection[0m=[35mbusiness[0m [36murl[0m=[35mhttps://jp.reuters.com/business/[0m
[[32m[1minfo     [0m] [1mHTTP Request: GET https://jp.reuters.com/business/ "HTTP/1.1 200 OK"[0m [[0m[1m[34mhttpx[0m][0m
[[32m[1minfo     [0m] [1mHTML fetched (async)          [0m [[0m[1m[34mnews_scraper._html_utils[0m][0m [36mmodule[0m=[35mhtml_utils[0m [36mstatus_code[0m=[35m200[0m [36murl[0m=[35mhttps://jp.reuters.com/business/[0m
[[32m[1minfo     [0m] [1mBusiness page parsed          [0m [[0m[1m[34mnews_scraper.reuters_jp[0m][0m [36marticle_count[0m=[35m20[0m [36mmodule[0m=[35mreuters_jp[0m
[[32m[1minfo     [0m] [1mReuters JP section complete   [0m [[0m[1m[34mnews_scraper.reuters_jp[0m][0m [36mcount[0m=[35m20[0m [36mmodule[0m=[35mreuters_jp[0m [36msection[0m=[35mbusiness[0m
[[32m[1minfo     [0m] [1mHTTP Request: GET https://jp.reuters.com/markets/ "HTTP/1.1 200 OK"[0m [[0m[1m[34mhttpx[0m][0m
[[32m[1minfo     [0m] [1mHTML fetched (async)          [0m [[0m[1m[34mnews_scraper._html_utils[0m][0m [36mmodule[0m=[35mhtml_utils[0m [36mstatus_code[0m=[35m200[0m [36murl[0m=[35mhttps://jp.reuters.com/markets/[0m
[[32m[1minfo     [0m] [1mMarkets page parsed           [0m [[0m[1m[34mnews_scraper.reuters_jp[0m][0m [36marticle_count[0m=[35m6[0m [36mmodule[0m=[35mreuters_jp[0m
[[32m[1minfo     [0m] [1mReuters JP section complete   [0m [[0m[1m[34mnews_scraper.reuters_jp[0m][0m [36mcount[0m=[35m6[0m [36mmodule[0m=[35mreuters_jp[0m [36msection[0m=[35mmarkets[0m
[[32m[1minfo     [0m] [1mReuters JP news collection complete[0m [[0m[1m[34mnews_scraper.reuters_jp[0m][0m [36mmodule[0m=[35mreuters_jp[0m [36mtotal_articles[0m=[35m24[0m
[[32m[1minfo     [0m] [1mSource collection complete    [0m [[0m[1m[34mnews_scraper.unified[0m][0m [36mmodule[0m=[35munified[0m [36msource[0m=[35mreuters_jp[0m [36msource_articles[0m=[35m24[0m
[[32m[1minfo     [0m] [1mFetching content for articles missing it[0m [[0m[1m[34mnews_scraper.unified[0m][0m [36mcount[0m=[35m24[0m [36mmodule[0m=[35munified[0m
[[32m[1minfo     [0m] [1mStarting batch extraction     [0m [[0m[1m[34mrss.services.article_extractor[0m][0m [36mmodule[0m=[35marticle_extractor[0m [36mrate_limit[0m=[35m1.0[0m [36murl_count[0m=[35m24[0m
[[32m[1minfo     [0m] [1mStarting article extraction   [0m [[0m[1m[34mrss.services.article_extractor[0m][0m [36mmodule[0m=[35marticle_extractor[0m [36murl[0m=[35mhttps://jp.reuters.com/markets/commodities/7QOQNGXMMJNBJAMCDFODH6M2NQ-2026-04-10/[0m [36muser_agent[0m=[35m'Mozilla/5.0 (Macintosh; Intel Mac OS X 10_15_7) Ap...'[0m
[[32m[1minfo     [0m] [1mTrafilatura extraction successful[0m [[0m[1m[34mrss.services.article_extractor[0m][0m [36mmodule[0m=[35marticle_extractor[0m [36mtext_length[0m=[35m856[0m [36mtitle[0m=[35mNone[0m [36murl[0m=[35mhttps://jp.reuters.com/markets/commodities/7QOQNGXMMJNBJAMCDFODH6M2NQ-2026-04-10/[0m
[[32m[1minfo     [0m] [1mStarting article extraction   [0m [[0m[1m[34mrss.services.article_extractor[0m][0m [36mmodule[0m=[35marticle_extractor[0m [36murl[0m=[35mhttps://jp.reuters.com/markets/commodities/NPCHKXCR5NP4VNOQKI2ZPCKQIQ-2026-04-10/[0m [36muser_agent[0m=[35m'Mozilla/5.0 (Macintosh; Intel Mac OS X 10_15_7) Ap...'[0m
[[32m[1minfo     [0m] [1mTrafilatura extraction successful[0m [[0m[1m[34mrss.services.article_extractor[0m][0m [36mmodule[0m=[35marticle_extractor[0m [36mtext_length[0m=[35m707[0m [36mtitle[0m=[35mNone[0m [36murl[0m=[35mhttps://jp.reuters.com/markets/commodities/NPCHKXCR5NP4VNOQKI2ZPCKQIQ-2026-04-10/[0m
[[32m[1minfo     [0m] [1mStarting article extraction   [0m [[0m[1m[34mrss.services.article_extractor[0m][0m [36mmodule[0m=[35marticle_extractor[0m [36murl[0m=[35mhttps://jp.reuters.com/markets/commodities/WDDAJ5BSZVP4NMTYUBG6FVK27Q-2026-04-10/[0m [36muser_agent[0m=[35m'Mozilla/5.0 (Macintosh; Intel Mac OS X 10_15_7) Ap...'[0m
[[32m[1minfo     [0m] [1mTrafilatura extraction successful[0m [[0m[1m[34mrss.services.article_extractor[0m][0m [36mmodule[0m=[35marticle_extractor[0m [36mtext_length[0m=[35m511[0m [36mtitle[0m=[35mNone[0m [36murl[0m=[35mhttps://jp.reuters.com/markets/commodities/WDDAJ5BSZVP4NMTYUBG6FVK27Q-2026-04-10/[0m
[[32m[1minfo     [0m] [1mStarting article extraction   [0m [[0m[1m[34mrss.services.article_extractor[0m][0m [36mmodule[0m=[35marticle_extractor[0m [36murl[0m=[35mhttps://jp.reuters.com/markets/global-markets/FWQ46V57GBM6NGNXOQQUB2FLFM-2026-04-10/[0m [36muser_agent[0m=[35m'Mozilla/5.0 (Macintosh; Intel Mac OS X 10_15_7) Ap...'[0m
[[32m[1minfo     [0m] [1mTrafilatura extraction successful[0m [[0m[1m[34mrss.services.article_extractor[0m][0m [36mmodule[0m=[35marticle_extractor[0m [36mtext_length[0m=[35m251[0m [36mtitle[0m=[35mNone[0m [36murl[0m=[35mhttps://jp.reuters.com/markets/global-markets/FWQ46V57GBM6NGNXOQQUB2FLFM-2026-04-10/[0m
[[32m[1minfo     [0m] [1mStarting article extraction   [0m [[0m[1m[34mrss.services.article_extractor[0m][0m [36mmodule[0m=[35marticle_extractor[0m [36murl[0m=[35mhttps://jp.reuters.com/world/us/YELAMOUCYRNA7JC7HKZRDZ5C7M-2026-04-11/[0m [36muser_agent[0m=[35m'Mozilla/5.0 (Macintosh; Intel Mac OS X 10_15_7) Ap...'[0m
[[32m[1minfo     [0m] [1mTrafilatura extraction successful[0m [[0m[1m[34mrss.services.article_extractor[0m][0m [36mmodule[0m=[35marticle_extractor[0m [36mtext_length[0m=[35m498[0m [36mtitle[0m=[35mNone[0m [36murl[0m=[35mhttps://jp.reuters.com/world/us/YELAMOUCYRNA7JC7HKZRDZ5C7M-2026-04-11/[0m
[[32m[1minfo     [0m] [1mStarting article extraction   [0m [[0m[1m[34mrss.services.article_extractor[0m][0m [36mmodule[0m=[35marticle_extractor[0m [36murl[0m=[35mhttps://jp.reuters.com/markets/japan/DSA6EYKPINIW5LVMDWYLSEZSVA-2026-04-11/[0m [36muser_agent[0m=[35m'Mozilla/5.0 (Macintosh; Intel Mac OS X 10_15_7) Ap...'[0m
[[32m[1minfo     [0m] [1mTrafilatura extraction successful[0m [[0m[1m[34mrss.services.article_extractor[0m][0m [36mmodule[0m=[35marticle_extractor[0m [36mtext_length[0m=[35m639[0m [36mtitle[0m=[35mNone[0m [36murl[0m=[35mhttps://jp.reuters.com/markets/japan/DSA6EYKPINIW5LVMDWYLSEZSVA-2026-04-11/[0m
[[32m[1minfo     [0m] [1mStarting article extraction   [0m [[0m[1m[34mrss.services.article_extractor[0m][0m [36mmodule[0m=[35marticle_extractor[0m [36murl[0m=[35mhttps://jp.reuters.com/markets/global-markets/V2YQHSPPGBO3NEY4HVFR4KY7MM-2026-04-10/[0m [36muser_agent[0m=[35m'Mozilla/5.0 (Macintosh; Intel Mac OS X 10_15_7) Ap...'[0m
[[32m[1minfo     [0m] [1mTrafilatura extraction successful[0m [[0m[1m[34mrss.services.article_extractor[0m][0m [36mmodule[0m=[35marticle_extractor[0m [36mtext_length[0m=[35m678[0m [36mtitle[0m=[35mNone[0m [36murl[0m=[35mhttps://jp.reuters.com/markets/global-markets/V2YQHSPPGBO3NEY4HVFR4KY7MM-2026-04-10/[0m
[[32m[1minfo     [0m] [1mStarting article extraction   [0m [[0m[1m[34mrss.services.article_extractor[0m][0m [36mmodule[0m=[35marticle_extractor[0m [36murl[0m=[35mhttps://jp.reuters.com/markets/world-indices/ZI24NZUTKJPEVLZB33K35METLI-2026-04-10/[0m [36muser_agent[0m=[35m'Mozilla/5.0 (Macintosh; Intel Mac OS X 10_15_7) Ap...'[0m
[[32m[1minfo     [0m] [1mTrafilatura extraction successful[0m [[0m[1m[34mrss.services.article_extractor[0m][0m [36mmodule[0m=[35marticle_extractor[0m [36mtext_length[0m=[35m637[0m [36mtitle[0m=[35mNone[0m [36murl[0m=[35mhttps://jp.reuters.com/markets/world-indices/ZI24NZUTKJPEVLZB33K35METLI-2026-04-10/[0m
[[32m[1minfo     [0m] [1mStarting article extraction   [0m [[0m[1m[34mrss.services.article_extractor[0m][0m [36mmodule[0m=[35marticle_extractor[0m [36murl[0m=[35mhttps://jp.reuters.com/markets/japan/L7XC4KOBRRO5LBNSKEIZOG3XOE-2026-04-10/[0m [36muser_agent[0m=[35m'Mozilla/5.0 (Macintosh; Intel Mac OS X 10_15_7) Ap...'[0m
[[32m[1minfo     [0m] [1mTrafilatura extraction successful[0m [[0m[1m[34mrss.services.article_extractor[0m][0m [36mmodule[0m=[35marticle_extractor[0m [36mtext_length[0m=[35m944[0m [36mtitle[0m=[35mNone[0m [36murl[0m=[35mhttps://jp.reuters.com/markets/japan/L7XC4KOBRRO5LBNSKEIZOG3XOE-2026-04-10/[0m
[[32m[1minfo     [0m] [1mStarting article extraction   [0m [[0m[1m[34mrss.services.article_extractor[0m][0m [36mmodule[0m=[35marticle_extractor[0m [36murl[0m=[35mhttps://jp.reuters.com/markets/japan/XTCYKDE22VJFDFZQRX7QT2SUVI-2026-04-10/[0m [36muser_agent[0m=[35m'Mozilla/5.0 (Macintosh; Intel Mac OS X 10_15_7) Ap...'[0m
[[32m[1minfo     [0m] [1mTrafilatura extraction successful[0m [[0m[1m[34mrss.services.article_extractor[0m][0m [36mmodule[0m=[35marticle_extractor[0m [36mtext_length[0m=[35m749[0m [36mtitle[0m=[35mNone[0m [36murl[0m=[35mhttps://jp.reuters.com/markets/japan/XTCYKDE22VJFDFZQRX7QT2SUVI-2026-04-10/[0m
[[32m[1minfo     [0m] [1mStarting article extraction   [0m [[0m[1m[34mrss.services.article_extractor[0m][0m [36mmodule[0m=[35marticle_extractor[0m [36murl[0m=[35mhttps://jp.reuters.com/markets/japan/VPPDBKXZ7FJKJJDA3VRNDVXSEM-2026-04-10/[0m [36muser_agent[0m=[35m'Mozilla/5.0 (Macintosh; Intel Mac OS X 10_15_7) Ap...'[0m
[[32m[1minfo     [0m] [1mTrafilatura extraction successful[0m [[0m[1m[34mrss.services.article_extractor[0m][0m [36mmodule[0m=[35marticle_extractor[0m [36mtext_length[0m=[35m1071[0m [36mtitle[0m=[35mNone[0m [36murl[0m=[35mhttps://jp.reuters.com/markets/japan/VPPDBKXZ7FJKJJDA3VRNDVXSEM-2026-04-10/[0m
[[32m[1minfo     [0m] [1mStarting article extraction   [0m [[0m[1m[34mrss.services.article_extractor[0m][0m [36mmodule[0m=[35marticle_extractor[0m [36murl[0m=[35mhttps://jp.reuters.com/markets/japan/2B2SDNONQRMWLB24NCMBU6RP2I-2026-04-10/[0m [36muser_agent[0m=[35m'Mozilla/5.0 (Macintosh; Intel Mac OS X 10_15_7) Ap...'[0m
[[32m[1minfo     [0m] [1mTrafilatura extraction successful[0m [[0m[1m[34mrss.services.article_extractor[0m][0m [36mmodule[0m=[35marticle_extractor[0m [36mtext_length[0m=[35m447[0m [36mtitle[0m=[35mNone[0m [36murl[0m=[35mhttps://jp.reuters.com/markets/japan/2B2SDNONQRMWLB24NCMBU6RP2I-2026-04-10/[0m
[[32m[1minfo     [0m] [1mStarting article extraction   [0m [[0m[1m[34mrss.services.article_extractor[0m][0m [36mmodule[0m=[35marticle_extractor[0m [36murl[0m=[35mhttps://jp.reuters.com/markets/global-markets/LFFNY7FOFVKFRGA7VKIFIE67NQ-2026-04-10/[0m [36muser_agent[0m=[35m'Mozilla/5.0 (Macintosh; Intel Mac OS X 10_15_7) Ap...'[0m
[[32m[1minfo     [0m] [1mTrafilatura extraction successful[0m [[0m[1m[34mrss.services.article_extractor[0m][0m [36mmodule[0m=[35marticle_extractor[0m [36mtext_length[0m=[35m307[0m [36mtitle[0m=[35mNone[0m [36murl[0m=[35mhttps://jp.reuters.com/markets/global-markets/LFFNY7FOFVKFRGA7VKIFIE67NQ-2026-04-10/[0m
[[32m[1minfo     [0m] [1mStarting article extraction   [0m [[0m[1m[34mrss.services.article_extractor[0m][0m [36mmodule[0m=[35marticle_extractor[0m [36murl[0m=[35mhttps://jp.reuters.com/markets/world-indices/KV6IM2EI35NABMIJDWNTLEKRNM-2026-04-10/[0m [36muser_agent[0m=[35m'Mozilla/5.0 (Macintosh; Intel Mac OS X 10_15_7) Ap...'[0m
[[32m[1minfo     [0m] [1mTrafilatura extraction successful[0m [[0m[1m[34mrss.services.article_extractor[0m][0m [36mmodule[0m=[35marticle_extractor[0m [36mtext_length[0m=[35m824[0m [36mtitle[0m=[35mNone[0m [36murl[0m=[35mhttps://jp.reuters.com/markets/world-indices/KV6IM2EI35NABMIJDWNTLEKRNM-2026-04-10/[0m
[[32m[1minfo     [0m] [1mStarting article extraction   [0m [[0m[1m[34mrss.services.article_extractor[0m][0m [36mmodule[0m=[35marticle_extractor[0m [36murl[0m=[35mhttps://jp.reuters.com/markets/global-markets/N5L453A2MFN25MUE37ADV2P6A4-2026-04-10/[0m [36muser_agent[0m=[35m'Mozilla/5.0 (Macintosh; Intel Mac OS X 10_15_7) Ap...'[0m
[[32m[1minfo     [0m] [1mTrafilatura extraction successful[0m [[0m[1m[34mrss.services.article_extractor[0m][0m [36mmodule[0m=[35marticle_extractor[0m [36mtext_length[0m=[35m237[0m [36mtitle[0m=[35mNone[0m [36murl[0m=[35mhttps://jp.reuters.com/markets/global-markets/N5L453A2MFN25MUE37ADV2P6A4-2026-04-10/[0m
[[32m[1minfo     [0m] [1mStarting article extraction   [0m [[0m[1m[34mrss.services.article_extractor[0m][0m [36mmodule[0m=[35marticle_extractor[0m [36murl[0m=[35mhttps://jp.reuters.com/markets/japan/SBNNVOB37JJPRI5YF6OTCBAKCE-2026-04-10/[0m [36muser_agent[0m=[35m'Mozilla/5.0 (Macintosh; Intel Mac OS X 10_15_7) Ap...'[0m
[[32m[1minfo     [0m] [1mTrafilatura extraction successful[0m [[0m[1m[34mrss.services.article_extractor[0m][0m [36mmodule[0m=[35marticle_extractor[0m [36mtext_length[0m=[35m604[0m [36mtitle[0m=[35mNone[0m [36murl[0m=[35mhttps://jp.reuters.com/markets/japan/SBNNVOB37JJPRI5YF6OTCBAKCE-2026-04-10/[0m
[[32m[1minfo     [0m] [1mStarting article extraction   [0m [[0m[1m[34mrss.services.article_extractor[0m][0m [36mmodule[0m=[35marticle_extractor[0m [36murl[0m=[35mhttps://jp.reuters.com/markets/commodities/5B4NEZCNOFOQXKYSW4DU2ZJ3RM-2026-04-10/[0m [36muser_agent[0m=[35m'Mozilla/5.0 (Macintosh; Intel Mac OS X 10_15_7) Ap...'[0m
[[32m[1minfo     [0m] [1mTrafilatura extraction successful[0m [[0m[1m[34mrss.services.article_extractor[0m][0m [36mmodule[0m=[35marticle_extractor[0m [36mtext_length[0m=[35m948[0m [36mtitle[0m=[35mNone[0m [36murl[0m=[35mhttps://jp.reuters.com/markets/commodities/5B4NEZCNOFOQXKYSW4DU2ZJ3RM-2026-04-10/[0m
[[32m[1minfo     [0m] [1mStarting article extraction   [0m [[0m[1m[34mrss.services.article_extractor[0m][0m [36mmodule[0m=[35marticle_extractor[0m [36murl[0m=[35mhttps://jp.reuters.com/markets/japan/PJUDECWJXBORLJHVF6NUGBCSSM-2026-04-10/[0m [36muser_agent[0m=[35m'Mozilla/5.0 (Macintosh; Intel Mac OS X 10_15_7) Ap...'[0m
[[32m[1minfo     [0m] [1mTrafilatura extraction successful[0m [[0m[1m[34mrss.services.article_extractor[0m][0m [36mmodule[0m=[35marticle_extractor[0m [36mtext_length[0m=[35m793[0m [36mtitle[0m=[35mNone[0m [36murl[0m=[35mhttps://jp.reuters.com/markets/japan/PJUDECWJXBORLJHVF6NUGBCSSM-2026-04-10/[0m
[[32m[1minfo     [0m] [1mStarting article extraction   [0m [[0m[1m[34mrss.services.article_extractor[0m][0m [36mmodule[0m=[35marticle_extractor[0m [36murl[0m=[35mhttps://jp.reuters.com/markets/japan/DVO77SAJ4NIA7GIMB6JQ7XJIPU-2026-04-10/[0m [36muser_agent[0m=[35m'Mozilla/5.0 (Macintosh; Intel Mac OS X 10_15_7) Ap...'[0m
[[32m[1minfo     [0m] [1mTrafilatura extraction successful[0m [[0m[1m[34mrss.services.article_extractor[0m][0m [36mmodule[0m=[35marticle_extractor[0m [36mtext_length[0m=[35m269[0m [36mtitle[0m=[35mNone[0m [36murl[0m=[35mhttps://jp.reuters.com/markets/japan/DVO77SAJ4NIA7GIMB6JQ7XJIPU-2026-04-10/[0m
[[32m[1minfo     [0m] [1mStarting article extraction   [0m [[0m[1m[34mrss.services.article_extractor[0m][0m [36mmodule[0m=[35marticle_extractor[0m [36murl[0m=[35mhttps://jp.reuters.com/markets/japan/KHFCHGAI7RMENGHMS3J4N5BRDY-2026-04-10/[0m [36muser_agent[0m=[35m'Mozilla/5.0 (Macintosh; Intel Mac OS X 10_15_7) Ap...'[0m
[[32m[1minfo     [0m] [1mTrafilatura extraction successful[0m [[0m[1m[34mrss.services.article_extractor[0m][0m [36mmodule[0m=[35marticle_extractor[0m [36mtext_length[0m=[35m373[0m [36mtitle[0m=[35mNone[0m [36murl[0m=[35mhttps://jp.reuters.com/markets/japan/KHFCHGAI7RMENGHMS3J4N5BRDY-2026-04-10/[0m
[[32m[1minfo     [0m] [1mStarting article extraction   [0m [[0m[1m[34mrss.services.article_extractor[0m][0m [36mmodule[0m=[35marticle_extractor[0m [36murl[0m=[35mhttps://jp.reuters.com/markets/japan/QAJI2NY3ERKYLFJMRY3JJWBR5M-2026-04-10/[0m [36muser_agent[0m=[35m'Mozilla/5.0 (Macintosh; Intel Mac OS X 10_15_7) Ap...'[0m
[[32m[1minfo     [0m] [1mTrafilatura extraction successful[0m [[0m[1m[34mrss.services.article_extractor[0m][0m [36mmodule[0m=[35marticle_extractor[0m [36mtext_length[0m=[35m438[0m [36mtitle[0m=[35mNone[0m [36murl[0m=[35mhttps://jp.reuters.com/markets/japan/QAJI2NY3ERKYLFJMRY3JJWBR5M-2026-04-10/[0m
[[32m[1minfo     [0m] [1mStarting article extraction   [0m [[0m[1m[34mrss.services.article_extractor[0m][0m [36mmodule[0m=[35marticle_extractor[0m [36murl[0m=[35mhttps://jp.reuters.com/markets/japan/GEGSU5TMMVL53J4RECZFMBUJKU-2026-04-10/[0m [36muser_agent[0m=[35m'Mozilla/5.0 (Macintosh; Intel Mac OS X 10_15_7) Ap...'[0m
[[32m[1minfo     [0m] [1mTrafilatura extraction successful[0m [[0m[1m[34mrss.services.article_extractor[0m][0m [36mmodule[0m=[35marticle_extractor[0m [36mtext_length[0m=[35m762[0m [36mtitle[0m=[35mNone[0m [36murl[0m=[35mhttps://jp.reuters.com/markets/japan/GEGSU5TMMVL53J4RECZFMBUJKU-2026-04-10/[0m
[[32m[1minfo     [0m] [1mStarting article extraction   [0m [[0m[1m[34mrss.services.article_extractor[0m][0m [36mmodule[0m=[35marticle_extractor[0m [36murl[0m=[35mhttps://jp.reuters.com/markets/japan/O6RMXNP4YJKF7FHVL6ZOCGYIWI-2026-04-10/[0m [36muser_agent[0m=[35m'Mozilla/5.0 (Macintosh; Intel Mac OS X 10_15_7) Ap...'[0m
[[32m[1minfo     [0m] [1mTrafilatura extraction successful[0m [[0m[1m[34mrss.services.article_extractor[0m][0m [36mmodule[0m=[35marticle_extractor[0m [36mtext_length[0m=[35m581[0m [36mtitle[0m=[35mNone[0m [36murl[0m=[35mhttps://jp.reuters.com/markets/japan/O6RMXNP4YJKF7FHVL6ZOCGYIWI-2026-04-10/[0m
[[32m[1minfo     [0m] [1mStarting article extraction   [0m [[0m[1m[34mrss.services.article_extractor[0m][0m [36mmodule[0m=[35marticle_extractor[0m [36murl[0m=[35mhttps://jp.reuters.com/markets/japan/6LUFUH6HJNNW5F4IMBT4HYS7LI-2026-04-10/[0m [36muser_agent[0m=[35m'Mozilla/5.0 (Macintosh; Intel Mac OS X 10_15_7) Ap...'[0m
[[32m[1minfo     [0m] [1mTrafilatura extraction successful[0m [[0m[1m[34mrss.services.article_extractor[0m][0m [36mmodule[0m=[35marticle_extractor[0m [36mtext_length[0m=[35m2161[0m [36mtitle[0m=[35mNone[0m [36murl[0m=[35mhttps://jp.reuters.com/markets/japan/6LUFUH6HJNNW5F4IMBT4HYS7LI-2026-04-10/[0m
[[32m[1minfo     [0m] [1mBatch extraction completed    [0m [[0m[1m[34mrss.services.article_extractor[0m][0m [36mfailed[0m=[35m0[0m [36mmodule[0m=[35marticle_extractor[0m [36msuccess[0m=[35m24[0m [36mtotal[0m=[35m24[0m
[[32m[1minfo     [0m] [1mContent post-fetch complete   [0m [[0m[1m[34mnews_scraper.unified[0m][0m [36mfetched[0m=[35m24[0m [36mmodule[0m=[35munified[0m [36mtotal[0m=[35m24[0m
[[32m[1minfo     [0m] [1mFinancial news collection complete[0m [[0m[1m[34mnews_scraper.unified[0m][0m [36melapsed_seconds[0m=[35m28.06[0m [36mmodule[0m=[35munified[0m [36msources[0m=[35m['reuters_jp'][0m [36mtotal_articles[0m=[35m24[0m
[[32m[1minfo     [0m] [1mRawStore: saved=0, dup=24, empty=0[0m [[0m[1m[34mnews_scraper.unified[0m][0m [36mmodule[0m=[35munified[0m
[[32m[1minfo     [0m] [1mCollection complete           [0m [[0m[1m[34m__main__[0m][0m [36marticle_count[0m=[35m24[0m [36mmodule[0m=[35mscrape_finance_news[0m
[[32m[1minfo     [0m] [1mNAS is mounted, using NAS output[0m [[0m[1m[34m__main__[0m][0m [36mmodule[0m=[35mscrape_finance_news[0m [36mpath[0m=[35m/Volumes/personal_folder/scraped/reuters_jp[0m [36msource[0m=[35mreuters_jp[0m
[[32m[1minfo     [0m] [1mOutput directory ready        [0m [[0m[1m[34m__main__[0m][0m [36mmodule[0m=[35mscrape_finance_news[0m [36mpath[0m=[35m/Volumes/personal_folder/scraped/reuters_jp/2026-04-12[0m
[[32m[1minfo     [0m] [1mArticles saved to JSON        [0m [[0m[1m[34m__main__[0m][0m [36mmodule[0m=[35mscrape_finance_news[0m [36mpath[0m=[35m/Volumes/personal_folder/scraped/reuters_jp/2026-04-12/news_210005.json[0m [36mtotal_count[0m=[35m24[0m
[[32m[1minfo     [0m] [1mSave complete                 [0m [[0m[1m[34m__main__[0m][0m [36mcount[0m=[35m24[0m [36mmodule[0m=[35mscrape_finance_news[0m [36moutput_file[0m=[35m/Volumes/personal_folder/scraped/reuters_jp/2026-04-12/news_210005.json[0m [36msource[0m=[35mreuters_jp[0m
[[32m[1minfo     [0m] [1mScraper finished successfully [0m [[0m[1m[34m__main__[0m][0m [36mmodule[0m=[35mscrape_finance_news[0m [36msaved_files[0m=[35m['/Volumes/personal_folder/scraped/reuters_jp/2026-04-12/news_210005.json'][0m [36mtotal_articles[0m=[35m24[0m
[[32m[1minfo     [0m] [1mFinance news scraper starting [0m [[0m[1m[34m__main__[0m][0m [36minclude_content[0m=[35mTrue[0m [36mmax_articles[0m=[35m50[0m [36mmodule[0m=[35mscrape_finance_news[0m [36msources[0m=[35m['reuters_jp'][0m
[[32m[1minfo     [0m] [1mStarting news collection      [0m [[0m[1m[34m__main__[0m][0m [36mmodule[0m=[35mscrape_finance_news[0m [36msources[0m=[35m['reuters_jp'][0m
[[32m[1minfo     [0m] [1mStarting financial news collection (async)[0m [[0m[1m[34mnews_scraper.unified[0m][0m [36minclude_content[0m=[35mTrue[0m [36mmax_articles_per_source[0m=[35m50[0m [36mmodule[0m=[35munified[0m [36msources[0m=[35m['reuters_jp'][0m
[[32m[1minfo     [0m] [1mStarting Reuters JP news collection[0m [[0m[1m[34mnews_scraper.reuters_jp[0m][0m [36mmax_articles_per_source[0m=[35m50[0m [36mmodule[0m=[35mreuters_jp[0m [36msections[0m=[35m['markets', 'business'][0m
[[32m[1minfo     [0m] [1mFetching Reuters JP section   [0m [[0m[1m[34mnews_scraper.reuters_jp[0m][0m [36mmodule[0m=[35mreuters_jp[0m [36msection[0m=[35mmarkets[0m [36murl[0m=[35mhttps://jp.reuters.com/markets/[0m
[[32m[1minfo     [0m] [1mFetching Reuters JP section   [0m [[0m[1m[34mnews_scraper.reuters_jp[0m][0m [36mmodule[0m=[35mreuters_jp[0m [36msection[0m=[35mbusiness[0m [36murl[0m=[35mhttps://jp.reuters.com/business/[0m
[[32m[1minfo     [0m] [1mHTTP Request: GET https://jp.reuters.com/business/ "HTTP/1.1 200 OK"[0m [[0m[1m[34mhttpx[0m][0m
[[32m[1minfo     [0m] [1mHTTP Request: GET https://jp.reuters.com/markets/ "HTTP/1.1 200 OK"[0m [[0m[1m[34mhttpx[0m][0m
[[32m[1minfo     [0m] [1mHTML fetched (async)          [0m [[0m[1m[34mnews_scraper._html_utils[0m][0m [36mmodule[0m=[35mhtml_utils[0m [36mstatus_code[0m=[35m200[0m [36murl[0m=[35mhttps://jp.reuters.com/business/[0m
[[32m[1minfo     [0m] [1mBusiness page parsed          [0m [[0m[1m[34mnews_scraper.reuters_jp[0m][0m [36marticle_count[0m=[35m20[0m [36mmodule[0m=[35mreuters_jp[0m
[[32m[1minfo     [0m] [1mReuters JP section complete   [0m [[0m[1m[34mnews_scraper.reuters_jp[0m][0m [36mcount[0m=[35m20[0m [36mmodule[0m=[35mreuters_jp[0m [36msection[0m=[35mbusiness[0m
[[32m[1minfo     [0m] [1mHTML fetched (async)          [0m [[0m[1m[34mnews_scraper._html_utils[0m][0m [36mmodule[0m=[35mhtml_utils[0m [36mstatus_code[0m=[35m200[0m [36murl[0m=[35mhttps://jp.reuters.com/markets/[0m
[[32m[1minfo     [0m] [1mMarkets page parsed           [0m [[0m[1m[34mnews_scraper.reuters_jp[0m][0m [36marticle_count[0m=[35m6[0m [36mmodule[0m=[35mreuters_jp[0m
[[32m[1minfo     [0m] [1mReuters JP section complete   [0m [[0m[1m[34mnews_scraper.reuters_jp[0m][0m [36mcount[0m=[35m6[0m [36mmodule[0m=[35mreuters_jp[0m [36msection[0m=[35mmarkets[0m
[[32m[1minfo     [0m] [1mReuters JP news collection complete[0m [[0m[1m[34mnews_scraper.reuters_jp[0m][0m [36mmodule[0m=[35mreuters_jp[0m [36mtotal_articles[0m=[35m23[0m
[[32m[1minfo     [0m] [1mSource collection complete    [0m [[0m[1m[34mnews_scraper.unified[0m][0m [36mmodule[0m=[35munified[0m [36msource[0m=[35mreuters_jp[0m [36msource_articles[0m=[35m23[0m
[[32m[1minfo     [0m] [1mFetching content for articles missing it[0m [[0m[1m[34mnews_scraper.unified[0m][0m [36mcount[0m=[35m23[0m [36mmodule[0m=[35munified[0m
[[32m[1minfo     [0m] [1mStarting batch extraction     [0m [[0m[1m[34mrss.services.article_extractor[0m][0m [36mmodule[0m=[35marticle_extractor[0m [36mrate_limit[0m=[35m1.0[0m [36murl_count[0m=[35m23[0m
[[32m[1minfo     [0m] [1mStarting article extraction   [0m [[0m[1m[34mrss.services.article_extractor[0m][0m [36mmodule[0m=[35marticle_extractor[0m [36murl[0m=[35mhttps://jp.reuters.com/markets/global-markets/3MUWGX4JGRJDBCAWECJ3RDNUIQ-2026-04-13/[0m [36muser_agent[0m=[35m'Mozilla/5.0 (Macintosh; Intel Mac OS X 10_15_7) Ap...'[0m
[[32m[1minfo     [0m] [1mTrafilatura extraction successful[0m [[0m[1m[34mrss.services.article_extractor[0m][0m [36mmodule[0m=[35marticle_extractor[0m [36mtext_length[0m=[35m378[0m [36mtitle[0m=[35mNone[0m [36murl[0m=[35mhttps://jp.reuters.com/markets/global-markets/3MUWGX4JGRJDBCAWECJ3RDNUIQ-2026-04-13/[0m
[[32m[1minfo     [0m] [1mStarting article extraction   [0m [[0m[1m[34mrss.services.article_extractor[0m][0m [36mmodule[0m=[35marticle_extractor[0m [36murl[0m=[35mhttps://jp.reuters.com/markets/commodities/NAKNGGUSA5KHJKL6VDYKPWHQNA-2026-04-13/[0m [36muser_agent[0m=[35m'Mozilla/5.0 (Macintosh; Intel Mac OS X 10_15_7) Ap...'[0m
[[32m[1minfo     [0m] [1mTrafilatura extraction successful[0m [[0m[1m[34mrss.services.article_extractor[0m][0m [36mmodule[0m=[35marticle_extractor[0m [36mtext_length[0m=[35m1041[0m [36mtitle[0m=[35mNone[0m [36murl[0m=[35mhttps://jp.reuters.com/markets/commodities/NAKNGGUSA5KHJKL6VDYKPWHQNA-2026-04-13/[0m
[[32m[1minfo     [0m] [1mStarting article extraction   [0m [[0m[1m[34mrss.services.article_extractor[0m][0m [36mmodule[0m=[35marticle_extractor[0m [36murl[0m=[35mhttps://jp.reuters.com/markets/global-markets/DOCPAQPEOJLOLM6IO37E74Q4FA-2026-04-13/[0m [36muser_agent[0m=[35m'Mozilla/5.0 (Macintosh; Intel Mac OS X 10_15_7) Ap...'[0m
[[32m[1minfo     [0m] [1mTrafilatura extraction successful[0m [[0m[1m[34mrss.services.article_extractor[0m][0m [36mmodule[0m=[35marticle_extractor[0m [36mtext_length[0m=[35m477[0m [36mtitle[0m=[35mNone[0m [36murl[0m=[35mhttps://jp.reuters.com/markets/global-markets/DOCPAQPEOJLOLM6IO37E74Q4FA-2026-04-13/[0m
[[32m[1minfo     [0m] [1mStarting article extraction   [0m [[0m[1m[34mrss.services.article_extractor[0m][0m [36mmodule[0m=[35marticle_extractor[0m [36murl[0m=[35mhttps://jp.reuters.com/markets/global-markets/XNSZ6SLKXZPHDB4SZIMXVNZQQE-2026-04-13/[0m [36muser_agent[0m=[35m'Mozilla/5.0 (Macintosh; Intel Mac OS X 10_15_7) Ap...'[0m
[[32m[1minfo     [0m] [1mTrafilatura extraction successful[0m [[0m[1m[34mrss.services.article_extractor[0m][0m [36mmodule[0m=[35marticle_extractor[0m [36mtext_length[0m=[35m253[0m [36mtitle[0m=[35mNone[0m [36murl[0m=[35mhttps://jp.reuters.com/markets/global-markets/XNSZ6SLKXZPHDB4SZIMXVNZQQE-2026-04-13/[0m
[[32m[1minfo     [0m] [1mStarting article extraction   [0m [[0m[1m[34mrss.services.article_extractor[0m][0m [36mmodule[0m=[35marticle_extractor[0m [36murl[0m=[35mhttps://jp.reuters.com/markets/world-indices/7X467HWOBFLTPEVJHWSLUHRCN4-2026-04-13/[0m [36muser_agent[0m=[35m'Mozilla/5.0 (Macintosh; Intel Mac OS X 10_15_7) Ap...'[0m
[[32m[1minfo     [0m] [1mTrafilatura extraction successful[0m [[0m[1m[34mrss.services.article_extractor[0m][0m [36mmodule[0m=[35marticle_extractor[0m [36mtext_length[0m=[35m587[0m [36mtitle[0m=[35mNone[0m [36murl[0m=[35mhttps://jp.reuters.com/markets/world-indices/7X467HWOBFLTPEVJHWSLUHRCN4-2026-04-13/[0m
[[32m[1minfo     [0m] [1mStarting article extraction   [0m [[0m[1m[34mrss.services.article_extractor[0m][0m [36mmodule[0m=[35marticle_extractor[0m [36murl[0m=[35mhttps://jp.reuters.com/world/security/WIIRF376CJIEXNZJC7OOF4ZZII-2026-04-13/[0m [36muser_agent[0m=[35m'Mozilla/5.0 (Macintosh; Intel Mac OS X 10_15_7) Ap...'[0m
[[32m[1minfo     [0m] [1mTrafilatura extraction successful[0m [[0m[1m[34mrss.services.article_extractor[0m][0m [36mmodule[0m=[35marticle_extractor[0m [36mtext_length[0m=[35m575[0m [36mtitle[0m=[35mNone[0m [36murl[0m=[35mhttps://jp.reuters.com/world/security/WIIRF376CJIEXNZJC7OOF4ZZII-2026-04-13/[0m
[[32m[1minfo     [0m] [1mStarting article extraction   [0m [[0m[1m[34mrss.services.article_extractor[0m][0m [36mmodule[0m=[35marticle_extractor[0m [36murl[0m=[35mhttps://jp.reuters.com/markets/japan/SBNNVOB37JJPRI5YF6OTCBAKCE-2026-04-10/[0m [36muser_agent[0m=[35m'Mozilla/5.0 (Macintosh; Intel Mac OS X 10_15_7) Ap...'[0m
[[32m[1minfo     [0m] [1mTrafilatura extraction successful[0m [[0m[1m[34mrss.services.article_extractor[0m][0m [36mmodule[0m=[35marticle_extractor[0m [36mtext_length[0m=[35m604[0m [36mtitle[0m=[35mNone[0m [36murl[0m=[35mhttps://jp.reuters.com/markets/japan/SBNNVOB37JJPRI5YF6OTCBAKCE-2026-04-10/[0m
[[32m[1minfo     [0m] [1mStarting article extraction   [0m [[0m[1m[34mrss.services.article_extractor[0m][0m [36mmodule[0m=[35marticle_extractor[0m [36murl[0m=[35mhttps://jp.reuters.com/markets/commodities/5B4NEZCNOFOQXKYSW4DU2ZJ3RM-2026-04-10/[0m [36muser_agent[0m=[35m'Mozilla/5.0 (Macintosh; Intel Mac OS X 10_15_7) Ap...'[0m
[[32m[1minfo     [0m] [1mTrafilatura extraction successful[0m [[0m[1m[34mrss.services.article_extractor[0m][0m [36mmodule[0m=[35marticle_extractor[0m [36mtext_length[0m=[35m948[0m [36mtitle[0m=[35mNone[0m [36murl[0m=[35mhttps://jp.reuters.com/markets/commodities/5B4NEZCNOFOQXKYSW4DU2ZJ3RM-2026-04-10/[0m
[[32m[1minfo     [0m] [1mStarting article extraction   [0m [[0m[1m[34mrss.services.article_extractor[0m][0m [36mmodule[0m=[35marticle_extractor[0m [36murl[0m=[35mhttps://jp.reuters.com/markets/japan/DVO77SAJ4NIA7GIMB6JQ7XJIPU-2026-04-10/[0m [36muser_agent[0m=[35m'Mozilla/5.0 (Macintosh; Intel Mac OS X 10_15_7) Ap...'[0m
[[32m[1minfo     [0m] [1mTrafilatura extraction successful[0m [[0m[1m[34mrss.services.article_extractor[0m][0m [36mmodule[0m=[35marticle_extractor[0m [36mtext_length[0m=[35m269[0m [36mtitle[0m=[35mNone[0m [36murl[0m=[35mhttps://jp.reuters.com/markets/japan/DVO77SAJ4NIA7GIMB6JQ7XJIPU-2026-04-10/[0m
[[32m[1minfo     [0m] [1mStarting article extraction   [0m [[0m[1m[34mrss.services.article_extractor[0m][0m [36mmodule[0m=[35marticle_extractor[0m [36murl[0m=[35mhttps://jp.reuters.com/markets/commodities/NPCHKXCR5NP4VNOQKI2ZPCKQIQ-2026-04-10/[0m [36muser_agent[0m=[35m'Mozilla/5.0 (Macintosh; Intel Mac OS X 10_15_7) Ap...'[0m
[[32m[1minfo     [0m] [1mTrafilatura extraction successful[0m [[0m[1m[34mrss.services.article_extractor[0m][0m [36mmodule[0m=[35marticle_extractor[0m [36mtext_length[0m=[35m707[0m [36mtitle[0m=[35mNone[0m [36murl[0m=[35mhttps://jp.reuters.com/markets/commodities/NPCHKXCR5NP4VNOQKI2ZPCKQIQ-2026-04-10/[0m
[[32m[1minfo     [0m] [1mStarting article extraction   [0m [[0m[1m[34mrss.services.article_extractor[0m][0m [36mmodule[0m=[35marticle_extractor[0m [36murl[0m=[35mhttps://jp.reuters.com/markets/japan/KHFCHGAI7RMENGHMS3J4N5BRDY-2026-04-10/[0m [36muser_agent[0m=[35m'Mozilla/5.0 (Macintosh; Intel Mac OS X 10_15_7) Ap...'[0m
[[32m[1minfo     [0m] [1mTrafilatura extraction successful[0m [[0m[1m[34mrss.services.article_extractor[0m][0m [36mmodule[0m=[35marticle_extractor[0m [36mtext_length[0m=[35m373[0m [36mtitle[0m=[35mNone[0m [36murl[0m=[35mhttps://jp.reuters.com/markets/japan/KHFCHGAI7RMENGHMS3J4N5BRDY-2026-04-10/[0m
[[32m[1minfo     [0m] [1mStarting article extraction   [0m [[0m[1m[34mrss.services.article_extractor[0m][0m [36mmodule[0m=[35marticle_extractor[0m [36murl[0m=[35mhttps://jp.reuters.com/markets/japan/QAJI2NY3ERKYLFJMRY3JJWBR5M-2026-04-10/[0m [36muser_agent[0m=[35m'Mozilla/5.0 (Macintosh; Intel Mac OS X 10_15_7) Ap...'[0m
[[32m[1minfo     [0m] [1mTrafilatura extraction successful[0m [[0m[1m[34mrss.services.article_extractor[0m][0m [36mmodule[0m=[35marticle_extractor[0m [36mtext_length[0m=[35m1133[0m [36mtitle[0m=[35mNone[0m [36murl[0m=[35mhttps://jp.reuters.com/markets/japan/QAJI2NY3ERKYLFJMRY3JJWBR5M-2026-04-10/[0m
[[32m[1minfo     [0m] [1mStarting article extraction   [0m [[0m[1m[34mrss.services.article_extractor[0m][0m [36mmodule[0m=[35marticle_extractor[0m [36murl[0m=[35mhttps://jp.reuters.com/markets/japan/GEGSU5TMMVL53J4RECZFMBUJKU-2026-04-10/[0m [36muser_agent[0m=[35m'Mozilla/5.0 (Macintosh; Intel Mac OS X 10_15_7) Ap...'[0m
[[32m[1minfo     [0m] [1mTrafilatura extraction successful[0m [[0m[1m[34mrss.services.article_extractor[0m][0m [36mmodule[0m=[35marticle_extractor[0m [36mtext_length[0m=[35m762[0m [36mtitle[0m=[35mNone[0m [36murl[0m=[35mhttps://jp.reuters.com/markets/japan/GEGSU5TMMVL53J4RECZFMBUJKU-2026-04-10/[0m
[[32m[1minfo     [0m] [1mStarting article extraction   [0m [[0m[1m[34mrss.services.article_extractor[0m][0m [36mmodule[0m=[35marticle_extractor[0m [36murl[0m=[35mhttps://jp.reuters.com/markets/japan/O6RMXNP4YJKF7FHVL6ZOCGYIWI-2026-04-10/[0m [36muser_agent[0m=[35m'Mozilla/5.0 (Macintosh; Intel Mac OS X 10_15_7) Ap...'[0m
[[32m[1minfo     [0m] [1mTrafilatura extraction successful[0m [[0m[1m[34mrss.services.article_extractor[0m][0m [36mmodule[0m=[35marticle_extractor[0m [36mtext_length[0m=[35m581[0m [36mtitle[0m=[35mNone[0m [36murl[0m=[35mhttps://jp.reuters.com/markets/japan/O6RMXNP4YJKF7FHVL6ZOCGYIWI-2026-04-10/[0m
[[32m[1minfo     [0m] [1mStarting article extraction   [0m [[0m[1m[34mrss.services.article_extractor[0m][0m [36mmodule[0m=[35marticle_extractor[0m [36murl[0m=[35mhttps://jp.reuters.com/markets/japan/6LUFUH6HJNNW5F4IMBT4HYS7LI-2026-04-10/[0m [36muser_agent[0m=[35m'Mozilla/5.0 (Macintosh; Intel Mac OS X 10_15_7) Ap...'[0m
[[32m[1minfo     [0m] [1mTrafilatura extraction successful[0m [[0m[1m[34mrss.services.article_extractor[0m][0m [36mmodule[0m=[35marticle_extractor[0m [36mtext_length[0m=[35m2161[0m [36mtitle[0m=[35mNone[0m [36murl[0m=[35mhttps://jp.reuters.com/markets/japan/6LUFUH6HJNNW5F4IMBT4HYS7LI-2026-04-10/[0m
[[32m[1minfo     [0m] [1mStarting article extraction   [0m [[0m[1m[34mrss.services.article_extractor[0m][0m [36mmodule[0m=[35marticle_extractor[0m [36murl[0m=[35mhttps://jp.reuters.com/markets/japan/DSA6EYKPINIW5LVMDWYLSEZSVA-2026-04-11/[0m [36muser_agent[0m=[35m'Mozilla/5.0 (Macintosh; Intel Mac OS X 10_15_7) Ap...'[0m
[[32m[1minfo     [0m] [1mTrafilatura extraction successful[0m [[0m[1m[34mrss.services.article_extractor[0m][0m [36mmodule[0m=[35marticle_extractor[0m [36mtext_length[0m=[35m639[0m [36mtitle[0m=[35mNone[0m [36murl[0m=[35mhttps://jp.reuters.com/markets/japan/DSA6EYKPINIW5LVMDWYLSEZSVA-2026-04-11/[0m
[[32m[1minfo     [0m] [1mStarting article extraction   [0m [[0m[1m[34mrss.services.article_extractor[0m][0m [36mmodule[0m=[35marticle_extractor[0m [36murl[0m=[35mhttps://jp.reuters.com/markets/japan/PJUDECWJXBORLJHVF6NUGBCSSM-2026-04-10/[0m [36muser_agent[0m=[35m'Mozilla/5.0 (Macintosh; Intel Mac OS X 10_15_7) Ap...'[0m
[[32m[1minfo     [0m] [1mTrafilatura extraction successful[0m [[0m[1m[34mrss.services.article_extractor[0m][0m [36mmodule[0m=[35marticle_extractor[0m [36mtext_length[0m=[35m793[0m [36mtitle[0m=[35mNone[0m [36murl[0m=[35mhttps://jp.reuters.com/markets/japan/PJUDECWJXBORLJHVF6NUGBCSSM-2026-04-10/[0m
[[32m[1minfo     [0m] [1mStarting article extraction   [0m [[0m[1m[34mrss.services.article_extractor[0m][0m [36mmodule[0m=[35marticle_extractor[0m [36murl[0m=[35mhttps://jp.reuters.com/markets/japan/XUSUZ2K2OJKUTGDQHIGKGT3CO4-2026-04-13/[0m [36muser_agent[0m=[35m'Mozilla/5.0 (Macintosh; Intel Mac OS X 10_15_7) Ap...'[0m
[[32m[1minfo     [0m] [1mTrafilatura extraction successful[0m [[0m[1m[34mrss.services.article_extractor[0m][0m [36mmodule[0m=[35marticle_extractor[0m [36mtext_length[0m=[35m390[0m [36mtitle[0m=[35mNone[0m [36murl[0m=[35mhttps://jp.reuters.com/markets/japan/XUSUZ2K2OJKUTGDQHIGKGT3CO4-2026-04-13/[0m
[[32m[1minfo     [0m] [1mStarting article extraction   [0m [[0m[1m[34mrss.services.article_extractor[0m][0m [36mmodule[0m=[35marticle_extractor[0m [36murl[0m=[35mhttps://jp.reuters.com/economy/bank-of-japan/NNYDB2DQ4BN6FPSIZ3FEUPTRHI-2026-04-13/[0m [36muser_agent[0m=[35m'Mozilla/5.0 (Macintosh; Intel Mac OS X 10_15_7) Ap...'[0m
[[32m[1minfo     [0m] [1mTrafilatura extraction successful[0m [[0m[1m[34mrss.services.article_extractor[0m][0m [36mmodule[0m=[35marticle_extractor[0m [36mtext_length[0m=[35m467[0m [36mtitle[0m=[35mNone[0m [36murl[0m=[35mhttps://jp.reuters.com/economy/bank-of-japan/NNYDB2DQ4BN6FPSIZ3FEUPTRHI-2026-04-13/[0m
[[32m[1minfo     [0m] [1mStarting article extraction   [0m [[0m[1m[34mrss.services.article_extractor[0m][0m [36mmodule[0m=[35marticle_extractor[0m [36murl[0m=[35mhttps://jp.reuters.com/world/japan/XWMAM4YQJJPWNN2GCRQYLBCV74-2026-04-13/[0m [36muser_agent[0m=[35m'Mozilla/5.0 (Macintosh; Intel Mac OS X 10_15_7) Ap...'[0m
[[32m[1minfo     [0m] [1mTrafilatura extraction successful[0m [[0m[1m[34mrss.services.article_extractor[0m][0m [36mmodule[0m=[35marticle_extractor[0m [36mtext_length[0m=[35m1287[0m [36mtitle[0m=[35mNone[0m [36murl[0m=[35mhttps://jp.reuters.com/world/japan/XWMAM4YQJJPWNN2GCRQYLBCV74-2026-04-13/[0m
[[32m[1minfo     [0m] [1mStarting article extraction   [0m [[0m[1m[34mrss.services.article_extractor[0m][0m [36mmodule[0m=[35marticle_extractor[0m [36murl[0m=[35mhttps://jp.reuters.com/markets/japan/MX5DTZLSTBJO7FMV6JMZ2PE5E4-2026-04-13/[0m [36muser_agent[0m=[35m'Mozilla/5.0 (Macintosh; Intel Mac OS X 10_15_7) Ap...'[0m
[[32m[1minfo     [0m] [1mTrafilatura extraction successful[0m [[0m[1m[34mrss.services.article_extractor[0m][0m [36mmodule[0m=[35marticle_extractor[0m [36mtext_length[0m=[35m598[0m [36mtitle[0m=[35mNone[0m [36murl[0m=[35mhttps://jp.reuters.com/markets/japan/MX5DTZLSTBJO7FMV6JMZ2PE5E4-2026-04-13/[0m
[[32m[1minfo     [0m] [1mStarting article extraction   [0m [[0m[1m[34mrss.services.article_extractor[0m][0m [36mmodule[0m=[35marticle_extractor[0m [36murl[0m=[35mhttps://jp.reuters.com/markets/japan/KUNZNXVHPVPCXEYEL62KGQCFGQ-2026-04-13/[0m [36muser_agent[0m=[35m'Mozilla/5.0 (Macintosh; Intel Mac OS X 10_15_7) Ap...'[0m
[[32m[1minfo     [0m] [1mTrafilatura extraction successful[0m [[0m[1m[34mrss.services.article_extractor[0m][0m [36mmodule[0m=[35marticle_extractor[0m [36mtext_length[0m=[35m387[0m [36mtitle[0m=[35mNone[0m [36murl[0m=[35mhttps://jp.reuters.com/markets/japan/KUNZNXVHPVPCXEYEL62KGQCFGQ-2026-04-13/[0m
[[32m[1minfo     [0m] [1mStarting article extraction   [0m [[0m[1m[34mrss.services.article_extractor[0m][0m [36mmodule[0m=[35marticle_extractor[0m [36murl[0m=[35mhttps://jp.reuters.com/business/VMUB4O27LRJMROIE544QEIPGVI-2026-04-13/[0m [36muser_agent[0m=[35m'Mozilla/5.0 (Macintosh; Intel Mac OS X 10_15_7) Ap...'[0m
[[32m[1minfo     [0m] [1mTrafilatura extraction successful[0m [[0m[1m[34mrss.services.article_extractor[0m][0m [36mmodule[0m=[35marticle_extractor[0m [36mtext_length[0m=[35m523[0m [36mtitle[0m=[35mNone[0m [36murl[0m=[35mhttps://jp.reuters.com/business/VMUB4O27LRJMROIE544QEIPGVI-2026-04-13/[0m
[[32m[1minfo     [0m] [1mBatch extraction completed    [0m [[0m[1m[34mrss.services.article_extractor[0m][0m [36mfailed[0m=[35m0[0m [36mmodule[0m=[35marticle_extractor[0m [36msuccess[0m=[35m23[0m [36mtotal[0m=[35m23[0m
[[32m[1minfo     [0m] [1mContent post-fetch complete   [0m [[0m[1m[34mnews_scraper.unified[0m][0m [36mfetched[0m=[35m23[0m [36mmodule[0m=[35munified[0m [36mtotal[0m=[35m23[0m
[[32m[1minfo     [0m] [1mFinancial news collection complete[0m [[0m[1m[34mnews_scraper.unified[0m][0m [36melapsed_seconds[0m=[35m29.22[0m [36mmodule[0m=[35munified[0m [36msources[0m=[35m['reuters_jp'][0m [36mtotal_articles[0m=[35m23[0m
[[32m[1minfo     [0m] [1mRawStore: saved=23, dup=0, empty=0[0m [[0m[1m[34mnews_scraper.unified[0m][0m [36mmodule[0m=[35munified[0m
[[32m[1minfo     [0m] [1mCollection complete           [0m [[0m[1m[34m__main__[0m][0m [36marticle_count[0m=[35m23[0m [36mmodule[0m=[35mscrape_finance_news[0m
[[32m[1minfo     [0m] [1mNAS is mounted, using NAS output[0m [[0m[1m[34m__main__[0m][0m [36mmodule[0m=[35mscrape_finance_news[0m [36mpath[0m=[35m/Volumes/personal_folder/scraped/reuters_jp[0m [36msource[0m=[35mreuters_jp[0m
[[32m[1minfo     [0m] [1mOutput directory ready        [0m [[0m[1m[34m__main__[0m][0m [36mmodule[0m=[35mscrape_finance_news[0m [36mpath[0m=[35m/Volumes/personal_folder/scraped/reuters_jp/2026-04-13[0m
[[32m[1minfo     [0m] [1mArticles saved to JSON        [0m [[0m[1m[34m__main__[0m][0m [36mmodule[0m=[35mscrape_finance_news[0m [36mpath[0m=[35m/Volumes/personal_folder/scraped/reuters_jp/2026-04-13/news_030005.json[0m [36mtotal_count[0m=[35m23[0m
[[32m[1minfo     [0m] [1mSave complete                 [0m [[0m[1m[34m__main__[0m][0m [36mcount[0m=[35m23[0m [36mmodule[0m=[35mscrape_finance_news[0m [36moutput_file[0m=[35m/Volumes/personal_folder/scraped/reuters_jp/2026-04-13/news_030005.json[0m [36msource[0m=[35mreuters_jp[0m
[[32m[1minfo     [0m] [1mScraper finished successfully [0m [[0m[1m[34m__main__[0m][0m [36mmodule[0m=[35mscrape_finance_news[0m [36msaved_files[0m=[35m['/Volumes/personal_folder/scraped/reuters_jp/2026-04-13/news_030005.json'][0m [36mtotal_articles[0m=[35m23[0m
[[32m[1minfo     [0m] [1mFinance news scraper starting [0m [[0m[1m[34m__main__[0m][0m [36minclude_content[0m=[35mTrue[0m [36mmax_articles[0m=[35m50[0m [36mmodule[0m=[35mscrape_finance_news[0m [36msources[0m=[35m['reuters_jp'][0m
[[32m[1minfo     [0m] [1mStarting news collection      [0m [[0m[1m[34m__main__[0m][0m [36mmodule[0m=[35mscrape_finance_news[0m [36msources[0m=[35m['reuters_jp'][0m
[[32m[1minfo     [0m] [1mStarting financial news collection (async)[0m [[0m[1m[34mnews_scraper.unified[0m][0m [36minclude_content[0m=[35mTrue[0m [36mmax_articles_per_source[0m=[35m50[0m [36mmodule[0m=[35munified[0m [36msources[0m=[35m['reuters_jp'][0m
[[32m[1minfo     [0m] [1mStarting Reuters JP news collection[0m [[0m[1m[34mnews_scraper.reuters_jp[0m][0m [36mmax_articles_per_source[0m=[35m50[0m [36mmodule[0m=[35mreuters_jp[0m [36msections[0m=[35m['markets', 'business'][0m
[[32m[1minfo     [0m] [1mFetching Reuters JP section   [0m [[0m[1m[34mnews_scraper.reuters_jp[0m][0m [36mmodule[0m=[35mreuters_jp[0m [36msection[0m=[35mmarkets[0m [36murl[0m=[35mhttps://jp.reuters.com/markets/[0m
[[32m[1minfo     [0m] [1mFetching Reuters JP section   [0m [[0m[1m[34mnews_scraper.reuters_jp[0m][0m [36mmodule[0m=[35mreuters_jp[0m [36msection[0m=[35mbusiness[0m [36murl[0m=[35mhttps://jp.reuters.com/business/[0m
[[32m[1minfo     [0m] [1mHTTP Request: GET https://jp.reuters.com/business/ "HTTP/1.1 200 OK"[0m [[0m[1m[34mhttpx[0m][0m
[[32m[1minfo     [0m] [1mHTML fetched (async)          [0m [[0m[1m[34mnews_scraper._html_utils[0m][0m [36mmodule[0m=[35mhtml_utils[0m [36mstatus_code[0m=[35m200[0m [36murl[0m=[35mhttps://jp.reuters.com/business/[0m
[[32m[1minfo     [0m] [1mBusiness page parsed          [0m [[0m[1m[34mnews_scraper.reuters_jp[0m][0m [36marticle_count[0m=[35m20[0m [36mmodule[0m=[35mreuters_jp[0m
[[32m[1minfo     [0m] [1mReuters JP section complete   [0m [[0m[1m[34mnews_scraper.reuters_jp[0m][0m [36mcount[0m=[35m20[0m [36mmodule[0m=[35mreuters_jp[0m [36msection[0m=[35mbusiness[0m
[[32m[1minfo     [0m] [1mHTTP Request: GET https://jp.reuters.com/markets/ "HTTP/1.1 200 OK"[0m [[0m[1m[34mhttpx[0m][0m
[[32m[1minfo     [0m] [1mHTML fetched (async)          [0m [[0m[1m[34mnews_scraper._html_utils[0m][0m [36mmodule[0m=[35mhtml_utils[0m [36mstatus_code[0m=[35m200[0m [36murl[0m=[35mhttps://jp.reuters.com/markets/[0m
[[32m[1minfo     [0m] [1mMarkets page parsed           [0m [[0m[1m[34mnews_scraper.reuters_jp[0m][0m [36marticle_count[0m=[35m6[0m [36mmodule[0m=[35mreuters_jp[0m
[[32m[1minfo     [0m] [1mReuters JP section complete   [0m [[0m[1m[34mnews_scraper.reuters_jp[0m][0m [36mcount[0m=[35m6[0m [36mmodule[0m=[35mreuters_jp[0m [36msection[0m=[35mmarkets[0m
[[32m[1minfo     [0m] [1mReuters JP news collection complete[0m [[0m[1m[34mnews_scraper.reuters_jp[0m][0m [36mmodule[0m=[35mreuters_jp[0m [36mtotal_articles[0m=[35m23[0m
[[32m[1minfo     [0m] [1mSource collection complete    [0m [[0m[1m[34mnews_scraper.unified[0m][0m [36mmodule[0m=[35munified[0m [36msource[0m=[35mreuters_jp[0m [36msource_articles[0m=[35m23[0m
[[32m[1minfo     [0m] [1mFetching content for articles missing it[0m [[0m[1m[34mnews_scraper.unified[0m][0m [36mcount[0m=[35m23[0m [36mmodule[0m=[35munified[0m
[[32m[1minfo     [0m] [1mStarting batch extraction     [0m [[0m[1m[34mrss.services.article_extractor[0m][0m [36mmodule[0m=[35marticle_extractor[0m [36mrate_limit[0m=[35m1.0[0m [36murl_count[0m=[35m23[0m
[[32m[1minfo     [0m] [1mStarting article extraction   [0m [[0m[1m[34mrss.services.article_extractor[0m][0m [36mmodule[0m=[35marticle_extractor[0m [36murl[0m=[35mhttps://jp.reuters.com/markets/commodities/FF2JZF5YXZKPHBZWZABPIIMENM-2026-04-13/[0m [36muser_agent[0m=[35m'Mozilla/5.0 (Macintosh; Intel Mac OS X 10_15_7) Ap...'[0m
[[32m[1minfo     [0m] [1mTrafilatura extraction successful[0m [[0m[1m[34mrss.services.article_extractor[0m][0m [36mmodule[0m=[35marticle_extractor[0m [36mtext_length[0m=[35m566[0m [36mtitle[0m=[35mNone[0m [36murl[0m=[35mhttps://jp.reuters.com/markets/commodities/FF2JZF5YXZKPHBZWZABPIIMENM-2026-04-13/[0m
[[32m[1minfo     [0m] [1mStarting article extraction   [0m [[0m[1m[34mrss.services.article_extractor[0m][0m [36mmodule[0m=[35marticle_extractor[0m [36murl[0m=[35mhttps://jp.reuters.com/world/europe/M5NKD7BJCZLTXMEK46CXQK22DY-2026-04-13/[0m [36muser_agent[0m=[35m'Mozilla/5.0 (Macintosh; Intel Mac OS X 10_15_7) Ap...'[0m
[[32m[1minfo     [0m] [1mTrafilatura extraction successful[0m [[0m[1m[34mrss.services.article_extractor[0m][0m [36mmodule[0m=[35marticle_extractor[0m [36mtext_length[0m=[35m661[0m [36mtitle[0m=[35mNone[0m [36murl[0m=[35mhttps://jp.reuters.com/world/europe/M5NKD7BJCZLTXMEK46CXQK22DY-2026-04-13/[0m
[[32m[1minfo     [0m] [1mStarting article extraction   [0m [[0m[1m[34mrss.services.article_extractor[0m][0m [36mmodule[0m=[35marticle_extractor[0m [36murl[0m=[35mhttps://jp.reuters.com/markets/commodities/6M7MQJ53FVNAZK7SHOVOSGIWSU-2026-04-13/[0m [36muser_agent[0m=[35m'Mozilla/5.0 (Macintosh; Intel Mac OS X 10_15_7) Ap...'[0m
[[32m[1minfo     [0m] [1mTrafilatura extraction successful[0m [[0m[1m[34mrss.services.article_extractor[0m][0m [36mmodule[0m=[35marticle_extractor[0m [36mtext_length[0m=[35m360[0m [36mtitle[0m=[35mNone[0m [36murl[0m=[35mhttps://jp.reuters.com/markets/commodities/6M7MQJ53FVNAZK7SHOVOSGIWSU-2026-04-13/[0m
[[32m[1minfo     [0m] [1mStarting article extraction   [0m [[0m[1m[34mrss.services.article_extractor[0m][0m [36mmodule[0m=[35marticle_extractor[0m [36murl[0m=[35mhttps://jp.reuters.com/markets/world-indices/V3XTCZ4EI5I4DLRQ4K5IFTPEOM-2026-04-13/[0m [36muser_agent[0m=[35m'Mozilla/5.0 (Macintosh; Intel Mac OS X 10_15_7) Ap...'[0m
[[32m[1minfo     [0m] [1mTrafilatura extraction successful[0m [[0m[1m[34mrss.services.article_extractor[0m][0m [36mmodule[0m=[35marticle_extractor[0m [36mtext_length[0m=[35m433[0m [36mtitle[0m=[35mNone[0m [36murl[0m=[35mhttps://jp.reuters.com/markets/world-indices/V3XTCZ4EI5I4DLRQ4K5IFTPEOM-2026-04-13/[0m
[[32m[1minfo     [0m] [1mStarting article extraction   [0m [[0m[1m[34mrss.services.article_extractor[0m][0m [36mmodule[0m=[35marticle_extractor[0m [36murl[0m=[35mhttps://jp.reuters.com/markets/japan/CPNGYATUN5KPTDF7GSVDVN7E2E-2026-04-13/[0m [36muser_agent[0m=[35m'Mozilla/5.0 (Macintosh; Intel Mac OS X 10_15_7) Ap...'[0m
[[32m[1minfo     [0m] [1mTrafilatura extraction successful[0m [[0m[1m[34mrss.services.article_extractor[0m][0m [36mmodule[0m=[35marticle_extractor[0m [36mtext_length[0m=[35m1244[0m [36mtitle[0m=[35mNone[0m [36murl[0m=[35mhttps://jp.reuters.com/markets/japan/CPNGYATUN5KPTDF7GSVDVN7E2E-2026-04-13/[0m
[[32m[1minfo     [0m] [1mStarting article extraction   [0m [[0m[1m[34mrss.services.article_extractor[0m][0m [36mmodule[0m=[35marticle_extractor[0m [36murl[0m=[35mhttps://jp.reuters.com/markets/world-indices/IHYL4MLKGZNNLMA2KSGZK3V7IY-2026-04-13/[0m [36muser_agent[0m=[35m'Mozilla/5.0 (Macintosh; Intel Mac OS X 10_15_7) Ap...'[0m
[[32m[1minfo     [0m] [1mTrafilatura extraction successful[0m [[0m[1m[34mrss.services.article_extractor[0m][0m [36mmodule[0m=[35marticle_extractor[0m [36mtext_length[0m=[35m336[0m [36mtitle[0m=[35mNone[0m [36murl[0m=[35mhttps://jp.reuters.com/markets/world-indices/IHYL4MLKGZNNLMA2KSGZK3V7IY-2026-04-13/[0m
[[32m[1minfo     [0m] [1mStarting article extraction   [0m [[0m[1m[34mrss.services.article_extractor[0m][0m [36mmodule[0m=[35marticle_extractor[0m [36murl[0m=[35mhttps://jp.reuters.com/economy/bank-of-japan/NNYDB2DQ4BN6FPSIZ3FEUPTRHI-2026-04-13/[0m [36muser_agent[0m=[35m'Mozilla/5.0 (Macintosh; Intel Mac OS X 10_15_7) Ap...'[0m
[[32m[1minfo     [0m] [1mTrafilatura extraction successful[0m [[0m[1m[34mrss.services.article_extractor[0m][0m [36mmodule[0m=[35marticle_extractor[0m [36mtext_length[0m=[35m467[0m [36mtitle[0m=[35mNone[0m [36murl[0m=[35mhttps://jp.reuters.com/economy/bank-of-japan/NNYDB2DQ4BN6FPSIZ3FEUPTRHI-2026-04-13/[0m
[[32m[1minfo     [0m] [1mStarting article extraction   [0m [[0m[1m[34mrss.services.article_extractor[0m][0m [36mmodule[0m=[35marticle_extractor[0m [36murl[0m=[35mhttps://jp.reuters.com/world/japan/XWMAM4YQJJPWNN2GCRQYLBCV74-2026-04-13/[0m [36muser_agent[0m=[35m'Mozilla/5.0 (Macintosh; Intel Mac OS X 10_15_7) Ap...'[0m
[[32m[1minfo     [0m] [1mTrafilatura extraction successful[0m [[0m[1m[34mrss.services.article_extractor[0m][0m [36mmodule[0m=[35marticle_extractor[0m [36mtext_length[0m=[35m1287[0m [36mtitle[0m=[35mNone[0m [36murl[0m=[35mhttps://jp.reuters.com/world/japan/XWMAM4YQJJPWNN2GCRQYLBCV74-2026-04-13/[0m
[[32m[1minfo     [0m] [1mStarting article extraction   [0m [[0m[1m[34mrss.services.article_extractor[0m][0m [36mmodule[0m=[35marticle_extractor[0m [36murl[0m=[35mhttps://jp.reuters.com/markets/global-markets/XNSZ6SLKXZPHDB4SZIMXVNZQQE-2026-04-13/[0m [36muser_agent[0m=[35m'Mozilla/5.0 (Macintosh; Intel Mac OS X 10_15_7) Ap...'[0m
[[32m[1minfo     [0m] [1mTrafilatura extraction successful[0m [[0m[1m[34mrss.services.article_extractor[0m][0m [36mmodule[0m=[35marticle_extractor[0m [36mtext_length[0m=[35m253[0m [36mtitle[0m=[35mNone[0m [36murl[0m=[35mhttps://jp.reuters.com/markets/global-markets/XNSZ6SLKXZPHDB4SZIMXVNZQQE-2026-04-13/[0m
[[32m[1minfo     [0m] [1mStarting article extraction   [0m [[0m[1m[34mrss.services.article_extractor[0m][0m [36mmodule[0m=[35marticle_extractor[0m [36murl[0m=[35mhttps://jp.reuters.com/markets/world-indices/7X467HWOBFLTPEVJHWSLUHRCN4-2026-04-13/[0m [36muser_agent[0m=[35m'Mozilla/5.0 (Macintosh; Intel Mac OS X 10_15_7) Ap...'[0m
[[32m[1minfo     [0m] [1mTrafilatura extraction successful[0m [[0m[1m[34mrss.services.article_extractor[0m][0m [36mmodule[0m=[35marticle_extractor[0m [36mtext_length[0m=[35m587[0m [36mtitle[0m=[35mNone[0m [36murl[0m=[35mhttps://jp.reuters.com/markets/world-indices/7X467HWOBFLTPEVJHWSLUHRCN4-2026-04-13/[0m
[[32m[1minfo     [0m] [1mStarting article extraction   [0m [[0m[1m[34mrss.services.article_extractor[0m][0m [36mmodule[0m=[35marticle_extractor[0m [36murl[0m=[35mhttps://jp.reuters.com/markets/japan/MX5DTZLSTBJO7FMV6JMZ2PE5E4-2026-04-13/[0m [36muser_agent[0m=[35m'Mozilla/5.0 (Macintosh; Intel Mac OS X 10_15_7) Ap...'[0m
[[32m[1minfo     [0m] [1mTrafilatura extraction successful[0m [[0m[1m[34mrss.services.article_extractor[0m][0m [36mmodule[0m=[35marticle_extractor[0m [36mtext_length[0m=[35m598[0m [36mtitle[0m=[35mNone[0m [36murl[0m=[35mhttps://jp.reuters.com/markets/japan/MX5DTZLSTBJO7FMV6JMZ2PE5E4-2026-04-13/[0m
[[32m[1minfo     [0m] [1mStarting article extraction   [0m [[0m[1m[34mrss.services.article_extractor[0m][0m [36mmodule[0m=[35marticle_extractor[0m [36murl[0m=[35mhttps://jp.reuters.com/markets/japan/KUNZNXVHPVPCXEYEL62KGQCFGQ-2026-04-13/[0m [36muser_agent[0m=[35m'Mozilla/5.0 (Macintosh; Intel Mac OS X 10_15_7) Ap...'[0m
[[32m[1minfo     [0m] [1mTrafilatura extraction successful[0m [[0m[1m[34mrss.services.article_extractor[0m][0m [36mmodule[0m=[35marticle_extractor[0m [36mtext_length[0m=[35m387[0m [36mtitle[0m=[35mNone[0m [36murl[0m=[35mhttps://jp.reuters.com/markets/japan/KUNZNXVHPVPCXEYEL62KGQCFGQ-2026-04-13/[0m
[[32m[1minfo     [0m] [1mStarting article extraction   [0m [[0m[1m[34mrss.services.article_extractor[0m][0m [36mmodule[0m=[35marticle_extractor[0m [36murl[0m=[35mhttps://jp.reuters.com/world/security/NJDFCAACORMOXKMGYGSHUQWQGI-2026-04-13/[0m [36muser_agent[0m=[35m'Mozilla/5.0 (Macintosh; Intel Mac OS X 10_15_7) Ap...'[0m
[[32m[1minfo     [0m] [1mTrafilatura extraction successful[0m [[0m[1m[34mrss.services.article_extractor[0m][0m [36mmodule[0m=[35marticle_extractor[0m [36mtext_length[0m=[35m1514[0m [36mtitle[0m=[35mNone[0m [36murl[0m=[35mhttps://jp.reuters.com/world/security/NJDFCAACORMOXKMGYGSHUQWQGI-2026-04-13/[0m
[[32m[1minfo     [0m] [1mStarting article extraction   [0m [[0m[1m[34mrss.services.article_extractor[0m][0m [36mmodule[0m=[35marticle_extractor[0m [36murl[0m=[35mhttps://jp.reuters.com/business/VMUB4O27LRJMROIE544QEIPGVI-2026-04-13/[0m [36muser_agent[0m=[35m'Mozilla/5.0 (Macintosh; Intel Mac OS X 10_15_7) Ap...'[0m
[[32m[1minfo     [0m] [1mTrafilatura extraction successful[0m [[0m[1m[34mrss.services.article_extractor[0m][0m [36mmodule[0m=[35marticle_extractor[0m [36mtext_length[0m=[35m523[0m [36mtitle[0m=[35mNone[0m [36murl[0m=[35mhttps://jp.reuters.com/business/VMUB4O27LRJMROIE544QEIPGVI-2026-04-13/[0m
[[32m[1minfo     [0m] [1mStarting article extraction   [0m [[0m[1m[34mrss.services.article_extractor[0m][0m [36mmodule[0m=[35marticle_extractor[0m [36murl[0m=[35mhttps://jp.reuters.com/markets/japan/BSNMXZ52WFN4VO4BIKUCSJDPTE-2026-04-13/[0m [36muser_agent[0m=[35m'Mozilla/5.0 (Macintosh; Intel Mac OS X 10_15_7) Ap...'[0m
[[32m[1minfo     [0m] [1mTrafilatura extraction successful[0m [[0m[1m[34mrss.services.article_extractor[0m][0m [36mmodule[0m=[35marticle_extractor[0m [36mtext_length[0m=[35m928[0m [36mtitle[0m=[35mNone[0m [36murl[0m=[35mhttps://jp.reuters.com/markets/japan/BSNMXZ52WFN4VO4BIKUCSJDPTE-2026-04-13/[0m
[[32m[1minfo     [0m] [1mStarting article extraction   [0m [[0m[1m[34mrss.services.article_extractor[0m][0m [36mmodule[0m=[35marticle_extractor[0m [36murl[0m=[35mhttps://jp.reuters.com/markets/global-markets/MJ3JFRVGQNPIVI4TLE6Q7B5WFU-2026-04-13/[0m [36muser_agent[0m=[35m'Mozilla/5.0 (Macintosh; Intel Mac OS X 10_15_7) Ap...'[0m
[[32m[1minfo     [0m] [1mTrafilatura extraction successful[0m [[0m[1m[34mrss.services.article_extractor[0m][0m [36mmodule[0m=[35marticle_extractor[0m [36mtext_length[0m=[35m293[0m [36mtitle[0m=[35mNone[0m [36murl[0m=[35mhttps://jp.reuters.com/markets/global-markets/MJ3JFRVGQNPIVI4TLE6Q7B5WFU-2026-04-13/[0m
[[32m[1minfo     [0m] [1mStarting article extraction   [0m [[0m[1m[34mrss.services.article_extractor[0m][0m [36mmodule[0m=[35marticle_extractor[0m [36murl[0m=[35mhttps://jp.reuters.com/economy/bank-of-japan/KS2VJW4I4BOFLEANB6CKYZQARQ-2026-04-13/[0m [36muser_agent[0m=[35m'Mozilla/5.0 (Macintosh; Intel Mac OS X 10_15_7) Ap...'[0m
[[32m[1minfo     [0m] [1mTrafilatura extraction successful[0m [[0m[1m[34mrss.services.article_extractor[0m][0m [36mmodule[0m=[35marticle_extractor[0m [36mtext_length[0m=[35m171[0m [36mtitle[0m=[35mNone[0m [36murl[0m=[35mhttps://jp.reuters.com/economy/bank-of-japan/KS2VJW4I4BOFLEANB6CKYZQARQ-2026-04-13/[0m
[[32m[1minfo     [0m] [1mStarting article extraction   [0m [[0m[1m[34mrss.services.article_extractor[0m][0m [36mmodule[0m=[35marticle_extractor[0m [36murl[0m=[35mhttps://jp.reuters.com/markets/bonds/FPYWMEYM6JKYRCYU2AZ5MHK4LQ-2026-04-13/[0m [36muser_agent[0m=[35m'Mozilla/5.0 (Macintosh; Intel Mac OS X 10_15_7) Ap...'[0m
[[32m[1minfo     [0m] [1mTrafilatura extraction successful[0m [[0m[1m[34mrss.services.article_extractor[0m][0m [36mmodule[0m=[35marticle_extractor[0m [36mtext_length[0m=[35m637[0m [36mtitle[0m=[35mNone[0m [36murl[0m=[35mhttps://jp.reuters.com/markets/bonds/FPYWMEYM6JKYRCYU2AZ5MHK4LQ-2026-04-13/[0m
[[32m[1minfo     [0m] [1mStarting article extraction   [0m [[0m[1m[34mrss.services.article_extractor[0m][0m [36mmodule[0m=[35marticle_extractor[0m [36murl[0m=[35mhttps://jp.reuters.com/markets/global-markets/KGC2BAAM7BLZ3A72WYGZIRTPCQ-2026-04-13/[0m [36muser_agent[0m=[35m'Mozilla/5.0 (Macintosh; Intel Mac OS X 10_15_7) Ap...'[0m
[[32m[1minfo     [0m] [1mTrafilatura extraction successful[0m [[0m[1m[34mrss.services.article_extractor[0m][0m [36mmodule[0m=[35marticle_extractor[0m [36mtext_length[0m=[35m563[0m [36mtitle[0m=[35mNone[0m [36murl[0m=[35mhttps://jp.reuters.com/markets/global-markets/KGC2BAAM7BLZ3A72WYGZIRTPCQ-2026-04-13/[0m
[[32m[1minfo     [0m] [1mStarting article extraction   [0m [[0m[1m[34mrss.services.article_extractor[0m][0m [36mmodule[0m=[35marticle_extractor[0m [36murl[0m=[35mhttps://jp.reuters.com/markets/global-markets/RN7GK3MKLZOYZMBNEMSY4JWVE4-2026-04-13/[0m [36muser_agent[0m=[35m'Mozilla/5.0 (Macintosh; Intel Mac OS X 10_15_7) Ap...'[0m
[[32m[1minfo     [0m] [1mTrafilatura extraction successful[0m [[0m[1m[34mrss.services.article_extractor[0m][0m [36mmodule[0m=[35marticle_extractor[0m [36mtext_length[0m=[35m515[0m [36mtitle[0m=[35mNone[0m [36murl[0m=[35mhttps://jp.reuters.com/markets/global-markets/RN7GK3MKLZOYZMBNEMSY4JWVE4-2026-04-13/[0m
[[32m[1minfo     [0m] [1mStarting article extraction   [0m [[0m[1m[34mrss.services.article_extractor[0m][0m [36mmodule[0m=[35marticle_extractor[0m [36murl[0m=[35mhttps://jp.reuters.com/markets/world-indices/WLAZZJTWWVN5FDDESAGWAZRXUQ-2026-04-13/[0m [36muser_agent[0m=[35m'Mozilla/5.0 (Macintosh; Intel Mac OS X 10_15_7) Ap...'[0m
[[32m[1minfo     [0m] [1mTrafilatura extraction successful[0m [[0m[1m[34mrss.services.article_extractor[0m][0m [36mmodule[0m=[35marticle_extractor[0m [36mtext_length[0m=[35m682[0m [36mtitle[0m=[35mNone[0m [36murl[0m=[35mhttps://jp.reuters.com/markets/world-indices/WLAZZJTWWVN5FDDESAGWAZRXUQ-2026-04-13/[0m
[[32m[1minfo     [0m] [1mStarting article extraction   [0m [[0m[1m[34mrss.services.article_extractor[0m][0m [36mmodule[0m=[35marticle_extractor[0m [36murl[0m=[35mhttps://jp.reuters.com/markets/japan/U6L47ZYTNBPYNPN7B3KWSNCZQM-2026-04-13/[0m [36muser_agent[0m=[35m'Mozilla/5.0 (Macintosh; Intel Mac OS X 10_15_7) Ap...'[0m
[[32m[1minfo     [0m] [1mTrafilatura extraction successful[0m [[0m[1m[34mrss.services.article_extractor[0m][0m [36mmodule[0m=[35marticle_extractor[0m [36mtext_length[0m=[35m729[0m [36mtitle[0m=[35mNone[0m [36murl[0m=[35mhttps://jp.reuters.com/markets/japan/U6L47ZYTNBPYNPN7B3KWSNCZQM-2026-04-13/[0m
[[32m[1minfo     [0m] [1mStarting article extraction   [0m [[0m[1m[34mrss.services.article_extractor[0m][0m [36mmodule[0m=[35marticle_extractor[0m [36murl[0m=[35mhttps://jp.reuters.com/markets/world-indices/PJUP4BHDGZLUHPYPGYQP6RQ6QI-2026-04-13/[0m [36muser_agent[0m=[35m'Mozilla/5.0 (Macintosh; Intel Mac OS X 10_15_7) Ap...'[0m
[[32m[1minfo     [0m] [1mTrafilatura extraction successful[0m [[0m[1m[34mrss.services.article_extractor[0m][0m [36mmodule[0m=[35marticle_extractor[0m [36mtext_length[0m=[35m351[0m [36mtitle[0m=[35mNone[0m [36murl[0m=[35mhttps://jp.reuters.com/markets/world-indices/PJUP4BHDGZLUHPYPGYQP6RQ6QI-2026-04-13/[0m
[[32m[1minfo     [0m] [1mBatch extraction completed    [0m [[0m[1m[34mrss.services.article_extractor[0m][0m [36mfailed[0m=[35m0[0m [36mmodule[0m=[35marticle_extractor[0m [36msuccess[0m=[35m23[0m [36mtotal[0m=[35m23[0m
[[32m[1minfo     [0m] [1mContent post-fetch complete   [0m [[0m[1m[34mnews_scraper.unified[0m][0m [36mfetched[0m=[35m23[0m [36mmodule[0m=[35munified[0m [36mtotal[0m=[35m23[0m
[[32m[1minfo     [0m] [1mFinancial news collection complete[0m [[0m[1m[34mnews_scraper.unified[0m][0m [36melapsed_seconds[0m=[35m27.91[0m [36mmodule[0m=[35munified[0m [36msources[0m=[35m['reuters_jp'][0m [36mtotal_articles[0m=[35m23[0m
[[32m[1minfo     [0m] [1mRawStore: saved=16, dup=7, empty=0[0m [[0m[1m[34mnews_scraper.unified[0m][0m [36mmodule[0m=[35munified[0m
[[32m[1minfo     [0m] [1mCollection complete           [0m [[0m[1m[34m__main__[0m][0m [36marticle_count[0m=[35m23[0m [36mmodule[0m=[35mscrape_finance_news[0m
[[32m[1minfo     [0m] [1mNAS is mounted, using NAS output[0m [[0m[1m[34m__main__[0m][0m [36mmodule[0m=[35mscrape_finance_news[0m [36mpath[0m=[35m/Volumes/personal_folder/scraped/reuters_jp[0m [36msource[0m=[35mreuters_jp[0m
[[32m[1minfo     [0m] [1mOutput directory ready        [0m [[0m[1m[34m__main__[0m][0m [36mmodule[0m=[35mscrape_finance_news[0m [36mpath[0m=[35m/Volumes/personal_folder/scraped/reuters_jp/2026-04-13[0m
[[32m[1minfo     [0m] [1mArticles saved to JSON        [0m [[0m[1m[34m__main__[0m][0m [36mmodule[0m=[35mscrape_finance_news[0m [36mpath[0m=[35m/Volumes/personal_folder/scraped/reuters_jp/2026-04-13/news_090005.json[0m [36mtotal_count[0m=[35m23[0m
[[32m[1minfo     [0m] [1mSave complete                 [0m [[0m[1m[34m__main__[0m][0m [36mcount[0m=[35m23[0m [36mmodule[0m=[35mscrape_finance_news[0m [36moutput_file[0m=[35m/Volumes/personal_folder/scraped/reuters_jp/2026-04-13/news_090005.json[0m [36msource[0m=[35mreuters_jp[0m
[[32m[1minfo     [0m] [1mScraper finished successfully [0m [[0m[1m[34m__main__[0m][0m [36mmodule[0m=[35mscrape_finance_news[0m [36msaved_files[0m=[35m['/Volumes/personal_folder/scraped/reuters_jp/2026-04-13/news_090005.json'][0m [36mtotal_articles[0m=[35m23[0m
[[32m[1minfo     [0m] [1mFinance news scraper starting [0m [[0m[1m[34m__main__[0m][0m [36minclude_content[0m=[35mTrue[0m [36mmax_articles[0m=[35m50[0m [36mmodule[0m=[35mscrape_finance_news[0m [36msources[0m=[35m['reuters_jp'][0m
[[32m[1minfo     [0m] [1mStarting news collection      [0m [[0m[1m[34m__main__[0m][0m [36mmodule[0m=[35mscrape_finance_news[0m [36msources[0m=[35m['reuters_jp'][0m
[[32m[1minfo     [0m] [1mStarting financial news collection (async)[0m [[0m[1m[34mnews_scraper.unified[0m][0m [36minclude_content[0m=[35mTrue[0m [36mmax_articles_per_source[0m=[35m50[0m [36mmodule[0m=[35munified[0m [36msources[0m=[35m['reuters_jp'][0m
[[32m[1minfo     [0m] [1mStarting Reuters JP news collection[0m [[0m[1m[34mnews_scraper.reuters_jp[0m][0m [36mmax_articles_per_source[0m=[35m50[0m [36mmodule[0m=[35mreuters_jp[0m [36msections[0m=[35m['markets', 'business'][0m
[[32m[1minfo     [0m] [1mFetching Reuters JP section   [0m [[0m[1m[34mnews_scraper.reuters_jp[0m][0m [36mmodule[0m=[35mreuters_jp[0m [36msection[0m=[35mmarkets[0m [36murl[0m=[35mhttps://jp.reuters.com/markets/[0m
[[32m[1minfo     [0m] [1mFetching Reuters JP section   [0m [[0m[1m[34mnews_scraper.reuters_jp[0m][0m [36mmodule[0m=[35mreuters_jp[0m [36msection[0m=[35mbusiness[0m [36murl[0m=[35mhttps://jp.reuters.com/business/[0m
[[32m[1minfo     [0m] [1mHTTP Request: GET https://jp.reuters.com/business/ "HTTP/1.1 200 OK"[0m [[0m[1m[34mhttpx[0m][0m
[[32m[1minfo     [0m] [1mHTML fetched (async)          [0m [[0m[1m[34mnews_scraper._html_utils[0m][0m [36mmodule[0m=[35mhtml_utils[0m [36mstatus_code[0m=[35m200[0m [36murl[0m=[35mhttps://jp.reuters.com/business/[0m
[[32m[1minfo     [0m] [1mBusiness page parsed          [0m [[0m[1m[34mnews_scraper.reuters_jp[0m][0m [36marticle_count[0m=[35m20[0m [36mmodule[0m=[35mreuters_jp[0m
[[32m[1minfo     [0m] [1mReuters JP section complete   [0m [[0m[1m[34mnews_scraper.reuters_jp[0m][0m [36mcount[0m=[35m20[0m [36mmodule[0m=[35mreuters_jp[0m [36msection[0m=[35mbusiness[0m
[[32m[1minfo     [0m] [1mHTTP Request: GET https://jp.reuters.com/markets/ "HTTP/1.1 200 OK"[0m [[0m[1m[34mhttpx[0m][0m
[[32m[1minfo     [0m] [1mHTML fetched (async)          [0m [[0m[1m[34mnews_scraper._html_utils[0m][0m [36mmodule[0m=[35mhtml_utils[0m [36mstatus_code[0m=[35m200[0m [36murl[0m=[35mhttps://jp.reuters.com/markets/[0m
[[32m[1minfo     [0m] [1mMarkets page parsed           [0m [[0m[1m[34mnews_scraper.reuters_jp[0m][0m [36marticle_count[0m=[35m6[0m [36mmodule[0m=[35mreuters_jp[0m
[[32m[1minfo     [0m] [1mReuters JP section complete   [0m [[0m[1m[34mnews_scraper.reuters_jp[0m][0m [36mcount[0m=[35m6[0m [36mmodule[0m=[35mreuters_jp[0m [36msection[0m=[35mmarkets[0m
[[32m[1minfo     [0m] [1mReuters JP news collection complete[0m [[0m[1m[34mnews_scraper.reuters_jp[0m][0m [36mmodule[0m=[35mreuters_jp[0m [36mtotal_articles[0m=[35m24[0m
[[32m[1minfo     [0m] [1mSource collection complete    [0m [[0m[1m[34mnews_scraper.unified[0m][0m [36mmodule[0m=[35munified[0m [36msource[0m=[35mreuters_jp[0m [36msource_articles[0m=[35m24[0m
[[32m[1minfo     [0m] [1mFetching content for articles missing it[0m [[0m[1m[34mnews_scraper.unified[0m][0m [36mcount[0m=[35m24[0m [36mmodule[0m=[35munified[0m
[[32m[1minfo     [0m] [1mStarting batch extraction     [0m [[0m[1m[34mrss.services.article_extractor[0m][0m [36mmodule[0m=[35marticle_extractor[0m [36mrate_limit[0m=[35m1.0[0m [36murl_count[0m=[35m24[0m
[[32m[1minfo     [0m] [1mStarting article extraction   [0m [[0m[1m[34mrss.services.article_extractor[0m][0m [36mmodule[0m=[35marticle_extractor[0m [36murl[0m=[35mhttps://jp.reuters.com/markets/japan/CPNGYATUN5KPTDF7GSVDVN7E2E-2026-04-13/[0m [36muser_agent[0m=[35m'Mozilla/5.0 (Macintosh; Intel Mac OS X 10_15_7) Ap...'[0m
[[32m[1minfo     [0m] [1mTrafilatura extraction successful[0m [[0m[1m[34mrss.services.article_extractor[0m][0m [36mmodule[0m=[35marticle_extractor[0m [36mtext_length[0m=[35m1244[0m [36mtitle[0m=[35mNone[0m [36murl[0m=[35mhttps://jp.reuters.com/markets/japan/CPNGYATUN5KPTDF7GSVDVN7E2E-2026-04-13/[0m
[[32m[1minfo     [0m] [1mStarting article extraction   [0m [[0m[1m[34mrss.services.article_extractor[0m][0m [36mmodule[0m=[35marticle_extractor[0m [36murl[0m=[35mhttps://jp.reuters.com/markets/world-indices/IHYL4MLKGZNNLMA2KSGZK3V7IY-2026-04-13/[0m [36muser_agent[0m=[35m'Mozilla/5.0 (Macintosh; Intel Mac OS X 10_15_7) Ap...'[0m
[[32m[1minfo     [0m] [1mTrafilatura extraction successful[0m [[0m[1m[34mrss.services.article_extractor[0m][0m [36mmodule[0m=[35marticle_extractor[0m [36mtext_length[0m=[35m336[0m [36mtitle[0m=[35mNone[0m [36murl[0m=[35mhttps://jp.reuters.com/markets/world-indices/IHYL4MLKGZNNLMA2KSGZK3V7IY-2026-04-13/[0m
[[32m[1minfo     [0m] [1mStarting article extraction   [0m [[0m[1m[34mrss.services.article_extractor[0m][0m [36mmodule[0m=[35marticle_extractor[0m [36murl[0m=[35mhttps://jp.reuters.com/markets/world-indices/PJUP4BHDGZLUHPYPGYQP6RQ6QI-2026-04-13/[0m [36muser_agent[0m=[35m'Mozilla/5.0 (Macintosh; Intel Mac OS X 10_15_7) Ap...'[0m
[[32m[1minfo     [0m] [1mTrafilatura extraction successful[0m [[0m[1m[34mrss.services.article_extractor[0m][0m [36mmodule[0m=[35marticle_extractor[0m [36mtext_length[0m=[35m351[0m [36mtitle[0m=[35mNone[0m [36murl[0m=[35mhttps://jp.reuters.com/markets/world-indices/PJUP4BHDGZLUHPYPGYQP6RQ6QI-2026-04-13/[0m
[[32m[1minfo     [0m] [1mStarting article extraction   [0m [[0m[1m[34mrss.services.article_extractor[0m][0m [36mmodule[0m=[35marticle_extractor[0m [36murl[0m=[35mhttps://jp.reuters.com/world/security/CJMY2LHWBFMQVG2KWJNXB3PTSE-2026-04-13/[0m [36muser_agent[0m=[35m'Mozilla/5.0 (Macintosh; Intel Mac OS X 10_15_7) Ap...'[0m
[[32m[1minfo     [0m] [1mTrafilatura extraction successful[0m [[0m[1m[34mrss.services.article_extractor[0m][0m [36mmodule[0m=[35marticle_extractor[0m [36mtext_length[0m=[35m761[0m [36mtitle[0m=[35mNone[0m [36murl[0m=[35mhttps://jp.reuters.com/world/security/CJMY2LHWBFMQVG2KWJNXB3PTSE-2026-04-13/[0m
[[32m[1minfo     [0m] [1mStarting article extraction   [0m [[0m[1m[34mrss.services.article_extractor[0m][0m [36mmodule[0m=[35marticle_extractor[0m [36murl[0m=[35mhttps://jp.reuters.com/markets/world-indices/5X5SEMIGHZKNLLZBBXFGN4O6T4-2026-04-13/[0m [36muser_agent[0m=[35m'Mozilla/5.0 (Macintosh; Intel Mac OS X 10_15_7) Ap...'[0m
[[32m[1minfo     [0m] [1mTrafilatura extraction successful[0m [[0m[1m[34mrss.services.article_extractor[0m][0m [36mmodule[0m=[35marticle_extractor[0m [36mtext_length[0m=[35m292[0m [36mtitle[0m=[35mNone[0m [36murl[0m=[35mhttps://jp.reuters.com/markets/world-indices/5X5SEMIGHZKNLLZBBXFGN4O6T4-2026-04-13/[0m
[[32m[1minfo     [0m] [1mStarting article extraction   [0m [[0m[1m[34mrss.services.article_extractor[0m][0m [36mmodule[0m=[35marticle_extractor[0m [36murl[0m=[35mhttps://jp.reuters.com/markets/commodities/BOAHI4OHXFISZNNHSYLFFYXBQ4-2026-04-13/[0m [36muser_agent[0m=[35m'Mozilla/5.0 (Macintosh; Intel Mac OS X 10_15_7) Ap...'[0m
[[32m[1minfo     [0m] [1mTrafilatura extraction successful[0m [[0m[1m[34mrss.services.article_extractor[0m][0m [36mmodule[0m=[35marticle_extractor[0m [36mtext_length[0m=[35m281[0m [36mtitle[0m=[35mNone[0m [36murl[0m=[35mhttps://jp.reuters.com/markets/commodities/BOAHI4OHXFISZNNHSYLFFYXBQ4-2026-04-13/[0m
[[32m[1minfo     [0m] [1mStarting article extraction   [0m [[0m[1m[34mrss.services.article_extractor[0m][0m [36mmodule[0m=[35marticle_extractor[0m [36murl[0m=[35mhttps://jp.reuters.com/business/VMUB4O27LRJMROIE544QEIPGVI-2026-04-13/[0m [36muser_agent[0m=[35m'Mozilla/5.0 (Macintosh; Intel Mac OS X 10_15_7) Ap...'[0m
[[32m[1minfo     [0m] [1mTrafilatura extraction successful[0m [[0m[1m[34mrss.services.article_extractor[0m][0m [36mmodule[0m=[35marticle_extractor[0m [36mtext_length[0m=[35m523[0m [36mtitle[0m=[35mNone[0m [36murl[0m=[35mhttps://jp.reuters.com/business/VMUB4O27LRJMROIE544QEIPGVI-2026-04-13/[0m
[[32m[1minfo     [0m] [1mStarting article extraction   [0m [[0m[1m[34mrss.services.article_extractor[0m][0m [36mmodule[0m=[35marticle_extractor[0m [36murl[0m=[35mhttps://jp.reuters.com/markets/japan/BSNMXZ52WFN4VO4BIKUCSJDPTE-2026-04-13/[0m [36muser_agent[0m=[35m'Mozilla/5.0 (Macintosh; Intel Mac OS X 10_15_7) Ap...'[0m
[[32m[1minfo     [0m] [1mTrafilatura extraction successful[0m [[0m[1m[34mrss.services.article_extractor[0m][0m [36mmodule[0m=[35marticle_extractor[0m [36mtext_length[0m=[35m928[0m [36mtitle[0m=[35mNone[0m [36murl[0m=[35mhttps://jp.reuters.com/markets/japan/BSNMXZ52WFN4VO4BIKUCSJDPTE-2026-04-13/[0m
[[32m[1minfo     [0m] [1mStarting article extraction   [0m [[0m[1m[34mrss.services.article_extractor[0m][0m [36mmodule[0m=[35marticle_extractor[0m [36murl[0m=[35mhttps://jp.reuters.com/markets/global-markets/MJ3JFRVGQNPIVI4TLE6Q7B5WFU-2026-04-13/[0m [36muser_agent[0m=[35m'Mozilla/5.0 (Macintosh; Intel Mac OS X 10_15_7) Ap...'[0m
[[32m[1minfo     [0m] [1mTrafilatura extraction successful[0m [[0m[1m[34mrss.services.article_extractor[0m][0m [36mmodule[0m=[35marticle_extractor[0m [36mtext_length[0m=[35m293[0m [36mtitle[0m=[35mNone[0m [36murl[0m=[35mhttps://jp.reuters.com/markets/global-markets/MJ3JFRVGQNPIVI4TLE6Q7B5WFU-2026-04-13/[0m
[[32m[1minfo     [0m] [1mStarting article extraction   [0m [[0m[1m[34mrss.services.article_extractor[0m][0m [36mmodule[0m=[35marticle_extractor[0m [36murl[0m=[35mhttps://jp.reuters.com/economy/bank-of-japan/KS2VJW4I4BOFLEANB6CKYZQARQ-2026-04-13/[0m [36muser_agent[0m=[35m'Mozilla/5.0 (Macintosh; Intel Mac OS X 10_15_7) Ap...'[0m
[[32m[1minfo     [0m] [1mTrafilatura extraction successful[0m [[0m[1m[34mrss.services.article_extractor[0m][0m [36mmodule[0m=[35marticle_extractor[0m [36mtext_length[0m=[35m171[0m [36mtitle[0m=[35mNone[0m [36murl[0m=[35mhttps://jp.reuters.com/economy/bank-of-japan/KS2VJW4I4BOFLEANB6CKYZQARQ-2026-04-13/[0m
[[32m[1minfo     [0m] [1mStarting article extraction   [0m [[0m[1m[34mrss.services.article_extractor[0m][0m [36mmodule[0m=[35marticle_extractor[0m [36murl[0m=[35mhttps://jp.reuters.com/markets/bonds/FPYWMEYM6JKYRCYU2AZ5MHK4LQ-2026-04-13/[0m [36muser_agent[0m=[35m'Mozilla/5.0 (Macintosh; Intel Mac OS X 10_15_7) Ap...'[0m
[[32m[1minfo     [0m] [1mTrafilatura extraction successful[0m [[0m[1m[34mrss.services.article_extractor[0m][0m [36mmodule[0m=[35marticle_extractor[0m [36mtext_length[0m=[35m637[0m [36mtitle[0m=[35mNone[0m [36murl[0m=[35mhttps://jp.reuters.com/markets/bonds/FPYWMEYM6JKYRCYU2AZ5MHK4LQ-2026-04-13/[0m
[[32m[1minfo     [0m] [1mStarting article extraction   [0m [[0m[1m[34mrss.services.article_extractor[0m][0m [36mmodule[0m=[35marticle_extractor[0m [36murl[0m=[35mhttps://jp.reuters.com/markets/global-markets/KGC2BAAM7BLZ3A72WYGZIRTPCQ-2026-04-13/[0m [36muser_agent[0m=[35m'Mozilla/5.0 (Macintosh; Intel Mac OS X 10_15_7) Ap...'[0m
[[32m[1minfo     [0m] [1mTrafilatura extraction successful[0m [[0m[1m[34mrss.services.article_extractor[0m][0m [36mmodule[0m=[35marticle_extractor[0m [36mtext_length[0m=[35m563[0m [36mtitle[0m=[35mNone[0m [36murl[0m=[35mhttps://jp.reuters.com/markets/global-markets/KGC2BAAM7BLZ3A72WYGZIRTPCQ-2026-04-13/[0m
[[32m[1minfo     [0m] [1mStarting article extraction   [0m [[0m[1m[34mrss.services.article_extractor[0m][0m [36mmodule[0m=[35marticle_extractor[0m [36murl[0m=[35mhttps://jp.reuters.com/markets/global-markets/RN7GK3MKLZOYZMBNEMSY4JWVE4-2026-04-13/[0m [36muser_agent[0m=[35m'Mozilla/5.0 (Macintosh; Intel Mac OS X 10_15_7) Ap...'[0m
[[32m[1minfo     [0m] [1mTrafilatura extraction successful[0m [[0m[1m[34mrss.services.article_extractor[0m][0m [36mmodule[0m=[35marticle_extractor[0m [36mtext_length[0m=[35m515[0m [36mtitle[0m=[35mNone[0m [36murl[0m=[35mhttps://jp.reuters.com/markets/global-markets/RN7GK3MKLZOYZMBNEMSY4JWVE4-2026-04-13/[0m
[[32m[1minfo     [0m] [1mStarting article extraction   [0m [[0m[1m[34mrss.services.article_extractor[0m][0m [36mmodule[0m=[35marticle_extractor[0m [36murl[0m=[35mhttps://jp.reuters.com/markets/world-indices/WLAZZJTWWVN5FDDESAGWAZRXUQ-2026-04-13/[0m [36muser_agent[0m=[35m'Mozilla/5.0 (Macintosh; Intel Mac OS X 10_15_7) Ap...'[0m
[[32m[1minfo     [0m] [1mTrafilatura extraction successful[0m [[0m[1m[34mrss.services.article_extractor[0m][0m [36mmodule[0m=[35marticle_extractor[0m [36mtext_length[0m=[35m682[0m [36mtitle[0m=[35mNone[0m [36murl[0m=[35mhttps://jp.reuters.com/markets/world-indices/WLAZZJTWWVN5FDDESAGWAZRXUQ-2026-04-13/[0m
[[32m[1minfo     [0m] [1mStarting article extraction   [0m [[0m[1m[34mrss.services.article_extractor[0m][0m [36mmodule[0m=[35marticle_extractor[0m [36murl[0m=[35mhttps://jp.reuters.com/markets/commodities/FF2JZF5YXZKPHBZWZABPIIMENM-2026-04-13/[0m [36muser_agent[0m=[35m'Mozilla/5.0 (Macintosh; Intel Mac OS X 10_15_7) Ap...'[0m
[[32m[1minfo     [0m] [1mTrafilatura extraction successful[0m [[0m[1m[34mrss.services.article_extractor[0m][0m [36mmodule[0m=[35marticle_extractor[0m [36mtext_length[0m=[35m566[0m [36mtitle[0m=[35mNone[0m [36murl[0m=[35mhttps://jp.reuters.com/markets/commodities/FF2JZF5YXZKPHBZWZABPIIMENM-2026-04-13/[0m
[[32m[1minfo     [0m] [1mStarting article extraction   [0m [[0m[1m[34mrss.services.article_extractor[0m][0m [36mmodule[0m=[35marticle_extractor[0m [36murl[0m=[35mhttps://jp.reuters.com/markets/japan/U6L47ZYTNBPYNPN7B3KWSNCZQM-2026-04-13/[0m [36muser_agent[0m=[35m'Mozilla/5.0 (Macintosh; Intel Mac OS X 10_15_7) Ap...'[0m
[[32m[1minfo     [0m] [1mTrafilatura extraction successful[0m [[0m[1m[34mrss.services.article_extractor[0m][0m [36mmodule[0m=[35marticle_extractor[0m [36mtext_length[0m=[35m729[0m [36mtitle[0m=[35mNone[0m [36murl[0m=[35mhttps://jp.reuters.com/markets/japan/U6L47ZYTNBPYNPN7B3KWSNCZQM-2026-04-13/[0m
[[32m[1minfo     [0m] [1mStarting article extraction   [0m [[0m[1m[34mrss.services.article_extractor[0m][0m [36mmodule[0m=[35marticle_extractor[0m [36murl[0m=[35mhttps://jp.reuters.com/markets/commodities/6M7MQJ53FVNAZK7SHOVOSGIWSU-2026-04-13/[0m [36muser_agent[0m=[35m'Mozilla/5.0 (Macintosh; Intel Mac OS X 10_15_7) Ap...'[0m
[[32m[1minfo     [0m] [1mTrafilatura extraction successful[0m [[0m[1m[34mrss.services.article_extractor[0m][0m [36mmodule[0m=[35marticle_extractor[0m [36mtext_length[0m=[35m360[0m [36mtitle[0m=[35mNone[0m [36murl[0m=[35mhttps://jp.reuters.com/markets/commodities/6M7MQJ53FVNAZK7SHOVOSGIWSU-2026-04-13/[0m
[[32m[1minfo     [0m] [1mStarting article extraction   [0m [[0m[1m[34mrss.services.article_extractor[0m][0m [36mmodule[0m=[35marticle_extractor[0m [36murl[0m=[35mhttps://jp.reuters.com/markets/world-indices/V3XTCZ4EI5I4DLRQ4K5IFTPEOM-2026-04-13/[0m [36muser_agent[0m=[35m'Mozilla/5.0 (Macintosh; Intel Mac OS X 10_15_7) Ap...'[0m
[[32m[1minfo     [0m] [1mTrafilatura extraction successful[0m [[0m[1m[34mrss.services.article_extractor[0m][0m [36mmodule[0m=[35marticle_extractor[0m [36mtext_length[0m=[35m433[0m [36mtitle[0m=[35mNone[0m [36murl[0m=[35mhttps://jp.reuters.com/markets/world-indices/V3XTCZ4EI5I4DLRQ4K5IFTPEOM-2026-04-13/[0m
[[32m[1minfo     [0m] [1mStarting article extraction   [0m [[0m[1m[34mrss.services.article_extractor[0m][0m [36mmodule[0m=[35marticle_extractor[0m [36murl[0m=[35mhttps://jp.reuters.com/economy/federal-reserve-board/AM4WL3DB5NOVPIZ5B7WIQPXAHY-2026-04-13/[0m [36muser_agent[0m=[35m'Mozilla/5.0 (Macintosh; Intel Mac OS X 10_15_7) Ap...'[0m
[[32m[1minfo     [0m] [1mTrafilatura extraction successful[0m [[0m[1m[34mrss.services.article_extractor[0m][0m [36mmodule[0m=[35marticle_extractor[0m [36mtext_length[0m=[35m2177[0m [36mtitle[0m=[35mNone[0m [36murl[0m=[35mhttps://jp.reuters.com/economy/federal-reserve-board/AM4WL3DB5NOVPIZ5B7WIQPXAHY-2026-04-13/[0m
[[32m[1minfo     [0m] [1mStarting article extraction   [0m [[0m[1m[34mrss.services.article_extractor[0m][0m [36mmodule[0m=[35marticle_extractor[0m [36murl[0m=[35mhttps://jp.reuters.com/markets/japan/3RKX6JX4JNPL7G464OOZXATXXU-2026-04-13/[0m [36muser_agent[0m=[35m'Mozilla/5.0 (Macintosh; Intel Mac OS X 10_15_7) Ap...'[0m
[[32m[1minfo     [0m] [1mTrafilatura extraction successful[0m [[0m[1m[34mrss.services.article_extractor[0m][0m [36mmodule[0m=[35marticle_extractor[0m [36mtext_length[0m=[35m858[0m [36mtitle[0m=[35mNone[0m [36murl[0m=[35mhttps://jp.reuters.com/markets/japan/3RKX6JX4JNPL7G464OOZXATXXU-2026-04-13/[0m
[[32m[1minfo     [0m] [1mStarting article extraction   [0m [[0m[1m[34mrss.services.article_extractor[0m][0m [36mmodule[0m=[35marticle_extractor[0m [36murl[0m=[35mhttps://jp.reuters.com/markets/japan/45I5QRPSPRNMNPFM6HCR4UC5XM-2026-04-13/[0m [36muser_agent[0m=[35m'Mozilla/5.0 (Macintosh; Intel Mac OS X 10_15_7) Ap...'[0m
[[32m[1minfo     [0m] [1mTrafilatura extraction successful[0m [[0m[1m[34mrss.services.article_extractor[0m][0m [36mmodule[0m=[35marticle_extractor[0m [36mtext_length[0m=[35m929[0m [36mtitle[0m=[35mNone[0m [36murl[0m=[35mhttps://jp.reuters.com/markets/japan/45I5QRPSPRNMNPFM6HCR4UC5XM-2026-04-13/[0m
[[32m[1minfo     [0m] [1mStarting article extraction   [0m [[0m[1m[34mrss.services.article_extractor[0m][0m [36mmodule[0m=[35marticle_extractor[0m [36murl[0m=[35mhttps://jp.reuters.com/markets/japan/BDUBUBCB6ZMZXC7RQTSA5LCFBU-2026-04-13/[0m [36muser_agent[0m=[35m'Mozilla/5.0 (Macintosh; Intel Mac OS X 10_15_7) Ap...'[0m
[[32m[1minfo     [0m] [1mTrafilatura extraction successful[0m [[0m[1m[34mrss.services.article_extractor[0m][0m [36mmodule[0m=[35marticle_extractor[0m [36mtext_length[0m=[35m288[0m [36mtitle[0m=[35mNone[0m [36murl[0m=[35mhttps://jp.reuters.com/markets/japan/BDUBUBCB6ZMZXC7RQTSA5LCFBU-2026-04-13/[0m
[[32m[1minfo     [0m] [1mStarting article extraction   [0m [[0m[1m[34mrss.services.article_extractor[0m][0m [36mmodule[0m=[35marticle_extractor[0m [36murl[0m=[35mhttps://jp.reuters.com/markets/japan/NWQ7VJL7NJI6PGDC6JAXQNN3NM-2026-04-13/[0m [36muser_agent[0m=[35m'Mozilla/5.0 (Macintosh; Intel Mac OS X 10_15_7) Ap...'[0m
[[32m[1minfo     [0m] [1mTrafilatura extraction successful[0m [[0m[1m[34mrss.services.article_extractor[0m][0m [36mmodule[0m=[35marticle_extractor[0m [36mtext_length[0m=[35m476[0m [36mtitle[0m=[35mNone[0m [36murl[0m=[35mhttps://jp.reuters.com/markets/japan/NWQ7VJL7NJI6PGDC6JAXQNN3NM-2026-04-13/[0m
[[32m[1minfo     [0m] [1mStarting article extraction   [0m [[0m[1m[34mrss.services.article_extractor[0m][0m [36mmodule[0m=[35marticle_extractor[0m [36murl[0m=[35mhttps://jp.reuters.com/markets/japan/ULSF7TY74ZNP7IQNXPDM3NKCX4-2026-04-13/[0m [36muser_agent[0m=[35m'Mozilla/5.0 (Macintosh; Intel Mac OS X 10_15_7) Ap...'[0m
[[32m[1minfo     [0m] [1mTrafilatura extraction successful[0m [[0m[1m[34mrss.services.article_extractor[0m][0m [36mmodule[0m=[35marticle_extractor[0m [36mtext_length[0m=[35m646[0m [36mtitle[0m=[35mNone[0m [36murl[0m=[35mhttps://jp.reuters.com/markets/japan/ULSF7TY74ZNP7IQNXPDM3NKCX4-2026-04-13/[0m
[[32m[1minfo     [0m] [1mBatch extraction completed    [0m [[0m[1m[34mrss.services.article_extractor[0m][0m [36mfailed[0m=[35m0[0m [36mmodule[0m=[35marticle_extractor[0m [36msuccess[0m=[35m24[0m [36mtotal[0m=[35m24[0m
[[32m[1minfo     [0m] [1mContent post-fetch complete   [0m [[0m[1m[34mnews_scraper.unified[0m][0m [36mfetched[0m=[35m24[0m [36mmodule[0m=[35munified[0m [36mtotal[0m=[35m24[0m
[[32m[1minfo     [0m] [1mFinancial news collection complete[0m [[0m[1m[34mnews_scraper.unified[0m][0m [36melapsed_seconds[0m=[35m31.68[0m [36mmodule[0m=[35munified[0m [36msources[0m=[35m['reuters_jp'][0m [36mtotal_articles[0m=[35m24[0m
[[32m[1minfo     [0m] [1mRawStore: saved=9, dup=15, empty=0[0m [[0m[1m[34mnews_scraper.unified[0m][0m [36mmodule[0m=[35munified[0m
[[32m[1minfo     [0m] [1mCollection complete           [0m [[0m[1m[34m__main__[0m][0m [36marticle_count[0m=[35m24[0m [36mmodule[0m=[35mscrape_finance_news[0m
[[32m[1minfo     [0m] [1mNAS is mounted, using NAS output[0m [[0m[1m[34m__main__[0m][0m [36mmodule[0m=[35mscrape_finance_news[0m [36mpath[0m=[35m/Volumes/personal_folder/scraped/reuters_jp[0m [36msource[0m=[35mreuters_jp[0m
[[32m[1minfo     [0m] [1mOutput directory ready        [0m [[0m[1m[34m__main__[0m][0m [36mmodule[0m=[35mscrape_finance_news[0m [36mpath[0m=[35m/Volumes/personal_folder/scraped/reuters_jp/2026-04-13[0m
[[32m[1minfo     [0m] [1mArticles saved to JSON        [0m [[0m[1m[34m__main__[0m][0m [36mmodule[0m=[35mscrape_finance_news[0m [36mpath[0m=[35m/Volumes/personal_folder/scraped/reuters_jp/2026-04-13/news_150005.json[0m [36mtotal_count[0m=[35m24[0m
[[32m[1minfo     [0m] [1mSave complete                 [0m [[0m[1m[34m__main__[0m][0m [36mcount[0m=[35m24[0m [36mmodule[0m=[35mscrape_finance_news[0m [36moutput_file[0m=[35m/Volumes/personal_folder/scraped/reuters_jp/2026-04-13/news_150005.json[0m [36msource[0m=[35mreuters_jp[0m
[[32m[1minfo     [0m] [1mScraper finished successfully [0m [[0m[1m[34m__main__[0m][0m [36mmodule[0m=[35mscrape_finance_news[0m [36msaved_files[0m=[35m['/Volumes/personal_folder/scraped/reuters_jp/2026-04-13/news_150005.json'][0m [36mtotal_articles[0m=[35m24[0m
[[32m[1minfo     [0m] [1mFinance news scraper starting [0m [[0m[1m[34m__main__[0m][0m [36minclude_content[0m=[35mTrue[0m [36mmax_articles[0m=[35m50[0m [36mmodule[0m=[35mscrape_finance_news[0m [36msources[0m=[35m['reuters_jp'][0m
[[32m[1minfo     [0m] [1mStarting news collection      [0m [[0m[1m[34m__main__[0m][0m [36mmodule[0m=[35mscrape_finance_news[0m [36msources[0m=[35m['reuters_jp'][0m
[[32m[1minfo     [0m] [1mStarting financial news collection (async)[0m [[0m[1m[34mnews_scraper.unified[0m][0m [36minclude_content[0m=[35mTrue[0m [36mmax_articles_per_source[0m=[35m50[0m [36mmodule[0m=[35munified[0m [36msources[0m=[35m['reuters_jp'][0m
[[32m[1minfo     [0m] [1mStarting Reuters JP news collection[0m [[0m[1m[34mnews_scraper.reuters_jp[0m][0m [36mmax_articles_per_source[0m=[35m50[0m [36mmodule[0m=[35mreuters_jp[0m [36msections[0m=[35m['markets', 'business'][0m
[[32m[1minfo     [0m] [1mFetching Reuters JP section   [0m [[0m[1m[34mnews_scraper.reuters_jp[0m][0m [36mmodule[0m=[35mreuters_jp[0m [36msection[0m=[35mmarkets[0m [36murl[0m=[35mhttps://jp.reuters.com/markets/[0m
[[32m[1minfo     [0m] [1mFetching Reuters JP section   [0m [[0m[1m[34mnews_scraper.reuters_jp[0m][0m [36mmodule[0m=[35mreuters_jp[0m [36msection[0m=[35mbusiness[0m [36murl[0m=[35mhttps://jp.reuters.com/business/[0m
[[32m[1minfo     [0m] [1mHTTP Request: GET https://jp.reuters.com/markets/ "HTTP/1.1 200 OK"[0m [[0m[1m[34mhttpx[0m][0m
[[32m[1minfo     [0m] [1mHTTP Request: GET https://jp.reuters.com/business/ "HTTP/1.1 200 OK"[0m [[0m[1m[34mhttpx[0m][0m
[[32m[1minfo     [0m] [1mHTML fetched (async)          [0m [[0m[1m[34mnews_scraper._html_utils[0m][0m [36mmodule[0m=[35mhtml_utils[0m [36mstatus_code[0m=[35m200[0m [36murl[0m=[35mhttps://jp.reuters.com/business/[0m
[[32m[1minfo     [0m] [1mBusiness page parsed          [0m [[0m[1m[34mnews_scraper.reuters_jp[0m][0m [36marticle_count[0m=[35m20[0m [36mmodule[0m=[35mreuters_jp[0m
[[32m[1minfo     [0m] [1mReuters JP section complete   [0m [[0m[1m[34mnews_scraper.reuters_jp[0m][0m [36mcount[0m=[35m20[0m [36mmodule[0m=[35mreuters_jp[0m [36msection[0m=[35mbusiness[0m
[[32m[1minfo     [0m] [1mHTML fetched (async)          [0m [[0m[1m[34mnews_scraper._html_utils[0m][0m [36mmodule[0m=[35mhtml_utils[0m [36mstatus_code[0m=[35m200[0m [36murl[0m=[35mhttps://jp.reuters.com/markets/[0m
[[32m[1minfo     [0m] [1mMarkets page parsed           [0m [[0m[1m[34mnews_scraper.reuters_jp[0m][0m [36marticle_count[0m=[35m6[0m [36mmodule[0m=[35mreuters_jp[0m
[[32m[1minfo     [0m] [1mReuters JP section complete   [0m [[0m[1m[34mnews_scraper.reuters_jp[0m][0m [36mcount[0m=[35m6[0m [36mmodule[0m=[35mreuters_jp[0m [36msection[0m=[35mmarkets[0m
[[32m[1minfo     [0m] [1mReuters JP news collection complete[0m [[0m[1m[34mnews_scraper.reuters_jp[0m][0m [36mmodule[0m=[35mreuters_jp[0m [36mtotal_articles[0m=[35m23[0m
[[32m[1minfo     [0m] [1mSource collection complete    [0m [[0m[1m[34mnews_scraper.unified[0m][0m [36mmodule[0m=[35munified[0m [36msource[0m=[35mreuters_jp[0m [36msource_articles[0m=[35m23[0m
[[32m[1minfo     [0m] [1mFetching content for articles missing it[0m [[0m[1m[34mnews_scraper.unified[0m][0m [36mcount[0m=[35m23[0m [36mmodule[0m=[35munified[0m
[[32m[1minfo     [0m] [1mStarting batch extraction     [0m [[0m[1m[34mrss.services.article_extractor[0m][0m [36mmodule[0m=[35marticle_extractor[0m [36mrate_limit[0m=[35m1.0[0m [36murl_count[0m=[35m23[0m
[[32m[1minfo     [0m] [1mStarting article extraction   [0m [[0m[1m[34mrss.services.article_extractor[0m][0m [36mmodule[0m=[35marticle_extractor[0m [36murl[0m=[35mhttps://jp.reuters.com/markets/world-indices/5X5SEMIGHZKNLLZBBXFGN4O6T4-2026-04-13/[0m [36muser_agent[0m=[35m'Mozilla/5.0 (Macintosh; Intel Mac OS X 10_15_7) Ap...'[0m
[[32m[1minfo     [0m] [1mTrafilatura extraction successful[0m [[0m[1m[34mrss.services.article_extractor[0m][0m [36mmodule[0m=[35marticle_extractor[0m [36mtext_length[0m=[35m292[0m [36mtitle[0m=[35mNone[0m [36murl[0m=[35mhttps://jp.reuters.com/markets/world-indices/5X5SEMIGHZKNLLZBBXFGN4O6T4-2026-04-13/[0m
[[32m[1minfo     [0m] [1mStarting article extraction   [0m [[0m[1m[34mrss.services.article_extractor[0m][0m [36mmodule[0m=[35marticle_extractor[0m [36murl[0m=[35mhttps://jp.reuters.com/markets/commodities/BOAHI4OHXFISZNNHSYLFFYXBQ4-2026-04-13/[0m [36muser_agent[0m=[35m'Mozilla/5.0 (Macintosh; Intel Mac OS X 10_15_7) Ap...'[0m
[[32m[1minfo     [0m] [1mTrafilatura extraction successful[0m [[0m[1m[34mrss.services.article_extractor[0m][0m [36mmodule[0m=[35marticle_extractor[0m [36mtext_length[0m=[35m281[0m [36mtitle[0m=[35mNone[0m [36murl[0m=[35mhttps://jp.reuters.com/markets/commodities/BOAHI4OHXFISZNNHSYLFFYXBQ4-2026-04-13/[0m
[[32m[1minfo     [0m] [1mStarting article extraction   [0m [[0m[1m[34mrss.services.article_extractor[0m][0m [36mmodule[0m=[35marticle_extractor[0m [36murl[0m=[35mhttps://jp.reuters.com/markets/japan/ULSF7TY74ZNP7IQNXPDM3NKCX4-2026-04-13/[0m [36muser_agent[0m=[35m'Mozilla/5.0 (Macintosh; Intel Mac OS X 10_15_7) Ap...'[0m
[[32m[1minfo     [0m] [1mTrafilatura extraction successful[0m [[0m[1m[34mrss.services.article_extractor[0m][0m [36mmodule[0m=[35marticle_extractor[0m [36mtext_length[0m=[35m873[0m [36mtitle[0m=[35mNone[0m [36murl[0m=[35mhttps://jp.reuters.com/markets/japan/ULSF7TY74ZNP7IQNXPDM3NKCX4-2026-04-13/[0m
[[32m[1minfo     [0m] [1mStarting article extraction   [0m [[0m[1m[34mrss.services.article_extractor[0m][0m [36mmodule[0m=[35marticle_extractor[0m [36murl[0m=[35mhttps://jp.reuters.com/markets/japan/HNTVWU2CNJPLFGWQHONBGF3JUA-2026-04-13/[0m [36muser_agent[0m=[35m'Mozilla/5.0 (Macintosh; Intel Mac OS X 10_15_7) Ap...'[0m
[[32m[1minfo     [0m] [1mTrafilatura extraction successful[0m [[0m[1m[34mrss.services.article_extractor[0m][0m [36mmodule[0m=[35marticle_extractor[0m [36mtext_length[0m=[35m435[0m [36mtitle[0m=[35mNone[0m [36murl[0m=[35mhttps://jp.reuters.com/markets/japan/HNTVWU2CNJPLFGWQHONBGF3JUA-2026-04-13/[0m
[[32m[1minfo     [0m] [1mStarting article extraction   [0m [[0m[1m[34mrss.services.article_extractor[0m][0m [36mmodule[0m=[35marticle_extractor[0m [36murl[0m=[35mhttps://jp.reuters.com/markets/japan/OMFPBIO6VVMK3P7JGPL7MHZ4YE-2026-04-13/[0m [36muser_agent[0m=[35m'Mozilla/5.0 (Macintosh; Intel Mac OS X 10_15_7) Ap...'[0m
[[32m[1minfo     [0m] [1mTrafilatura extraction successful[0m [[0m[1m[34mrss.services.article_extractor[0m][0m [36mmodule[0m=[35marticle_extractor[0m [36mtext_length[0m=[35m610[0m [36mtitle[0m=[35mNone[0m [36murl[0m=[35mhttps://jp.reuters.com/markets/japan/OMFPBIO6VVMK3P7JGPL7MHZ4YE-2026-04-13/[0m
[[32m[1minfo     [0m] [1mStarting article extraction   [0m [[0m[1m[34mrss.services.article_extractor[0m][0m [36mmodule[0m=[35marticle_extractor[0m [36murl[0m=[35mhttps://jp.reuters.com/world/security/TIMOW35F6NOYXEB57UPJAFJLCE-2026-04-13/[0m [36muser_agent[0m=[35m'Mozilla/5.0 (Macintosh; Intel Mac OS X 10_15_7) Ap...'[0m
[[32m[1minfo     [0m] [1mTrafilatura extraction successful[0m [[0m[1m[34mrss.services.article_extractor[0m][0m [36mmodule[0m=[35marticle_extractor[0m [36mtext_length[0m=[35m553[0m [36mtitle[0m=[35mNone[0m [36murl[0m=[35mhttps://jp.reuters.com/world/security/TIMOW35F6NOYXEB57UPJAFJLCE-2026-04-13/[0m
[[32m[1minfo     [0m] [1mStarting article extraction   [0m [[0m[1m[34mrss.services.article_extractor[0m][0m [36mmodule[0m=[35marticle_extractor[0m [36murl[0m=[35mhttps://jp.reuters.com/markets/world-indices/WLAZZJTWWVN5FDDESAGWAZRXUQ-2026-04-13/[0m [36muser_agent[0m=[35m'Mozilla/5.0 (Macintosh; Intel Mac OS X 10_15_7) Ap...'[0m
[[32m[1minfo     [0m] [1mTrafilatura extraction successful[0m [[0m[1m[34mrss.services.article_extractor[0m][0m [36mmodule[0m=[35marticle_extractor[0m [36mtext_length[0m=[35m682[0m [36mtitle[0m=[35mNone[0m [36murl[0m=[35mhttps://jp.reuters.com/markets/world-indices/WLAZZJTWWVN5FDDESAGWAZRXUQ-2026-04-13/[0m
[[32m[1minfo     [0m] [1mStarting article extraction   [0m [[0m[1m[34mrss.services.article_extractor[0m][0m [36mmodule[0m=[35marticle_extractor[0m [36murl[0m=[35mhttps://jp.reuters.com/markets/commodities/FF2JZF5YXZKPHBZWZABPIIMENM-2026-04-13/[0m [36muser_agent[0m=[35m'Mozilla/5.0 (Macintosh; Intel Mac OS X 10_15_7) Ap...'[0m
[[32m[1minfo     [0m] [1mTrafilatura extraction successful[0m [[0m[1m[34mrss.services.article_extractor[0m][0m [36mmodule[0m=[35marticle_extractor[0m [36mtext_length[0m=[35m566[0m [36mtitle[0m=[35mNone[0m [36murl[0m=[35mhttps://jp.reuters.com/markets/commodities/FF2JZF5YXZKPHBZWZABPIIMENM-2026-04-13/[0m
[[32m[1minfo     [0m] [1mStarting article extraction   [0m [[0m[1m[34mrss.services.article_extractor[0m][0m [36mmodule[0m=[35marticle_extractor[0m [36murl[0m=[35mhttps://jp.reuters.com/markets/japan/U6L47ZYTNBPYNPN7B3KWSNCZQM-2026-04-13/[0m [36muser_agent[0m=[35m'Mozilla/5.0 (Macintosh; Intel Mac OS X 10_15_7) Ap...'[0m
[[32m[1minfo     [0m] [1mTrafilatura extraction successful[0m [[0m[1m[34mrss.services.article_extractor[0m][0m [36mmodule[0m=[35marticle_extractor[0m [36mtext_length[0m=[35m729[0m [36mtitle[0m=[35mNone[0m [36murl[0m=[35mhttps://jp.reuters.com/markets/japan/U6L47ZYTNBPYNPN7B3KWSNCZQM-2026-04-13/[0m
[[32m[1minfo     [0m] [1mStarting article extraction   [0m [[0m[1m[34mrss.services.article_extractor[0m][0m [36mmodule[0m=[35marticle_extractor[0m [36murl[0m=[35mhttps://jp.reuters.com/markets/commodities/6M7MQJ53FVNAZK7SHOVOSGIWSU-2026-04-13/[0m [36muser_agent[0m=[35m'Mozilla/5.0 (Macintosh; Intel Mac OS X 10_15_7) Ap...'[0m
[[32m[1minfo     [0m] [1mTrafilatura extraction successful[0m [[0m[1m[34mrss.services.article_extractor[0m][0m [36mmodule[0m=[35marticle_extractor[0m [36mtext_length[0m=[35m360[0m [36mtitle[0m=[35mNone[0m [36murl[0m=[35mhttps://jp.reuters.com/markets/commodities/6M7MQJ53FVNAZK7SHOVOSGIWSU-2026-04-13/[0m
[[32m[1minfo     [0m] [1mStarting article extraction   [0m [[0m[1m[34mrss.services.article_extractor[0m][0m [36mmodule[0m=[35marticle_extractor[0m [36murl[0m=[35mhttps://jp.reuters.com/markets/world-indices/V3XTCZ4EI5I4DLRQ4K5IFTPEOM-2026-04-13/[0m [36muser_agent[0m=[35m'Mozilla/5.0 (Macintosh; Intel Mac OS X 10_15_7) Ap...'[0m
[[32m[1minfo     [0m] [1mTrafilatura extraction successful[0m [[0m[1m[34mrss.services.article_extractor[0m][0m [36mmodule[0m=[35marticle_extractor[0m [36mtext_length[0m=[35m433[0m [36mtitle[0m=[35mNone[0m [36murl[0m=[35mhttps://jp.reuters.com/markets/world-indices/V3XTCZ4EI5I4DLRQ4K5IFTPEOM-2026-04-13/[0m
[[32m[1minfo     [0m] [1mStarting article extraction   [0m [[0m[1m[34mrss.services.article_extractor[0m][0m [36mmodule[0m=[35marticle_extractor[0m [36murl[0m=[35mhttps://jp.reuters.com/markets/world-indices/PJUP4BHDGZLUHPYPGYQP6RQ6QI-2026-04-13/[0m [36muser_agent[0m=[35m'Mozilla/5.0 (Macintosh; Intel Mac OS X 10_15_7) Ap...'[0m
[[32m[1minfo     [0m] [1mTrafilatura extraction successful[0m [[0m[1m[34mrss.services.article_extractor[0m][0m [36mmodule[0m=[35marticle_extractor[0m [36mtext_length[0m=[35m351[0m [36mtitle[0m=[35mNone[0m [36murl[0m=[35mhttps://jp.reuters.com/markets/world-indices/PJUP4BHDGZLUHPYPGYQP6RQ6QI-2026-04-13/[0m
[[32m[1minfo     [0m] [1mStarting article extraction   [0m [[0m[1m[34mrss.services.article_extractor[0m][0m [36mmodule[0m=[35marticle_extractor[0m [36murl[0m=[35mhttps://jp.reuters.com/economy/federal-reserve-board/AM4WL3DB5NOVPIZ5B7WIQPXAHY-2026-04-13/[0m [36muser_agent[0m=[35m'Mozilla/5.0 (Macintosh; Intel Mac OS X 10_15_7) Ap...'[0m
[[32m[1minfo     [0m] [1mTrafilatura extraction successful[0m [[0m[1m[34mrss.services.article_extractor[0m][0m [36mmodule[0m=[35marticle_extractor[0m [36mtext_length[0m=[35m2177[0m [36mtitle[0m=[35mNone[0m [36murl[0m=[35mhttps://jp.reuters.com/economy/federal-reserve-board/AM4WL3DB5NOVPIZ5B7WIQPXAHY-2026-04-13/[0m
[[32m[1minfo     [0m] [1mStarting article extraction   [0m [[0m[1m[34mrss.services.article_extractor[0m][0m [36mmodule[0m=[35marticle_extractor[0m [36murl[0m=[35mhttps://jp.reuters.com/markets/japan/3RKX6JX4JNPL7G464OOZXATXXU-2026-04-13/[0m [36muser_agent[0m=[35m'Mozilla/5.0 (Macintosh; Intel Mac OS X 10_15_7) Ap...'[0m
[[32m[1minfo     [0m] [1mTrafilatura extraction successful[0m [[0m[1m[34mrss.services.article_extractor[0m][0m [36mmodule[0m=[35marticle_extractor[0m [36mtext_length[0m=[35m858[0m [36mtitle[0m=[35mNone[0m [36murl[0m=[35mhttps://jp.reuters.com/markets/japan/3RKX6JX4JNPL7G464OOZXATXXU-2026-04-13/[0m
[[32m[1minfo     [0m] [1mStarting article extraction   [0m [[0m[1m[34mrss.services.article_extractor[0m][0m [36mmodule[0m=[35marticle_extractor[0m [36murl[0m=[35mhttps://jp.reuters.com/markets/japan/45I5QRPSPRNMNPFM6HCR4UC5XM-2026-04-13/[0m [36muser_agent[0m=[35m'Mozilla/5.0 (Macintosh; Intel Mac OS X 10_15_7) Ap...'[0m
[[32m[1minfo     [0m] [1mTrafilatura extraction successful[0m [[0m[1m[34mrss.services.article_extractor[0m][0m [36mmodule[0m=[35marticle_extractor[0m [36mtext_length[0m=[35m929[0m [36mtitle[0m=[35mNone[0m [36murl[0m=[35mhttps://jp.reuters.com/markets/japan/45I5QRPSPRNMNPFM6HCR4UC5XM-2026-04-13/[0m
[[32m[1minfo     [0m] [1mStarting article extraction   [0m [[0m[1m[34mrss.services.article_extractor[0m][0m [36mmodule[0m=[35marticle_extractor[0m [36murl[0m=[35mhttps://jp.reuters.com/markets/japan/BDUBUBCB6ZMZXC7RQTSA5LCFBU-2026-04-13/[0m [36muser_agent[0m=[35m'Mozilla/5.0 (Macintosh; Intel Mac OS X 10_15_7) Ap...'[0m
[[32m[1minfo     [0m] [1mTrafilatura extraction successful[0m [[0m[1m[34mrss.services.article_extractor[0m][0m [36mmodule[0m=[35marticle_extractor[0m [36mtext_length[0m=[35m288[0m [36mtitle[0m=[35mNone[0m [36murl[0m=[35mhttps://jp.reuters.com/markets/japan/BDUBUBCB6ZMZXC7RQTSA5LCFBU-2026-04-13/[0m
[[32m[1minfo     [0m] [1mStarting article extraction   [0m [[0m[1m[34mrss.services.article_extractor[0m][0m [36mmodule[0m=[35marticle_extractor[0m [36murl[0m=[35mhttps://jp.reuters.com/markets/japan/NWQ7VJL7NJI6PGDC6JAXQNN3NM-2026-04-13/[0m [36muser_agent[0m=[35m'Mozilla/5.0 (Macintosh; Intel Mac OS X 10_15_7) Ap...'[0m
[[32m[1minfo     [0m] [1mTrafilatura extraction successful[0m [[0m[1m[34mrss.services.article_extractor[0m][0m [36mmodule[0m=[35marticle_extractor[0m [36mtext_length[0m=[35m476[0m [36mtitle[0m=[35mNone[0m [36murl[0m=[35mhttps://jp.reuters.com/markets/japan/NWQ7VJL7NJI6PGDC6JAXQNN3NM-2026-04-13/[0m
[[32m[1minfo     [0m] [1mStarting article extraction   [0m [[0m[1m[34mrss.services.article_extractor[0m][0m [36mmodule[0m=[35marticle_extractor[0m [36murl[0m=[35mhttps://jp.reuters.com/markets/japan/2YZAYBWQTVN7TD2HNLTE3IB54Q-2026-04-13/[0m [36muser_agent[0m=[35m'Mozilla/5.0 (Macintosh; Intel Mac OS X 10_15_7) Ap...'[0m
[[32m[1minfo     [0m] [1mTrafilatura extraction successful[0m [[0m[1m[34mrss.services.article_extractor[0m][0m [36mmodule[0m=[35marticle_extractor[0m [36mtext_length[0m=[35m1372[0m [36mtitle[0m=[35mNone[0m [36murl[0m=[35mhttps://jp.reuters.com/markets/japan/2YZAYBWQTVN7TD2HNLTE3IB54Q-2026-04-13/[0m
[[32m[1minfo     [0m] [1mStarting article extraction   [0m [[0m[1m[34mrss.services.article_extractor[0m][0m [36mmodule[0m=[35marticle_extractor[0m [36murl[0m=[35mhttps://jp.reuters.com/markets/japan/UVHL7GEG6NODHIBMMZGXW7DBLU-2026-04-13/[0m [36muser_agent[0m=[35m'Mozilla/5.0 (Macintosh; Intel Mac OS X 10_15_7) Ap...'[0m
[[32m[1minfo     [0m] [1mTrafilatura extraction successful[0m [[0m[1m[34mrss.services.article_extractor[0m][0m [36mmodule[0m=[35marticle_extractor[0m [36mtext_length[0m=[35m431[0m [36mtitle[0m=[35mNone[0m [36murl[0m=[35mhttps://jp.reuters.com/markets/japan/UVHL7GEG6NODHIBMMZGXW7DBLU-2026-04-13/[0m
[[32m[1minfo     [0m] [1mStarting article extraction   [0m [[0m[1m[34mrss.services.article_extractor[0m][0m [36mmodule[0m=[35marticle_extractor[0m [36murl[0m=[35mhttps://jp.reuters.com/markets/japan/U42XZ57XOVLXXO675TZ4K2SHF4-2026-04-13/[0m [36muser_agent[0m=[35m'Mozilla/5.0 (Macintosh; Intel Mac OS X 10_15_7) Ap...'[0m
[[32m[1minfo     [0m] [1mTrafilatura extraction successful[0m [[0m[1m[34mrss.services.article_extractor[0m][0m [36mmodule[0m=[35marticle_extractor[0m [36mtext_length[0m=[35m379[0m [36mtitle[0m=[35mNone[0m [36murl[0m=[35mhttps://jp.reuters.com/markets/japan/U42XZ57XOVLXXO675TZ4K2SHF4-2026-04-13/[0m
[[32m[1minfo     [0m] [1mStarting article extraction   [0m [[0m[1m[34mrss.services.article_extractor[0m][0m [36mmodule[0m=[35marticle_extractor[0m [36murl[0m=[35mhttps://jp.reuters.com/markets/japan/TJGGY2TSZJONVDWNP52UC42A2E-2026-04-13/[0m [36muser_agent[0m=[35m'Mozilla/5.0 (Macintosh; Intel Mac OS X 10_15_7) Ap...'[0m
[[32m[1minfo     [0m] [1mTrafilatura extraction successful[0m [[0m[1m[34mrss.services.article_extractor[0m][0m [36mmodule[0m=[35marticle_extractor[0m [36mtext_length[0m=[35m946[0m [36mtitle[0m=[35mNone[0m [36murl[0m=[35mhttps://jp.reuters.com/markets/japan/TJGGY2TSZJONVDWNP52UC42A2E-2026-04-13/[0m
[[32m[1minfo     [0m] [1mStarting article extraction   [0m [[0m[1m[34mrss.services.article_extractor[0m][0m [36mmodule[0m=[35marticle_extractor[0m [36murl[0m=[35mhttps://jp.reuters.com/markets/japan/5TF4MWSSBBO4RGTVSACTNCNFZY-2026-04-13/[0m [36muser_agent[0m=[35m'Mozilla/5.0 (Macintosh; Intel Mac OS X 10_15_7) Ap...'[0m
[[32m[1minfo     [0m] [1mTrafilatura extraction successful[0m [[0m[1m[34mrss.services.article_extractor[0m][0m [36mmodule[0m=[35marticle_extractor[0m [36mtext_length[0m=[35m362[0m [36mtitle[0m=[35mNone[0m [36murl[0m=[35mhttps://jp.reuters.com/markets/japan/5TF4MWSSBBO4RGTVSACTNCNFZY-2026-04-13/[0m
[[32m[1minfo     [0m] [1mStarting article extraction   [0m [[0m[1m[34mrss.services.article_extractor[0m][0m [36mmodule[0m=[35marticle_extractor[0m [36murl[0m=[35mhttps://jp.reuters.com/markets/global-markets/I3SSU7U5NJKQPLYWWZV66GLLBQ-2026-04-13/[0m [36muser_agent[0m=[35m'Mozilla/5.0 (Macintosh; Intel Mac OS X 10_15_7) Ap...'[0m
[[32m[1minfo     [0m] [1mTrafilatura extraction successful[0m [[0m[1m[34mrss.services.article_extractor[0m][0m [36mmodule[0m=[35marticle_extractor[0m [36mtext_length[0m=[35m505[0m [36mtitle[0m=[35mNone[0m [36murl[0m=[35mhttps://jp.reuters.com/markets/global-markets/I3SSU7U5NJKQPLYWWZV66GLLBQ-2026-04-13/[0m
[[32m[1minfo     [0m] [1mBatch extraction completed    [0m [[0m[1m[34mrss.services.article_extractor[0m][0m [36mfailed[0m=[35m0[0m [36mmodule[0m=[35marticle_extractor[0m [36msuccess[0m=[35m23[0m [36mtotal[0m=[35m23[0m
[[32m[1minfo     [0m] [1mContent post-fetch complete   [0m [[0m[1m[34mnews_scraper.unified[0m][0m [36mfetched[0m=[35m23[0m [36mmodule[0m=[35munified[0m [36mtotal[0m=[35m23[0m
[[32m[1minfo     [0m] [1mFinancial news collection complete[0m [[0m[1m[34mnews_scraper.unified[0m][0m [36melapsed_seconds[0m=[35m28.41[0m [36mmodule[0m=[35munified[0m [36msources[0m=[35m['reuters_jp'][0m [36mtotal_articles[0m=[35m23[0m
[[32m[1minfo     [0m] [1mRawStore: saved=9, dup=14, empty=0[0m [[0m[1m[34mnews_scraper.unified[0m][0m [36mmodule[0m=[35munified[0m
[[32m[1minfo     [0m] [1mCollection complete           [0m [[0m[1m[34m__main__[0m][0m [36marticle_count[0m=[35m23[0m [36mmodule[0m=[35mscrape_finance_news[0m
[[32m[1minfo     [0m] [1mNAS is mounted, using NAS output[0m [[0m[1m[34m__main__[0m][0m [36mmodule[0m=[35mscrape_finance_news[0m [36mpath[0m=[35m/Volumes/personal_folder/scraped/reuters_jp[0m [36msource[0m=[35mreuters_jp[0m
[[32m[1minfo     [0m] [1mOutput directory ready        [0m [[0m[1m[34m__main__[0m][0m [36mmodule[0m=[35mscrape_finance_news[0m [36mpath[0m=[35m/Volumes/personal_folder/scraped/reuters_jp/2026-04-13[0m
[[32m[1minfo     [0m] [1mArticles saved to JSON        [0m [[0m[1m[34m__main__[0m][0m [36mmodule[0m=[35mscrape_finance_news[0m [36mpath[0m=[35m/Volumes/personal_folder/scraped/reuters_jp/2026-04-13/news_210006.json[0m [36mtotal_count[0m=[35m23[0m
[[32m[1minfo     [0m] [1mSave complete                 [0m [[0m[1m[34m__main__[0m][0m [36mcount[0m=[35m23[0m [36mmodule[0m=[35mscrape_finance_news[0m [36moutput_file[0m=[35m/Volumes/personal_folder/scraped/reuters_jp/2026-04-13/news_210006.json[0m [36msource[0m=[35mreuters_jp[0m
[[32m[1minfo     [0m] [1mScraper finished successfully [0m [[0m[1m[34m__main__[0m][0m [36mmodule[0m=[35mscrape_finance_news[0m [36msaved_files[0m=[35m['/Volumes/personal_folder/scraped/reuters_jp/2026-04-13/news_210006.json'][0m [36mtotal_articles[0m=[35m23[0m
[[32m[1minfo     [0m] [1mFinance news scraper starting [0m [[0m[1m[34m__main__[0m][0m [36minclude_content[0m=[35mTrue[0m [36mmax_articles[0m=[35m50[0m [36mmodule[0m=[35mscrape_finance_news[0m [36msources[0m=[35m['reuters_jp'][0m
[[32m[1minfo     [0m] [1mStarting news collection      [0m [[0m[1m[34m__main__[0m][0m [36mmodule[0m=[35mscrape_finance_news[0m [36msources[0m=[35m['reuters_jp'][0m
[[32m[1minfo     [0m] [1mStarting financial news collection (async)[0m [[0m[1m[34mnews_scraper.unified[0m][0m [36minclude_content[0m=[35mTrue[0m [36mmax_articles_per_source[0m=[35m50[0m [36mmodule[0m=[35munified[0m [36msources[0m=[35m['reuters_jp'][0m
[[32m[1minfo     [0m] [1mStarting Reuters JP news collection[0m [[0m[1m[34mnews_scraper.reuters_jp[0m][0m [36mmax_articles_per_source[0m=[35m50[0m [36mmodule[0m=[35mreuters_jp[0m [36msections[0m=[35m['markets', 'business'][0m
[[32m[1minfo     [0m] [1mFetching Reuters JP section   [0m [[0m[1m[34mnews_scraper.reuters_jp[0m][0m [36mmodule[0m=[35mreuters_jp[0m [36msection[0m=[35mmarkets[0m [36murl[0m=[35mhttps://jp.reuters.com/markets/[0m
[[32m[1minfo     [0m] [1mFetching Reuters JP section   [0m [[0m[1m[34mnews_scraper.reuters_jp[0m][0m [36mmodule[0m=[35mreuters_jp[0m [36msection[0m=[35mbusiness[0m [36murl[0m=[35mhttps://jp.reuters.com/business/[0m
[[32m[1minfo     [0m] [1mHTTP Request: GET https://jp.reuters.com/business/ "HTTP/1.1 200 OK"[0m [[0m[1m[34mhttpx[0m][0m
[[32m[1minfo     [0m] [1mHTML fetched (async)          [0m [[0m[1m[34mnews_scraper._html_utils[0m][0m [36mmodule[0m=[35mhtml_utils[0m [36mstatus_code[0m=[35m200[0m [36murl[0m=[35mhttps://jp.reuters.com/business/[0m
[[32m[1minfo     [0m] [1mBusiness page parsed          [0m [[0m[1m[34mnews_scraper.reuters_jp[0m][0m [36marticle_count[0m=[35m20[0m [36mmodule[0m=[35mreuters_jp[0m
[[32m[1minfo     [0m] [1mReuters JP section complete   [0m [[0m[1m[34mnews_scraper.reuters_jp[0m][0m [36mcount[0m=[35m20[0m [36mmodule[0m=[35mreuters_jp[0m [36msection[0m=[35mbusiness[0m
[[32m[1minfo     [0m] [1mHTTP Request: GET https://jp.reuters.com/markets/ "HTTP/1.1 200 OK"[0m [[0m[1m[34mhttpx[0m][0m
[[32m[1minfo     [0m] [1mHTML fetched (async)          [0m [[0m[1m[34mnews_scraper._html_utils[0m][0m [36mmodule[0m=[35mhtml_utils[0m [36mstatus_code[0m=[35m200[0m [36murl[0m=[35mhttps://jp.reuters.com/markets/[0m
[[32m[1minfo     [0m] [1mMarkets page parsed           [0m [[0m[1m[34mnews_scraper.reuters_jp[0m][0m [36marticle_count[0m=[35m6[0m [36mmodule[0m=[35mreuters_jp[0m
[[32m[1minfo     [0m] [1mReuters JP section complete   [0m [[0m[1m[34mnews_scraper.reuters_jp[0m][0m [36mcount[0m=[35m6[0m [36mmodule[0m=[35mreuters_jp[0m [36msection[0m=[35mmarkets[0m
[[32m[1minfo     [0m] [1mReuters JP news collection complete[0m [[0m[1m[34mnews_scraper.reuters_jp[0m][0m [36mmodule[0m=[35mreuters_jp[0m [36mtotal_articles[0m=[35m20[0m
[[32m[1minfo     [0m] [1mSource collection complete    [0m [[0m[1m[34mnews_scraper.unified[0m][0m [36mmodule[0m=[35munified[0m [36msource[0m=[35mreuters_jp[0m [36msource_articles[0m=[35m20[0m
[[32m[1minfo     [0m] [1mFetching content for articles missing it[0m [[0m[1m[34mnews_scraper.unified[0m][0m [36mcount[0m=[35m20[0m [36mmodule[0m=[35munified[0m
[[32m[1minfo     [0m] [1mStarting batch extraction     [0m [[0m[1m[34mrss.services.article_extractor[0m][0m [36mmodule[0m=[35marticle_extractor[0m [36mrate_limit[0m=[35m1.0[0m [36murl_count[0m=[35m20[0m
[[32m[1minfo     [0m] [1mStarting article extraction   [0m [[0m[1m[34mrss.services.article_extractor[0m][0m [36mmodule[0m=[35marticle_extractor[0m [36murl[0m=[35mhttps://jp.reuters.com/markets/japan/4NVSL4DCBVJ2NKBQGKCXYXXTJ4-2026-04-14/[0m [36muser_agent[0m=[35m'Mozilla/5.0 (Macintosh; Intel Mac OS X 10_15_7) Ap...'[0m
[[32m[1minfo     [0m] [1mTrafilatura extraction successful[0m [[0m[1m[34mrss.services.article_extractor[0m][0m [36mmodule[0m=[35marticle_extractor[0m [36mtext_length[0m=[35m405[0m [36mtitle[0m=[35mNone[0m [36murl[0m=[35mhttps://jp.reuters.com/markets/japan/4NVSL4DCBVJ2NKBQGKCXYXXTJ4-2026-04-14/[0m
[[32m[1minfo     [0m] [1mStarting article extraction   [0m [[0m[1m[34mrss.services.article_extractor[0m][0m [36mmodule[0m=[35marticle_extractor[0m [36murl[0m=[35mhttps://jp.reuters.com/markets/global-markets/JMIKQ2P5RJOUFBATXBOZXZCDSU-2026-04-14/[0m [36muser_agent[0m=[35m'Mozilla/5.0 (Macintosh; Intel Mac OS X 10_15_7) Ap...'[0m
[[32m[1minfo     [0m] [1mTrafilatura extraction successful[0m [[0m[1m[34mrss.services.article_extractor[0m][0m [36mmodule[0m=[35marticle_extractor[0m [36mtext_length[0m=[35m728[0m [36mtitle[0m=[35mNone[0m [36murl[0m=[35mhttps://jp.reuters.com/markets/global-markets/JMIKQ2P5RJOUFBATXBOZXZCDSU-2026-04-14/[0m
[[32m[1minfo     [0m] [1mStarting article extraction   [0m [[0m[1m[34mrss.services.article_extractor[0m][0m [36mmodule[0m=[35marticle_extractor[0m [36murl[0m=[35mhttps://jp.reuters.com/markets/commodities/DXTHAQGZAJJUHIYMBBG2G53IZA-2026-04-14/[0m [36muser_agent[0m=[35m'Mozilla/5.0 (Macintosh; Intel Mac OS X 10_15_7) Ap...'[0m
[[32m[1minfo     [0m] [1mTrafilatura extraction successful[0m [[0m[1m[34mrss.services.article_extractor[0m][0m [36mmodule[0m=[35marticle_extractor[0m [36mtext_length[0m=[35m642[0m [36mtitle[0m=[35mNone[0m [36murl[0m=[35mhttps://jp.reuters.com/markets/commodities/DXTHAQGZAJJUHIYMBBG2G53IZA-2026-04-14/[0m
[[32m[1minfo     [0m] [1mStarting article extraction   [0m [[0m[1m[34mrss.services.article_extractor[0m][0m [36mmodule[0m=[35marticle_extractor[0m [36murl[0m=[35mhttps://jp.reuters.com/markets/world-indices/DKNRYLX635KVBCJR6A3Y3A6RNE-2026-04-14/[0m [36muser_agent[0m=[35m'Mozilla/5.0 (Macintosh; Intel Mac OS X 10_15_7) Ap...'[0m
[[32m[1minfo     [0m] [1mTrafilatura extraction successful[0m [[0m[1m[34mrss.services.article_extractor[0m][0m [36mmodule[0m=[35marticle_extractor[0m [36mtext_length[0m=[35m818[0m [36mtitle[0m=[35mNone[0m [36murl[0m=[35mhttps://jp.reuters.com/markets/world-indices/DKNRYLX635KVBCJR6A3Y3A6RNE-2026-04-14/[0m
[[32m[1minfo     [0m] [1mStarting article extraction   [0m [[0m[1m[34mrss.services.article_extractor[0m][0m [36mmodule[0m=[35marticle_extractor[0m [36murl[0m=[35mhttps://jp.reuters.com/markets/global-markets/VX6KDSQGMNLLRMPQWUFUMKCBRY-2026-04-14/[0m [36muser_agent[0m=[35m'Mozilla/5.0 (Macintosh; Intel Mac OS X 10_15_7) Ap...'[0m
[[32m[1minfo     [0m] [1mTrafilatura extraction successful[0m [[0m[1m[34mrss.services.article_extractor[0m][0m [36mmodule[0m=[35marticle_extractor[0m [36mtext_length[0m=[35m244[0m [36mtitle[0m=[35mNone[0m [36murl[0m=[35mhttps://jp.reuters.com/markets/global-markets/VX6KDSQGMNLLRMPQWUFUMKCBRY-2026-04-14/[0m
[[32m[1minfo     [0m] [1mStarting article extraction   [0m [[0m[1m[34mrss.services.article_extractor[0m][0m [36mmodule[0m=[35marticle_extractor[0m [36murl[0m=[35mhttps://jp.reuters.com/markets/global-markets/M6IS5TACPZIP3D3RNH3FLEWF3Y-2026-04-14/[0m [36muser_agent[0m=[35m'Mozilla/5.0 (Macintosh; Intel Mac OS X 10_15_7) Ap...'[0m
[[32m[1minfo     [0m] [1mTrafilatura extraction successful[0m [[0m[1m[34mrss.services.article_extractor[0m][0m [36mmodule[0m=[35marticle_extractor[0m [36mtext_length[0m=[35m300[0m [36mtitle[0m=[35mNone[0m [36murl[0m=[35mhttps://jp.reuters.com/markets/global-markets/M6IS5TACPZIP3D3RNH3FLEWF3Y-2026-04-14/[0m
[[32m[1minfo     [0m] [1mStarting article extraction   [0m [[0m[1m[34mrss.services.article_extractor[0m][0m [36mmodule[0m=[35marticle_extractor[0m [36murl[0m=[35mhttps://jp.reuters.com/markets/japan/YWIMLWY5D5MKLF2OFOSB2QDCSA-2026-04-13/[0m [36muser_agent[0m=[35m'Mozilla/5.0 (Macintosh; Intel Mac OS X 10_15_7) Ap...'[0m
[[32m[1minfo     [0m] [1mTrafilatura extraction successful[0m [[0m[1m[34mrss.services.article_extractor[0m][0m [36mmodule[0m=[35marticle_extractor[0m [36mtext_length[0m=[35m496[0m [36mtitle[0m=[35mNone[0m [36murl[0m=[35mhttps://jp.reuters.com/markets/japan/YWIMLWY5D5MKLF2OFOSB2QDCSA-2026-04-13/[0m
[[32m[1minfo     [0m] [1mStarting article extraction   [0m [[0m[1m[34mrss.services.article_extractor[0m][0m [36mmodule[0m=[35marticle_extractor[0m [36murl[0m=[35mhttps://jp.reuters.com/markets/japan/LGLU2MSBVNITVLT5PP6DQZAZDY-2026-04-13/[0m [36muser_agent[0m=[35m'Mozilla/5.0 (Macintosh; Intel Mac OS X 10_15_7) Ap...'[0m
[[32m[1minfo     [0m] [1mTrafilatura extraction successful[0m [[0m[1m[34mrss.services.article_extractor[0m][0m [36mmodule[0m=[35marticle_extractor[0m [36mtext_length[0m=[35m1663[0m [36mtitle[0m=[35mNone[0m [36murl[0m=[35mhttps://jp.reuters.com/markets/japan/LGLU2MSBVNITVLT5PP6DQZAZDY-2026-04-13/[0m
[[32m[1minfo     [0m] [1mStarting article extraction   [0m [[0m[1m[34mrss.services.article_extractor[0m][0m [36mmodule[0m=[35marticle_extractor[0m [36murl[0m=[35mhttps://jp.reuters.com/markets/japan/XL4NQH3UBBP45EBNTWPQWTN47Y-2026-04-13/[0m [36muser_agent[0m=[35m'Mozilla/5.0 (Macintosh; Intel Mac OS X 10_15_7) Ap...'[0m
[[32m[1minfo     [0m] [1mTrafilatura extraction successful[0m [[0m[1m[34mrss.services.article_extractor[0m][0m [36mmodule[0m=[35marticle_extractor[0m [36mtext_length[0m=[35m808[0m [36mtitle[0m=[35mNone[0m [36murl[0m=[35mhttps://jp.reuters.com/markets/japan/XL4NQH3UBBP45EBNTWPQWTN47Y-2026-04-13/[0m
[[32m[1minfo     [0m] [1mStarting article extraction   [0m [[0m[1m[34mrss.services.article_extractor[0m][0m [36mmodule[0m=[35marticle_extractor[0m [36murl[0m=[35mhttps://jp.reuters.com/markets/japan/TD2VNH3YMZMNRMD2MA4E2YMDUM-2026-04-13/[0m [36muser_agent[0m=[35m'Mozilla/5.0 (Macintosh; Intel Mac OS X 10_15_7) Ap...'[0m
[[32m[1minfo     [0m] [1mTrafilatura extraction successful[0m [[0m[1m[34mrss.services.article_extractor[0m][0m [36mmodule[0m=[35marticle_extractor[0m [36mtext_length[0m=[35m447[0m [36mtitle[0m=[35mNone[0m [36murl[0m=[35mhttps://jp.reuters.com/markets/japan/TD2VNH3YMZMNRMD2MA4E2YMDUM-2026-04-13/[0m
[[32m[1minfo     [0m] [1mStarting article extraction   [0m [[0m[1m[34mrss.services.article_extractor[0m][0m [36mmodule[0m=[35marticle_extractor[0m [36murl[0m=[35mhttps://jp.reuters.com/world/japan/K7EYZJ43L5NGZDXPNUQOY2ED3Y-2026-04-13/[0m [36muser_agent[0m=[35m'Mozilla/5.0 (Macintosh; Intel Mac OS X 10_15_7) Ap...'[0m
[[32m[1minfo     [0m] [1mTrafilatura extraction successful[0m [[0m[1m[34mrss.services.article_extractor[0m][0m [36mmodule[0m=[35marticle_extractor[0m [36mtext_length[0m=[35m463[0m [36mtitle[0m=[35mNone[0m [36murl[0m=[35mhttps://jp.reuters.com/world/japan/K7EYZJ43L5NGZDXPNUQOY2ED3Y-2026-04-13/[0m
[[32m[1minfo     [0m] [1mStarting article extraction   [0m [[0m[1m[34mrss.services.article_extractor[0m][0m [36mmodule[0m=[35marticle_extractor[0m [36murl[0m=[35mhttps://jp.reuters.com/markets/global-markets/HYJ74Q3WPVMUVIVTVVNK3IZTEY-2026-04-14/[0m [36muser_agent[0m=[35m'Mozilla/5.0 (Macintosh; Intel Mac OS X 10_15_7) Ap...'[0m
[[32m[1minfo     [0m] [1mTrafilatura extraction successful[0m [[0m[1m[34mrss.services.article_extractor[0m][0m [36mmodule[0m=[35marticle_extractor[0m [36mtext_length[0m=[35m418[0m [36mtitle[0m=[35mNone[0m [36murl[0m=[35mhttps://jp.reuters.com/markets/global-markets/HYJ74Q3WPVMUVIVTVVNK3IZTEY-2026-04-14/[0m
[[32m[1minfo     [0m] [1mStarting article extraction   [0m [[0m[1m[34mrss.services.article_extractor[0m][0m [36mmodule[0m=[35marticle_extractor[0m [36murl[0m=[35mhttps://jp.reuters.com/markets/japan/3NZ3676PSNMAPGGITOXGPQ4GPU-2026-04-14/[0m [36muser_agent[0m=[35m'Mozilla/5.0 (Macintosh; Intel Mac OS X 10_15_7) Ap...'[0m
[[32m[1minfo     [0m] [1mTrafilatura extraction successful[0m [[0m[1m[34mrss.services.article_extractor[0m][0m [36mmodule[0m=[35marticle_extractor[0m [36mtext_length[0m=[35m320[0m [36mtitle[0m=[35mNone[0m [36murl[0m=[35mhttps://jp.reuters.com/markets/japan/3NZ3676PSNMAPGGITOXGPQ4GPU-2026-04-14/[0m
[[32m[1minfo     [0m] [1mStarting article extraction   [0m [[0m[1m[34mrss.services.article_extractor[0m][0m [36mmodule[0m=[35marticle_extractor[0m [36murl[0m=[35mhttps://jp.reuters.com/markets/global-markets/2C37S6ZUYFK4ZJGDVBU3DZMNJY-2026-04-14/[0m [36muser_agent[0m=[35m'Mozilla/5.0 (Macintosh; Intel Mac OS X 10_15_7) Ap...'[0m
[[32m[1minfo     [0m] [1mTrafilatura extraction successful[0m [[0m[1m[34mrss.services.article_extractor[0m][0m [36mmodule[0m=[35marticle_extractor[0m [36mtext_length[0m=[35m505[0m [36mtitle[0m=[35mNone[0m [36murl[0m=[35mhttps://jp.reuters.com/markets/global-markets/2C37S6ZUYFK4ZJGDVBU3DZMNJY-2026-04-14/[0m
[[32m[1minfo     [0m] [1mStarting article extraction   [0m [[0m[1m[34mrss.services.article_extractor[0m][0m [36mmodule[0m=[35marticle_extractor[0m [36murl[0m=[35mhttps://jp.reuters.com/markets/japan/3PAGJ4NSEFIJNDN4AXI7SE537E-2026-04-14/[0m [36muser_agent[0m=[35m'Mozilla/5.0 (Macintosh; Intel Mac OS X 10_15_7) Ap...'[0m
[[32m[1minfo     [0m] [1mTrafilatura extraction successful[0m [[0m[1m[34mrss.services.article_extractor[0m][0m [36mmodule[0m=[35marticle_extractor[0m [36mtext_length[0m=[35m545[0m [36mtitle[0m=[35mNone[0m [36murl[0m=[35mhttps://jp.reuters.com/markets/japan/3PAGJ4NSEFIJNDN4AXI7SE537E-2026-04-14/[0m
[[32m[1minfo     [0m] [1mStarting article extraction   [0m [[0m[1m[34mrss.services.article_extractor[0m][0m [36mmodule[0m=[35marticle_extractor[0m [36murl[0m=[35mhttps://jp.reuters.com/markets/japan/CMWVXYVRFFKH3AUNPMQKZP7NHM-2026-04-14/[0m [36muser_agent[0m=[35m'Mozilla/5.0 (Macintosh; Intel Mac OS X 10_15_7) Ap...'[0m
[[32m[1minfo     [0m] [1mTrafilatura extraction successful[0m [[0m[1m[34mrss.services.article_extractor[0m][0m [36mmodule[0m=[35marticle_extractor[0m [36mtext_length[0m=[35m567[0m [36mtitle[0m=[35mNone[0m [36murl[0m=[35mhttps://jp.reuters.com/markets/japan/CMWVXYVRFFKH3AUNPMQKZP7NHM-2026-04-14/[0m
[[32m[1minfo     [0m] [1mStarting article extraction   [0m [[0m[1m[34mrss.services.article_extractor[0m][0m [36mmodule[0m=[35marticle_extractor[0m [36murl[0m=[35mhttps://jp.reuters.com/business/AVUUET2CTBLAXM6CZYZF7LMXWI-2026-04-14/[0m [36muser_agent[0m=[35m'Mozilla/5.0 (Macintosh; Intel Mac OS X 10_15_7) Ap...'[0m
[[32m[1minfo     [0m] [1mTrafilatura extraction successful[0m [[0m[1m[34mrss.services.article_extractor[0m][0m [36mmodule[0m=[35marticle_extractor[0m [36mtext_length[0m=[35m609[0m [36mtitle[0m=[35mNone[0m [36murl[0m=[35mhttps://jp.reuters.com/business/AVUUET2CTBLAXM6CZYZF7LMXWI-2026-04-14/[0m
[[32m[1minfo     [0m] [1mStarting article extraction   [0m [[0m[1m[34mrss.services.article_extractor[0m][0m [36mmodule[0m=[35marticle_extractor[0m [36murl[0m=[35mhttps://jp.reuters.com/markets/japan/CBFYR7SP3JLWTDLBZCGVICXOLA-2026-04-14/[0m [36muser_agent[0m=[35m'Mozilla/5.0 (Macintosh; Intel Mac OS X 10_15_7) Ap...'[0m
[[32m[1minfo     [0m] [1mTrafilatura extraction successful[0m [[0m[1m[34mrss.services.article_extractor[0m][0m [36mmodule[0m=[35marticle_extractor[0m [36mtext_length[0m=[35m549[0m [36mtitle[0m=[35mNone[0m [36murl[0m=[35mhttps://jp.reuters.com/markets/japan/CBFYR7SP3JLWTDLBZCGVICXOLA-2026-04-14/[0m
[[32m[1minfo     [0m] [1mStarting article extraction   [0m [[0m[1m[34mrss.services.article_extractor[0m][0m [36mmodule[0m=[35marticle_extractor[0m [36murl[0m=[35mhttps://jp.reuters.com/markets/japan/HHO3LZ5WSFJDDF7HLTY3Q3VT6A-2026-04-14/[0m [36muser_agent[0m=[35m'Mozilla/5.0 (Macintosh; Intel Mac OS X 10_15_7) Ap...'[0m
[[32m[1minfo     [0m] [1mTrafilatura extraction successful[0m [[0m[1m[34mrss.services.article_extractor[0m][0m [36mmodule[0m=[35marticle_extractor[0m [36mtext_length[0m=[35m533[0m [36mtitle[0m=[35mNone[0m [36murl[0m=[35mhttps://jp.reuters.com/markets/japan/HHO3LZ5WSFJDDF7HLTY3Q3VT6A-2026-04-14/[0m
[[32m[1minfo     [0m] [1mStarting article extraction   [0m [[0m[1m[34mrss.services.article_extractor[0m][0m [36mmodule[0m=[35marticle_extractor[0m [36murl[0m=[35mhttps://jp.reuters.com/markets/global-markets/ZLNG6VMOYVJ65DMUQAKXHXANYE-2026-04-14/[0m [36muser_agent[0m=[35m'Mozilla/5.0 (Macintosh; Intel Mac OS X 10_15_7) Ap...'[0m
[[32m[1minfo     [0m] [1mTrafilatura extraction successful[0m [[0m[1m[34mrss.services.article_extractor[0m][0m [36mmodule[0m=[35marticle_extractor[0m [36mtext_length[0m=[35m858[0m [36mtitle[0m=[35mNone[0m [36murl[0m=[35mhttps://jp.reuters.com/markets/global-markets/ZLNG6VMOYVJ65DMUQAKXHXANYE-2026-04-14/[0m
[[32m[1minfo     [0m] [1mBatch extraction completed    [0m [[0m[1m[34mrss.services.article_extractor[0m][0m [36mfailed[0m=[35m0[0m [36mmodule[0m=[35marticle_extractor[0m [36msuccess[0m=[35m20[0m [36mtotal[0m=[35m20[0m
[[32m[1minfo     [0m] [1mContent post-fetch complete   [0m [[0m[1m[34mnews_scraper.unified[0m][0m [36mfetched[0m=[35m20[0m [36mmodule[0m=[35munified[0m [36mtotal[0m=[35m20[0m
[[32m[1minfo     [0m] [1mFinancial news collection complete[0m [[0m[1m[34mnews_scraper.unified[0m][0m [36melapsed_seconds[0m=[35m22.24[0m [36mmodule[0m=[35munified[0m [36msources[0m=[35m['reuters_jp'][0m [36mtotal_articles[0m=[35m20[0m
[[32m[1minfo     [0m] [1mRawStore: saved=20, dup=0, empty=0[0m [[0m[1m[34mnews_scraper.unified[0m][0m [36mmodule[0m=[35munified[0m
[[32m[1minfo     [0m] [1mCollection complete           [0m [[0m[1m[34m__main__[0m][0m [36marticle_count[0m=[35m20[0m [36mmodule[0m=[35mscrape_finance_news[0m
[[32m[1minfo     [0m] [1mNAS is mounted, using NAS output[0m [[0m[1m[34m__main__[0m][0m [36mmodule[0m=[35mscrape_finance_news[0m [36mpath[0m=[35m/Volumes/personal_folder/scraped/reuters_jp[0m [36msource[0m=[35mreuters_jp[0m
[[32m[1minfo     [0m] [1mOutput directory ready        [0m [[0m[1m[34m__main__[0m][0m [36mmodule[0m=[35mscrape_finance_news[0m [36mpath[0m=[35m/Volumes/personal_folder/scraped/reuters_jp/2026-04-14[0m
[[32m[1minfo     [0m] [1mArticles saved to JSON        [0m [[0m[1m[34m__main__[0m][0m [36mmodule[0m=[35mscrape_finance_news[0m [36mpath[0m=[35m/Volumes/personal_folder/scraped/reuters_jp/2026-04-14/news_030006.json[0m [36mtotal_count[0m=[35m20[0m
[[32m[1minfo     [0m] [1mSave complete                 [0m [[0m[1m[34m__main__[0m][0m [36mcount[0m=[35m20[0m [36mmodule[0m=[35mscrape_finance_news[0m [36moutput_file[0m=[35m/Volumes/personal_folder/scraped/reuters_jp/2026-04-14/news_030006.json[0m [36msource[0m=[35mreuters_jp[0m
[[32m[1minfo     [0m] [1mScraper finished successfully [0m [[0m[1m[34m__main__[0m][0m [36mmodule[0m=[35mscrape_finance_news[0m [36msaved_files[0m=[35m['/Volumes/personal_folder/scraped/reuters_jp/2026-04-14/news_030006.json'][0m [36mtotal_articles[0m=[35m20[0m
[[32m[1minfo     [0m] [1mFinance news scraper starting [0m [[0m[1m[34m__main__[0m][0m [36minclude_content[0m=[35mTrue[0m [36mmax_articles[0m=[35m50[0m [36mmodule[0m=[35mscrape_finance_news[0m [36msources[0m=[35m['reuters_jp'][0m
[[32m[1minfo     [0m] [1mStarting news collection      [0m [[0m[1m[34m__main__[0m][0m [36mmodule[0m=[35mscrape_finance_news[0m [36msources[0m=[35m['reuters_jp'][0m
[[32m[1minfo     [0m] [1mStarting financial news collection (async)[0m [[0m[1m[34mnews_scraper.unified[0m][0m [36minclude_content[0m=[35mTrue[0m [36mmax_articles_per_source[0m=[35m50[0m [36mmodule[0m=[35munified[0m [36msources[0m=[35m['reuters_jp'][0m
[[32m[1minfo     [0m] [1mStarting Reuters JP news collection[0m [[0m[1m[34mnews_scraper.reuters_jp[0m][0m [36mmax_articles_per_source[0m=[35m50[0m [36mmodule[0m=[35mreuters_jp[0m [36msections[0m=[35m['markets', 'business'][0m
[[32m[1minfo     [0m] [1mFetching Reuters JP section   [0m [[0m[1m[34mnews_scraper.reuters_jp[0m][0m [36mmodule[0m=[35mreuters_jp[0m [36msection[0m=[35mmarkets[0m [36murl[0m=[35mhttps://jp.reuters.com/markets/[0m
[[32m[1minfo     [0m] [1mFetching Reuters JP section   [0m [[0m[1m[34mnews_scraper.reuters_jp[0m][0m [36mmodule[0m=[35mreuters_jp[0m [36msection[0m=[35mbusiness[0m [36murl[0m=[35mhttps://jp.reuters.com/business/[0m
[[32m[1minfo     [0m] [1mHTTP Request: GET https://jp.reuters.com/business/ "HTTP/1.1 200 OK"[0m [[0m[1m[34mhttpx[0m][0m
[[32m[1minfo     [0m] [1mHTTP Request: GET https://jp.reuters.com/markets/ "HTTP/1.1 200 OK"[0m [[0m[1m[34mhttpx[0m][0m
[[32m[1minfo     [0m] [1mHTML fetched (async)          [0m [[0m[1m[34mnews_scraper._html_utils[0m][0m [36mmodule[0m=[35mhtml_utils[0m [36mstatus_code[0m=[35m200[0m [36murl[0m=[35mhttps://jp.reuters.com/business/[0m
[[32m[1minfo     [0m] [1mBusiness page parsed          [0m [[0m[1m[34mnews_scraper.reuters_jp[0m][0m [36marticle_count[0m=[35m20[0m [36mmodule[0m=[35mreuters_jp[0m
[[32m[1minfo     [0m] [1mReuters JP section complete   [0m [[0m[1m[34mnews_scraper.reuters_jp[0m][0m [36mcount[0m=[35m20[0m [36mmodule[0m=[35mreuters_jp[0m [36msection[0m=[35mbusiness[0m
[[32m[1minfo     [0m] [1mHTML fetched (async)          [0m [[0m[1m[34mnews_scraper._html_utils[0m][0m [36mmodule[0m=[35mhtml_utils[0m [36mstatus_code[0m=[35m200[0m [36murl[0m=[35mhttps://jp.reuters.com/markets/[0m
[[32m[1minfo     [0m] [1mMarkets page parsed           [0m [[0m[1m[34mnews_scraper.reuters_jp[0m][0m [36marticle_count[0m=[35m6[0m [36mmodule[0m=[35mreuters_jp[0m
[[32m[1minfo     [0m] [1mReuters JP section complete   [0m [[0m[1m[34mnews_scraper.reuters_jp[0m][0m [36mcount[0m=[35m6[0m [36mmodule[0m=[35mreuters_jp[0m [36msection[0m=[35mmarkets[0m
[[32m[1minfo     [0m] [1mReuters JP news collection complete[0m [[0m[1m[34mnews_scraper.reuters_jp[0m][0m [36mmodule[0m=[35mreuters_jp[0m [36mtotal_articles[0m=[35m22[0m
[[32m[1minfo     [0m] [1mSource collection complete    [0m [[0m[1m[34mnews_scraper.unified[0m][0m [36mmodule[0m=[35munified[0m [36msource[0m=[35mreuters_jp[0m [36msource_articles[0m=[35m22[0m
[[32m[1minfo     [0m] [1mFetching content for articles missing it[0m [[0m[1m[34mnews_scraper.unified[0m][0m [36mcount[0m=[35m22[0m [36mmodule[0m=[35munified[0m
[[32m[1minfo     [0m] [1mStarting batch extraction     [0m [[0m[1m[34mrss.services.article_extractor[0m][0m [36mmodule[0m=[35marticle_extractor[0m [36mrate_limit[0m=[35m1.0[0m [36murl_count[0m=[35m22[0m
[[32m[1minfo     [0m] [1mStarting article extraction   [0m [[0m[1m[34mrss.services.article_extractor[0m][0m [36mmodule[0m=[35marticle_extractor[0m [36murl[0m=[35mhttps://jp.reuters.com/markets/global-markets/Y5MLOJJQ4FPOBO77O54FKIG2C4-2026-04-14/[0m [36muser_agent[0m=[35m'Mozilla/5.0 (Macintosh; Intel Mac OS X 10_15_7) Ap...'[0m
[[32m[1minfo     [0m] [1mTrafilatura extraction successful[0m [[0m[1m[34mrss.services.article_extractor[0m][0m [36mmodule[0m=[35marticle_extractor[0m [36mtext_length[0m=[35m397[0m [36mtitle[0m=[35mNone[0m [36murl[0m=[35mhttps://jp.reuters.com/markets/global-markets/Y5MLOJJQ4FPOBO77O54FKIG2C4-2026-04-14/[0m
[[32m[1minfo     [0m] [1mStarting article extraction   [0m [[0m[1m[34mrss.services.article_extractor[0m][0m [36mmodule[0m=[35marticle_extractor[0m [36murl[0m=[35mhttps://jp.reuters.com/markets/world-indices/UO7OD2J3XZMEBKJ7D2LPCRSIC4-2026-04-14/[0m [36muser_agent[0m=[35m'Mozilla/5.0 (Macintosh; Intel Mac OS X 10_15_7) Ap...'[0m
[[32m[1minfo     [0m] [1mTrafilatura extraction successful[0m [[0m[1m[34mrss.services.article_extractor[0m][0m [36mmodule[0m=[35marticle_extractor[0m [36mtext_length[0m=[35m489[0m [36mtitle[0m=[35mNone[0m [36murl[0m=[35mhttps://jp.reuters.com/markets/world-indices/UO7OD2J3XZMEBKJ7D2LPCRSIC4-2026-04-14/[0m
[[32m[1minfo     [0m] [1mStarting article extraction   [0m [[0m[1m[34mrss.services.article_extractor[0m][0m [36mmodule[0m=[35marticle_extractor[0m [36murl[0m=[35mhttps://jp.reuters.com/markets/commodities/GBBOWQOCYVNMBBS3DK7MOLUFVM-2026-04-14/[0m [36muser_agent[0m=[35m'Mozilla/5.0 (Macintosh; Intel Mac OS X 10_15_7) Ap...'[0m
[[32m[1minfo     [0m] [1mTrafilatura extraction successful[0m [[0m[1m[34mrss.services.article_extractor[0m][0m [36mmodule[0m=[35marticle_extractor[0m [36mtext_length[0m=[35m373[0m [36mtitle[0m=[35mNone[0m [36murl[0m=[35mhttps://jp.reuters.com/markets/commodities/GBBOWQOCYVNMBBS3DK7MOLUFVM-2026-04-14/[0m
[[32m[1minfo     [0m] [1mStarting article extraction   [0m [[0m[1m[34mrss.services.article_extractor[0m][0m [36mmodule[0m=[35marticle_extractor[0m [36murl[0m=[35mhttps://jp.reuters.com/markets/world-indices/QIVRQYM2IFP3NLXNPO3FOOOLII-2026-04-14/[0m [36muser_agent[0m=[35m'Mozilla/5.0 (Macintosh; Intel Mac OS X 10_15_7) Ap...'[0m
[[32m[1minfo     [0m] [1mTrafilatura extraction successful[0m [[0m[1m[34mrss.services.article_extractor[0m][0m [36mmodule[0m=[35marticle_extractor[0m [36mtext_length[0m=[35m404[0m [36mtitle[0m=[35mNone[0m [36murl[0m=[35mhttps://jp.reuters.com/markets/world-indices/QIVRQYM2IFP3NLXNPO3FOOOLII-2026-04-14/[0m
[[32m[1minfo     [0m] [1mStarting article extraction   [0m [[0m[1m[34mrss.services.article_extractor[0m][0m [36mmodule[0m=[35marticle_extractor[0m [36murl[0m=[35mhttps://jp.reuters.com/markets/global-markets/34JZLRHEQRKPPBSRM7LXXBYDXA-2026-04-14/[0m [36muser_agent[0m=[35m'Mozilla/5.0 (Macintosh; Intel Mac OS X 10_15_7) Ap...'[0m
[[32m[1minfo     [0m] [1mTrafilatura extraction successful[0m [[0m[1m[34mrss.services.article_extractor[0m][0m [36mmodule[0m=[35marticle_extractor[0m [36mtext_length[0m=[35m281[0m [36mtitle[0m=[35mNone[0m [36murl[0m=[35mhttps://jp.reuters.com/markets/global-markets/34JZLRHEQRKPPBSRM7LXXBYDXA-2026-04-14/[0m
[[32m[1minfo     [0m] [1mStarting article extraction   [0m [[0m[1m[34mrss.services.article_extractor[0m][0m [36mmodule[0m=[35marticle_extractor[0m [36murl[0m=[35mhttps://jp.reuters.com/markets/japan/FMCGUVBR5NIT5O5EWF73RP2ASM-2026-04-14/[0m [36muser_agent[0m=[35m'Mozilla/5.0 (Macintosh; Intel Mac OS X 10_15_7) Ap...'[0m
[[32m[1minfo     [0m] [1mTrafilatura extraction successful[0m [[0m[1m[34mrss.services.article_extractor[0m][0m [36mmodule[0m=[35marticle_extractor[0m [36mtext_length[0m=[35m569[0m [36mtitle[0m=[35mNone[0m [36murl[0m=[35mhttps://jp.reuters.com/markets/japan/FMCGUVBR5NIT5O5EWF73RP2ASM-2026-04-14/[0m
[[32m[1minfo     [0m] [1mStarting article extraction   [0m [[0m[1m[34mrss.services.article_extractor[0m][0m [36mmodule[0m=[35marticle_extractor[0m [36murl[0m=[35mhttps://jp.reuters.com/markets/global-markets/ZLNG6VMOYVJ65DMUQAKXHXANYE-2026-04-14/[0m [36muser_agent[0m=[35m'Mozilla/5.0 (Macintosh; Intel Mac OS X 10_15_7) Ap...'[0m
[[32m[1minfo     [0m] [1mTrafilatura extraction successful[0m [[0m[1m[34mrss.services.article_extractor[0m][0m [36mmodule[0m=[35marticle_extractor[0m [36mtext_length[0m=[35m1158[0m [36mtitle[0m=[35mNone[0m [36murl[0m=[35mhttps://jp.reuters.com/markets/global-markets/ZLNG6VMOYVJ65DMUQAKXHXANYE-2026-04-14/[0m
[[32m[1minfo     [0m] [1mStarting article extraction   [0m [[0m[1m[34mrss.services.article_extractor[0m][0m [36mmodule[0m=[35marticle_extractor[0m [36murl[0m=[35mhttps://jp.reuters.com/markets/global-markets/M6IS5TACPZIP3D3RNH3FLEWF3Y-2026-04-14/[0m [36muser_agent[0m=[35m'Mozilla/5.0 (Macintosh; Intel Mac OS X 10_15_7) Ap...'[0m
[[32m[1minfo     [0m] [1mTrafilatura extraction successful[0m [[0m[1m[34mrss.services.article_extractor[0m][0m [36mmodule[0m=[35marticle_extractor[0m [36mtext_length[0m=[35m300[0m [36mtitle[0m=[35mNone[0m [36murl[0m=[35mhttps://jp.reuters.com/markets/global-markets/M6IS5TACPZIP3D3RNH3FLEWF3Y-2026-04-14/[0m
[[32m[1minfo     [0m] [1mStarting article extraction   [0m [[0m[1m[34mrss.services.article_extractor[0m][0m [36mmodule[0m=[35marticle_extractor[0m [36murl[0m=[35mhttps://jp.reuters.com/markets/world-indices/D4F5EZZCARPLVDADAJVT4BACLQ-2026-04-14/[0m [36muser_agent[0m=[35m'Mozilla/5.0 (Macintosh; Intel Mac OS X 10_15_7) Ap...'[0m
[[32m[1minfo     [0m] [1mTrafilatura extraction successful[0m [[0m[1m[34mrss.services.article_extractor[0m][0m [36mmodule[0m=[35marticle_extractor[0m [36mtext_length[0m=[35m479[0m [36mtitle[0m=[35mNone[0m [36murl[0m=[35mhttps://jp.reuters.com/markets/world-indices/D4F5EZZCARPLVDADAJVT4BACLQ-2026-04-14/[0m
[[32m[1minfo     [0m] [1mStarting article extraction   [0m [[0m[1m[34mrss.services.article_extractor[0m][0m [36mmodule[0m=[35marticle_extractor[0m [36murl[0m=[35mhttps://jp.reuters.com/markets/world-indices/6HTVSOPMRFNN5GG6NSAN4V2S5Q-2026-04-14/[0m [36muser_agent[0m=[35m'Mozilla/5.0 (Macintosh; Intel Mac OS X 10_15_7) Ap...'[0m
[[32m[1minfo     [0m] [1mTrafilatura extraction successful[0m [[0m[1m[34mrss.services.article_extractor[0m][0m [36mmodule[0m=[35marticle_extractor[0m [36mtext_length[0m=[35m472[0m [36mtitle[0m=[35mNone[0m [36murl[0m=[35mhttps://jp.reuters.com/markets/world-indices/6HTVSOPMRFNN5GG6NSAN4V2S5Q-2026-04-14/[0m
[[32m[1minfo     [0m] [1mStarting article extraction   [0m [[0m[1m[34mrss.services.article_extractor[0m][0m [36mmodule[0m=[35marticle_extractor[0m [36murl[0m=[35mhttps://jp.reuters.com/economy/bank-of-japan/I2PSOHYQMZLRJEIUAVZMDTCMZA-2026-04-14/[0m [36muser_agent[0m=[35m'Mozilla/5.0 (Macintosh; Intel Mac OS X 10_15_7) Ap...'[0m
[[32m[1minfo     [0m] [1mTrafilatura extraction successful[0m [[0m[1m[34mrss.services.article_extractor[0m][0m [36mmodule[0m=[35marticle_extractor[0m [36mtext_length[0m=[35m461[0m [36mtitle[0m=[35mNone[0m [36murl[0m=[35mhttps://jp.reuters.com/economy/bank-of-japan/I2PSOHYQMZLRJEIUAVZMDTCMZA-2026-04-14/[0m
[[32m[1minfo     [0m] [1mStarting article extraction   [0m [[0m[1m[34mrss.services.article_extractor[0m][0m [36mmodule[0m=[35marticle_extractor[0m [36murl[0m=[35mhttps://jp.reuters.com/markets/japan/4ZD7WQBL7JLPHJDMX6H3R3XIGI-2026-04-14/[0m [36muser_agent[0m=[35m'Mozilla/5.0 (Macintosh; Intel Mac OS X 10_15_7) Ap...'[0m
[[32m[1minfo     [0m] [1mTrafilatura extraction successful[0m [[0m[1m[34mrss.services.article_extractor[0m][0m [36mmodule[0m=[35marticle_extractor[0m [36mtext_length[0m=[35m421[0m [36mtitle[0m=[35mNone[0m [36murl[0m=[35mhttps://jp.reuters.com/markets/japan/4ZD7WQBL7JLPHJDMX6H3R3XIGI-2026-04-14/[0m
[[32m[1minfo     [0m] [1mStarting article extraction   [0m [[0m[1m[34mrss.services.article_extractor[0m][0m [36mmodule[0m=[35marticle_extractor[0m [36murl[0m=[35mhttps://jp.reuters.com/markets/world-indices/A6EXZKWJPBKRPKPNEEGN6KOI7Q-2026-04-14/[0m [36muser_agent[0m=[35m'Mozilla/5.0 (Macintosh; Intel Mac OS X 10_15_7) Ap...'[0m
[[32m[1minfo     [0m] [1mTrafilatura extraction successful[0m [[0m[1m[34mrss.services.article_extractor[0m][0m [36mmodule[0m=[35marticle_extractor[0m [36mtext_length[0m=[35m513[0m [36mtitle[0m=[35mNone[0m [36murl[0m=[35mhttps://jp.reuters.com/markets/world-indices/A6EXZKWJPBKRPKPNEEGN6KOI7Q-2026-04-14/[0m
[[32m[1minfo     [0m] [1mStarting article extraction   [0m [[0m[1m[34mrss.services.article_extractor[0m][0m [36mmodule[0m=[35marticle_extractor[0m [36murl[0m=[35mhttps://jp.reuters.com/markets/commodities/KVE7JXHRMNL2BG35BJDAPBSXUM-2026-04-14/[0m [36muser_agent[0m=[35m'Mozilla/5.0 (Macintosh; Intel Mac OS X 10_15_7) Ap...'[0m
[[32m[1minfo     [0m] [1mTrafilatura extraction successful[0m [[0m[1m[34mrss.services.article_extractor[0m][0m [36mmodule[0m=[35marticle_extractor[0m [36mtext_length[0m=[35m260[0m [36mtitle[0m=[35mNone[0m [36murl[0m=[35mhttps://jp.reuters.com/markets/commodities/KVE7JXHRMNL2BG35BJDAPBSXUM-2026-04-14/[0m
[[32m[1minfo     [0m] [1mStarting article extraction   [0m [[0m[1m[34mrss.services.article_extractor[0m][0m [36mmodule[0m=[35marticle_extractor[0m [36murl[0m=[35mhttps://jp.reuters.com/markets/treasury/IOBQXZOK7ZNBVBJQ7OZZOSSOYA-2026-04-14/[0m [36muser_agent[0m=[35m'Mozilla/5.0 (Macintosh; Intel Mac OS X 10_15_7) Ap...'[0m
[[32m[1minfo     [0m] [1mTrafilatura extraction successful[0m [[0m[1m[34mrss.services.article_extractor[0m][0m [36mmodule[0m=[35marticle_extractor[0m [36mtext_length[0m=[35m1607[0m [36mtitle[0m=[35mNone[0m [36murl[0m=[35mhttps://jp.reuters.com/markets/treasury/IOBQXZOK7ZNBVBJQ7OZZOSSOYA-2026-04-14/[0m
[[32m[1minfo     [0m] [1mStarting article extraction   [0m [[0m[1m[34mrss.services.article_extractor[0m][0m [36mmodule[0m=[35marticle_extractor[0m [36murl[0m=[35mhttps://jp.reuters.com/markets/global-markets/I6UDCXOS3BLWNIVVLRMHSQTGBE-2026-04-14/[0m [36muser_agent[0m=[35m'Mozilla/5.0 (Macintosh; Intel Mac OS X 10_15_7) Ap...'[0m
[[32m[1minfo     [0m] [1mTrafilatura extraction successful[0m [[0m[1m[34mrss.services.article_extractor[0m][0m [36mmodule[0m=[35marticle_extractor[0m [36mtext_length[0m=[35m430[0m [36mtitle[0m=[35mNone[0m [36murl[0m=[35mhttps://jp.reuters.com/markets/global-markets/I6UDCXOS3BLWNIVVLRMHSQTGBE-2026-04-14/[0m
[[32m[1minfo     [0m] [1mStarting article extraction   [0m [[0m[1m[34mrss.services.article_extractor[0m][0m [36mmodule[0m=[35marticle_extractor[0m [36murl[0m=[35mhttps://jp.reuters.com/markets/global-markets/6UXYG2A5FZLGRK3NZVTFSUAXX4-2026-04-14/[0m [36muser_agent[0m=[35m'Mozilla/5.0 (Macintosh; Intel Mac OS X 10_15_7) Ap...'[0m
[[32m[1minfo     [0m] [1mTrafilatura extraction successful[0m [[0m[1m[34mrss.services.article_extractor[0m][0m [36mmodule[0m=[35marticle_extractor[0m [36mtext_length[0m=[35m796[0m [36mtitle[0m=[35mNone[0m [36murl[0m=[35mhttps://jp.reuters.com/markets/global-markets/6UXYG2A5FZLGRK3NZVTFSUAXX4-2026-04-14/[0m
[[32m[1minfo     [0m] [1mStarting article extraction   [0m [[0m[1m[34mrss.services.article_extractor[0m][0m [36mmodule[0m=[35marticle_extractor[0m [36murl[0m=[35mhttps://jp.reuters.com/markets/japan/YPHAELDWWZJLJPQVRSHLUYKOOQ-2026-04-14/[0m [36muser_agent[0m=[35m'Mozilla/5.0 (Macintosh; Intel Mac OS X 10_15_7) Ap...'[0m
[[32m[1minfo     [0m] [1mTrafilatura extraction successful[0m [[0m[1m[34mrss.services.article_extractor[0m][0m [36mmodule[0m=[35marticle_extractor[0m [36mtext_length[0m=[35m508[0m [36mtitle[0m=[35mNone[0m [36murl[0m=[35mhttps://jp.reuters.com/markets/japan/YPHAELDWWZJLJPQVRSHLUYKOOQ-2026-04-14/[0m
[[32m[1minfo     [0m] [1mStarting article extraction   [0m [[0m[1m[34mrss.services.article_extractor[0m][0m [36mmodule[0m=[35marticle_extractor[0m [36murl[0m=[35mhttps://jp.reuters.com/markets/bonds/E7K4X3AA4BKMVIVOOZK4SIUXPI-2026-04-14/[0m [36muser_agent[0m=[35m'Mozilla/5.0 (Macintosh; Intel Mac OS X 10_15_7) Ap...'[0m
[[32m[1minfo     [0m] [1mTrafilatura extraction successful[0m [[0m[1m[34mrss.services.article_extractor[0m][0m [36mmodule[0m=[35marticle_extractor[0m [36mtext_length[0m=[35m476[0m [36mtitle[0m=[35mNone[0m [36murl[0m=[35mhttps://jp.reuters.com/markets/bonds/E7K4X3AA4BKMVIVOOZK4SIUXPI-2026-04-14/[0m
[[32m[1minfo     [0m] [1mStarting article extraction   [0m [[0m[1m[34mrss.services.article_extractor[0m][0m [36mmodule[0m=[35marticle_extractor[0m [36murl[0m=[35mhttps://jp.reuters.com/markets/bonds/WRTHEZYVWNJOBAZXEDV3PMLPGM-2026-04-14/[0m [36muser_agent[0m=[35m'Mozilla/5.0 (Macintosh; Intel Mac OS X 10_15_7) Ap...'[0m
[[32m[1minfo     [0m] [1mTrafilatura extraction successful[0m [[0m[1m[34mrss.services.article_extractor[0m][0m [36mmodule[0m=[35marticle_extractor[0m [36mtext_length[0m=[35m575[0m [36mtitle[0m=[35mNone[0m [36murl[0m=[35mhttps://jp.reuters.com/markets/bonds/WRTHEZYVWNJOBAZXEDV3PMLPGM-2026-04-14/[0m
[[32m[1minfo     [0m] [1mStarting article extraction   [0m [[0m[1m[34mrss.services.article_extractor[0m][0m [36mmodule[0m=[35marticle_extractor[0m [36murl[0m=[35mhttps://jp.reuters.com/markets/bonds/LKEV2HEHKZIHTGYPQWG4HIMN2E-2026-04-14/[0m [36muser_agent[0m=[35m'Mozilla/5.0 (Macintosh; Intel Mac OS X 10_15_7) Ap...'[0m
[[32m[1minfo     [0m] [1mTrafilatura extraction successful[0m [[0m[1m[34mrss.services.article_extractor[0m][0m [36mmodule[0m=[35marticle_extractor[0m [36mtext_length[0m=[35m622[0m [36mtitle[0m=[35mNone[0m [36murl[0m=[35mhttps://jp.reuters.com/markets/bonds/LKEV2HEHKZIHTGYPQWG4HIMN2E-2026-04-14/[0m
[[32m[1minfo     [0m] [1mStarting article extraction   [0m [[0m[1m[34mrss.services.article_extractor[0m][0m [36mmodule[0m=[35marticle_extractor[0m [36murl[0m=[35mhttps://jp.reuters.com/markets/japan/CIDCYRDHEBMRXHYDEQNZFWLCIA-2026-04-14/[0m [36muser_agent[0m=[35m'Mozilla/5.0 (Macintosh; Intel Mac OS X 10_15_7) Ap...'[0m
[[32m[1minfo     [0m] [1mTrafilatura extraction successful[0m [[0m[1m[34mrss.services.article_extractor[0m][0m [36mmodule[0m=[35marticle_extractor[0m [36mtext_length[0m=[35m315[0m [36mtitle[0m=[35mNone[0m [36murl[0m=[35mhttps://jp.reuters.com/markets/japan/CIDCYRDHEBMRXHYDEQNZFWLCIA-2026-04-14/[0m
[[32m[1minfo     [0m] [1mBatch extraction completed    [0m [[0m[1m[34mrss.services.article_extractor[0m][0m [36mfailed[0m=[35m0[0m [36mmodule[0m=[35marticle_extractor[0m [36msuccess[0m=[35m22[0m [36mtotal[0m=[35m22[0m
[[32m[1minfo     [0m] [1mContent post-fetch complete   [0m [[0m[1m[34mnews_scraper.unified[0m][0m [36mfetched[0m=[35m22[0m [36mmodule[0m=[35munified[0m [36mtotal[0m=[35m22[0m
[[32m[1minfo     [0m] [1mFinancial news collection complete[0m [[0m[1m[34mnews_scraper.unified[0m][0m [36melapsed_seconds[0m=[35m25.43[0m [36mmodule[0m=[35munified[0m [36msources[0m=[35m['reuters_jp'][0m [36mtotal_articles[0m=[35m22[0m
[[32m[1minfo     [0m] [1mRawStore: saved=20, dup=2, empty=0[0m [[0m[1m[34mnews_scraper.unified[0m][0m [36mmodule[0m=[35munified[0m
[[32m[1minfo     [0m] [1mCollection complete           [0m [[0m[1m[34m__main__[0m][0m [36marticle_count[0m=[35m22[0m [36mmodule[0m=[35mscrape_finance_news[0m
[[32m[1minfo     [0m] [1mNAS is mounted, using NAS output[0m [[0m[1m[34m__main__[0m][0m [36mmodule[0m=[35mscrape_finance_news[0m [36mpath[0m=[35m/Volumes/personal_folder/scraped/reuters_jp[0m [36msource[0m=[35mreuters_jp[0m
[[32m[1minfo     [0m] [1mOutput directory ready        [0m [[0m[1m[34m__main__[0m][0m [36mmodule[0m=[35mscrape_finance_news[0m [36mpath[0m=[35m/Volumes/personal_folder/scraped/reuters_jp/2026-04-14[0m
[[32m[1minfo     [0m] [1mArticles saved to JSON        [0m [[0m[1m[34m__main__[0m][0m [36mmodule[0m=[35mscrape_finance_news[0m [36mpath[0m=[35m/Volumes/personal_folder/scraped/reuters_jp/2026-04-14/news_090006.json[0m [36mtotal_count[0m=[35m22[0m
[[32m[1minfo     [0m] [1mSave complete                 [0m [[0m[1m[34m__main__[0m][0m [36mcount[0m=[35m22[0m [36mmodule[0m=[35mscrape_finance_news[0m [36moutput_file[0m=[35m/Volumes/personal_folder/scraped/reuters_jp/2026-04-14/news_090006.json[0m [36msource[0m=[35mreuters_jp[0m
[[32m[1minfo     [0m] [1mScraper finished successfully [0m [[0m[1m[34m__main__[0m][0m [36mmodule[0m=[35mscrape_finance_news[0m [36msaved_files[0m=[35m['/Volumes/personal_folder/scraped/reuters_jp/2026-04-14/news_090006.json'][0m [36mtotal_articles[0m=[35m22[0m
[[32m[1minfo     [0m] [1mFinance news scraper starting [0m [[0m[1m[34m__main__[0m][0m [36minclude_content[0m=[35mTrue[0m [36mmax_articles[0m=[35m50[0m [36mmodule[0m=[35mscrape_finance_news[0m [36msources[0m=[35m['reuters_jp'][0m
[[32m[1minfo     [0m] [1mStarting news collection      [0m [[0m[1m[34m__main__[0m][0m [36mmodule[0m=[35mscrape_finance_news[0m [36msources[0m=[35m['reuters_jp'][0m
[[32m[1minfo     [0m] [1mStarting financial news collection (async)[0m [[0m[1m[34mnews_scraper.unified[0m][0m [36minclude_content[0m=[35mTrue[0m [36mmax_articles_per_source[0m=[35m50[0m [36mmodule[0m=[35munified[0m [36msources[0m=[35m['reuters_jp'][0m
[[32m[1minfo     [0m] [1mStarting Reuters JP news collection[0m [[0m[1m[34mnews_scraper.reuters_jp[0m][0m [36mmax_articles_per_source[0m=[35m50[0m [36mmodule[0m=[35mreuters_jp[0m [36msections[0m=[35m['markets', 'business'][0m
[[32m[1minfo     [0m] [1mFetching Reuters JP section   [0m [[0m[1m[34mnews_scraper.reuters_jp[0m][0m [36mmodule[0m=[35mreuters_jp[0m [36msection[0m=[35mmarkets[0m [36murl[0m=[35mhttps://jp.reuters.com/markets/[0m
[[32m[1minfo     [0m] [1mFetching Reuters JP section   [0m [[0m[1m[34mnews_scraper.reuters_jp[0m][0m [36mmodule[0m=[35mreuters_jp[0m [36msection[0m=[35mbusiness[0m [36murl[0m=[35mhttps://jp.reuters.com/business/[0m
[[32m[1minfo     [0m] [1mHTTP Request: GET https://jp.reuters.com/markets/ "HTTP/1.1 200 OK"[0m [[0m[1m[34mhttpx[0m][0m
[[32m[1minfo     [0m] [1mHTML fetched (async)          [0m [[0m[1m[34mnews_scraper._html_utils[0m][0m [36mmodule[0m=[35mhtml_utils[0m [36mstatus_code[0m=[35m200[0m [36murl[0m=[35mhttps://jp.reuters.com/markets/[0m
[[32m[1minfo     [0m] [1mMarkets page parsed           [0m [[0m[1m[34mnews_scraper.reuters_jp[0m][0m [36marticle_count[0m=[35m6[0m [36mmodule[0m=[35mreuters_jp[0m
[[32m[1minfo     [0m] [1mReuters JP section complete   [0m [[0m[1m[34mnews_scraper.reuters_jp[0m][0m [36mcount[0m=[35m6[0m [36mmodule[0m=[35mreuters_jp[0m [36msection[0m=[35mmarkets[0m
[[32m[1minfo     [0m] [1mHTTP Request: GET https://jp.reuters.com/business/ "HTTP/1.1 200 OK"[0m [[0m[1m[34mhttpx[0m][0m
[[32m[1minfo     [0m] [1mHTML fetched (async)          [0m [[0m[1m[34mnews_scraper._html_utils[0m][0m [36mmodule[0m=[35mhtml_utils[0m [36mstatus_code[0m=[35m200[0m [36murl[0m=[35mhttps://jp.reuters.com/business/[0m
[[32m[1minfo     [0m] [1mBusiness page parsed          [0m [[0m[1m[34mnews_scraper.reuters_jp[0m][0m [36marticle_count[0m=[35m20[0m [36mmodule[0m=[35mreuters_jp[0m
[[32m[1minfo     [0m] [1mReuters JP section complete   [0m [[0m[1m[34mnews_scraper.reuters_jp[0m][0m [36mcount[0m=[35m20[0m [36mmodule[0m=[35mreuters_jp[0m [36msection[0m=[35mbusiness[0m
[[32m[1minfo     [0m] [1mReuters JP news collection complete[0m [[0m[1m[34mnews_scraper.reuters_jp[0m][0m [36mmodule[0m=[35mreuters_jp[0m [36mtotal_articles[0m=[35m20[0m
[[32m[1minfo     [0m] [1mSource collection complete    [0m [[0m[1m[34mnews_scraper.unified[0m][0m [36mmodule[0m=[35munified[0m [36msource[0m=[35mreuters_jp[0m [36msource_articles[0m=[35m20[0m
[[32m[1minfo     [0m] [1mFetching content for articles missing it[0m [[0m[1m[34mnews_scraper.unified[0m][0m [36mcount[0m=[35m20[0m [36mmodule[0m=[35munified[0m
[[32m[1minfo     [0m] [1mStarting batch extraction     [0m [[0m[1m[34mrss.services.article_extractor[0m][0m [36mmodule[0m=[35marticle_extractor[0m [36mrate_limit[0m=[35m1.0[0m [36murl_count[0m=[35m20[0m
[[32m[1minfo     [0m] [1mStarting article extraction   [0m [[0m[1m[34mrss.services.article_extractor[0m][0m [36mmodule[0m=[35marticle_extractor[0m [36murl[0m=[35mhttps://jp.reuters.com/markets/japan/CIDCYRDHEBMRXHYDEQNZFWLCIA-2026-04-14/[0m [36muser_agent[0m=[35m'Mozilla/5.0 (Macintosh; Intel Mac OS X 10_15_7) Ap...'[0m
[[32m[1minfo     [0m] [1mTrafilatura extraction successful[0m [[0m[1m[34mrss.services.article_extractor[0m][0m [36mmodule[0m=[35marticle_extractor[0m [36mtext_length[0m=[35m465[0m [36mtitle[0m=[35mNone[0m [36murl[0m=[35mhttps://jp.reuters.com/markets/japan/CIDCYRDHEBMRXHYDEQNZFWLCIA-2026-04-14/[0m
[[32m[1minfo     [0m] [1mStarting article extraction   [0m [[0m[1m[34mrss.services.article_extractor[0m][0m [36mmodule[0m=[35marticle_extractor[0m [36murl[0m=[35mhttps://jp.reuters.com/markets/bonds/E7K4X3AA4BKMVIVOOZK4SIUXPI-2026-04-14/[0m [36muser_agent[0m=[35m'Mozilla/5.0 (Macintosh; Intel Mac OS X 10_15_7) Ap...'[0m
[[32m[1minfo     [0m] [1mTrafilatura extraction successful[0m [[0m[1m[34mrss.services.article_extractor[0m][0m [36mmodule[0m=[35marticle_extractor[0m [36mtext_length[0m=[35m1175[0m [36mtitle[0m=[35mNone[0m [36murl[0m=[35mhttps://jp.reuters.com/markets/bonds/E7K4X3AA4BKMVIVOOZK4SIUXPI-2026-04-14/[0m
[[32m[1minfo     [0m] [1mStarting article extraction   [0m [[0m[1m[34mrss.services.article_extractor[0m][0m [36mmodule[0m=[35marticle_extractor[0m [36murl[0m=[35mhttps://jp.reuters.com/markets/japan/BCDZC6JASBOJTNPMP5OTDSGT4E-2026-04-14/[0m [36muser_agent[0m=[35m'Mozilla/5.0 (Macintosh; Intel Mac OS X 10_15_7) Ap...'[0m
[[32m[1minfo     [0m] [1mTrafilatura extraction successful[0m [[0m[1m[34mrss.services.article_extractor[0m][0m [36mmodule[0m=[35marticle_extractor[0m [36mtext_length[0m=[35m467[0m [36mtitle[0m=[35mNone[0m [36murl[0m=[35mhttps://jp.reuters.com/markets/japan/BCDZC6JASBOJTNPMP5OTDSGT4E-2026-04-14/[0m
[[32m[1minfo     [0m] [1mStarting article extraction   [0m [[0m[1m[34mrss.services.article_extractor[0m][0m [36mmodule[0m=[35marticle_extractor[0m [36murl[0m=[35mhttps://jp.reuters.com/markets/japan/73OWIWWQDFMRDHXDV3BSBYMBJE-2026-04-14/[0m [36muser_agent[0m=[35m'Mozilla/5.0 (Macintosh; Intel Mac OS X 10_15_7) Ap...'[0m
[[32m[1minfo     [0m] [1mTrafilatura extraction successful[0m [[0m[1m[34mrss.services.article_extractor[0m][0m [36mmodule[0m=[35marticle_extractor[0m [36mtext_length[0m=[35m568[0m [36mtitle[0m=[35mNone[0m [36murl[0m=[35mhttps://jp.reuters.com/markets/japan/73OWIWWQDFMRDHXDV3BSBYMBJE-2026-04-14/[0m
[[32m[1minfo     [0m] [1mStarting article extraction   [0m [[0m[1m[34mrss.services.article_extractor[0m][0m [36mmodule[0m=[35marticle_extractor[0m [36murl[0m=[35mhttps://jp.reuters.com/markets/japan/HCXL7TMGMVJUBLPERUUIHPGWV4-2026-04-14/[0m [36muser_agent[0m=[35m'Mozilla/5.0 (Macintosh; Intel Mac OS X 10_15_7) Ap...'[0m
[[32m[1minfo     [0m] [1mTrafilatura extraction successful[0m [[0m[1m[34mrss.services.article_extractor[0m][0m [36mmodule[0m=[35marticle_extractor[0m [36mtext_length[0m=[35m541[0m [36mtitle[0m=[35mNone[0m [36murl[0m=[35mhttps://jp.reuters.com/markets/japan/HCXL7TMGMVJUBLPERUUIHPGWV4-2026-04-14/[0m
[[32m[1minfo     [0m] [1mStarting article extraction   [0m [[0m[1m[34mrss.services.article_extractor[0m][0m [36mmodule[0m=[35marticle_extractor[0m [36murl[0m=[35mhttps://jp.reuters.com/markets/japan/T2FM4V43LZMBBFXLCNQKHYJJHU-2026-04-14/[0m [36muser_agent[0m=[35m'Mozilla/5.0 (Macintosh; Intel Mac OS X 10_15_7) Ap...'[0m
[[32m[1minfo     [0m] [1mTrafilatura extraction successful[0m [[0m[1m[34mrss.services.article_extractor[0m][0m [36mmodule[0m=[35marticle_extractor[0m [36mtext_length[0m=[35m690[0m [36mtitle[0m=[35mNone[0m [36murl[0m=[35mhttps://jp.reuters.com/markets/japan/T2FM4V43LZMBBFXLCNQKHYJJHU-2026-04-14/[0m
[[32m[1minfo     [0m] [1mStarting article extraction   [0m [[0m[1m[34mrss.services.article_extractor[0m][0m [36mmodule[0m=[35marticle_extractor[0m [36murl[0m=[35mhttps://jp.reuters.com/markets/japan/TJKBXS3I3FPQJEBFJI6FI44LZY-2026-04-14/[0m [36muser_agent[0m=[35m'Mozilla/5.0 (Macintosh; Intel Mac OS X 10_15_7) Ap...'[0m
[[32m[1minfo     [0m] [1mTrafilatura extraction successful[0m [[0m[1m[34mrss.services.article_extractor[0m][0m [36mmodule[0m=[35marticle_extractor[0m [36mtext_length[0m=[35m249[0m [36mtitle[0m=[35mNone[0m [36murl[0m=[35mhttps://jp.reuters.com/markets/japan/TJKBXS3I3FPQJEBFJI6FI44LZY-2026-04-14/[0m
[[32m[1minfo     [0m] [1mStarting article extraction   [0m [[0m[1m[34mrss.services.article_extractor[0m][0m [36mmodule[0m=[35marticle_extractor[0m [36murl[0m=[35mhttps://jp.reuters.com/markets/japan/5GBUL2LRGNOVTO3UBOR3R3B5EI-2026-04-14/[0m [36muser_agent[0m=[35m'Mozilla/5.0 (Macintosh; Intel Mac OS X 10_15_7) Ap...'[0m
[[32m[1minfo     [0m] [1mTrafilatura extraction successful[0m [[0m[1m[34mrss.services.article_extractor[0m][0m [36mmodule[0m=[35marticle_extractor[0m [36mtext_length[0m=[35m772[0m [36mtitle[0m=[35mNone[0m [36murl[0m=[35mhttps://jp.reuters.com/markets/japan/5GBUL2LRGNOVTO3UBOR3R3B5EI-2026-04-14/[0m
[[32m[1minfo     [0m] [1mStarting article extraction   [0m [[0m[1m[34mrss.services.article_extractor[0m][0m [36mmodule[0m=[35marticle_extractor[0m [36murl[0m=[35mhttps://jp.reuters.com/markets/japan/QYSXEJDK45KMJFEXN4N3GJRXQ4-2026-04-14/[0m [36muser_agent[0m=[35m'Mozilla/5.0 (Macintosh; Intel Mac OS X 10_15_7) Ap...'[0m
[[32m[1minfo     [0m] [1mTrafilatura extraction successful[0m [[0m[1m[34mrss.services.article_extractor[0m][0m [36mmodule[0m=[35marticle_extractor[0m [36mtext_length[0m=[35m751[0m [36mtitle[0m=[35mNone[0m [36murl[0m=[35mhttps://jp.reuters.com/markets/japan/QYSXEJDK45KMJFEXN4N3GJRXQ4-2026-04-14/[0m
[[32m[1minfo     [0m] [1mStarting article extraction   [0m [[0m[1m[34mrss.services.article_extractor[0m][0m [36mmodule[0m=[35marticle_extractor[0m [36murl[0m=[35mhttps://jp.reuters.com/markets/japan/EQL3CLPJ2NPDPN6D2QIYCNPJ3Y-2026-04-14/[0m [36muser_agent[0m=[35m'Mozilla/5.0 (Macintosh; Intel Mac OS X 10_15_7) Ap...'[0m
[[32m[1minfo     [0m] [1mTrafilatura extraction successful[0m [[0m[1m[34mrss.services.article_extractor[0m][0m [36mmodule[0m=[35marticle_extractor[0m [36mtext_length[0m=[35m520[0m [36mtitle[0m=[35mNone[0m [36murl[0m=[35mhttps://jp.reuters.com/markets/japan/EQL3CLPJ2NPDPN6D2QIYCNPJ3Y-2026-04-14/[0m
[[32m[1minfo     [0m] [1mStarting article extraction   [0m [[0m[1m[34mrss.services.article_extractor[0m][0m [36mmodule[0m=[35marticle_extractor[0m [36murl[0m=[35mhttps://jp.reuters.com/markets/japan/O4T7NJ7H3BOY7NC5N2RQN6Y3RE-2026-04-14/[0m [36muser_agent[0m=[35m'Mozilla/5.0 (Macintosh; Intel Mac OS X 10_15_7) Ap...'[0m
[[32m[1minfo     [0m] [1mTrafilatura extraction successful[0m [[0m[1m[34mrss.services.article_extractor[0m][0m [36mmodule[0m=[35marticle_extractor[0m [36mtext_length[0m=[35m454[0m [36mtitle[0m=[35mNone[0m [36murl[0m=[35mhttps://jp.reuters.com/markets/japan/O4T7NJ7H3BOY7NC5N2RQN6Y3RE-2026-04-14/[0m
[[32m[1minfo     [0m] [1mStarting article extraction   [0m [[0m[1m[34mrss.services.article_extractor[0m][0m [36mmodule[0m=[35marticle_extractor[0m [36murl[0m=[35mhttps://jp.reuters.com/markets/japan/HNFBK25VHZMLPJYFQIIVGPIQQI-2026-04-14/[0m [36muser_agent[0m=[35m'Mozilla/5.0 (Macintosh; Intel Mac OS X 10_15_7) Ap...'[0m
[[32m[1minfo     [0m] [1mTrafilatura extraction successful[0m [[0m[1m[34mrss.services.article_extractor[0m][0m [36mmodule[0m=[35marticle_extractor[0m [36mtext_length[0m=[35m1031[0m [36mtitle[0m=[35mNone[0m [36murl[0m=[35mhttps://jp.reuters.com/markets/japan/HNFBK25VHZMLPJYFQIIVGPIQQI-2026-04-14/[0m
[[32m[1minfo     [0m] [1mStarting article extraction   [0m [[0m[1m[34mrss.services.article_extractor[0m][0m [36mmodule[0m=[35marticle_extractor[0m [36murl[0m=[35mhttps://jp.reuters.com/markets/japan/6DME4FO4HZKUBHL3RKDC3LP3ZA-2026-04-14/[0m [36muser_agent[0m=[35m'Mozilla/5.0 (Macintosh; Intel Mac OS X 10_15_7) Ap...'[0m
[[32m[1minfo     [0m] [1mTrafilatura extraction successful[0m [[0m[1m[34mrss.services.article_extractor[0m][0m [36mmodule[0m=[35marticle_extractor[0m [36mtext_length[0m=[35m586[0m [36mtitle[0m=[35mNone[0m [36murl[0m=[35mhttps://jp.reuters.com/markets/japan/6DME4FO4HZKUBHL3RKDC3LP3ZA-2026-04-14/[0m
[[32m[1minfo     [0m] [1mStarting article extraction   [0m [[0m[1m[34mrss.services.article_extractor[0m][0m [36mmodule[0m=[35marticle_extractor[0m [36murl[0m=[35mhttps://jp.reuters.com/markets/japan/KR3Q677WT5MVRN4LHL5BPABPEI-2026-04-14/[0m [36muser_agent[0m=[35m'Mozilla/5.0 (Macintosh; Intel Mac OS X 10_15_7) Ap...'[0m
[[32m[1minfo     [0m] [1mTrafilatura extraction successful[0m [[0m[1m[34mrss.services.article_extractor[0m][0m [36mmodule[0m=[35marticle_extractor[0m [36mtext_length[0m=[35m360[0m [36mtitle[0m=[35mNone[0m [36murl[0m=[35mhttps://jp.reuters.com/markets/japan/KR3Q677WT5MVRN4LHL5BPABPEI-2026-04-14/[0m
[[32m[1minfo     [0m] [1mStarting article extraction   [0m [[0m[1m[34mrss.services.article_extractor[0m][0m [36mmodule[0m=[35marticle_extractor[0m [36murl[0m=[35mhttps://jp.reuters.com/markets/commodities/PUZ6KBNXBJMYDFGBJCCN5F7H7A-2026-04-14/[0m [36muser_agent[0m=[35m'Mozilla/5.0 (Macintosh; Intel Mac OS X 10_15_7) Ap...'[0m
[[32m[1minfo     [0m] [1mTrafilatura extraction successful[0m [[0m[1m[34mrss.services.article_extractor[0m][0m [36mmodule[0m=[35marticle_extractor[0m [36mtext_length[0m=[35m655[0m [36mtitle[0m=[35mNone[0m [36murl[0m=[35mhttps://jp.reuters.com/markets/commodities/PUZ6KBNXBJMYDFGBJCCN5F7H7A-2026-04-14/[0m
[[32m[1minfo     [0m] [1mStarting article extraction   [0m [[0m[1m[34mrss.services.article_extractor[0m][0m [36mmodule[0m=[35marticle_extractor[0m [36murl[0m=[35mhttps://jp.reuters.com/markets/commodities/NE3EBPX7ARPCRDOTEIWPGI6TR4-2026-04-14/[0m [36muser_agent[0m=[35m'Mozilla/5.0 (Macintosh; Intel Mac OS X 10_15_7) Ap...'[0m
[[32m[1minfo     [0m] [1mTrafilatura extraction successful[0m [[0m[1m[34mrss.services.article_extractor[0m][0m [36mmodule[0m=[35marticle_extractor[0m [36mtext_length[0m=[35m529[0m [36mtitle[0m=[35mNone[0m [36murl[0m=[35mhttps://jp.reuters.com/markets/commodities/NE3EBPX7ARPCRDOTEIWPGI6TR4-2026-04-14/[0m
[[32m[1minfo     [0m] [1mStarting article extraction   [0m [[0m[1m[34mrss.services.article_extractor[0m][0m [36mmodule[0m=[35marticle_extractor[0m [36murl[0m=[35mhttps://jp.reuters.com/markets/japan/N3C5FW4M2BLY7NPSWCD2Q3HLWY-2026-04-14/[0m [36muser_agent[0m=[35m'Mozilla/5.0 (Macintosh; Intel Mac OS X 10_15_7) Ap...'[0m
[[32m[1minfo     [0m] [1mTrafilatura extraction successful[0m [[0m[1m[34mrss.services.article_extractor[0m][0m [36mmodule[0m=[35marticle_extractor[0m [36mtext_length[0m=[35m908[0m [36mtitle[0m=[35mNone[0m [36murl[0m=[35mhttps://jp.reuters.com/markets/japan/N3C5FW4M2BLY7NPSWCD2Q3HLWY-2026-04-14/[0m
[[32m[1minfo     [0m] [1mStarting article extraction   [0m [[0m[1m[34mrss.services.article_extractor[0m][0m [36mmodule[0m=[35marticle_extractor[0m [36murl[0m=[35mhttps://jp.reuters.com/economy/inflation/CLFCRHYQPFLR7IV7HGWHKYJDEA-2026-04-14/[0m [36muser_agent[0m=[35m'Mozilla/5.0 (Macintosh; Intel Mac OS X 10_15_7) Ap...'[0m
[[32m[1minfo     [0m] [1mTrafilatura extraction successful[0m [[0m[1m[34mrss.services.article_extractor[0m][0m [36mmodule[0m=[35marticle_extractor[0m [36mtext_length[0m=[35m523[0m [36mtitle[0m=[35mNone[0m [36murl[0m=[35mhttps://jp.reuters.com/economy/inflation/CLFCRHYQPFLR7IV7HGWHKYJDEA-2026-04-14/[0m
[[32m[1minfo     [0m] [1mStarting article extraction   [0m [[0m[1m[34mrss.services.article_extractor[0m][0m [36mmodule[0m=[35marticle_extractor[0m [36murl[0m=[35mhttps://jp.reuters.com/economy/inflation/AA3TC5XZZFLA7ECZUQO3PPLO64-2026-04-14/[0m [36muser_agent[0m=[35m'Mozilla/5.0 (Macintosh; Intel Mac OS X 10_15_7) Ap...'[0m
[[32m[1minfo     [0m] [1mTrafilatura extraction successful[0m [[0m[1m[34mrss.services.article_extractor[0m][0m [36mmodule[0m=[35marticle_extractor[0m [36mtext_length[0m=[35m2523[0m [36mtitle[0m=[35mNone[0m [36murl[0m=[35mhttps://jp.reuters.com/economy/inflation/AA3TC5XZZFLA7ECZUQO3PPLO64-2026-04-14/[0m
[[32m[1minfo     [0m] [1mStarting article extraction   [0m [[0m[1m[34mrss.services.article_extractor[0m][0m [36mmodule[0m=[35marticle_extractor[0m [36murl[0m=[35mhttps://jp.reuters.com/opinion/JON3JFYXE5MUFPWYNLF7ESU4DA-2026-04-14/[0m [36muser_agent[0m=[35m'Mozilla/5.0 (Macintosh; Intel Mac OS X 10_15_7) Ap...'[0m
[[32m[1minfo     [0m] [1mTrafilatura extraction successful[0m [[0m[1m[34mrss.services.article_extractor[0m][0m [36mmodule[0m=[35marticle_extractor[0m [36mtext_length[0m=[35m1208[0m [36mtitle[0m=[35mNone[0m [36murl[0m=[35mhttps://jp.reuters.com/opinion/JON3JFYXE5MUFPWYNLF7ESU4DA-2026-04-14/[0m
[[32m[1minfo     [0m] [1mBatch extraction completed    [0m [[0m[1m[34mrss.services.article_extractor[0m][0m [36mfailed[0m=[35m0[0m [36mmodule[0m=[35marticle_extractor[0m [36msuccess[0m=[35m20[0m [36mtotal[0m=[35m20[0m
[[32m[1minfo     [0m] [1mContent post-fetch complete   [0m [[0m[1m[34mnews_scraper.unified[0m][0m [36mfetched[0m=[35m20[0m [36mmodule[0m=[35munified[0m [36mtotal[0m=[35m20[0m
[[32m[1minfo     [0m] [1mFinancial news collection complete[0m [[0m[1m[34mnews_scraper.unified[0m][0m [36melapsed_seconds[0m=[35m23.69[0m [36mmodule[0m=[35munified[0m [36msources[0m=[35m['reuters_jp'][0m [36mtotal_articles[0m=[35m20[0m
[[32m[1minfo     [0m] [1mRawStore: saved=18, dup=2, empty=0[0m [[0m[1m[34mnews_scraper.unified[0m][0m [36mmodule[0m=[35munified[0m
[[32m[1minfo     [0m] [1mCollection complete           [0m [[0m[1m[34m__main__[0m][0m [36marticle_count[0m=[35m20[0m [36mmodule[0m=[35mscrape_finance_news[0m
[[32m[1minfo     [0m] [1mNAS is mounted, using NAS output[0m [[0m[1m[34m__main__[0m][0m [36mmodule[0m=[35mscrape_finance_news[0m [36mpath[0m=[35m/Volumes/personal_folder/scraped/reuters_jp[0m [36msource[0m=[35mreuters_jp[0m
[[32m[1minfo     [0m] [1mOutput directory ready        [0m [[0m[1m[34m__main__[0m][0m [36mmodule[0m=[35mscrape_finance_news[0m [36mpath[0m=[35m/Volumes/personal_folder/scraped/reuters_jp/2026-04-14[0m
[[32m[1minfo     [0m] [1mArticles saved to JSON        [0m [[0m[1m[34m__main__[0m][0m [36mmodule[0m=[35mscrape_finance_news[0m [36mpath[0m=[35m/Volumes/personal_folder/scraped/reuters_jp/2026-04-14/news_150005.json[0m [36mtotal_count[0m=[35m20[0m
[[32m[1minfo     [0m] [1mSave complete                 [0m [[0m[1m[34m__main__[0m][0m [36mcount[0m=[35m20[0m [36mmodule[0m=[35mscrape_finance_news[0m [36moutput_file[0m=[35m/Volumes/personal_folder/scraped/reuters_jp/2026-04-14/news_150005.json[0m [36msource[0m=[35mreuters_jp[0m
[[32m[1minfo     [0m] [1mScraper finished successfully [0m [[0m[1m[34m__main__[0m][0m [36mmodule[0m=[35mscrape_finance_news[0m [36msaved_files[0m=[35m['/Volumes/personal_folder/scraped/reuters_jp/2026-04-14/news_150005.json'][0m [36mtotal_articles[0m=[35m20[0m
[[32m[1minfo     [0m] [1mFinance news scraper starting [0m [[0m[1m[34m__main__[0m][0m [36minclude_content[0m=[35mTrue[0m [36mmax_articles[0m=[35m50[0m [36mmodule[0m=[35mscrape_finance_news[0m [36msources[0m=[35m['reuters_jp'][0m
[[32m[1minfo     [0m] [1mStarting news collection      [0m [[0m[1m[34m__main__[0m][0m [36mmodule[0m=[35mscrape_finance_news[0m [36msources[0m=[35m['reuters_jp'][0m
[[32m[1minfo     [0m] [1mStarting financial news collection (async)[0m [[0m[1m[34mnews_scraper.unified[0m][0m [36minclude_content[0m=[35mTrue[0m [36mmax_articles_per_source[0m=[35m50[0m [36mmodule[0m=[35munified[0m [36msources[0m=[35m['reuters_jp'][0m
[[32m[1minfo     [0m] [1mStarting Reuters JP news collection[0m [[0m[1m[34mnews_scraper.reuters_jp[0m][0m [36mmax_articles_per_source[0m=[35m50[0m [36mmodule[0m=[35mreuters_jp[0m [36msections[0m=[35m['markets', 'business'][0m
[[32m[1minfo     [0m] [1mFetching Reuters JP section   [0m [[0m[1m[34mnews_scraper.reuters_jp[0m][0m [36mmodule[0m=[35mreuters_jp[0m [36msection[0m=[35mmarkets[0m [36murl[0m=[35mhttps://jp.reuters.com/markets/[0m
[[32m[1minfo     [0m] [1mFetching Reuters JP section   [0m [[0m[1m[34mnews_scraper.reuters_jp[0m][0m [36mmodule[0m=[35mreuters_jp[0m [36msection[0m=[35mbusiness[0m [36murl[0m=[35mhttps://jp.reuters.com/business/[0m
[[32m[1minfo     [0m] [1mHTTP Request: GET https://jp.reuters.com/markets/ "HTTP/1.1 200 OK"[0m [[0m[1m[34mhttpx[0m][0m
[[32m[1minfo     [0m] [1mHTML fetched (async)          [0m [[0m[1m[34mnews_scraper._html_utils[0m][0m [36mmodule[0m=[35mhtml_utils[0m [36mstatus_code[0m=[35m200[0m [36murl[0m=[35mhttps://jp.reuters.com/markets/[0m
[[32m[1minfo     [0m] [1mMarkets page parsed           [0m [[0m[1m[34mnews_scraper.reuters_jp[0m][0m [36marticle_count[0m=[35m6[0m [36mmodule[0m=[35mreuters_jp[0m
[[32m[1minfo     [0m] [1mReuters JP section complete   [0m [[0m[1m[34mnews_scraper.reuters_jp[0m][0m [36mcount[0m=[35m6[0m [36mmodule[0m=[35mreuters_jp[0m [36msection[0m=[35mmarkets[0m
[[32m[1minfo     [0m] [1mHTTP Request: GET https://jp.reuters.com/business/ "HTTP/1.1 200 OK"[0m [[0m[1m[34mhttpx[0m][0m
[[32m[1minfo     [0m] [1mHTML fetched (async)          [0m [[0m[1m[34mnews_scraper._html_utils[0m][0m [36mmodule[0m=[35mhtml_utils[0m [36mstatus_code[0m=[35m200[0m [36murl[0m=[35mhttps://jp.reuters.com/business/[0m
[[32m[1minfo     [0m] [1mBusiness page parsed          [0m [[0m[1m[34mnews_scraper.reuters_jp[0m][0m [36marticle_count[0m=[35m20[0m [36mmodule[0m=[35mreuters_jp[0m
[[32m[1minfo     [0m] [1mReuters JP section complete   [0m [[0m[1m[34mnews_scraper.reuters_jp[0m][0m [36mcount[0m=[35m20[0m [36mmodule[0m=[35mreuters_jp[0m [36msection[0m=[35mbusiness[0m
[[32m[1minfo     [0m] [1mReuters JP news collection complete[0m [[0m[1m[34mnews_scraper.reuters_jp[0m][0m [36mmodule[0m=[35mreuters_jp[0m [36mtotal_articles[0m=[35m21[0m
[[32m[1minfo     [0m] [1mSource collection complete    [0m [[0m[1m[34mnews_scraper.unified[0m][0m [36mmodule[0m=[35munified[0m [36msource[0m=[35mreuters_jp[0m [36msource_articles[0m=[35m21[0m
[[32m[1minfo     [0m] [1mFetching content for articles missing it[0m [[0m[1m[34mnews_scraper.unified[0m][0m [36mcount[0m=[35m21[0m [36mmodule[0m=[35munified[0m
[[32m[1minfo     [0m] [1mStarting batch extraction     [0m [[0m[1m[34mrss.services.article_extractor[0m][0m [36mmodule[0m=[35marticle_extractor[0m [36mrate_limit[0m=[35m1.0[0m [36murl_count[0m=[35m21[0m
[[32m[1minfo     [0m] [1mStarting article extraction   [0m [[0m[1m[34mrss.services.article_extractor[0m][0m [36mmodule[0m=[35marticle_extractor[0m [36murl[0m=[35mhttps://jp.reuters.com/markets/japan/N3C5FW4M2BLY7NPSWCD2Q3HLWY-2026-04-14/[0m [36muser_agent[0m=[35m'Mozilla/5.0 (Macintosh; Intel Mac OS X 10_15_7) Ap...'[0m
[[32m[1minfo     [0m] [1mTrafilatura extraction successful[0m [[0m[1m[34mrss.services.article_extractor[0m][0m [36mmodule[0m=[35marticle_extractor[0m [36mtext_length[0m=[35m908[0m [36mtitle[0m=[35mNone[0m [36murl[0m=[35mhttps://jp.reuters.com/markets/japan/N3C5FW4M2BLY7NPSWCD2Q3HLWY-2026-04-14/[0m
[[32m[1minfo     [0m] [1mStarting article extraction   [0m [[0m[1m[34mrss.services.article_extractor[0m][0m [36mmodule[0m=[35marticle_extractor[0m [36murl[0m=[35mhttps://jp.reuters.com/markets/japan/TJKBXS3I3FPQJEBFJI6FI44LZY-2026-04-14/[0m [36muser_agent[0m=[35m'Mozilla/5.0 (Macintosh; Intel Mac OS X 10_15_7) Ap...'[0m
[[32m[1minfo     [0m] [1mTrafilatura extraction successful[0m [[0m[1m[34mrss.services.article_extractor[0m][0m [36mmodule[0m=[35marticle_extractor[0m [36mtext_length[0m=[35m1090[0m [36mtitle[0m=[35mNone[0m [36murl[0m=[35mhttps://jp.reuters.com/markets/japan/TJKBXS3I3FPQJEBFJI6FI44LZY-2026-04-14/[0m
[[32m[1minfo     [0m] [1mStarting article extraction   [0m [[0m[1m[34mrss.services.article_extractor[0m][0m [36mmodule[0m=[35marticle_extractor[0m [36murl[0m=[35mhttps://jp.reuters.com/markets/japan/5GBUL2LRGNOVTO3UBOR3R3B5EI-2026-04-14/[0m [36muser_agent[0m=[35m'Mozilla/5.0 (Macintosh; Intel Mac OS X 10_15_7) Ap...'[0m
[[32m[1minfo     [0m] [1mTrafilatura extraction successful[0m [[0m[1m[34mrss.services.article_extractor[0m][0m [36mmodule[0m=[35marticle_extractor[0m [36mtext_length[0m=[35m772[0m [36mtitle[0m=[35mNone[0m [36murl[0m=[35mhttps://jp.reuters.com/markets/japan/5GBUL2LRGNOVTO3UBOR3R3B5EI-2026-04-14/[0m
[[32m[1minfo     [0m] [1mStarting article extraction   [0m [[0m[1m[34mrss.services.article_extractor[0m][0m [36mmodule[0m=[35marticle_extractor[0m [36murl[0m=[35mhttps://jp.reuters.com/markets/japan/QYSXEJDK45KMJFEXN4N3GJRXQ4-2026-04-14/[0m [36muser_agent[0m=[35m'Mozilla/5.0 (Macintosh; Intel Mac OS X 10_15_7) Ap...'[0m
[[32m[1minfo     [0m] [1mTrafilatura extraction successful[0m [[0m[1m[34mrss.services.article_extractor[0m][0m [36mmodule[0m=[35marticle_extractor[0m [36mtext_length[0m=[35m751[0m [36mtitle[0m=[35mNone[0m [36murl[0m=[35mhttps://jp.reuters.com/markets/japan/QYSXEJDK45KMJFEXN4N3GJRXQ4-2026-04-14/[0m
[[32m[1minfo     [0m] [1mStarting article extraction   [0m [[0m[1m[34mrss.services.article_extractor[0m][0m [36mmodule[0m=[35marticle_extractor[0m [36murl[0m=[35mhttps://jp.reuters.com/markets/japan/EQL3CLPJ2NPDPN6D2QIYCNPJ3Y-2026-04-14/[0m [36muser_agent[0m=[35m'Mozilla/5.0 (Macintosh; Intel Mac OS X 10_15_7) Ap...'[0m
[[32m[1minfo     [0m] [1mTrafilatura extraction successful[0m [[0m[1m[34mrss.services.article_extractor[0m][0m [36mmodule[0m=[35marticle_extractor[0m [36mtext_length[0m=[35m520[0m [36mtitle[0m=[35mNone[0m [36murl[0m=[35mhttps://jp.reuters.com/markets/japan/EQL3CLPJ2NPDPN6D2QIYCNPJ3Y-2026-04-14/[0m
[[32m[1minfo     [0m] [1mStarting article extraction   [0m [[0m[1m[34mrss.services.article_extractor[0m][0m [36mmodule[0m=[35marticle_extractor[0m [36murl[0m=[35mhttps://jp.reuters.com/markets/japan/O4T7NJ7H3BOY7NC5N2RQN6Y3RE-2026-04-14/[0m [36muser_agent[0m=[35m'Mozilla/5.0 (Macintosh; Intel Mac OS X 10_15_7) Ap...'[0m
[[32m[1minfo     [0m] [1mTrafilatura extraction successful[0m [[0m[1m[34mrss.services.article_extractor[0m][0m [36mmodule[0m=[35marticle_extractor[0m [36mtext_length[0m=[35m454[0m [36mtitle[0m=[35mNone[0m [36murl[0m=[35mhttps://jp.reuters.com/markets/japan/O4T7NJ7H3BOY7NC5N2RQN6Y3RE-2026-04-14/[0m
[[32m[1minfo     [0m] [1mStarting article extraction   [0m [[0m[1m[34mrss.services.article_extractor[0m][0m [36mmodule[0m=[35marticle_extractor[0m [36murl[0m=[35mhttps://jp.reuters.com/markets/japan/6DME4FO4HZKUBHL3RKDC3LP3ZA-2026-04-14/[0m [36muser_agent[0m=[35m'Mozilla/5.0 (Macintosh; Intel Mac OS X 10_15_7) Ap...'[0m
[[32m[1minfo     [0m] [1mTrafilatura extraction successful[0m [[0m[1m[34mrss.services.article_extractor[0m][0m [36mmodule[0m=[35marticle_extractor[0m [36mtext_length[0m=[35m673[0m [36mtitle[0m=[35mNone[0m [36murl[0m=[35mhttps://jp.reuters.com/markets/japan/6DME4FO4HZKUBHL3RKDC3LP3ZA-2026-04-14/[0m
[[32m[1minfo     [0m] [1mStarting article extraction   [0m [[0m[1m[34mrss.services.article_extractor[0m][0m [36mmodule[0m=[35marticle_extractor[0m [36murl[0m=[35mhttps://jp.reuters.com/markets/japan/KR3Q677WT5MVRN4LHL5BPABPEI-2026-04-14/[0m [36muser_agent[0m=[35m'Mozilla/5.0 (Macintosh; Intel Mac OS X 10_15_7) Ap...'[0m
[[32m[1minfo     [0m] [1mTrafilatura extraction successful[0m [[0m[1m[34mrss.services.article_extractor[0m][0m [36mmodule[0m=[35marticle_extractor[0m [36mtext_length[0m=[35m360[0m [36mtitle[0m=[35mNone[0m [36murl[0m=[35mhttps://jp.reuters.com/markets/japan/KR3Q677WT5MVRN4LHL5BPABPEI-2026-04-14/[0m
[[32m[1minfo     [0m] [1mStarting article extraction   [0m [[0m[1m[34mrss.services.article_extractor[0m][0m [36mmodule[0m=[35marticle_extractor[0m [36murl[0m=[35mhttps://jp.reuters.com/markets/japan/X2RRNPCIR5O23J76RPJQHCGDFQ-2026-04-14/[0m [36muser_agent[0m=[35m'Mozilla/5.0 (Macintosh; Intel Mac OS X 10_15_7) Ap...'[0m
[[32m[1minfo     [0m] [1mTrafilatura extraction successful[0m [[0m[1m[34mrss.services.article_extractor[0m][0m [36mmodule[0m=[35marticle_extractor[0m [36mtext_length[0m=[35m680[0m [36mtitle[0m=[35mNone[0m [36murl[0m=[35mhttps://jp.reuters.com/markets/japan/X2RRNPCIR5O23J76RPJQHCGDFQ-2026-04-14/[0m
[[32m[1minfo     [0m] [1mStarting article extraction   [0m [[0m[1m[34mrss.services.article_extractor[0m][0m [36mmodule[0m=[35marticle_extractor[0m [36murl[0m=[35mhttps://jp.reuters.com/markets/japan/CL4VPFWRLNOIHETAICC764IZSE-2026-04-14/[0m [36muser_agent[0m=[35m'Mozilla/5.0 (Macintosh; Intel Mac OS X 10_15_7) Ap...'[0m
[[32m[1minfo     [0m] [1mTrafilatura extraction successful[0m [[0m[1m[34mrss.services.article_extractor[0m][0m [36mmodule[0m=[35marticle_extractor[0m [36mtext_length[0m=[35m510[0m [36mtitle[0m=[35mNone[0m [36murl[0m=[35mhttps://jp.reuters.com/markets/japan/CL4VPFWRLNOIHETAICC764IZSE-2026-04-14/[0m
[[32m[1minfo     [0m] [1mStarting article extraction   [0m [[0m[1m[34mrss.services.article_extractor[0m][0m [36mmodule[0m=[35marticle_extractor[0m [36murl[0m=[35mhttps://jp.reuters.com/markets/japan/7R55DK4OGFJYVA22LHJX4MR6KY-2026-04-14/[0m [36muser_agent[0m=[35m'Mozilla/5.0 (Macintosh; Intel Mac OS X 10_15_7) Ap...'[0m
[[32m[1minfo     [0m] [1mTrafilatura extraction successful[0m [[0m[1m[34mrss.services.article_extractor[0m][0m [36mmodule[0m=[35marticle_extractor[0m [36mtext_length[0m=[35m608[0m [36mtitle[0m=[35mNone[0m [36murl[0m=[35mhttps://jp.reuters.com/markets/japan/7R55DK4OGFJYVA22LHJX4MR6KY-2026-04-14/[0m
[[32m[1minfo     [0m] [1mStarting article extraction   [0m [[0m[1m[34mrss.services.article_extractor[0m][0m [36mmodule[0m=[35marticle_extractor[0m [36murl[0m=[35mhttps://jp.reuters.com/business/OKEDUKTWSBLR5KU7F7CO3MT2ZM-2026-04-14/[0m [36muser_agent[0m=[35m'Mozilla/5.0 (Macintosh; Intel Mac OS X 10_15_7) Ap...'[0m
[[32m[1minfo     [0m] [1mTrafilatura extraction successful[0m [[0m[1m[34mrss.services.article_extractor[0m][0m [36mmodule[0m=[35marticle_extractor[0m [36mtext_length[0m=[35m447[0m [36mtitle[0m=[35mNone[0m [36murl[0m=[35mhttps://jp.reuters.com/business/OKEDUKTWSBLR5KU7F7CO3MT2ZM-2026-04-14/[0m
[[32m[1minfo     [0m] [1mStarting article extraction   [0m [[0m[1m[34mrss.services.article_extractor[0m][0m [36mmodule[0m=[35marticle_extractor[0m [36murl[0m=[35mhttps://jp.reuters.com/markets/japan/BSQPD3D56BOQLF4OHJQNE7YMIE-2026-04-14/[0m [36muser_agent[0m=[35m'Mozilla/5.0 (Macintosh; Intel Mac OS X 10_15_7) Ap...'[0m
[[32m[1minfo     [0m] [1mTrafilatura extraction successful[0m [[0m[1m[34mrss.services.article_extractor[0m][0m [36mmodule[0m=[35marticle_extractor[0m [36mtext_length[0m=[35m1066[0m [36mtitle[0m=[35mNone[0m [36murl[0m=[35mhttps://jp.reuters.com/markets/japan/BSQPD3D56BOQLF4OHJQNE7YMIE-2026-04-14/[0m
[[32m[1minfo     [0m] [1mStarting article extraction   [0m [[0m[1m[34mrss.services.article_extractor[0m][0m [36mmodule[0m=[35marticle_extractor[0m [36murl[0m=[35mhttps://jp.reuters.com/markets/japan/R4JLQWFIDRO3JPRGTC4YRHOTAU-2026-04-14/[0m [36muser_agent[0m=[35m'Mozilla/5.0 (Macintosh; Intel Mac OS X 10_15_7) Ap...'[0m
[[32m[1minfo     [0m] [1mTrafilatura extraction successful[0m [[0m[1m[34mrss.services.article_extractor[0m][0m [36mmodule[0m=[35marticle_extractor[0m [36mtext_length[0m=[35m163[0m [36mtitle[0m=[35mNone[0m [36murl[0m=[35mhttps://jp.reuters.com/markets/japan/R4JLQWFIDRO3JPRGTC4YRHOTAU-2026-04-14/[0m
[[32m[1minfo     [0m] [1mStarting article extraction   [0m [[0m[1m[34mrss.services.article_extractor[0m][0m [36mmodule[0m=[35marticle_extractor[0m [36murl[0m=[35mhttps://jp.reuters.com/markets/japan/XAVCAANR3RIRZF4X3GL7UVUA3I-2026-04-14/[0m [36muser_agent[0m=[35m'Mozilla/5.0 (Macintosh; Intel Mac OS X 10_15_7) Ap...'[0m
[[32m[1minfo     [0m] [1mTrafilatura extraction successful[0m [[0m[1m[34mrss.services.article_extractor[0m][0m [36mmodule[0m=[35marticle_extractor[0m [36mtext_length[0m=[35m357[0m [36mtitle[0m=[35mNone[0m [36murl[0m=[35mhttps://jp.reuters.com/markets/japan/XAVCAANR3RIRZF4X3GL7UVUA3I-2026-04-14/[0m
[[32m[1minfo     [0m] [1mStarting article extraction   [0m [[0m[1m[34mrss.services.article_extractor[0m][0m [36mmodule[0m=[35marticle_extractor[0m [36murl[0m=[35mhttps://jp.reuters.com/economy/inflation/CLFCRHYQPFLR7IV7HGWHKYJDEA-2026-04-14/[0m [36muser_agent[0m=[35m'Mozilla/5.0 (Macintosh; Intel Mac OS X 10_15_7) Ap...'[0m
[[32m[1minfo     [0m] [1mTrafilatura extraction successful[0m [[0m[1m[34mrss.services.article_extractor[0m][0m [36mmodule[0m=[35marticle_extractor[0m [36mtext_length[0m=[35m523[0m [36mtitle[0m=[35mNone[0m [36murl[0m=[35mhttps://jp.reuters.com/economy/inflation/CLFCRHYQPFLR7IV7HGWHKYJDEA-2026-04-14/[0m
[[32m[1minfo     [0m] [1mStarting article extraction   [0m [[0m[1m[34mrss.services.article_extractor[0m][0m [36mmodule[0m=[35marticle_extractor[0m [36murl[0m=[35mhttps://jp.reuters.com/economy/inflation/AA3TC5XZZFLA7ECZUQO3PPLO64-2026-04-14/[0m [36muser_agent[0m=[35m'Mozilla/5.0 (Macintosh; Intel Mac OS X 10_15_7) Ap...'[0m
[[32m[1minfo     [0m] [1mTrafilatura extraction successful[0m [[0m[1m[34mrss.services.article_extractor[0m][0m [36mmodule[0m=[35marticle_extractor[0m [36mtext_length[0m=[35m2523[0m [36mtitle[0m=[35mNone[0m [36murl[0m=[35mhttps://jp.reuters.com/economy/inflation/AA3TC5XZZFLA7ECZUQO3PPLO64-2026-04-14/[0m
[[32m[1minfo     [0m] [1mStarting article extraction   [0m [[0m[1m[34mrss.services.article_extractor[0m][0m [36mmodule[0m=[35marticle_extractor[0m [36murl[0m=[35mhttps://jp.reuters.com/opinion/JON3JFYXE5MUFPWYNLF7ESU4DA-2026-04-14/[0m [36muser_agent[0m=[35m'Mozilla/5.0 (Macintosh; Intel Mac OS X 10_15_7) Ap...'[0m
[[32m[1minfo     [0m] [1mTrafilatura extraction successful[0m [[0m[1m[34mrss.services.article_extractor[0m][0m [36mmodule[0m=[35marticle_extractor[0m [36mtext_length[0m=[35m1208[0m [36mtitle[0m=[35mNone[0m [36murl[0m=[35mhttps://jp.reuters.com/opinion/JON3JFYXE5MUFPWYNLF7ESU4DA-2026-04-14/[0m
[[32m[1minfo     [0m] [1mStarting article extraction   [0m [[0m[1m[34mrss.services.article_extractor[0m][0m [36mmodule[0m=[35marticle_extractor[0m [36murl[0m=[35mhttps://jp.reuters.com/markets/japan/HNFBK25VHZMLPJYFQIIVGPIQQI-2026-04-14/[0m [36muser_agent[0m=[35m'Mozilla/5.0 (Macintosh; Intel Mac OS X 10_15_7) Ap...'[0m
[[32m[1minfo     [0m] [1mTrafilatura extraction successful[0m [[0m[1m[34mrss.services.article_extractor[0m][0m [36mmodule[0m=[35marticle_extractor[0m [36mtext_length[0m=[35m1031[0m [36mtitle[0m=[35mNone[0m [36murl[0m=[35mhttps://jp.reuters.com/markets/japan/HNFBK25VHZMLPJYFQIIVGPIQQI-2026-04-14/[0m
[[32m[1minfo     [0m] [1mStarting article extraction   [0m [[0m[1m[34mrss.services.article_extractor[0m][0m [36mmodule[0m=[35marticle_extractor[0m [36murl[0m=[35mhttps://jp.reuters.com/markets/japan/V2WJAXOS6JKGFOKLOTP5XTVT2U-2026-04-14/[0m [36muser_agent[0m=[35m'Mozilla/5.0 (Macintosh; Intel Mac OS X 10_15_7) Ap...'[0m
[[32m[1minfo     [0m] [1mTrafilatura extraction successful[0m [[0m[1m[34mrss.services.article_extractor[0m][0m [36mmodule[0m=[35marticle_extractor[0m [36mtext_length[0m=[35m1342[0m [36mtitle[0m=[35mNone[0m [36murl[0m=[35mhttps://jp.reuters.com/markets/japan/V2WJAXOS6JKGFOKLOTP5XTVT2U-2026-04-14/[0m
[[32m[1minfo     [0m] [1mStarting article extraction   [0m [[0m[1m[34mrss.services.article_extractor[0m][0m [36mmodule[0m=[35marticle_extractor[0m [36murl[0m=[35mhttps://jp.reuters.com/world/ukraine/JNMDPRHWGRKB3KHGQ4RKUTCKXU-2026-04-14/[0m [36muser_agent[0m=[35m'Mozilla/5.0 (Macintosh; Intel Mac OS X 10_15_7) Ap...'[0m
[[32m[1minfo     [0m] [1mTrafilatura extraction successful[0m [[0m[1m[34mrss.services.article_extractor[0m][0m [36mmodule[0m=[35marticle_extractor[0m [36mtext_length[0m=[35m728[0m [36mtitle[0m=[35mNone[0m [36murl[0m=[35mhttps://jp.reuters.com/world/ukraine/JNMDPRHWGRKB3KHGQ4RKUTCKXU-2026-04-14/[0m
[[32m[1minfo     [0m] [1mBatch extraction completed    [0m [[0m[1m[34mrss.services.article_extractor[0m][0m [36mfailed[0m=[35m0[0m [36mmodule[0m=[35marticle_extractor[0m [36msuccess[0m=[35m21[0m [36mtotal[0m=[35m21[0m
[[32m[1minfo     [0m] [1mContent post-fetch complete   [0m [[0m[1m[34mnews_scraper.unified[0m][0m [36mfetched[0m=[35m21[0m [36mmodule[0m=[35munified[0m [36mtotal[0m=[35m21[0m
[[32m[1minfo     [0m] [1mFinancial news collection complete[0m [[0m[1m[34mnews_scraper.unified[0m][0m [36melapsed_seconds[0m=[35m26.09[0m [36mmodule[0m=[35munified[0m [36msources[0m=[35m['reuters_jp'][0m [36mtotal_articles[0m=[35m21[0m
[[32m[1minfo     [0m] [1mRawStore: saved=9, dup=12, empty=0[0m [[0m[1m[34mnews_scraper.unified[0m][0m [36mmodule[0m=[35munified[0m
[[32m[1minfo     [0m] [1mCollection complete           [0m [[0m[1m[34m__main__[0m][0m [36marticle_count[0m=[35m21[0m [36mmodule[0m=[35mscrape_finance_news[0m
[[32m[1minfo     [0m] [1mNAS is mounted, using NAS output[0m [[0m[1m[34m__main__[0m][0m [36mmodule[0m=[35mscrape_finance_news[0m [36mpath[0m=[35m/Volumes/personal_folder/scraped/reuters_jp[0m [36msource[0m=[35mreuters_jp[0m
[[32m[1minfo     [0m] [1mOutput directory ready        [0m [[0m[1m[34m__main__[0m][0m [36mmodule[0m=[35mscrape_finance_news[0m [36mpath[0m=[35m/Volumes/personal_folder/scraped/reuters_jp/2026-04-14[0m
[[32m[1minfo     [0m] [1mArticles saved to JSON        [0m [[0m[1m[34m__main__[0m][0m [36mmodule[0m=[35mscrape_finance_news[0m [36mpath[0m=[35m/Volumes/personal_folder/scraped/reuters_jp/2026-04-14/news_210006.json[0m [36mtotal_count[0m=[35m21[0m
[[32m[1minfo     [0m] [1mSave complete                 [0m [[0m[1m[34m__main__[0m][0m [36mcount[0m=[35m21[0m [36mmodule[0m=[35mscrape_finance_news[0m [36moutput_file[0m=[35m/Volumes/personal_folder/scraped/reuters_jp/2026-04-14/news_210006.json[0m [36msource[0m=[35mreuters_jp[0m
[[32m[1minfo     [0m] [1mScraper finished successfully [0m [[0m[1m[34m__main__[0m][0m [36mmodule[0m=[35mscrape_finance_news[0m [36msaved_files[0m=[35m['/Volumes/personal_folder/scraped/reuters_jp/2026-04-14/news_210006.json'][0m [36mtotal_articles[0m=[35m21[0m
[[32m[1minfo     [0m] [1mFinance news scraper starting [0m [[0m[1m[34m__main__[0m][0m [36minclude_content[0m=[35mTrue[0m [36mmax_articles[0m=[35m50[0m [36mmodule[0m=[35mscrape_finance_news[0m [36msources[0m=[35m['reuters_jp'][0m
[[32m[1minfo     [0m] [1mStarting news collection      [0m [[0m[1m[34m__main__[0m][0m [36mmodule[0m=[35mscrape_finance_news[0m [36msources[0m=[35m['reuters_jp'][0m
[[32m[1minfo     [0m] [1mStarting financial news collection (async)[0m [[0m[1m[34mnews_scraper.unified[0m][0m [36minclude_content[0m=[35mTrue[0m [36mmax_articles_per_source[0m=[35m50[0m [36mmodule[0m=[35munified[0m [36msources[0m=[35m['reuters_jp'][0m
[[32m[1minfo     [0m] [1mStarting Reuters JP news collection[0m [[0m[1m[34mnews_scraper.reuters_jp[0m][0m [36mmax_articles_per_source[0m=[35m50[0m [36mmodule[0m=[35mreuters_jp[0m [36msections[0m=[35m['markets', 'business'][0m
[[32m[1minfo     [0m] [1mFetching Reuters JP section   [0m [[0m[1m[34mnews_scraper.reuters_jp[0m][0m [36mmodule[0m=[35mreuters_jp[0m [36msection[0m=[35mmarkets[0m [36murl[0m=[35mhttps://jp.reuters.com/markets/[0m
[[32m[1minfo     [0m] [1mFetching Reuters JP section   [0m [[0m[1m[34mnews_scraper.reuters_jp[0m][0m [36mmodule[0m=[35mreuters_jp[0m [36msection[0m=[35mbusiness[0m [36murl[0m=[35mhttps://jp.reuters.com/business/[0m
[[32m[1minfo     [0m] [1mHTTP Request: GET https://jp.reuters.com/markets/ "HTTP/1.1 200 OK"[0m [[0m[1m[34mhttpx[0m][0m
[[32m[1minfo     [0m] [1mHTML fetched (async)          [0m [[0m[1m[34mnews_scraper._html_utils[0m][0m [36mmodule[0m=[35mhtml_utils[0m [36mstatus_code[0m=[35m200[0m [36murl[0m=[35mhttps://jp.reuters.com/markets/[0m
[[32m[1minfo     [0m] [1mMarkets page parsed           [0m [[0m[1m[34mnews_scraper.reuters_jp[0m][0m [36marticle_count[0m=[35m6[0m [36mmodule[0m=[35mreuters_jp[0m
[[32m[1minfo     [0m] [1mReuters JP section complete   [0m [[0m[1m[34mnews_scraper.reuters_jp[0m][0m [36mcount[0m=[35m6[0m [36mmodule[0m=[35mreuters_jp[0m [36msection[0m=[35mmarkets[0m
[[32m[1minfo     [0m] [1mHTTP Request: GET https://jp.reuters.com/business/ "HTTP/1.1 200 OK"[0m [[0m[1m[34mhttpx[0m][0m
[[32m[1minfo     [0m] [1mHTML fetched (async)          [0m [[0m[1m[34mnews_scraper._html_utils[0m][0m [36mmodule[0m=[35mhtml_utils[0m [36mstatus_code[0m=[35m200[0m [36murl[0m=[35mhttps://jp.reuters.com/business/[0m
[[32m[1minfo     [0m] [1mBusiness page parsed          [0m [[0m[1m[34mnews_scraper.reuters_jp[0m][0m [36marticle_count[0m=[35m20[0m [36mmodule[0m=[35mreuters_jp[0m
[[32m[1minfo     [0m] [1mReuters JP section complete   [0m [[0m[1m[34mnews_scraper.reuters_jp[0m][0m [36mcount[0m=[35m20[0m [36mmodule[0m=[35mreuters_jp[0m [36msection[0m=[35mbusiness[0m
[[32m[1minfo     [0m] [1mReuters JP news collection complete[0m [[0m[1m[34mnews_scraper.reuters_jp[0m][0m [36mmodule[0m=[35mreuters_jp[0m [36mtotal_articles[0m=[35m21[0m
[[32m[1minfo     [0m] [1mSource collection complete    [0m [[0m[1m[34mnews_scraper.unified[0m][0m [36mmodule[0m=[35munified[0m [36msource[0m=[35mreuters_jp[0m [36msource_articles[0m=[35m21[0m
[[32m[1minfo     [0m] [1mFetching content for articles missing it[0m [[0m[1m[34mnews_scraper.unified[0m][0m [36mcount[0m=[35m21[0m [36mmodule[0m=[35munified[0m
[[32m[1minfo     [0m] [1mStarting batch extraction     [0m [[0m[1m[34mrss.services.article_extractor[0m][0m [36mmodule[0m=[35marticle_extractor[0m [36mrate_limit[0m=[35m1.0[0m [36murl_count[0m=[35m21[0m
[[32m[1minfo     [0m] [1mStarting article extraction   [0m [[0m[1m[34mrss.services.article_extractor[0m][0m [36mmodule[0m=[35marticle_extractor[0m [36murl[0m=[35mhttps://jp.reuters.com/markets/japan/NT62EFYCUBO65C7FAS3LLUVZDE-2026-04-14/[0m [36muser_agent[0m=[35m'Mozilla/5.0 (Macintosh; Intel Mac OS X 10_15_7) Ap...'[0m
[[32m[1minfo     [0m] [1mTrafilatura extraction successful[0m [[0m[1m[34mrss.services.article_extractor[0m][0m [36mmodule[0m=[35marticle_extractor[0m [36mtext_length[0m=[35m447[0m [36mtitle[0m=[35mNone[0m [36murl[0m=[35mhttps://jp.reuters.com/markets/japan/NT62EFYCUBO65C7FAS3LLUVZDE-2026-04-14/[0m
[[32m[1minfo     [0m] [1mStarting article extraction   [0m [[0m[1m[34mrss.services.article_extractor[0m][0m [36mmodule[0m=[35marticle_extractor[0m [36murl[0m=[35mhttps://jp.reuters.com/markets/japan/FYUQPQPPIJL4VJQNFLHUW5KTTQ-2026-04-14/[0m [36muser_agent[0m=[35m'Mozilla/5.0 (Macintosh; Intel Mac OS X 10_15_7) Ap...'[0m
[[32m[1minfo     [0m] [1mTrafilatura extraction successful[0m [[0m[1m[34mrss.services.article_extractor[0m][0m [36mmodule[0m=[35marticle_extractor[0m [36mtext_length[0m=[35m718[0m [36mtitle[0m=[35mNone[0m [36murl[0m=[35mhttps://jp.reuters.com/markets/japan/FYUQPQPPIJL4VJQNFLHUW5KTTQ-2026-04-14/[0m
[[32m[1minfo     [0m] [1mStarting article extraction   [0m [[0m[1m[34mrss.services.article_extractor[0m][0m [36mmodule[0m=[35marticle_extractor[0m [36murl[0m=[35mhttps://jp.reuters.com/markets/japan/XUJGCQ7NKBPS7OKQT6SXF7AWTA-2026-04-14/[0m [36muser_agent[0m=[35m'Mozilla/5.0 (Macintosh; Intel Mac OS X 10_15_7) Ap...'[0m
[[32m[1minfo     [0m] [1mTrafilatura extraction successful[0m [[0m[1m[34mrss.services.article_extractor[0m][0m [36mmodule[0m=[35marticle_extractor[0m [36mtext_length[0m=[35m1335[0m [36mtitle[0m=[35mNone[0m [36murl[0m=[35mhttps://jp.reuters.com/markets/japan/XUJGCQ7NKBPS7OKQT6SXF7AWTA-2026-04-14/[0m
[[32m[1minfo     [0m] [1mStarting article extraction   [0m [[0m[1m[34mrss.services.article_extractor[0m][0m [36mmodule[0m=[35marticle_extractor[0m [36murl[0m=[35mhttps://jp.reuters.com/economy/inflation/GL22RB3CF5JQ5BJU5XZC566ZI4-2026-04-14/[0m [36muser_agent[0m=[35m'Mozilla/5.0 (Macintosh; Intel Mac OS X 10_15_7) Ap...'[0m
[[32m[1minfo     [0m] [1mTrafilatura extraction successful[0m [[0m[1m[34mrss.services.article_extractor[0m][0m [36mmodule[0m=[35marticle_extractor[0m [36mtext_length[0m=[35m1170[0m [36mtitle[0m=[35mNone[0m [36murl[0m=[35mhttps://jp.reuters.com/economy/inflation/GL22RB3CF5JQ5BJU5XZC566ZI4-2026-04-14/[0m
[[32m[1minfo     [0m] [1mStarting article extraction   [0m [[0m[1m[34mrss.services.article_extractor[0m][0m [36mmodule[0m=[35marticle_extractor[0m [36murl[0m=[35mhttps://jp.reuters.com/world/japan/DXEV3Q7XVJMXLO7G5QFT3JWYCE-2026-04-14/[0m [36muser_agent[0m=[35m'Mozilla/5.0 (Macintosh; Intel Mac OS X 10_15_7) Ap...'[0m
[[32m[1minfo     [0m] [1mTrafilatura extraction successful[0m [[0m[1m[34mrss.services.article_extractor[0m][0m [36mmodule[0m=[35marticle_extractor[0m [36mtext_length[0m=[35m913[0m [36mtitle[0m=[35mNone[0m [36murl[0m=[35mhttps://jp.reuters.com/world/japan/DXEV3Q7XVJMXLO7G5QFT3JWYCE-2026-04-14/[0m
[[32m[1minfo     [0m] [1mStarting article extraction   [0m [[0m[1m[34mrss.services.article_extractor[0m][0m [36mmodule[0m=[35marticle_extractor[0m [36murl[0m=[35mhttps://jp.reuters.com/markets/japan/P6RPFW7X3JMH3EXTCSP63O3TK4-2026-04-14/[0m [36muser_agent[0m=[35m'Mozilla/5.0 (Macintosh; Intel Mac OS X 10_15_7) Ap...'[0m
[[32m[1minfo     [0m] [1mTrafilatura extraction successful[0m [[0m[1m[34mrss.services.article_extractor[0m][0m [36mmodule[0m=[35marticle_extractor[0m [36mtext_length[0m=[35m910[0m [36mtitle[0m=[35mNone[0m [36murl[0m=[35mhttps://jp.reuters.com/markets/japan/P6RPFW7X3JMH3EXTCSP63O3TK4-2026-04-14/[0m
[[32m[1minfo     [0m] [1mStarting article extraction   [0m [[0m[1m[34mrss.services.article_extractor[0m][0m [36mmodule[0m=[35marticle_extractor[0m [36murl[0m=[35mhttps://jp.reuters.com/markets/japan/HWAKN7SDUJN4RCZIAXXRLNH7C4-2026-04-15/[0m [36muser_agent[0m=[35m'Mozilla/5.0 (Macintosh; Intel Mac OS X 10_15_7) Ap...'[0m
[[32m[1minfo     [0m] [1mTrafilatura extraction successful[0m [[0m[1m[34mrss.services.article_extractor[0m][0m [36mmodule[0m=[35marticle_extractor[0m [36mtext_length[0m=[35m462[0m [36mtitle[0m=[35mNone[0m [36murl[0m=[35mhttps://jp.reuters.com/markets/japan/HWAKN7SDUJN4RCZIAXXRLNH7C4-2026-04-15/[0m
[[32m[1minfo     [0m] [1mStarting article extraction   [0m [[0m[1m[34mrss.services.article_extractor[0m][0m [36mmodule[0m=[35marticle_extractor[0m [36murl[0m=[35mhttps://jp.reuters.com/markets/japan/4WFM54PFRVMUXLF7BP3PLU57FU-2026-04-15/[0m [36muser_agent[0m=[35m'Mozilla/5.0 (Macintosh; Intel Mac OS X 10_15_7) Ap...'[0m
[[32m[1minfo     [0m] [1mTrafilatura extraction successful[0m [[0m[1m[34mrss.services.article_extractor[0m][0m [36mmodule[0m=[35marticle_extractor[0m [36mtext_length[0m=[35m573[0m [36mtitle[0m=[35mNone[0m [36murl[0m=[35mhttps://jp.reuters.com/markets/japan/4WFM54PFRVMUXLF7BP3PLU57FU-2026-04-15/[0m
[[32m[1minfo     [0m] [1mStarting article extraction   [0m [[0m[1m[34mrss.services.article_extractor[0m][0m [36mmodule[0m=[35marticle_extractor[0m [36murl[0m=[35mhttps://jp.reuters.com/markets/world-indices/UUYIUQXYXVIBHDXEPNGMXX46QI-2026-04-15/[0m [36muser_agent[0m=[35m'Mozilla/5.0 (Macintosh; Intel Mac OS X 10_15_7) Ap...'[0m
[[32m[1minfo     [0m] [1mTrafilatura extraction successful[0m [[0m[1m[34mrss.services.article_extractor[0m][0m [36mmodule[0m=[35marticle_extractor[0m [36mtext_length[0m=[35m652[0m [36mtitle[0m=[35mNone[0m [36murl[0m=[35mhttps://jp.reuters.com/markets/world-indices/UUYIUQXYXVIBHDXEPNGMXX46QI-2026-04-15/[0m
[[32m[1minfo     [0m] [1mStarting article extraction   [0m [[0m[1m[34mrss.services.article_extractor[0m][0m [36mmodule[0m=[35marticle_extractor[0m [36murl[0m=[35mhttps://jp.reuters.com/markets/japan/CKYK5UAA2RICNNLE7Y6IIMJCSM-2026-04-15/[0m [36muser_agent[0m=[35m'Mozilla/5.0 (Macintosh; Intel Mac OS X 10_15_7) Ap...'[0m
[[32m[1minfo     [0m] [1mTrafilatura extraction successful[0m [[0m[1m[34mrss.services.article_extractor[0m][0m [36mmodule[0m=[35marticle_extractor[0m [36mtext_length[0m=[35m379[0m [36mtitle[0m=[35mNone[0m [36murl[0m=[35mhttps://jp.reuters.com/markets/japan/CKYK5UAA2RICNNLE7Y6IIMJCSM-2026-04-15/[0m
[[32m[1minfo     [0m] [1mStarting article extraction   [0m [[0m[1m[34mrss.services.article_extractor[0m][0m [36mmodule[0m=[35marticle_extractor[0m [36murl[0m=[35mhttps://jp.reuters.com/markets/global-markets/EQVYOT7NIRJKJNBCV4GOKG4R6M-2026-04-15/[0m [36muser_agent[0m=[35m'Mozilla/5.0 (Macintosh; Intel Mac OS X 10_15_7) Ap...'[0m
[[32m[1minfo     [0m] [1mTrafilatura extraction successful[0m [[0m[1m[34mrss.services.article_extractor[0m][0m [36mmodule[0m=[35marticle_extractor[0m [36mtext_length[0m=[35m421[0m [36mtitle[0m=[35mNone[0m [36murl[0m=[35mhttps://jp.reuters.com/markets/global-markets/EQVYOT7NIRJKJNBCV4GOKG4R6M-2026-04-15/[0m
[[32m[1minfo     [0m] [1mStarting article extraction   [0m [[0m[1m[34mrss.services.article_extractor[0m][0m [36mmodule[0m=[35marticle_extractor[0m [36murl[0m=[35mhttps://jp.reuters.com/markets/global-markets/NYRBH2X2XJNNFMPDAVB5Y56WZU-2026-04-15/[0m [36muser_agent[0m=[35m'Mozilla/5.0 (Macintosh; Intel Mac OS X 10_15_7) Ap...'[0m
[[32m[1minfo     [0m] [1mTrafilatura extraction successful[0m [[0m[1m[34mrss.services.article_extractor[0m][0m [36mmodule[0m=[35marticle_extractor[0m [36mtext_length[0m=[35m735[0m [36mtitle[0m=[35mNone[0m [36murl[0m=[35mhttps://jp.reuters.com/markets/global-markets/NYRBH2X2XJNNFMPDAVB5Y56WZU-2026-04-15/[0m
[[32m[1minfo     [0m] [1mStarting article extraction   [0m [[0m[1m[34mrss.services.article_extractor[0m][0m [36mmodule[0m=[35marticle_extractor[0m [36murl[0m=[35mhttps://jp.reuters.com/markets/global-markets/P3OF6ZTGPRLHPOIK5HPK3GYCC4-2026-04-15/[0m [36muser_agent[0m=[35m'Mozilla/5.0 (Macintosh; Intel Mac OS X 10_15_7) Ap...'[0m
[[32m[1minfo     [0m] [1mTrafilatura extraction successful[0m [[0m[1m[34mrss.services.article_extractor[0m][0m [36mmodule[0m=[35marticle_extractor[0m [36mtext_length[0m=[35m730[0m [36mtitle[0m=[35mNone[0m [36murl[0m=[35mhttps://jp.reuters.com/markets/global-markets/P3OF6ZTGPRLHPOIK5HPK3GYCC4-2026-04-15/[0m
[[32m[1minfo     [0m] [1mStarting article extraction   [0m [[0m[1m[34mrss.services.article_extractor[0m][0m [36mmodule[0m=[35marticle_extractor[0m [36murl[0m=[35mhttps://jp.reuters.com/markets/japan/ACJZHKYIABMBNHAUWELBCBRESE-2026-04-15/[0m [36muser_agent[0m=[35m'Mozilla/5.0 (Macintosh; Intel Mac OS X 10_15_7) Ap...'[0m
[[32m[1minfo     [0m] [1mTrafilatura extraction successful[0m [[0m[1m[34mrss.services.article_extractor[0m][0m [36mmodule[0m=[35marticle_extractor[0m [36mtext_length[0m=[35m429[0m [36mtitle[0m=[35mNone[0m [36murl[0m=[35mhttps://jp.reuters.com/markets/japan/ACJZHKYIABMBNHAUWELBCBRESE-2026-04-15/[0m
[[32m[1minfo     [0m] [1mStarting article extraction   [0m [[0m[1m[34mrss.services.article_extractor[0m][0m [36mmodule[0m=[35marticle_extractor[0m [36murl[0m=[35mhttps://jp.reuters.com/markets/japan/IRDXWCKD2BNKLO3SZ7TFEKGJIU-2026-04-15/[0m [36muser_agent[0m=[35m'Mozilla/5.0 (Macintosh; Intel Mac OS X 10_15_7) Ap...'[0m
[[32m[1minfo     [0m] [1mTrafilatura extraction successful[0m [[0m[1m[34mrss.services.article_extractor[0m][0m [36mmodule[0m=[35marticle_extractor[0m [36mtext_length[0m=[35m489[0m [36mtitle[0m=[35mNone[0m [36murl[0m=[35mhttps://jp.reuters.com/markets/japan/IRDXWCKD2BNKLO3SZ7TFEKGJIU-2026-04-15/[0m
[[32m[1minfo     [0m] [1mStarting article extraction   [0m [[0m[1m[34mrss.services.article_extractor[0m][0m [36mmodule[0m=[35marticle_extractor[0m [36murl[0m=[35mhttps://jp.reuters.com/markets/japan/RIRJA5P62ZPONAY6RF2DOB6DK4-2026-04-15/[0m [36muser_agent[0m=[35m'Mozilla/5.0 (Macintosh; Intel Mac OS X 10_15_7) Ap...'[0m
[[32m[1minfo     [0m] [1mTrafilatura extraction successful[0m [[0m[1m[34mrss.services.article_extractor[0m][0m [36mmodule[0m=[35marticle_extractor[0m [36mtext_length[0m=[35m264[0m [36mtitle[0m=[35mNone[0m [36murl[0m=[35mhttps://jp.reuters.com/markets/japan/RIRJA5P62ZPONAY6RF2DOB6DK4-2026-04-15/[0m
[[32m[1minfo     [0m] [1mStarting article extraction   [0m [[0m[1m[34mrss.services.article_extractor[0m][0m [36mmodule[0m=[35marticle_extractor[0m [36murl[0m=[35mhttps://jp.reuters.com/markets/global-markets/QHL7QUASYJJJXBN3RSVECY6MAI-2026-04-15/[0m [36muser_agent[0m=[35m'Mozilla/5.0 (Macintosh; Intel Mac OS X 10_15_7) Ap...'[0m
[[32m[1minfo     [0m] [1mTrafilatura extraction successful[0m [[0m[1m[34mrss.services.article_extractor[0m][0m [36mmodule[0m=[35marticle_extractor[0m [36mtext_length[0m=[35m2145[0m [36mtitle[0m=[35mNone[0m [36murl[0m=[35mhttps://jp.reuters.com/markets/global-markets/QHL7QUASYJJJXBN3RSVECY6MAI-2026-04-15/[0m
[[32m[1minfo     [0m] [1mStarting article extraction   [0m [[0m[1m[34mrss.services.article_extractor[0m][0m [36mmodule[0m=[35marticle_extractor[0m [36murl[0m=[35mhttps://jp.reuters.com/markets/global-markets/DMNGUZMW2RLMHHVXR4DVEDMFWI-2026-04-15/[0m [36muser_agent[0m=[35m'Mozilla/5.0 (Macintosh; Intel Mac OS X 10_15_7) Ap...'[0m
[[32m[1minfo     [0m] [1mTrafilatura extraction successful[0m [[0m[1m[34mrss.services.article_extractor[0m][0m [36mmodule[0m=[35marticle_extractor[0m [36mtext_length[0m=[35m766[0m [36mtitle[0m=[35mNone[0m [36murl[0m=[35mhttps://jp.reuters.com/markets/global-markets/DMNGUZMW2RLMHHVXR4DVEDMFWI-2026-04-15/[0m
[[32m[1minfo     [0m] [1mStarting article extraction   [0m [[0m[1m[34mrss.services.article_extractor[0m][0m [36mmodule[0m=[35marticle_extractor[0m [36murl[0m=[35mhttps://jp.reuters.com/markets/global-markets/BWBID6SGO5OKPKCCNNH7EI2JSA-2026-04-15/[0m [36muser_agent[0m=[35m'Mozilla/5.0 (Macintosh; Intel Mac OS X 10_15_7) Ap...'[0m
[[32m[1minfo     [0m] [1mTrafilatura extraction successful[0m [[0m[1m[34mrss.services.article_extractor[0m][0m [36mmodule[0m=[35marticle_extractor[0m [36mtext_length[0m=[35m455[0m [36mtitle[0m=[35mNone[0m [36murl[0m=[35mhttps://jp.reuters.com/markets/global-markets/BWBID6SGO5OKPKCCNNH7EI2JSA-2026-04-15/[0m
[[32m[1minfo     [0m] [1mStarting article extraction   [0m [[0m[1m[34mrss.services.article_extractor[0m][0m [36mmodule[0m=[35marticle_extractor[0m [36murl[0m=[35mhttps://jp.reuters.com/markets/world-indices/TNHAVZO43FICNCMIPLHJQCWMMQ-2026-04-15/[0m [36muser_agent[0m=[35m'Mozilla/5.0 (Macintosh; Intel Mac OS X 10_15_7) Ap...'[0m
[[32m[1minfo     [0m] [1mTrafilatura extraction successful[0m [[0m[1m[34mrss.services.article_extractor[0m][0m [36mmodule[0m=[35marticle_extractor[0m [36mtext_length[0m=[35m1990[0m [36mtitle[0m=[35mNone[0m [36murl[0m=[35mhttps://jp.reuters.com/markets/world-indices/TNHAVZO43FICNCMIPLHJQCWMMQ-2026-04-15/[0m
[[32m[1minfo     [0m] [1mStarting article extraction   [0m [[0m[1m[34mrss.services.article_extractor[0m][0m [36mmodule[0m=[35marticle_extractor[0m [36murl[0m=[35mhttps://jp.reuters.com/markets/global-markets/IX4WTPQGOFICPBD3MKACZ2W7XU-2026-04-15/[0m [36muser_agent[0m=[35m'Mozilla/5.0 (Macintosh; Intel Mac OS X 10_15_7) Ap...'[0m
[[32m[1minfo     [0m] [1mTrafilatura extraction successful[0m [[0m[1m[34mrss.services.article_extractor[0m][0m [36mmodule[0m=[35marticle_extractor[0m [36mtext_length[0m=[35m393[0m [36mtitle[0m=[35mNone[0m [36murl[0m=[35mhttps://jp.reuters.com/markets/global-markets/IX4WTPQGOFICPBD3MKACZ2W7XU-2026-04-15/[0m
[[32m[1minfo     [0m] [1mBatch extraction completed    [0m [[0m[1m[34mrss.services.article_extractor[0m][0m [36mfailed[0m=[35m0[0m [36mmodule[0m=[35marticle_extractor[0m [36msuccess[0m=[35m21[0m [36mtotal[0m=[35m21[0m
[[32m[1minfo     [0m] [1mContent post-fetch complete   [0m [[0m[1m[34mnews_scraper.unified[0m][0m [36mfetched[0m=[35m21[0m [36mmodule[0m=[35munified[0m [36mtotal[0m=[35m21[0m
[[32m[1minfo     [0m] [1mFinancial news collection complete[0m [[0m[1m[34mnews_scraper.unified[0m][0m [36melapsed_seconds[0m=[35m30.03[0m [36mmodule[0m=[35munified[0m [36msources[0m=[35m['reuters_jp'][0m [36mtotal_articles[0m=[35m21[0m
[[32m[1minfo     [0m] [1mRawStore: saved=21, dup=0, empty=0[0m [[0m[1m[34mnews_scraper.unified[0m][0m [36mmodule[0m=[35munified[0m
[[32m[1minfo     [0m] [1mCollection complete           [0m [[0m[1m[34m__main__[0m][0m [36marticle_count[0m=[35m21[0m [36mmodule[0m=[35mscrape_finance_news[0m
[[32m[1minfo     [0m] [1mNAS is mounted, using NAS output[0m [[0m[1m[34m__main__[0m][0m [36mmodule[0m=[35mscrape_finance_news[0m [36mpath[0m=[35m/Volumes/personal_folder/scraped/reuters_jp[0m [36msource[0m=[35mreuters_jp[0m
[[32m[1minfo     [0m] [1mOutput directory ready        [0m [[0m[1m[34m__main__[0m][0m [36mmodule[0m=[35mscrape_finance_news[0m [36mpath[0m=[35m/Volumes/personal_folder/scraped/reuters_jp/2026-04-15[0m
[[32m[1minfo     [0m] [1mArticles saved to JSON        [0m [[0m[1m[34m__main__[0m][0m [36mmodule[0m=[35mscrape_finance_news[0m [36mpath[0m=[35m/Volumes/personal_folder/scraped/reuters_jp/2026-04-15/news_030100.json[0m [36mtotal_count[0m=[35m21[0m
[[32m[1minfo     [0m] [1mSave complete                 [0m [[0m[1m[34m__main__[0m][0m [36mcount[0m=[35m21[0m [36mmodule[0m=[35mscrape_finance_news[0m [36moutput_file[0m=[35m/Volumes/personal_folder/scraped/reuters_jp/2026-04-15/news_030100.json[0m [36msource[0m=[35mreuters_jp[0m
[[32m[1minfo     [0m] [1mScraper finished successfully [0m [[0m[1m[34m__main__[0m][0m [36mmodule[0m=[35mscrape_finance_news[0m [36msaved_files[0m=[35m['/Volumes/personal_folder/scraped/reuters_jp/2026-04-15/news_030100.json'][0m [36mtotal_articles[0m=[35m21[0m
[[32m[1minfo     [0m] [1mFinance news scraper starting [0m [[0m[1m[34m__main__[0m][0m [36minclude_content[0m=[35mTrue[0m [36mmax_articles[0m=[35m50[0m [36mmodule[0m=[35mscrape_finance_news[0m [36msources[0m=[35m['reuters_jp'][0m
[[32m[1minfo     [0m] [1mStarting news collection      [0m [[0m[1m[34m__main__[0m][0m [36mmodule[0m=[35mscrape_finance_news[0m [36msources[0m=[35m['reuters_jp'][0m
[[32m[1minfo     [0m] [1mStarting financial news collection (async)[0m [[0m[1m[34mnews_scraper.unified[0m][0m [36minclude_content[0m=[35mTrue[0m [36mmax_articles_per_source[0m=[35m50[0m [36mmodule[0m=[35munified[0m [36msources[0m=[35m['reuters_jp'][0m
[[32m[1minfo     [0m] [1mStarting Reuters JP news collection[0m [[0m[1m[34mnews_scraper.reuters_jp[0m][0m [36mmax_articles_per_source[0m=[35m50[0m [36mmodule[0m=[35mreuters_jp[0m [36msections[0m=[35m['markets', 'business'][0m
[[32m[1minfo     [0m] [1mFetching Reuters JP section   [0m [[0m[1m[34mnews_scraper.reuters_jp[0m][0m [36mmodule[0m=[35mreuters_jp[0m [36msection[0m=[35mmarkets[0m [36murl[0m=[35mhttps://jp.reuters.com/markets/[0m
[[32m[1minfo     [0m] [1mFetching Reuters JP section   [0m [[0m[1m[34mnews_scraper.reuters_jp[0m][0m [36mmodule[0m=[35mreuters_jp[0m [36msection[0m=[35mbusiness[0m [36murl[0m=[35mhttps://jp.reuters.com/business/[0m
[[32m[1minfo     [0m] [1mHTTP Request: GET https://jp.reuters.com/markets/ "HTTP/1.1 200 OK"[0m [[0m[1m[34mhttpx[0m][0m
[[32m[1minfo     [0m] [1mHTML fetched (async)          [0m [[0m[1m[34mnews_scraper._html_utils[0m][0m [36mmodule[0m=[35mhtml_utils[0m [36mstatus_code[0m=[35m200[0m [36murl[0m=[35mhttps://jp.reuters.com/markets/[0m
[[32m[1minfo     [0m] [1mMarkets page parsed           [0m [[0m[1m[34mnews_scraper.reuters_jp[0m][0m [36marticle_count[0m=[35m6[0m [36mmodule[0m=[35mreuters_jp[0m
[[32m[1minfo     [0m] [1mReuters JP section complete   [0m [[0m[1m[34mnews_scraper.reuters_jp[0m][0m [36mcount[0m=[35m6[0m [36mmodule[0m=[35mreuters_jp[0m [36msection[0m=[35mmarkets[0m
[[32m[1minfo     [0m] [1mHTTP Request: GET https://jp.reuters.com/business/ "HTTP/1.1 200 OK"[0m [[0m[1m[34mhttpx[0m][0m
[[32m[1minfo     [0m] [1mHTML fetched (async)          [0m [[0m[1m[34mnews_scraper._html_utils[0m][0m [36mmodule[0m=[35mhtml_utils[0m [36mstatus_code[0m=[35m200[0m [36murl[0m=[35mhttps://jp.reuters.com/business/[0m
[[32m[1minfo     [0m] [1mBusiness page parsed          [0m [[0m[1m[34mnews_scraper.reuters_jp[0m][0m [36marticle_count[0m=[35m20[0m [36mmodule[0m=[35mreuters_jp[0m
[[32m[1minfo     [0m] [1mReuters JP section complete   [0m [[0m[1m[34mnews_scraper.reuters_jp[0m][0m [36mcount[0m=[35m20[0m [36mmodule[0m=[35mreuters_jp[0m [36msection[0m=[35mbusiness[0m
[[32m[1minfo     [0m] [1mReuters JP news collection complete[0m [[0m[1m[34mnews_scraper.reuters_jp[0m][0m [36mmodule[0m=[35mreuters_jp[0m [36mtotal_articles[0m=[35m23[0m
[[32m[1minfo     [0m] [1mSource collection complete    [0m [[0m[1m[34mnews_scraper.unified[0m][0m [36mmodule[0m=[35munified[0m [36msource[0m=[35mreuters_jp[0m [36msource_articles[0m=[35m23[0m
[[32m[1minfo     [0m] [1mFetching content for articles missing it[0m [[0m[1m[34mnews_scraper.unified[0m][0m [36mcount[0m=[35m23[0m [36mmodule[0m=[35munified[0m
[[32m[1minfo     [0m] [1mStarting batch extraction     [0m [[0m[1m[34mrss.services.article_extractor[0m][0m [36mmodule[0m=[35marticle_extractor[0m [36mrate_limit[0m=[35m1.0[0m [36murl_count[0m=[35m23[0m
[[32m[1minfo     [0m] [1mStarting article extraction   [0m [[0m[1m[34mrss.services.article_extractor[0m][0m [36mmodule[0m=[35marticle_extractor[0m [36murl[0m=[35mhttps://jp.reuters.com/markets/global-markets/P3OF6ZTGPRLHPOIK5HPK3GYCC4-2026-04-15/[0m [36muser_agent[0m=[35m'Mozilla/5.0 (Macintosh; Intel Mac OS X 10_15_7) Ap...'[0m
[[32m[1minfo     [0m] [1mTrafilatura extraction successful[0m [[0m[1m[34mrss.services.article_extractor[0m][0m [36mmodule[0m=[35marticle_extractor[0m [36mtext_length[0m=[35m730[0m [36mtitle[0m=[35mNone[0m [36murl[0m=[35mhttps://jp.reuters.com/markets/global-markets/P3OF6ZTGPRLHPOIK5HPK3GYCC4-2026-04-15/[0m
[[32m[1minfo     [0m] [1mStarting article extraction   [0m [[0m[1m[34mrss.services.article_extractor[0m][0m [36mmodule[0m=[35marticle_extractor[0m [36murl[0m=[35mhttps://jp.reuters.com/markets/japan/RIRJA5P62ZPONAY6RF2DOB6DK4-2026-04-15/[0m [36muser_agent[0m=[35m'Mozilla/5.0 (Macintosh; Intel Mac OS X 10_15_7) Ap...'[0m
[[32m[1minfo     [0m] [1mTrafilatura extraction successful[0m [[0m[1m[34mrss.services.article_extractor[0m][0m [36mmodule[0m=[35marticle_extractor[0m [36mtext_length[0m=[35m264[0m [36mtitle[0m=[35mNone[0m [36murl[0m=[35mhttps://jp.reuters.com/markets/japan/RIRJA5P62ZPONAY6RF2DOB6DK4-2026-04-15/[0m
[[32m[1minfo     [0m] [1mStarting article extraction   [0m [[0m[1m[34mrss.services.article_extractor[0m][0m [36mmodule[0m=[35marticle_extractor[0m [36murl[0m=[35mhttps://jp.reuters.com/markets/global-markets/DMNGUZMW2RLMHHVXR4DVEDMFWI-2026-04-15/[0m [36muser_agent[0m=[35m'Mozilla/5.0 (Macintosh; Intel Mac OS X 10_15_7) Ap...'[0m
[[32m[1minfo     [0m] [1mTrafilatura extraction successful[0m [[0m[1m[34mrss.services.article_extractor[0m][0m [36mmodule[0m=[35marticle_extractor[0m [36mtext_length[0m=[35m766[0m [36mtitle[0m=[35mNone[0m [36murl[0m=[35mhttps://jp.reuters.com/markets/global-markets/DMNGUZMW2RLMHHVXR4DVEDMFWI-2026-04-15/[0m
[[32m[1minfo     [0m] [1mStarting article extraction   [0m [[0m[1m[34mrss.services.article_extractor[0m][0m [36mmodule[0m=[35marticle_extractor[0m [36murl[0m=[35mhttps://jp.reuters.com/markets/global-markets/BWBID6SGO5OKPKCCNNH7EI2JSA-2026-04-15/[0m [36muser_agent[0m=[35m'Mozilla/5.0 (Macintosh; Intel Mac OS X 10_15_7) Ap...'[0m
[[32m[1minfo     [0m] [1mTrafilatura extraction successful[0m [[0m[1m[34mrss.services.article_extractor[0m][0m [36mmodule[0m=[35marticle_extractor[0m [36mtext_length[0m=[35m455[0m [36mtitle[0m=[35mNone[0m [36murl[0m=[35mhttps://jp.reuters.com/markets/global-markets/BWBID6SGO5OKPKCCNNH7EI2JSA-2026-04-15/[0m
[[32m[1minfo     [0m] [1mStarting article extraction   [0m [[0m[1m[34mrss.services.article_extractor[0m][0m [36mmodule[0m=[35marticle_extractor[0m [36murl[0m=[35mhttps://jp.reuters.com/markets/world-indices/TNHAVZO43FICNCMIPLHJQCWMMQ-2026-04-15/[0m [36muser_agent[0m=[35m'Mozilla/5.0 (Macintosh; Intel Mac OS X 10_15_7) Ap...'[0m
[[32m[1minfo     [0m] [1mTrafilatura extraction successful[0m [[0m[1m[34mrss.services.article_extractor[0m][0m [36mmodule[0m=[35marticle_extractor[0m [36mtext_length[0m=[35m1990[0m [36mtitle[0m=[35mNone[0m [36murl[0m=[35mhttps://jp.reuters.com/markets/world-indices/TNHAVZO43FICNCMIPLHJQCWMMQ-2026-04-15/[0m
[[32m[1minfo     [0m] [1mStarting article extraction   [0m [[0m[1m[34mrss.services.article_extractor[0m][0m [36mmodule[0m=[35marticle_extractor[0m [36murl[0m=[35mhttps://jp.reuters.com/markets/japan/ACJZHKYIABMBNHAUWELBCBRESE-2026-04-15/[0m [36muser_agent[0m=[35m'Mozilla/5.0 (Macintosh; Intel Mac OS X 10_15_7) Ap...'[0m
[[32m[1minfo     [0m] [1mTrafilatura extraction successful[0m [[0m[1m[34mrss.services.article_extractor[0m][0m [36mmodule[0m=[35marticle_extractor[0m [36mtext_length[0m=[35m429[0m [36mtitle[0m=[35mNone[0m [36murl[0m=[35mhttps://jp.reuters.com/markets/japan/ACJZHKYIABMBNHAUWELBCBRESE-2026-04-15/[0m
[[32m[1minfo     [0m] [1mStarting article extraction   [0m [[0m[1m[34mrss.services.article_extractor[0m][0m [36mmodule[0m=[35marticle_extractor[0m [36murl[0m=[35mhttps://jp.reuters.com/markets/global-markets/IX4WTPQGOFICPBD3MKACZ2W7XU-2026-04-15/[0m [36muser_agent[0m=[35m'Mozilla/5.0 (Macintosh; Intel Mac OS X 10_15_7) Ap...'[0m
[[32m[1minfo     [0m] [1mTrafilatura extraction successful[0m [[0m[1m[34mrss.services.article_extractor[0m][0m [36mmodule[0m=[35marticle_extractor[0m [36mtext_length[0m=[35m393[0m [36mtitle[0m=[35mNone[0m [36murl[0m=[35mhttps://jp.reuters.com/markets/global-markets/IX4WTPQGOFICPBD3MKACZ2W7XU-2026-04-15/[0m
[[32m[1minfo     [0m] [1mStarting article extraction   [0m [[0m[1m[34mrss.services.article_extractor[0m][0m [36mmodule[0m=[35marticle_extractor[0m [36murl[0m=[35mhttps://jp.reuters.com/markets/japan/IRDXWCKD2BNKLO3SZ7TFEKGJIU-2026-04-15/[0m [36muser_agent[0m=[35m'Mozilla/5.0 (Macintosh; Intel Mac OS X 10_15_7) Ap...'[0m
[[32m[1minfo     [0m] [1mTrafilatura extraction successful[0m [[0m[1m[34mrss.services.article_extractor[0m][0m [36mmodule[0m=[35marticle_extractor[0m [36mtext_length[0m=[35m489[0m [36mtitle[0m=[35mNone[0m [36murl[0m=[35mhttps://jp.reuters.com/markets/japan/IRDXWCKD2BNKLO3SZ7TFEKGJIU-2026-04-15/[0m
[[32m[1minfo     [0m] [1mStarting article extraction   [0m [[0m[1m[34mrss.services.article_extractor[0m][0m [36mmodule[0m=[35marticle_extractor[0m [36murl[0m=[35mhttps://jp.reuters.com/markets/japan/RYN57BSW7RNJTDUIMEDNHJ6GDM-2026-04-15/[0m [36muser_agent[0m=[35m'Mozilla/5.0 (Macintosh; Intel Mac OS X 10_15_7) Ap...'[0m
[[32m[1minfo     [0m] [1mTrafilatura extraction successful[0m [[0m[1m[34mrss.services.article_extractor[0m][0m [36mmodule[0m=[35marticle_extractor[0m [36mtext_length[0m=[35m915[0m [36mtitle[0m=[35mNone[0m [36murl[0m=[35mhttps://jp.reuters.com/markets/japan/RYN57BSW7RNJTDUIMEDNHJ6GDM-2026-04-15/[0m
[[32m[1minfo     [0m] [1mStarting article extraction   [0m [[0m[1m[34mrss.services.article_extractor[0m][0m [36mmodule[0m=[35marticle_extractor[0m [36murl[0m=[35mhttps://jp.reuters.com/markets/world-indices/LR7FK25DOBMCPKJEEV7T4YWLNU-2026-04-15/[0m [36muser_agent[0m=[35m'Mozilla/5.0 (Macintosh; Intel Mac OS X 10_15_7) Ap...'[0m
[[32m[1minfo     [0m] [1mTrafilatura extraction successful[0m [[0m[1m[34mrss.services.article_extractor[0m][0m [36mmodule[0m=[35marticle_extractor[0m [36mtext_length[0m=[35m1078[0m [36mtitle[0m=[35mNone[0m [36murl[0m=[35mhttps://jp.reuters.com/markets/world-indices/LR7FK25DOBMCPKJEEV7T4YWLNU-2026-04-15/[0m
[[32m[1minfo     [0m] [1mStarting article extraction   [0m [[0m[1m[34mrss.services.article_extractor[0m][0m [36mmodule[0m=[35marticle_extractor[0m [36murl[0m=[35mhttps://jp.reuters.com/world/environment/V24YU3TM45MUVC2S4GCO2XPQOQ-2026-04-15/[0m [36muser_agent[0m=[35m'Mozilla/5.0 (Macintosh; Intel Mac OS X 10_15_7) Ap...'[0m
[[32m[1minfo     [0m] [1mTrafilatura extraction successful[0m [[0m[1m[34mrss.services.article_extractor[0m][0m [36mmodule[0m=[35marticle_extractor[0m [36mtext_length[0m=[35m393[0m [36mtitle[0m=[35mNone[0m [36murl[0m=[35mhttps://jp.reuters.com/world/environment/V24YU3TM45MUVC2S4GCO2XPQOQ-2026-04-15/[0m
[[32m[1minfo     [0m] [1mStarting article extraction   [0m [[0m[1m[34mrss.services.article_extractor[0m][0m [36mmodule[0m=[35marticle_extractor[0m [36murl[0m=[35mhttps://jp.reuters.com/markets/japan/HIGH4DM3SZLZBJFJY6TKMYYZ7E-2026-04-15/[0m [36muser_agent[0m=[35m'Mozilla/5.0 (Macintosh; Intel Mac OS X 10_15_7) Ap...'[0m
[[32m[1minfo     [0m] [1mTrafilatura extraction successful[0m [[0m[1m[34mrss.services.article_extractor[0m][0m [36mmodule[0m=[35marticle_extractor[0m [36mtext_length[0m=[35m317[0m [36mtitle[0m=[35mNone[0m [36murl[0m=[35mhttps://jp.reuters.com/markets/japan/HIGH4DM3SZLZBJFJY6TKMYYZ7E-2026-04-15/[0m
[[32m[1minfo     [0m] [1mStarting article extraction   [0m [[0m[1m[34mrss.services.article_extractor[0m][0m [36mmodule[0m=[35marticle_extractor[0m [36murl[0m=[35mhttps://jp.reuters.com/markets/commodities/YXCCHN5G5RLGRE2HFEAGYVAR5I-2026-04-15/[0m [36muser_agent[0m=[35m'Mozilla/5.0 (Macintosh; Intel Mac OS X 10_15_7) Ap...'[0m
[[32m[1minfo     [0m] [1mTrafilatura extraction successful[0m [[0m[1m[34mrss.services.article_extractor[0m][0m [36mmodule[0m=[35marticle_extractor[0m [36mtext_length[0m=[35m185[0m [36mtitle[0m=[35mNone[0m [36murl[0m=[35mhttps://jp.reuters.com/markets/commodities/YXCCHN5G5RLGRE2HFEAGYVAR5I-2026-04-15/[0m
[[32m[1minfo     [0m] [1mStarting article extraction   [0m [[0m[1m[34mrss.services.article_extractor[0m][0m [36mmodule[0m=[35marticle_extractor[0m [36murl[0m=[35mhttps://jp.reuters.com/markets/bonds/ERVN7PWPEZK6BP2TDN6STBXNQA-2026-04-15/[0m [36muser_agent[0m=[35m'Mozilla/5.0 (Macintosh; Intel Mac OS X 10_15_7) Ap...'[0m
[[32m[1minfo     [0m] [1mTrafilatura extraction successful[0m [[0m[1m[34mrss.services.article_extractor[0m][0m [36mmodule[0m=[35marticle_extractor[0m [36mtext_length[0m=[35m316[0m [36mtitle[0m=[35mNone[0m [36murl[0m=[35mhttps://jp.reuters.com/markets/bonds/ERVN7PWPEZK6BP2TDN6STBXNQA-2026-04-15/[0m
[[32m[1minfo     [0m] [1mStarting article extraction   [0m [[0m[1m[34mrss.services.article_extractor[0m][0m [36mmodule[0m=[35marticle_extractor[0m [36murl[0m=[35mhttps://jp.reuters.com/markets/world-indices/2LISETFIE5ONLNQK3S73DEOHCY-2026-04-15/[0m [36muser_agent[0m=[35m'Mozilla/5.0 (Macintosh; Intel Mac OS X 10_15_7) Ap...'[0m
[[32m[1minfo     [0m] [1mTrafilatura extraction successful[0m [[0m[1m[34mrss.services.article_extractor[0m][0m [36mmodule[0m=[35marticle_extractor[0m [36mtext_length[0m=[35m772[0m [36mtitle[0m=[35mNone[0m [36murl[0m=[35mhttps://jp.reuters.com/markets/world-indices/2LISETFIE5ONLNQK3S73DEOHCY-2026-04-15/[0m
[[32m[1minfo     [0m] [1mStarting article extraction   [0m [[0m[1m[34mrss.services.article_extractor[0m][0m [36mmodule[0m=[35marticle_extractor[0m [36murl[0m=[35mhttps://jp.reuters.com/markets/japan/3BEK47CS65L5RNMJQLBYF2UBOE-2026-04-15/[0m [36muser_agent[0m=[35m'Mozilla/5.0 (Macintosh; Intel Mac OS X 10_15_7) Ap...'[0m
[[32m[1minfo     [0m] [1mTrafilatura extraction successful[0m [[0m[1m[34mrss.services.article_extractor[0m][0m [36mmodule[0m=[35marticle_extractor[0m [36mtext_length[0m=[35m660[0m [36mtitle[0m=[35mNone[0m [36murl[0m=[35mhttps://jp.reuters.com/markets/japan/3BEK47CS65L5RNMJQLBYF2UBOE-2026-04-15/[0m
[[32m[1minfo     [0m] [1mStarting article extraction   [0m [[0m[1m[34mrss.services.article_extractor[0m][0m [36mmodule[0m=[35marticle_extractor[0m [36murl[0m=[35mhttps://jp.reuters.com/markets/japan/7MIL643BAZKB7PI7LUEXGPWV5U-2026-04-15/[0m [36muser_agent[0m=[35m'Mozilla/5.0 (Macintosh; Intel Mac OS X 10_15_7) Ap...'[0m
[[32m[1minfo     [0m] [1mTrafilatura extraction successful[0m [[0m[1m[34mrss.services.article_extractor[0m][0m [36mmodule[0m=[35marticle_extractor[0m [36mtext_length[0m=[35m432[0m [36mtitle[0m=[35mNone[0m [36murl[0m=[35mhttps://jp.reuters.com/markets/japan/7MIL643BAZKB7PI7LUEXGPWV5U-2026-04-15/[0m
[[32m[1minfo     [0m] [1mStarting article extraction   [0m [[0m[1m[34mrss.services.article_extractor[0m][0m [36mmodule[0m=[35marticle_extractor[0m [36murl[0m=[35mhttps://jp.reuters.com/world/us/C4I4WUH2L5JOLPYSVWGGEDI5UI-2026-04-15/[0m [36muser_agent[0m=[35m'Mozilla/5.0 (Macintosh; Intel Mac OS X 10_15_7) Ap...'[0m
[[32m[1minfo     [0m] [1mTrafilatura extraction successful[0m [[0m[1m[34mrss.services.article_extractor[0m][0m [36mmodule[0m=[35marticle_extractor[0m [36mtext_length[0m=[35m525[0m [36mtitle[0m=[35mNone[0m [36murl[0m=[35mhttps://jp.reuters.com/world/us/C4I4WUH2L5JOLPYSVWGGEDI5UI-2026-04-15/[0m
[[32m[1minfo     [0m] [1mStarting article extraction   [0m [[0m[1m[34mrss.services.article_extractor[0m][0m [36mmodule[0m=[35marticle_extractor[0m [36murl[0m=[35mhttps://jp.reuters.com/markets/japan/623VHJ3UYJOP7PE3SA5JO3REOY-2026-04-15/[0m [36muser_agent[0m=[35m'Mozilla/5.0 (Macintosh; Intel Mac OS X 10_15_7) Ap...'[0m
[[32m[1minfo     [0m] [1mTrafilatura extraction successful[0m [[0m[1m[34mrss.services.article_extractor[0m][0m [36mmodule[0m=[35marticle_extractor[0m [36mtext_length[0m=[35m1016[0m [36mtitle[0m=[35mNone[0m [36murl[0m=[35mhttps://jp.reuters.com/markets/japan/623VHJ3UYJOP7PE3SA5JO3REOY-2026-04-15/[0m
[[32m[1minfo     [0m] [1mStarting article extraction   [0m [[0m[1m[34mrss.services.article_extractor[0m][0m [36mmodule[0m=[35marticle_extractor[0m [36murl[0m=[35mhttps://jp.reuters.com/markets/global-markets/IOI4V3IVJFOMTF3AEZUMOTODBQ-2026-04-15/[0m [36muser_agent[0m=[35m'Mozilla/5.0 (Macintosh; Intel Mac OS X 10_15_7) Ap...'[0m
[[32m[1minfo     [0m] [1mTrafilatura extraction successful[0m [[0m[1m[34mrss.services.article_extractor[0m][0m [36mmodule[0m=[35marticle_extractor[0m [36mtext_length[0m=[35m377[0m [36mtitle[0m=[35mNone[0m [36murl[0m=[35mhttps://jp.reuters.com/markets/global-markets/IOI4V3IVJFOMTF3AEZUMOTODBQ-2026-04-15/[0m
[[32m[1minfo     [0m] [1mStarting article extraction   [0m [[0m[1m[34mrss.services.article_extractor[0m][0m [36mmodule[0m=[35marticle_extractor[0m [36murl[0m=[35mhttps://jp.reuters.com/markets/japan/LYB5LHUB3FLEBNRGVZR5EZQQ5Y-2026-04-15/[0m [36muser_agent[0m=[35m'Mozilla/5.0 (Macintosh; Intel Mac OS X 10_15_7) Ap...'[0m
[[32m[1minfo     [0m] [1mTrafilatura extraction successful[0m [[0m[1m[34mrss.services.article_extractor[0m][0m [36mmodule[0m=[35marticle_extractor[0m [36mtext_length[0m=[35m554[0m [36mtitle[0m=[35mNone[0m [36murl[0m=[35mhttps://jp.reuters.com/markets/japan/LYB5LHUB3FLEBNRGVZR5EZQQ5Y-2026-04-15/[0m
[[32m[1minfo     [0m] [1mStarting article extraction   [0m [[0m[1m[34mrss.services.article_extractor[0m][0m [36mmodule[0m=[35marticle_extractor[0m [36murl[0m=[35mhttps://jp.reuters.com/markets/global-markets/SRDBOJGZUVLWDFMUQAWPK3IBKE-2026-04-15/[0m [36muser_agent[0m=[35m'Mozilla/5.0 (Macintosh; Intel Mac OS X 10_15_7) Ap...'[0m
[[32m[1minfo     [0m] [1mTrafilatura extraction successful[0m [[0m[1m[34mrss.services.article_extractor[0m][0m [36mmodule[0m=[35marticle_extractor[0m [36mtext_length[0m=[35m241[0m [36mtitle[0m=[35mNone[0m [36murl[0m=[35mhttps://jp.reuters.com/markets/global-markets/SRDBOJGZUVLWDFMUQAWPK3IBKE-2026-04-15/[0m
[[32m[1minfo     [0m] [1mStarting article extraction   [0m [[0m[1m[34mrss.services.article_extractor[0m][0m [36mmodule[0m=[35marticle_extractor[0m [36murl[0m=[35mhttps://jp.reuters.com/markets/world-indices/HTEH2Z6NL5NRDDXNVZ54PTDAMU-2026-04-15/[0m [36muser_agent[0m=[35m'Mozilla/5.0 (Macintosh; Intel Mac OS X 10_15_7) Ap...'[0m
[[32m[1minfo     [0m] [1mTrafilatura extraction successful[0m [[0m[1m[34mrss.services.article_extractor[0m][0m [36mmodule[0m=[35marticle_extractor[0m [36mtext_length[0m=[35m700[0m [36mtitle[0m=[35mNone[0m [36murl[0m=[35mhttps://jp.reuters.com/markets/world-indices/HTEH2Z6NL5NRDDXNVZ54PTDAMU-2026-04-15/[0m
[[32m[1minfo     [0m] [1mBatch extraction completed    [0m [[0m[1m[34mrss.services.article_extractor[0m][0m [36mfailed[0m=[35m0[0m [36mmodule[0m=[35marticle_extractor[0m [36msuccess[0m=[35m23[0m [36mtotal[0m=[35m23[0m
[[32m[1minfo     [0m] [1mContent post-fetch complete   [0m [[0m[1m[34mnews_scraper.unified[0m][0m [36mfetched[0m=[35m23[0m [36mmodule[0m=[35munified[0m [36mtotal[0m=[35m23[0m
[[32m[1minfo     [0m] [1mFinancial news collection complete[0m [[0m[1m[34mnews_scraper.unified[0m][0m [36melapsed_seconds[0m=[35m27.41[0m [36mmodule[0m=[35munified[0m [36msources[0m=[35m['reuters_jp'][0m [36mtotal_articles[0m=[35m23[0m
[[32m[1minfo     [0m] [1mRawStore: saved=15, dup=8, empty=0[0m [[0m[1m[34mnews_scraper.unified[0m][0m [36mmodule[0m=[35munified[0m
[[32m[1minfo     [0m] [1mCollection complete           [0m [[0m[1m[34m__main__[0m][0m [36marticle_count[0m=[35m23[0m [36mmodule[0m=[35mscrape_finance_news[0m
[[32m[1minfo     [0m] [1mNAS is mounted, using NAS output[0m [[0m[1m[34m__main__[0m][0m [36mmodule[0m=[35mscrape_finance_news[0m [36mpath[0m=[35m/Volumes/personal_folder/scraped/reuters_jp[0m [36msource[0m=[35mreuters_jp[0m
[[32m[1minfo     [0m] [1mOutput directory ready        [0m [[0m[1m[34m__main__[0m][0m [36mmodule[0m=[35mscrape_finance_news[0m [36mpath[0m=[35m/Volumes/personal_folder/scraped/reuters_jp/2026-04-15[0m
[[32m[1minfo     [0m] [1mArticles saved to JSON        [0m [[0m[1m[34m__main__[0m][0m [36mmodule[0m=[35mscrape_finance_news[0m [36mpath[0m=[35m/Volumes/personal_folder/scraped/reuters_jp/2026-04-15/news_090006.json[0m [36mtotal_count[0m=[35m23[0m
[[32m[1minfo     [0m] [1mSave complete                 [0m [[0m[1m[34m__main__[0m][0m [36mcount[0m=[35m23[0m [36mmodule[0m=[35mscrape_finance_news[0m [36moutput_file[0m=[35m/Volumes/personal_folder/scraped/reuters_jp/2026-04-15/news_090006.json[0m [36msource[0m=[35mreuters_jp[0m
[[32m[1minfo     [0m] [1mScraper finished successfully [0m [[0m[1m[34m__main__[0m][0m [36mmodule[0m=[35mscrape_finance_news[0m [36msaved_files[0m=[35m['/Volumes/personal_folder/scraped/reuters_jp/2026-04-15/news_090006.json'][0m [36mtotal_articles[0m=[35m23[0m
[[32m[1minfo     [0m] [1mFinance news scraper starting [0m [[0m[1m[34m__main__[0m][0m [36minclude_content[0m=[35mTrue[0m [36mmax_articles[0m=[35m50[0m [36mmodule[0m=[35mscrape_finance_news[0m [36msources[0m=[35m['reuters_jp'][0m
[[32m[1minfo     [0m] [1mStarting news collection      [0m [[0m[1m[34m__main__[0m][0m [36mmodule[0m=[35mscrape_finance_news[0m [36msources[0m=[35m['reuters_jp'][0m
[[32m[1minfo     [0m] [1mStarting financial news collection (async)[0m [[0m[1m[34mnews_scraper.unified[0m][0m [36minclude_content[0m=[35mTrue[0m [36mmax_articles_per_source[0m=[35m50[0m [36mmodule[0m=[35munified[0m [36msources[0m=[35m['reuters_jp'][0m
[[32m[1minfo     [0m] [1mStarting Reuters JP news collection[0m [[0m[1m[34mnews_scraper.reuters_jp[0m][0m [36mmax_articles_per_source[0m=[35m50[0m [36mmodule[0m=[35mreuters_jp[0m [36msections[0m=[35m['markets', 'business'][0m
[[32m[1minfo     [0m] [1mFetching Reuters JP section   [0m [[0m[1m[34mnews_scraper.reuters_jp[0m][0m [36mmodule[0m=[35mreuters_jp[0m [36msection[0m=[35mmarkets[0m [36murl[0m=[35mhttps://jp.reuters.com/markets/[0m
[[32m[1minfo     [0m] [1mFetching Reuters JP section   [0m [[0m[1m[34mnews_scraper.reuters_jp[0m][0m [36mmodule[0m=[35mreuters_jp[0m [36msection[0m=[35mbusiness[0m [36murl[0m=[35mhttps://jp.reuters.com/business/[0m
[[32m[1minfo     [0m] [1mHTTP Request: GET https://jp.reuters.com/business/ "HTTP/1.1 200 OK"[0m [[0m[1m[34mhttpx[0m][0m
[[32m[1minfo     [0m] [1mHTML fetched (async)          [0m [[0m[1m[34mnews_scraper._html_utils[0m][0m [36mmodule[0m=[35mhtml_utils[0m [36mstatus_code[0m=[35m200[0m [36murl[0m=[35mhttps://jp.reuters.com/business/[0m
[[32m[1minfo     [0m] [1mBusiness page parsed          [0m [[0m[1m[34mnews_scraper.reuters_jp[0m][0m [36marticle_count[0m=[35m20[0m [36mmodule[0m=[35mreuters_jp[0m
[[32m[1minfo     [0m] [1mReuters JP section complete   [0m [[0m[1m[34mnews_scraper.reuters_jp[0m][0m [36mcount[0m=[35m20[0m [36mmodule[0m=[35mreuters_jp[0m [36msection[0m=[35mbusiness[0m
[[32m[1minfo     [0m] [1mHTTP Request: GET https://jp.reuters.com/markets/ "HTTP/1.1 200 OK"[0m [[0m[1m[34mhttpx[0m][0m
[[32m[1minfo     [0m] [1mHTML fetched (async)          [0m [[0m[1m[34mnews_scraper._html_utils[0m][0m [36mmodule[0m=[35mhtml_utils[0m [36mstatus_code[0m=[35m200[0m [36murl[0m=[35mhttps://jp.reuters.com/markets/[0m
[[32m[1minfo     [0m] [1mMarkets page parsed           [0m [[0m[1m[34mnews_scraper.reuters_jp[0m][0m [36marticle_count[0m=[35m6[0m [36mmodule[0m=[35mreuters_jp[0m
[[32m[1minfo     [0m] [1mReuters JP section complete   [0m [[0m[1m[34mnews_scraper.reuters_jp[0m][0m [36mcount[0m=[35m6[0m [36mmodule[0m=[35mreuters_jp[0m [36msection[0m=[35mmarkets[0m
[[32m[1minfo     [0m] [1mReuters JP news collection complete[0m [[0m[1m[34mnews_scraper.reuters_jp[0m][0m [36mmodule[0m=[35mreuters_jp[0m [36mtotal_articles[0m=[35m23[0m
[[32m[1minfo     [0m] [1mSource collection complete    [0m [[0m[1m[34mnews_scraper.unified[0m][0m [36mmodule[0m=[35munified[0m [36msource[0m=[35mreuters_jp[0m [36msource_articles[0m=[35m23[0m
[[32m[1minfo     [0m] [1mFetching content for articles missing it[0m [[0m[1m[34mnews_scraper.unified[0m][0m [36mcount[0m=[35m23[0m [36mmodule[0m=[35munified[0m
[[32m[1minfo     [0m] [1mStarting batch extraction     [0m [[0m[1m[34mrss.services.article_extractor[0m][0m [36mmodule[0m=[35marticle_extractor[0m [36mrate_limit[0m=[35m1.0[0m [36murl_count[0m=[35m23[0m
[[32m[1minfo     [0m] [1mStarting article extraction   [0m [[0m[1m[34mrss.services.article_extractor[0m][0m [36mmodule[0m=[35marticle_extractor[0m [36murl[0m=[35mhttps://jp.reuters.com/markets/japan/LYB5LHUB3FLEBNRGVZR5EZQQ5Y-2026-04-15/[0m [36muser_agent[0m=[35m'Mozilla/5.0 (Macintosh; Intel Mac OS X 10_15_7) Ap...'[0m
[[32m[1minfo     [0m] [1mTrafilatura extraction successful[0m [[0m[1m[34mrss.services.article_extractor[0m][0m [36mmodule[0m=[35marticle_extractor[0m [36mtext_length[0m=[35m554[0m [36mtitle[0m=[35mNone[0m [36murl[0m=[35mhttps://jp.reuters.com/markets/japan/LYB5LHUB3FLEBNRGVZR5EZQQ5Y-2026-04-15/[0m
[[32m[1minfo     [0m] [1mStarting article extraction   [0m [[0m[1m[34mrss.services.article_extractor[0m][0m [36mmodule[0m=[35marticle_extractor[0m [36murl[0m=[35mhttps://jp.reuters.com/markets/global-markets/SRDBOJGZUVLWDFMUQAWPK3IBKE-2026-04-15/[0m [36muser_agent[0m=[35m'Mozilla/5.0 (Macintosh; Intel Mac OS X 10_15_7) Ap...'[0m
[[32m[1minfo     [0m] [1mTrafilatura extraction successful[0m [[0m[1m[34mrss.services.article_extractor[0m][0m [36mmodule[0m=[35marticle_extractor[0m [36mtext_length[0m=[35m241[0m [36mtitle[0m=[35mNone[0m [36murl[0m=[35mhttps://jp.reuters.com/markets/global-markets/SRDBOJGZUVLWDFMUQAWPK3IBKE-2026-04-15/[0m
[[32m[1minfo     [0m] [1mStarting article extraction   [0m [[0m[1m[34mrss.services.article_extractor[0m][0m [36mmodule[0m=[35marticle_extractor[0m [36murl[0m=[35mhttps://jp.reuters.com/markets/world-indices/HTEH2Z6NL5NRDDXNVZ54PTDAMU-2026-04-15/[0m [36muser_agent[0m=[35m'Mozilla/5.0 (Macintosh; Intel Mac OS X 10_15_7) Ap...'[0m
[[32m[1minfo     [0m] [1mTrafilatura extraction successful[0m [[0m[1m[34mrss.services.article_extractor[0m][0m [36mmodule[0m=[35marticle_extractor[0m [36mtext_length[0m=[35m700[0m [36mtitle[0m=[35mNone[0m [36murl[0m=[35mhttps://jp.reuters.com/markets/world-indices/HTEH2Z6NL5NRDDXNVZ54PTDAMU-2026-04-15/[0m
[[32m[1minfo     [0m] [1mStarting article extraction   [0m [[0m[1m[34mrss.services.article_extractor[0m][0m [36mmodule[0m=[35marticle_extractor[0m [36murl[0m=[35mhttps://jp.reuters.com/markets/commodities/RAVXRCQICVI5FFQOSQ6L7RCURI-2026-04-15/[0m [36muser_agent[0m=[35m'Mozilla/5.0 (Macintosh; Intel Mac OS X 10_15_7) Ap...'[0m
[[32m[1minfo     [0m] [1mTrafilatura extraction successful[0m [[0m[1m[34mrss.services.article_extractor[0m][0m [36mmodule[0m=[35marticle_extractor[0m [36mtext_length[0m=[35m571[0m [36mtitle[0m=[35mNone[0m [36murl[0m=[35mhttps://jp.reuters.com/markets/commodities/RAVXRCQICVI5FFQOSQ6L7RCURI-2026-04-15/[0m
[[32m[1minfo     [0m] [1mStarting article extraction   [0m [[0m[1m[34mrss.services.article_extractor[0m][0m [36mmodule[0m=[35marticle_extractor[0m [36murl[0m=[35mhttps://jp.reuters.com/markets/world-indices/RJOAYEL3TFIRNHIQXPK2V25374-2026-04-15/[0m [36muser_agent[0m=[35m'Mozilla/5.0 (Macintosh; Intel Mac OS X 10_15_7) Ap...'[0m
[[32m[1minfo     [0m] [1mTrafilatura extraction successful[0m [[0m[1m[34mrss.services.article_extractor[0m][0m [36mmodule[0m=[35marticle_extractor[0m [36mtext_length[0m=[35m434[0m [36mtitle[0m=[35mNone[0m [36murl[0m=[35mhttps://jp.reuters.com/markets/world-indices/RJOAYEL3TFIRNHIQXPK2V25374-2026-04-15/[0m
[[32m[1minfo     [0m] [1mStarting article extraction   [0m [[0m[1m[34mrss.services.article_extractor[0m][0m [36mmodule[0m=[35marticle_extractor[0m [36murl[0m=[35mhttps://jp.reuters.com/markets/japan/VCY4TMX7FBID5FIUVD4AGXNLB4-2026-04-15/[0m [36muser_agent[0m=[35m'Mozilla/5.0 (Macintosh; Intel Mac OS X 10_15_7) Ap...'[0m
[[32m[1minfo     [0m] [1mTrafilatura extraction successful[0m [[0m[1m[34mrss.services.article_extractor[0m][0m [36mmodule[0m=[35marticle_extractor[0m [36mtext_length[0m=[35m476[0m [36mtitle[0m=[35mNone[0m [36murl[0m=[35mhttps://jp.reuters.com/markets/japan/VCY4TMX7FBID5FIUVD4AGXNLB4-2026-04-15/[0m
[[32m[1minfo     [0m] [1mStarting article extraction   [0m [[0m[1m[34mrss.services.article_extractor[0m][0m [36mmodule[0m=[35marticle_extractor[0m [36murl[0m=[35mhttps://jp.reuters.com/markets/bonds/ERVN7PWPEZK6BP2TDN6STBXNQA-2026-04-15/[0m [36muser_agent[0m=[35m'Mozilla/5.0 (Macintosh; Intel Mac OS X 10_15_7) Ap...'[0m
[[32m[1minfo     [0m] [1mTrafilatura extraction successful[0m [[0m[1m[34mrss.services.article_extractor[0m][0m [36mmodule[0m=[35marticle_extractor[0m [36mtext_length[0m=[35m316[0m [36mtitle[0m=[35mNone[0m [36murl[0m=[35mhttps://jp.reuters.com/markets/bonds/ERVN7PWPEZK6BP2TDN6STBXNQA-2026-04-15/[0m
[[32m[1minfo     [0m] [1mStarting article extraction   [0m [[0m[1m[34mrss.services.article_extractor[0m][0m [36mmodule[0m=[35marticle_extractor[0m [36murl[0m=[35mhttps://jp.reuters.com/markets/world-indices/2LISETFIE5ONLNQK3S73DEOHCY-2026-04-15/[0m [36muser_agent[0m=[35m'Mozilla/5.0 (Macintosh; Intel Mac OS X 10_15_7) Ap...'[0m
[[32m[1minfo     [0m] [1mTrafilatura extraction successful[0m [[0m[1m[34mrss.services.article_extractor[0m][0m [36mmodule[0m=[35marticle_extractor[0m [36mtext_length[0m=[35m772[0m [36mtitle[0m=[35mNone[0m [36murl[0m=[35mhttps://jp.reuters.com/markets/world-indices/2LISETFIE5ONLNQK3S73DEOHCY-2026-04-15/[0m
[[32m[1minfo     [0m] [1mStarting article extraction   [0m [[0m[1m[34mrss.services.article_extractor[0m][0m [36mmodule[0m=[35marticle_extractor[0m [36murl[0m=[35mhttps://jp.reuters.com/markets/japan/3BEK47CS65L5RNMJQLBYF2UBOE-2026-04-15/[0m [36muser_agent[0m=[35m'Mozilla/5.0 (Macintosh; Intel Mac OS X 10_15_7) Ap...'[0m
[[32m[1minfo     [0m] [1mTrafilatura extraction successful[0m [[0m[1m[34mrss.services.article_extractor[0m][0m [36mmodule[0m=[35marticle_extractor[0m [36mtext_length[0m=[35m660[0m [36mtitle[0m=[35mNone[0m [36murl[0m=[35mhttps://jp.reuters.com/markets/japan/3BEK47CS65L5RNMJQLBYF2UBOE-2026-04-15/[0m
[[32m[1minfo     [0m] [1mStarting article extraction   [0m [[0m[1m[34mrss.services.article_extractor[0m][0m [36mmodule[0m=[35marticle_extractor[0m [36murl[0m=[35mhttps://jp.reuters.com/markets/japan/623VHJ3UYJOP7PE3SA5JO3REOY-2026-04-15/[0m [36muser_agent[0m=[35m'Mozilla/5.0 (Macintosh; Intel Mac OS X 10_15_7) Ap...'[0m
[[32m[1minfo     [0m] [1mTrafilatura extraction successful[0m [[0m[1m[34mrss.services.article_extractor[0m][0m [36mmodule[0m=[35marticle_extractor[0m [36mtext_length[0m=[35m1016[0m [36mtitle[0m=[35mNone[0m [36murl[0m=[35mhttps://jp.reuters.com/markets/japan/623VHJ3UYJOP7PE3SA5JO3REOY-2026-04-15/[0m
[[32m[1minfo     [0m] [1mStarting article extraction   [0m [[0m[1m[34mrss.services.article_extractor[0m][0m [36mmodule[0m=[35marticle_extractor[0m [36murl[0m=[35mhttps://jp.reuters.com/markets/global-markets/IOI4V3IVJFOMTF3AEZUMOTODBQ-2026-04-15/[0m [36muser_agent[0m=[35m'Mozilla/5.0 (Macintosh; Intel Mac OS X 10_15_7) Ap...'[0m
[[32m[1minfo     [0m] [1mTrafilatura extraction successful[0m [[0m[1m[34mrss.services.article_extractor[0m][0m [36mmodule[0m=[35marticle_extractor[0m [36mtext_length[0m=[35m377[0m [36mtitle[0m=[35mNone[0m [36murl[0m=[35mhttps://jp.reuters.com/markets/global-markets/IOI4V3IVJFOMTF3AEZUMOTODBQ-2026-04-15/[0m
[[32m[1minfo     [0m] [1mStarting article extraction   [0m [[0m[1m[34mrss.services.article_extractor[0m][0m [36mmodule[0m=[35marticle_extractor[0m [36murl[0m=[35mhttps://jp.reuters.com/markets/japan/7MIL643BAZKB7PI7LUEXGPWV5U-2026-04-15/[0m [36muser_agent[0m=[35m'Mozilla/5.0 (Macintosh; Intel Mac OS X 10_15_7) Ap...'[0m
[[32m[1minfo     [0m] [1mTrafilatura extraction successful[0m [[0m[1m[34mrss.services.article_extractor[0m][0m [36mmodule[0m=[35marticle_extractor[0m [36mtext_length[0m=[35m432[0m [36mtitle[0m=[35mNone[0m [36murl[0m=[35mhttps://jp.reuters.com/markets/japan/7MIL643BAZKB7PI7LUEXGPWV5U-2026-04-15/[0m
[[32m[1minfo     [0m] [1mStarting article extraction   [0m [[0m[1m[34mrss.services.article_extractor[0m][0m [36mmodule[0m=[35marticle_extractor[0m [36murl[0m=[35mhttps://jp.reuters.com/markets/japan/2ZD3JWPBNFOIPB7NGLVT62LXWI-2026-04-15/[0m [36muser_agent[0m=[35m'Mozilla/5.0 (Macintosh; Intel Mac OS X 10_15_7) Ap...'[0m
[[32m[1minfo     [0m] [1mTrafilatura extraction successful[0m [[0m[1m[34mrss.services.article_extractor[0m][0m [36mmodule[0m=[35marticle_extractor[0m [36mtext_length[0m=[35m2065[0m [36mtitle[0m=[35mNone[0m [36murl[0m=[35mhttps://jp.reuters.com/markets/japan/2ZD3JWPBNFOIPB7NGLVT62LXWI-2026-04-15/[0m
[[32m[1minfo     [0m] [1mStarting article extraction   [0m [[0m[1m[34mrss.services.article_extractor[0m][0m [36mmodule[0m=[35marticle_extractor[0m [36murl[0m=[35mhttps://jp.reuters.com/markets/japan/2PMBG4AH2RODFBBYEWQLUVGJ2Y-2026-04-15/[0m [36muser_agent[0m=[35m'Mozilla/5.0 (Macintosh; Intel Mac OS X 10_15_7) Ap...'[0m
[[32m[1minfo     [0m] [1mTrafilatura extraction successful[0m [[0m[1m[34mrss.services.article_extractor[0m][0m [36mmodule[0m=[35marticle_extractor[0m [36mtext_length[0m=[35m577[0m [36mtitle[0m=[35mNone[0m [36murl[0m=[35mhttps://jp.reuters.com/markets/japan/2PMBG4AH2RODFBBYEWQLUVGJ2Y-2026-04-15/[0m
[[32m[1minfo     [0m] [1mStarting article extraction   [0m [[0m[1m[34mrss.services.article_extractor[0m][0m [36mmodule[0m=[35marticle_extractor[0m [36murl[0m=[35mhttps://jp.reuters.com/markets/japan/KIYWFYDXDZP43B6NC743QKOP4U-2026-04-15/[0m [36muser_agent[0m=[35m'Mozilla/5.0 (Macintosh; Intel Mac OS X 10_15_7) Ap...'[0m
[[32m[1minfo     [0m] [1mTrafilatura extraction successful[0m [[0m[1m[34mrss.services.article_extractor[0m][0m [36mmodule[0m=[35marticle_extractor[0m [36mtext_length[0m=[35m692[0m [36mtitle[0m=[35mNone[0m [36murl[0m=[35mhttps://jp.reuters.com/markets/japan/KIYWFYDXDZP43B6NC743QKOP4U-2026-04-15/[0m
[[32m[1minfo     [0m] [1mStarting article extraction   [0m [[0m[1m[34mrss.services.article_extractor[0m][0m [36mmodule[0m=[35marticle_extractor[0m [36murl[0m=[35mhttps://jp.reuters.com/markets/japan/UJQMDWSZMZJLHBIRO45GKWYMNE-2026-04-15/[0m [36muser_agent[0m=[35m'Mozilla/5.0 (Macintosh; Intel Mac OS X 10_15_7) Ap...'[0m
[[32m[1minfo     [0m] [1mTrafilatura extraction successful[0m [[0m[1m[34mrss.services.article_extractor[0m][0m [36mmodule[0m=[35marticle_extractor[0m [36mtext_length[0m=[35m250[0m [36mtitle[0m=[35mNone[0m [36murl[0m=[35mhttps://jp.reuters.com/markets/japan/UJQMDWSZMZJLHBIRO45GKWYMNE-2026-04-15/[0m
[[32m[1minfo     [0m] [1mStarting article extraction   [0m [[0m[1m[34mrss.services.article_extractor[0m][0m [36mmodule[0m=[35marticle_extractor[0m [36murl[0m=[35mhttps://jp.reuters.com/markets/japan/ULN7OHJPGJK4VL4RUIHBUTB4DY-2026-04-15/[0m [36muser_agent[0m=[35m'Mozilla/5.0 (Macintosh; Intel Mac OS X 10_15_7) Ap...'[0m
[[32m[1minfo     [0m] [1mTrafilatura extraction successful[0m [[0m[1m[34mrss.services.article_extractor[0m][0m [36mmodule[0m=[35marticle_extractor[0m [36mtext_length[0m=[35m401[0m [36mtitle[0m=[35mNone[0m [36murl[0m=[35mhttps://jp.reuters.com/markets/japan/ULN7OHJPGJK4VL4RUIHBUTB4DY-2026-04-15/[0m
[[32m[1minfo     [0m] [1mStarting article extraction   [0m [[0m[1m[34mrss.services.article_extractor[0m][0m [36mmodule[0m=[35marticle_extractor[0m [36murl[0m=[35mhttps://jp.reuters.com/markets/japan/O6R6UE2JZVNFBPNGGLNXQFTBSY-2026-04-15/[0m [36muser_agent[0m=[35m'Mozilla/5.0 (Macintosh; Intel Mac OS X 10_15_7) Ap...'[0m
[[32m[1minfo     [0m] [1mTrafilatura extraction successful[0m [[0m[1m[34mrss.services.article_extractor[0m][0m [36mmodule[0m=[35marticle_extractor[0m [36mtext_length[0m=[35m515[0m [36mtitle[0m=[35mNone[0m [36murl[0m=[35mhttps://jp.reuters.com/markets/japan/O6R6UE2JZVNFBPNGGLNXQFTBSY-2026-04-15/[0m
[[32m[1minfo     [0m] [1mStarting article extraction   [0m [[0m[1m[34mrss.services.article_extractor[0m][0m [36mmodule[0m=[35marticle_extractor[0m [36murl[0m=[35mhttps://jp.reuters.com/markets/japan/IGDJZYZ4T5L57DBKWVVPP7BLUM-2026-04-15/[0m [36muser_agent[0m=[35m'Mozilla/5.0 (Macintosh; Intel Mac OS X 10_15_7) Ap...'[0m
[[32m[1minfo     [0m] [1mTrafilatura extraction successful[0m [[0m[1m[34mrss.services.article_extractor[0m][0m [36mmodule[0m=[35marticle_extractor[0m [36mtext_length[0m=[35m372[0m [36mtitle[0m=[35mNone[0m [36murl[0m=[35mhttps://jp.reuters.com/markets/japan/IGDJZYZ4T5L57DBKWVVPP7BLUM-2026-04-15/[0m
[[32m[1minfo     [0m] [1mStarting article extraction   [0m [[0m[1m[34mrss.services.article_extractor[0m][0m [36mmodule[0m=[35marticle_extractor[0m [36murl[0m=[35mhttps://jp.reuters.com/business/YOSNMFWCAFOJTIBNXTRJRNZMGM-2026-04-15/[0m [36muser_agent[0m=[35m'Mozilla/5.0 (Macintosh; Intel Mac OS X 10_15_7) Ap...'[0m
[[32m[1minfo     [0m] [1mTrafilatura extraction successful[0m [[0m[1m[34mrss.services.article_extractor[0m][0m [36mmodule[0m=[35marticle_extractor[0m [36mtext_length[0m=[35m514[0m [36mtitle[0m=[35mNone[0m [36murl[0m=[35mhttps://jp.reuters.com/business/YOSNMFWCAFOJTIBNXTRJRNZMGM-2026-04-15/[0m
[[32m[1minfo     [0m] [1mStarting article extraction   [0m [[0m[1m[34mrss.services.article_extractor[0m][0m [36mmodule[0m=[35marticle_extractor[0m [36murl[0m=[35mhttps://jp.reuters.com/markets/japan/DSYHEY5AXVPJBKI4P47AOQBWNI-2026-04-15/[0m [36muser_agent[0m=[35m'Mozilla/5.0 (Macintosh; Intel Mac OS X 10_15_7) Ap...'[0m
[[32m[1minfo     [0m] [1mTrafilatura extraction successful[0m [[0m[1m[34mrss.services.article_extractor[0m][0m [36mmodule[0m=[35marticle_extractor[0m [36mtext_length[0m=[35m401[0m [36mtitle[0m=[35mNone[0m [36murl[0m=[35mhttps://jp.reuters.com/markets/japan/DSYHEY5AXVPJBKI4P47AOQBWNI-2026-04-15/[0m
[[32m[1minfo     [0m] [1mStarting article extraction   [0m [[0m[1m[34mrss.services.article_extractor[0m][0m [36mmodule[0m=[35marticle_extractor[0m [36murl[0m=[35mhttps://jp.reuters.com/markets/japan/HINIO7C7E5OGXAAO6IYAIOFEGA-2026-04-15/[0m [36muser_agent[0m=[35m'Mozilla/5.0 (Macintosh; Intel Mac OS X 10_15_7) Ap...'[0m
[[32m[1minfo     [0m] [1mTrafilatura extraction successful[0m [[0m[1m[34mrss.services.article_extractor[0m][0m [36mmodule[0m=[35marticle_extractor[0m [36mtext_length[0m=[35m722[0m [36mtitle[0m=[35mNone[0m [36murl[0m=[35mhttps://jp.reuters.com/markets/japan/HINIO7C7E5OGXAAO6IYAIOFEGA-2026-04-15/[0m
[[32m[1minfo     [0m] [1mStarting article extraction   [0m [[0m[1m[34mrss.services.article_extractor[0m][0m [36mmodule[0m=[35marticle_extractor[0m [36murl[0m=[35mhttps://jp.reuters.com/markets/japan/26NRF3CNCNOWLPKNLHQG5GEAIU-2026-04-15/[0m [36muser_agent[0m=[35m'Mozilla/5.0 (Macintosh; Intel Mac OS X 10_15_7) Ap...'[0m
[[32m[1minfo     [0m] [1mTrafilatura extraction successful[0m [[0m[1m[34mrss.services.article_extractor[0m][0m [36mmodule[0m=[35marticle_extractor[0m [36mtext_length[0m=[35m1060[0m [36mtitle[0m=[35mNone[0m [36murl[0m=[35mhttps://jp.reuters.com/markets/japan/26NRF3CNCNOWLPKNLHQG5GEAIU-2026-04-15/[0m
[[32m[1minfo     [0m] [1mBatch extraction completed    [0m [[0m[1m[34mrss.services.article_extractor[0m][0m [36mfailed[0m=[35m0[0m [36mmodule[0m=[35marticle_extractor[0m [36msuccess[0m=[35m23[0m [36mtotal[0m=[35m23[0m
[[32m[1minfo     [0m] [1mContent post-fetch complete   [0m [[0m[1m[34mnews_scraper.unified[0m][0m [36mfetched[0m=[35m23[0m [36mmodule[0m=[35munified[0m [36mtotal[0m=[35m23[0m
[[32m[1minfo     [0m] [1mFinancial news collection complete[0m [[0m[1m[34mnews_scraper.unified[0m][0m [36melapsed_seconds[0m=[35m28.91[0m [36mmodule[0m=[35munified[0m [36msources[0m=[35m['reuters_jp'][0m [36mtotal_articles[0m=[35m23[0m
[[32m[1minfo     [0m] [1mRawStore: saved=14, dup=9, empty=0[0m [[0m[1m[34mnews_scraper.unified[0m][0m [36mmodule[0m=[35munified[0m
[[32m[1minfo     [0m] [1mCollection complete           [0m [[0m[1m[34m__main__[0m][0m [36marticle_count[0m=[35m23[0m [36mmodule[0m=[35mscrape_finance_news[0m
[[32m[1minfo     [0m] [1mNAS is mounted, using NAS output[0m [[0m[1m[34m__main__[0m][0m [36mmodule[0m=[35mscrape_finance_news[0m [36mpath[0m=[35m/Volumes/personal_folder/scraped/reuters_jp[0m [36msource[0m=[35mreuters_jp[0m
[[32m[1minfo     [0m] [1mOutput directory ready        [0m [[0m[1m[34m__main__[0m][0m [36mmodule[0m=[35mscrape_finance_news[0m [36mpath[0m=[35m/Volumes/personal_folder/scraped/reuters_jp/2026-04-15[0m
[[32m[1minfo     [0m] [1mArticles saved to JSON        [0m [[0m[1m[34m__main__[0m][0m [36mmodule[0m=[35mscrape_finance_news[0m [36mpath[0m=[35m/Volumes/personal_folder/scraped/reuters_jp/2026-04-15/news_150005.json[0m [36mtotal_count[0m=[35m23[0m
[[32m[1minfo     [0m] [1mSave complete                 [0m [[0m[1m[34m__main__[0m][0m [36mcount[0m=[35m23[0m [36mmodule[0m=[35mscrape_finance_news[0m [36moutput_file[0m=[35m/Volumes/personal_folder/scraped/reuters_jp/2026-04-15/news_150005.json[0m [36msource[0m=[35mreuters_jp[0m
[[32m[1minfo     [0m] [1mScraper finished successfully [0m [[0m[1m[34m__main__[0m][0m [36mmodule[0m=[35mscrape_finance_news[0m [36msaved_files[0m=[35m['/Volumes/personal_folder/scraped/reuters_jp/2026-04-15/news_150005.json'][0m [36mtotal_articles[0m=[35m23[0m
[[32m[1minfo     [0m] [1mFinance news scraper starting [0m [[0m[1m[34m__main__[0m][0m [36minclude_content[0m=[35mTrue[0m [36mmax_articles[0m=[35m50[0m [36mmodule[0m=[35mscrape_finance_news[0m [36msources[0m=[35m['reuters_jp'][0m
[[32m[1minfo     [0m] [1mStarting news collection      [0m [[0m[1m[34m__main__[0m][0m [36mmodule[0m=[35mscrape_finance_news[0m [36msources[0m=[35m['reuters_jp'][0m
[[32m[1minfo     [0m] [1mStarting financial news collection (async)[0m [[0m[1m[34mnews_scraper.unified[0m][0m [36minclude_content[0m=[35mTrue[0m [36mmax_articles_per_source[0m=[35m50[0m [36mmodule[0m=[35munified[0m [36msources[0m=[35m['reuters_jp'][0m
[[32m[1minfo     [0m] [1mStarting Reuters JP news collection[0m [[0m[1m[34mnews_scraper.reuters_jp[0m][0m [36mmax_articles_per_source[0m=[35m50[0m [36mmodule[0m=[35mreuters_jp[0m [36msections[0m=[35m['markets', 'business'][0m
[[32m[1minfo     [0m] [1mFetching Reuters JP section   [0m [[0m[1m[34mnews_scraper.reuters_jp[0m][0m [36mmodule[0m=[35mreuters_jp[0m [36msection[0m=[35mmarkets[0m [36murl[0m=[35mhttps://jp.reuters.com/markets/[0m
[[32m[1minfo     [0m] [1mFetching Reuters JP section   [0m [[0m[1m[34mnews_scraper.reuters_jp[0m][0m [36mmodule[0m=[35mreuters_jp[0m [36msection[0m=[35mbusiness[0m [36murl[0m=[35mhttps://jp.reuters.com/business/[0m
[[32m[1minfo     [0m] [1mHTTP Request: GET https://jp.reuters.com/markets/ "HTTP/1.1 200 OK"[0m [[0m[1m[34mhttpx[0m][0m
[[32m[1minfo     [0m] [1mHTML fetched (async)          [0m [[0m[1m[34mnews_scraper._html_utils[0m][0m [36mmodule[0m=[35mhtml_utils[0m [36mstatus_code[0m=[35m200[0m [36murl[0m=[35mhttps://jp.reuters.com/markets/[0m
[[32m[1minfo     [0m] [1mMarkets page parsed           [0m [[0m[1m[34mnews_scraper.reuters_jp[0m][0m [36marticle_count[0m=[35m6[0m [36mmodule[0m=[35mreuters_jp[0m
[[32m[1minfo     [0m] [1mReuters JP section complete   [0m [[0m[1m[34mnews_scraper.reuters_jp[0m][0m [36mcount[0m=[35m6[0m [36mmodule[0m=[35mreuters_jp[0m [36msection[0m=[35mmarkets[0m
[[32m[1minfo     [0m] [1mHTTP Request: GET https://jp.reuters.com/business/ "HTTP/1.1 200 OK"[0m [[0m[1m[34mhttpx[0m][0m
[[32m[1minfo     [0m] [1mHTML fetched (async)          [0m [[0m[1m[34mnews_scraper._html_utils[0m][0m [36mmodule[0m=[35mhtml_utils[0m [36mstatus_code[0m=[35m200[0m [36murl[0m=[35mhttps://jp.reuters.com/business/[0m
[[32m[1minfo     [0m] [1mBusiness page parsed          [0m [[0m[1m[34mnews_scraper.reuters_jp[0m][0m [36marticle_count[0m=[35m20[0m [36mmodule[0m=[35mreuters_jp[0m
[[32m[1minfo     [0m] [1mReuters JP section complete   [0m [[0m[1m[34mnews_scraper.reuters_jp[0m][0m [36mcount[0m=[35m20[0m [36mmodule[0m=[35mreuters_jp[0m [36msection[0m=[35mbusiness[0m
[[32m[1minfo     [0m] [1mReuters JP news collection complete[0m [[0m[1m[34mnews_scraper.reuters_jp[0m][0m [36mmodule[0m=[35mreuters_jp[0m [36mtotal_articles[0m=[35m24[0m
[[32m[1minfo     [0m] [1mSource collection complete    [0m [[0m[1m[34mnews_scraper.unified[0m][0m [36mmodule[0m=[35munified[0m [36msource[0m=[35mreuters_jp[0m [36msource_articles[0m=[35m24[0m
[[32m[1minfo     [0m] [1mFetching content for articles missing it[0m [[0m[1m[34mnews_scraper.unified[0m][0m [36mcount[0m=[35m24[0m [36mmodule[0m=[35munified[0m
[[32m[1minfo     [0m] [1mStarting batch extraction     [0m [[0m[1m[34mrss.services.article_extractor[0m][0m [36mmodule[0m=[35marticle_extractor[0m [36mrate_limit[0m=[35m1.0[0m [36murl_count[0m=[35m24[0m
[[32m[1minfo     [0m] [1mStarting article extraction   [0m [[0m[1m[34mrss.services.article_extractor[0m][0m [36mmodule[0m=[35marticle_extractor[0m [36murl[0m=[35mhttps://jp.reuters.com/markets/japan/2ZD3JWPBNFOIPB7NGLVT62LXWI-2026-04-15/[0m [36muser_agent[0m=[35m'Mozilla/5.0 (Macintosh; Intel Mac OS X 10_15_7) Ap...'[0m
[[32m[1minfo     [0m] [1mTrafilatura extraction successful[0m [[0m[1m[34mrss.services.article_extractor[0m][0m [36mmodule[0m=[35marticle_extractor[0m [36mtext_length[0m=[35m2065[0m [36mtitle[0m=[35mNone[0m [36murl[0m=[35mhttps://jp.reuters.com/markets/japan/2ZD3JWPBNFOIPB7NGLVT62LXWI-2026-04-15/[0m
[[32m[1minfo     [0m] [1mStarting article extraction   [0m [[0m[1m[34mrss.services.article_extractor[0m][0m [36mmodule[0m=[35marticle_extractor[0m [36murl[0m=[35mhttps://jp.reuters.com/markets/japan/2PMBG4AH2RODFBBYEWQLUVGJ2Y-2026-04-15/[0m [36muser_agent[0m=[35m'Mozilla/5.0 (Macintosh; Intel Mac OS X 10_15_7) Ap...'[0m
[[32m[1minfo     [0m] [1mTrafilatura extraction successful[0m [[0m[1m[34mrss.services.article_extractor[0m][0m [36mmodule[0m=[35marticle_extractor[0m [36mtext_length[0m=[35m577[0m [36mtitle[0m=[35mNone[0m [36murl[0m=[35mhttps://jp.reuters.com/markets/japan/2PMBG4AH2RODFBBYEWQLUVGJ2Y-2026-04-15/[0m
[[32m[1minfo     [0m] [1mStarting article extraction   [0m [[0m[1m[34mrss.services.article_extractor[0m][0m [36mmodule[0m=[35marticle_extractor[0m [36murl[0m=[35mhttps://jp.reuters.com/markets/japan/KIYWFYDXDZP43B6NC743QKOP4U-2026-04-15/[0m [36muser_agent[0m=[35m'Mozilla/5.0 (Macintosh; Intel Mac OS X 10_15_7) Ap...'[0m
[[32m[1minfo     [0m] [1mTrafilatura extraction successful[0m [[0m[1m[34mrss.services.article_extractor[0m][0m [36mmodule[0m=[35marticle_extractor[0m [36mtext_length[0m=[35m692[0m [36mtitle[0m=[35mNone[0m [36murl[0m=[35mhttps://jp.reuters.com/markets/japan/KIYWFYDXDZP43B6NC743QKOP4U-2026-04-15/[0m
[[32m[1minfo     [0m] [1mStarting article extraction   [0m [[0m[1m[34mrss.services.article_extractor[0m][0m [36mmodule[0m=[35marticle_extractor[0m [36murl[0m=[35mhttps://jp.reuters.com/markets/japan/UJQMDWSZMZJLHBIRO45GKWYMNE-2026-04-15/[0m [36muser_agent[0m=[35m'Mozilla/5.0 (Macintosh; Intel Mac OS X 10_15_7) Ap...'[0m
[[32m[1minfo     [0m] [1mTrafilatura extraction successful[0m [[0m[1m[34mrss.services.article_extractor[0m][0m [36mmodule[0m=[35marticle_extractor[0m [36mtext_length[0m=[35m250[0m [36mtitle[0m=[35mNone[0m [36murl[0m=[35mhttps://jp.reuters.com/markets/japan/UJQMDWSZMZJLHBIRO45GKWYMNE-2026-04-15/[0m
[[32m[1minfo     [0m] [1mStarting article extraction   [0m [[0m[1m[34mrss.services.article_extractor[0m][0m [36mmodule[0m=[35marticle_extractor[0m [36murl[0m=[35mhttps://jp.reuters.com/markets/japan/ULN7OHJPGJK4VL4RUIHBUTB4DY-2026-04-15/[0m [36muser_agent[0m=[35m'Mozilla/5.0 (Macintosh; Intel Mac OS X 10_15_7) Ap...'[0m
[[32m[1minfo     [0m] [1mTrafilatura extraction successful[0m [[0m[1m[34mrss.services.article_extractor[0m][0m [36mmodule[0m=[35marticle_extractor[0m [36mtext_length[0m=[35m401[0m [36mtitle[0m=[35mNone[0m [36murl[0m=[35mhttps://jp.reuters.com/markets/japan/ULN7OHJPGJK4VL4RUIHBUTB4DY-2026-04-15/[0m
[[32m[1minfo     [0m] [1mStarting article extraction   [0m [[0m[1m[34mrss.services.article_extractor[0m][0m [36mmodule[0m=[35marticle_extractor[0m [36murl[0m=[35mhttps://jp.reuters.com/markets/japan/O6R6UE2JZVNFBPNGGLNXQFTBSY-2026-04-15/[0m [36muser_agent[0m=[35m'Mozilla/5.0 (Macintosh; Intel Mac OS X 10_15_7) Ap...'[0m
[[32m[1minfo     [0m] [1mTrafilatura extraction successful[0m [[0m[1m[34mrss.services.article_extractor[0m][0m [36mmodule[0m=[35marticle_extractor[0m [36mtext_length[0m=[35m1036[0m [36mtitle[0m=[35mNone[0m [36murl[0m=[35mhttps://jp.reuters.com/markets/japan/O6R6UE2JZVNFBPNGGLNXQFTBSY-2026-04-15/[0m
[[32m[1minfo     [0m] [1mStarting article extraction   [0m [[0m[1m[34mrss.services.article_extractor[0m][0m [36mmodule[0m=[35marticle_extractor[0m [36murl[0m=[35mhttps://jp.reuters.com/markets/japan/IGDJZYZ4T5L57DBKWVVPP7BLUM-2026-04-15/[0m [36muser_agent[0m=[35m'Mozilla/5.0 (Macintosh; Intel Mac OS X 10_15_7) Ap...'[0m
[[32m[1minfo     [0m] [1mTrafilatura extraction successful[0m [[0m[1m[34mrss.services.article_extractor[0m][0m [36mmodule[0m=[35marticle_extractor[0m [36mtext_length[0m=[35m813[0m [36mtitle[0m=[35mNone[0m [36murl[0m=[35mhttps://jp.reuters.com/markets/japan/IGDJZYZ4T5L57DBKWVVPP7BLUM-2026-04-15/[0m
[[32m[1minfo     [0m] [1mStarting article extraction   [0m [[0m[1m[34mrss.services.article_extractor[0m][0m [36mmodule[0m=[35marticle_extractor[0m [36murl[0m=[35mhttps://jp.reuters.com/business/YOSNMFWCAFOJTIBNXTRJRNZMGM-2026-04-15/[0m [36muser_agent[0m=[35m'Mozilla/5.0 (Macintosh; Intel Mac OS X 10_15_7) Ap...'[0m
[[32m[1minfo     [0m] [1mTrafilatura extraction successful[0m [[0m[1m[34mrss.services.article_extractor[0m][0m [36mmodule[0m=[35marticle_extractor[0m [36mtext_length[0m=[35m821[0m [36mtitle[0m=[35mNone[0m [36murl[0m=[35mhttps://jp.reuters.com/business/YOSNMFWCAFOJTIBNXTRJRNZMGM-2026-04-15/[0m
[[32m[1minfo     [0m] [1mStarting article extraction   [0m [[0m[1m[34mrss.services.article_extractor[0m][0m [36mmodule[0m=[35marticle_extractor[0m [36murl[0m=[35mhttps://jp.reuters.com/markets/japan/DSYHEY5AXVPJBKI4P47AOQBWNI-2026-04-15/[0m [36muser_agent[0m=[35m'Mozilla/5.0 (Macintosh; Intel Mac OS X 10_15_7) Ap...'[0m
[[32m[1minfo     [0m] [1mTrafilatura extraction successful[0m [[0m[1m[34mrss.services.article_extractor[0m][0m [36mmodule[0m=[35marticle_extractor[0m [36mtext_length[0m=[35m401[0m [36mtitle[0m=[35mNone[0m [36murl[0m=[35mhttps://jp.reuters.com/markets/japan/DSYHEY5AXVPJBKI4P47AOQBWNI-2026-04-15/[0m
[[32m[1minfo     [0m] [1mStarting article extraction   [0m [[0m[1m[34mrss.services.article_extractor[0m][0m [36mmodule[0m=[35marticle_extractor[0m [36murl[0m=[35mhttps://jp.reuters.com/markets/japan/26NRF3CNCNOWLPKNLHQG5GEAIU-2026-04-15/[0m [36muser_agent[0m=[35m'Mozilla/5.0 (Macintosh; Intel Mac OS X 10_15_7) Ap...'[0m
[[32m[1minfo     [0m] [1mTrafilatura extraction successful[0m [[0m[1m[34mrss.services.article_extractor[0m][0m [36mmodule[0m=[35marticle_extractor[0m [36mtext_length[0m=[35m1060[0m [36mtitle[0m=[35mNone[0m [36murl[0m=[35mhttps://jp.reuters.com/markets/japan/26NRF3CNCNOWLPKNLHQG5GEAIU-2026-04-15/[0m
[[32m[1minfo     [0m] [1mStarting article extraction   [0m [[0m[1m[34mrss.services.article_extractor[0m][0m [36mmodule[0m=[35marticle_extractor[0m [36murl[0m=[35mhttps://jp.reuters.com/markets/japan/5KMGKCSUBJJJZLT7DIZDWFLZQU-2026-04-15/[0m [36muser_agent[0m=[35m'Mozilla/5.0 (Macintosh; Intel Mac OS X 10_15_7) Ap...'[0m
[[32m[1minfo     [0m] [1mTrafilatura extraction successful[0m [[0m[1m[34mrss.services.article_extractor[0m][0m [36mmodule[0m=[35marticle_extractor[0m [36mtext_length[0m=[35m273[0m [36mtitle[0m=[35mNone[0m [36murl[0m=[35mhttps://jp.reuters.com/markets/japan/5KMGKCSUBJJJZLT7DIZDWFLZQU-2026-04-15/[0m
[[32m[1minfo     [0m] [1mStarting article extraction   [0m [[0m[1m[34mrss.services.article_extractor[0m][0m [36mmodule[0m=[35marticle_extractor[0m [36murl[0m=[35mhttps://jp.reuters.com/markets/japan/HF4FM2L3KNIFBJBFZDJWALU264-2026-04-15/[0m [36muser_agent[0m=[35m'Mozilla/5.0 (Macintosh; Intel Mac OS X 10_15_7) Ap...'[0m
[[32m[1minfo     [0m] [1mTrafilatura extraction successful[0m [[0m[1m[34mrss.services.article_extractor[0m][0m [36mmodule[0m=[35marticle_extractor[0m [36mtext_length[0m=[35m242[0m [36mtitle[0m=[35mNone[0m [36murl[0m=[35mhttps://jp.reuters.com/markets/japan/HF4FM2L3KNIFBJBFZDJWALU264-2026-04-15/[0m
[[32m[1minfo     [0m] [1mStarting article extraction   [0m [[0m[1m[34mrss.services.article_extractor[0m][0m [36mmodule[0m=[35marticle_extractor[0m [36murl[0m=[35mhttps://jp.reuters.com/markets/japan/B6A76ZJLPJL6TA6W673RFGDQPM-2026-04-15/[0m [36muser_agent[0m=[35m'Mozilla/5.0 (Macintosh; Intel Mac OS X 10_15_7) Ap...'[0m
[[32m[1minfo     [0m] [1mTrafilatura extraction successful[0m [[0m[1m[34mrss.services.article_extractor[0m][0m [36mmodule[0m=[35marticle_extractor[0m [36mtext_length[0m=[35m651[0m [36mtitle[0m=[35mNone[0m [36murl[0m=[35mhttps://jp.reuters.com/markets/japan/B6A76ZJLPJL6TA6W673RFGDQPM-2026-04-15/[0m
[[32m[1minfo     [0m] [1mStarting article extraction   [0m [[0m[1m[34mrss.services.article_extractor[0m][0m [36mmodule[0m=[35marticle_extractor[0m [36murl[0m=[35mhttps://jp.reuters.com/markets/japan/YEKMYHM5RRIK5CJ75OW5WSI67Y-2026-04-15/[0m [36muser_agent[0m=[35m'Mozilla/5.0 (Macintosh; Intel Mac OS X 10_15_7) Ap...'[0m
[[32m[1minfo     [0m] [1mTrafilatura extraction successful[0m [[0m[1m[34mrss.services.article_extractor[0m][0m [36mmodule[0m=[35marticle_extractor[0m [36mtext_length[0m=[35m933[0m [36mtitle[0m=[35mNone[0m [36murl[0m=[35mhttps://jp.reuters.com/markets/japan/YEKMYHM5RRIK5CJ75OW5WSI67Y-2026-04-15/[0m
[[32m[1minfo     [0m] [1mStarting article extraction   [0m [[0m[1m[34mrss.services.article_extractor[0m][0m [36mmodule[0m=[35marticle_extractor[0m [36murl[0m=[35mhttps://jp.reuters.com/markets/japan/RYVU6UAFCFOWTGN3JXHUUNUFTM-2026-04-15/[0m [36muser_agent[0m=[35m'Mozilla/5.0 (Macintosh; Intel Mac OS X 10_15_7) Ap...'[0m
[[32m[1minfo     [0m] [1mTrafilatura extraction successful[0m [[0m[1m[34mrss.services.article_extractor[0m][0m [36mmodule[0m=[35marticle_extractor[0m [36mtext_length[0m=[35m786[0m [36mtitle[0m=[35mNone[0m [36murl[0m=[35mhttps://jp.reuters.com/markets/japan/RYVU6UAFCFOWTGN3JXHUUNUFTM-2026-04-15/[0m
[[32m[1minfo     [0m] [1mStarting article extraction   [0m [[0m[1m[34mrss.services.article_extractor[0m][0m [36mmodule[0m=[35marticle_extractor[0m [36murl[0m=[35mhttps://jp.reuters.com/markets/japan/C3ND5WS5NZO47NCOHEV4YMJZ2A-2026-04-15/[0m [36muser_agent[0m=[35m'Mozilla/5.0 (Macintosh; Intel Mac OS X 10_15_7) Ap...'[0m
[[32m[1minfo     [0m] [1mTrafilatura extraction successful[0m [[0m[1m[34mrss.services.article_extractor[0m][0m [36mmodule[0m=[35marticle_extractor[0m [36mtext_length[0m=[35m944[0m [36mtitle[0m=[35mNone[0m [36murl[0m=[35mhttps://jp.reuters.com/markets/japan/C3ND5WS5NZO47NCOHEV4YMJZ2A-2026-04-15/[0m
[[32m[1minfo     [0m] [1mStarting article extraction   [0m [[0m[1m[34mrss.services.article_extractor[0m][0m [36mmodule[0m=[35marticle_extractor[0m [36murl[0m=[35mhttps://jp.reuters.com/markets/japan/2GJIC3FGTJMEXFCEHV5KGXZGRA-2026-04-15/[0m [36muser_agent[0m=[35m'Mozilla/5.0 (Macintosh; Intel Mac OS X 10_15_7) Ap...'[0m
[[32m[1minfo     [0m] [1mTrafilatura extraction successful[0m [[0m[1m[34mrss.services.article_extractor[0m][0m [36mmodule[0m=[35marticle_extractor[0m [36mtext_length[0m=[35m360[0m [36mtitle[0m=[35mNone[0m [36murl[0m=[35mhttps://jp.reuters.com/markets/japan/2GJIC3FGTJMEXFCEHV5KGXZGRA-2026-04-15/[0m
[[32m[1minfo     [0m] [1mStarting article extraction   [0m [[0m[1m[34mrss.services.article_extractor[0m][0m [36mmodule[0m=[35marticle_extractor[0m [36murl[0m=[35mhttps://jp.reuters.com/markets/japan/NN4QJPBXAJJGHCAQ5CEWD3MYGI-2026-04-15/[0m [36muser_agent[0m=[35m'Mozilla/5.0 (Macintosh; Intel Mac OS X 10_15_7) Ap...'[0m
[[32m[1minfo     [0m] [1mTrafilatura extraction successful[0m [[0m[1m[34mrss.services.article_extractor[0m][0m [36mmodule[0m=[35marticle_extractor[0m [36mtext_length[0m=[35m836[0m [36mtitle[0m=[35mNone[0m [36murl[0m=[35mhttps://jp.reuters.com/markets/japan/NN4QJPBXAJJGHCAQ5CEWD3MYGI-2026-04-15/[0m
[[32m[1minfo     [0m] [1mStarting article extraction   [0m [[0m[1m[34mrss.services.article_extractor[0m][0m [36mmodule[0m=[35marticle_extractor[0m [36murl[0m=[35mhttps://jp.reuters.com/markets/global-markets/SRDBOJGZUVLWDFMUQAWPK3IBKE-2026-04-15/[0m [36muser_agent[0m=[35m'Mozilla/5.0 (Macintosh; Intel Mac OS X 10_15_7) Ap...'[0m
[[32m[1minfo     [0m] [1mTrafilatura extraction successful[0m [[0m[1m[34mrss.services.article_extractor[0m][0m [36mmodule[0m=[35marticle_extractor[0m [36mtext_length[0m=[35m241[0m [36mtitle[0m=[35mNone[0m [36murl[0m=[35mhttps://jp.reuters.com/markets/global-markets/SRDBOJGZUVLWDFMUQAWPK3IBKE-2026-04-15/[0m
[[32m[1minfo     [0m] [1mStarting article extraction   [0m [[0m[1m[34mrss.services.article_extractor[0m][0m [36mmodule[0m=[35marticle_extractor[0m [36murl[0m=[35mhttps://jp.reuters.com/markets/world-indices/HTEH2Z6NL5NRDDXNVZ54PTDAMU-2026-04-15/[0m [36muser_agent[0m=[35m'Mozilla/5.0 (Macintosh; Intel Mac OS X 10_15_7) Ap...'[0m
[[32m[1minfo     [0m] [1mTrafilatura extraction successful[0m [[0m[1m[34mrss.services.article_extractor[0m][0m [36mmodule[0m=[35marticle_extractor[0m [36mtext_length[0m=[35m700[0m [36mtitle[0m=[35mNone[0m [36murl[0m=[35mhttps://jp.reuters.com/markets/world-indices/HTEH2Z6NL5NRDDXNVZ54PTDAMU-2026-04-15/[0m
[[32m[1minfo     [0m] [1mStarting article extraction   [0m [[0m[1m[34mrss.services.article_extractor[0m][0m [36mmodule[0m=[35marticle_extractor[0m [36murl[0m=[35mhttps://jp.reuters.com/markets/commodities/RAVXRCQICVI5FFQOSQ6L7RCURI-2026-04-15/[0m [36muser_agent[0m=[35m'Mozilla/5.0 (Macintosh; Intel Mac OS X 10_15_7) Ap...'[0m
[[32m[1minfo     [0m] [1mTrafilatura extraction successful[0m [[0m[1m[34mrss.services.article_extractor[0m][0m [36mmodule[0m=[35marticle_extractor[0m [36mtext_length[0m=[35m571[0m [36mtitle[0m=[35mNone[0m [36murl[0m=[35mhttps://jp.reuters.com/markets/commodities/RAVXRCQICVI5FFQOSQ6L7RCURI-2026-04-15/[0m
[[32m[1minfo     [0m] [1mStarting article extraction   [0m [[0m[1m[34mrss.services.article_extractor[0m][0m [36mmodule[0m=[35marticle_extractor[0m [36murl[0m=[35mhttps://jp.reuters.com/markets/world-indices/RJOAYEL3TFIRNHIQXPK2V25374-2026-04-15/[0m [36muser_agent[0m=[35m'Mozilla/5.0 (Macintosh; Intel Mac OS X 10_15_7) Ap...'[0m
[[32m[1minfo     [0m] [1mTrafilatura extraction successful[0m [[0m[1m[34mrss.services.article_extractor[0m][0m [36mmodule[0m=[35marticle_extractor[0m [36mtext_length[0m=[35m434[0m [36mtitle[0m=[35mNone[0m [36murl[0m=[35mhttps://jp.reuters.com/markets/world-indices/RJOAYEL3TFIRNHIQXPK2V25374-2026-04-15/[0m
[[32m[1minfo     [0m] [1mStarting article extraction   [0m [[0m[1m[34mrss.services.article_extractor[0m][0m [36mmodule[0m=[35marticle_extractor[0m [36murl[0m=[35mhttps://jp.reuters.com/markets/japan/VCY4TMX7FBID5FIUVD4AGXNLB4-2026-04-15/[0m [36muser_agent[0m=[35m'Mozilla/5.0 (Macintosh; Intel Mac OS X 10_15_7) Ap...'[0m
[[32m[1minfo     [0m] [1mTrafilatura extraction successful[0m [[0m[1m[34mrss.services.article_extractor[0m][0m [36mmodule[0m=[35marticle_extractor[0m [36mtext_length[0m=[35m476[0m [36mtitle[0m=[35mNone[0m [36murl[0m=[35mhttps://jp.reuters.com/markets/japan/VCY4TMX7FBID5FIUVD4AGXNLB4-2026-04-15/[0m
[[32m[1minfo     [0m] [1mStarting article extraction   [0m [[0m[1m[34mrss.services.article_extractor[0m][0m [36mmodule[0m=[35marticle_extractor[0m [36murl[0m=[35mhttps://jp.reuters.com/markets/japan/HINIO7C7E5OGXAAO6IYAIOFEGA-2026-04-15/[0m [36muser_agent[0m=[35m'Mozilla/5.0 (Macintosh; Intel Mac OS X 10_15_7) Ap...'[0m
[[32m[1minfo     [0m] [1mTrafilatura extraction successful[0m [[0m[1m[34mrss.services.article_extractor[0m][0m [36mmodule[0m=[35marticle_extractor[0m [36mtext_length[0m=[35m1049[0m [36mtitle[0m=[35mNone[0m [36murl[0m=[35mhttps://jp.reuters.com/markets/japan/HINIO7C7E5OGXAAO6IYAIOFEGA-2026-04-15/[0m
[[32m[1minfo     [0m] [1mBatch extraction completed    [0m [[0m[1m[34mrss.services.article_extractor[0m][0m [36mfailed[0m=[35m0[0m [36mmodule[0m=[35marticle_extractor[0m [36msuccess[0m=[35m24[0m [36mtotal[0m=[35m24[0m
[[32m[1minfo     [0m] [1mContent post-fetch complete   [0m [[0m[1m[34mnews_scraper.unified[0m][0m [36mfetched[0m=[35m24[0m [36mmodule[0m=[35munified[0m [36mtotal[0m=[35m24[0m
[[32m[1minfo     [0m] [1mFinancial news collection complete[0m [[0m[1m[34mnews_scraper.unified[0m][0m [36melapsed_seconds[0m=[35m29.67[0m [36mmodule[0m=[35munified[0m [36msources[0m=[35m['reuters_jp'][0m [36mtotal_articles[0m=[35m24[0m
[[32m[1minfo     [0m] [1mRawStore: saved=8, dup=16, empty=0[0m [[0m[1m[34mnews_scraper.unified[0m][0m [36mmodule[0m=[35munified[0m
[[32m[1minfo     [0m] [1mCollection complete           [0m [[0m[1m[34m__main__[0m][0m [36marticle_count[0m=[35m24[0m [36mmodule[0m=[35mscrape_finance_news[0m
[[32m[1minfo     [0m] [1mNAS is mounted, using NAS output[0m [[0m[1m[34m__main__[0m][0m [36mmodule[0m=[35mscrape_finance_news[0m [36mpath[0m=[35m/Volumes/personal_folder/scraped/reuters_jp[0m [36msource[0m=[35mreuters_jp[0m
[[32m[1minfo     [0m] [1mOutput directory ready        [0m [[0m[1m[34m__main__[0m][0m [36mmodule[0m=[35mscrape_finance_news[0m [36mpath[0m=[35m/Volumes/personal_folder/scraped/reuters_jp/2026-04-15[0m
[[32m[1minfo     [0m] [1mArticles saved to JSON        [0m [[0m[1m[34m__main__[0m][0m [36mmodule[0m=[35mscrape_finance_news[0m [36mpath[0m=[35m/Volumes/personal_folder/scraped/reuters_jp/2026-04-15/news_210000.json[0m [36mtotal_count[0m=[35m24[0m
[[32m[1minfo     [0m] [1mSave complete                 [0m [[0m[1m[34m__main__[0m][0m [36mcount[0m=[35m24[0m [36mmodule[0m=[35mscrape_finance_news[0m [36moutput_file[0m=[35m/Volumes/personal_folder/scraped/reuters_jp/2026-04-15/news_210000.json[0m [36msource[0m=[35mreuters_jp[0m
[[32m[1minfo     [0m] [1mScraper finished successfully [0m [[0m[1m[34m__main__[0m][0m [36mmodule[0m=[35mscrape_finance_news[0m [36msaved_files[0m=[35m['/Volumes/personal_folder/scraped/reuters_jp/2026-04-15/news_210000.json'][0m [36mtotal_articles[0m=[35m24[0m
[[32m[1minfo     [0m] [1mFinance news scraper starting [0m [[0m[1m[34m__main__[0m][0m [36minclude_content[0m=[35mTrue[0m [36mmax_articles[0m=[35m50[0m [36mmodule[0m=[35mscrape_finance_news[0m [36msources[0m=[35m['reuters_jp'][0m
[[32m[1minfo     [0m] [1mStarting news collection      [0m [[0m[1m[34m__main__[0m][0m [36mmodule[0m=[35mscrape_finance_news[0m [36msources[0m=[35m['reuters_jp'][0m
[[32m[1minfo     [0m] [1mStarting financial news collection (async)[0m [[0m[1m[34mnews_scraper.unified[0m][0m [36minclude_content[0m=[35mTrue[0m [36mmax_articles_per_source[0m=[35m50[0m [36mmodule[0m=[35munified[0m [36msources[0m=[35m['reuters_jp'][0m
[[32m[1minfo     [0m] [1mStarting Reuters JP news collection[0m [[0m[1m[34mnews_scraper.reuters_jp[0m][0m [36mmax_articles_per_source[0m=[35m50[0m [36mmodule[0m=[35mreuters_jp[0m [36msections[0m=[35m['markets', 'business'][0m
[[32m[1minfo     [0m] [1mFetching Reuters JP section   [0m [[0m[1m[34mnews_scraper.reuters_jp[0m][0m [36mmodule[0m=[35mreuters_jp[0m [36msection[0m=[35mmarkets[0m [36murl[0m=[35mhttps://jp.reuters.com/markets/[0m
[[32m[1minfo     [0m] [1mFetching Reuters JP section   [0m [[0m[1m[34mnews_scraper.reuters_jp[0m][0m [36mmodule[0m=[35mreuters_jp[0m [36msection[0m=[35mbusiness[0m [36murl[0m=[35mhttps://jp.reuters.com/business/[0m
[[32m[1minfo     [0m] [1mHTTP Request: GET https://jp.reuters.com/markets/ "HTTP/1.1 200 OK"[0m [[0m[1m[34mhttpx[0m][0m
[[32m[1minfo     [0m] [1mHTTP Request: GET https://jp.reuters.com/business/ "HTTP/1.1 200 OK"[0m [[0m[1m[34mhttpx[0m][0m
[[32m[1minfo     [0m] [1mHTML fetched (async)          [0m [[0m[1m[34mnews_scraper._html_utils[0m][0m [36mmodule[0m=[35mhtml_utils[0m [36mstatus_code[0m=[35m200[0m [36murl[0m=[35mhttps://jp.reuters.com/markets/[0m
[[32m[1minfo     [0m] [1mMarkets page parsed           [0m [[0m[1m[34mnews_scraper.reuters_jp[0m][0m [36marticle_count[0m=[35m6[0m [36mmodule[0m=[35mreuters_jp[0m
[[32m[1minfo     [0m] [1mReuters JP section complete   [0m [[0m[1m[34mnews_scraper.reuters_jp[0m][0m [36mcount[0m=[35m6[0m [36mmodule[0m=[35mreuters_jp[0m [36msection[0m=[35mmarkets[0m
[[32m[1minfo     [0m] [1mHTML fetched (async)          [0m [[0m[1m[34mnews_scraper._html_utils[0m][0m [36mmodule[0m=[35mhtml_utils[0m [36mstatus_code[0m=[35m200[0m [36murl[0m=[35mhttps://jp.reuters.com/business/[0m
[[32m[1minfo     [0m] [1mBusiness page parsed          [0m [[0m[1m[34mnews_scraper.reuters_jp[0m][0m [36marticle_count[0m=[35m20[0m [36mmodule[0m=[35mreuters_jp[0m
[[32m[1minfo     [0m] [1mReuters JP section complete   [0m [[0m[1m[34mnews_scraper.reuters_jp[0m][0m [36mcount[0m=[35m20[0m [36mmodule[0m=[35mreuters_jp[0m [36msection[0m=[35mbusiness[0m
[[32m[1minfo     [0m] [1mReuters JP news collection complete[0m [[0m[1m[34mnews_scraper.reuters_jp[0m][0m [36mmodule[0m=[35mreuters_jp[0m [36mtotal_articles[0m=[35m22[0m
[[32m[1minfo     [0m] [1mSource collection complete    [0m [[0m[1m[34mnews_scraper.unified[0m][0m [36mmodule[0m=[35munified[0m [36msource[0m=[35mreuters_jp[0m [36msource_articles[0m=[35m22[0m
[[32m[1minfo     [0m] [1mFetching content for articles missing it[0m [[0m[1m[34mnews_scraper.unified[0m][0m [36mcount[0m=[35m22[0m [36mmodule[0m=[35munified[0m
[[32m[1minfo     [0m] [1mStarting batch extraction     [0m [[0m[1m[34mrss.services.article_extractor[0m][0m [36mmodule[0m=[35marticle_extractor[0m [36mrate_limit[0m=[35m1.0[0m [36murl_count[0m=[35m22[0m
[[32m[1minfo     [0m] [1mStarting article extraction   [0m [[0m[1m[34mrss.services.article_extractor[0m][0m [36mmodule[0m=[35marticle_extractor[0m [36murl[0m=[35mhttps://jp.reuters.com/markets/japan/LTEOKFQVNRPQRNWADCJUHHRME4-2026-04-15/[0m [36muser_agent[0m=[35m'Mozilla/5.0 (Macintosh; Intel Mac OS X 10_15_7) Ap...'[0m
[[32m[1minfo     [0m] [1mTrafilatura extraction successful[0m [[0m[1m[34mrss.services.article_extractor[0m][0m [36mmodule[0m=[35marticle_extractor[0m [36mtext_length[0m=[35m648[0m [36mtitle[0m=[35mNone[0m [36murl[0m=[35mhttps://jp.reuters.com/markets/japan/LTEOKFQVNRPQRNWADCJUHHRME4-2026-04-15/[0m
[[32m[1minfo     [0m] [1mStarting article extraction   [0m [[0m[1m[34mrss.services.article_extractor[0m][0m [36mmodule[0m=[35marticle_extractor[0m [36murl[0m=[35mhttps://jp.reuters.com/markets/japan/X6NFADZSGBOS3EST6AWBFATA2M-2026-04-15/[0m [36muser_agent[0m=[35m'Mozilla/5.0 (Macintosh; Intel Mac OS X 10_15_7) Ap...'[0m
[[32m[1minfo     [0m] [1mTrafilatura extraction successful[0m [[0m[1m[34mrss.services.article_extractor[0m][0m [36mmodule[0m=[35marticle_extractor[0m [36mtext_length[0m=[35m321[0m [36mtitle[0m=[35mNone[0m [36murl[0m=[35mhttps://jp.reuters.com/markets/japan/X6NFADZSGBOS3EST6AWBFATA2M-2026-04-15/[0m
[[32m[1minfo     [0m] [1mStarting article extraction   [0m [[0m[1m[34mrss.services.article_extractor[0m][0m [36mmodule[0m=[35marticle_extractor[0m [36murl[0m=[35mhttps://jp.reuters.com/markets/global-markets/BAQMG35RQRISRPFRIKA2ALBIOM-2026-04-15/[0m [36muser_agent[0m=[35m'Mozilla/5.0 (Macintosh; Intel Mac OS X 10_15_7) Ap...'[0m
[[32m[1minfo     [0m] [1mTrafilatura extraction successful[0m [[0m[1m[34mrss.services.article_extractor[0m][0m [36mmodule[0m=[35marticle_extractor[0m [36mtext_length[0m=[35m454[0m [36mtitle[0m=[35mNone[0m [36murl[0m=[35mhttps://jp.reuters.com/markets/global-markets/BAQMG35RQRISRPFRIKA2ALBIOM-2026-04-15/[0m
[[32m[1minfo     [0m] [1mStarting article extraction   [0m [[0m[1m[34mrss.services.article_extractor[0m][0m [36mmodule[0m=[35marticle_extractor[0m [36murl[0m=[35mhttps://jp.reuters.com/markets/japan/ULNXMCBT5BNW7JWRT62VBIVOMQ-2026-04-16/[0m [36muser_agent[0m=[35m'Mozilla/5.0 (Macintosh; Intel Mac OS X 10_15_7) Ap...'[0m
[[32m[1minfo     [0m] [1mTrafilatura extraction successful[0m [[0m[1m[34mrss.services.article_extractor[0m][0m [36mmodule[0m=[35marticle_extractor[0m [36mtext_length[0m=[35m370[0m [36mtitle[0m=[35mNone[0m [36murl[0m=[35mhttps://jp.reuters.com/markets/japan/ULNXMCBT5BNW7JWRT62VBIVOMQ-2026-04-16/[0m
[[32m[1minfo     [0m] [1mStarting article extraction   [0m [[0m[1m[34mrss.services.article_extractor[0m][0m [36mmodule[0m=[35marticle_extractor[0m [36murl[0m=[35mhttps://jp.reuters.com/markets/japan/ZXMWHAAHV5PGTDJ7QO5XBKMMXQ-2026-04-16/[0m [36muser_agent[0m=[35m'Mozilla/5.0 (Macintosh; Intel Mac OS X 10_15_7) Ap...'[0m
[[32m[1minfo     [0m] [1mTrafilatura extraction successful[0m [[0m[1m[34mrss.services.article_extractor[0m][0m [36mmodule[0m=[35marticle_extractor[0m [36mtext_length[0m=[35m448[0m [36mtitle[0m=[35mNone[0m [36murl[0m=[35mhttps://jp.reuters.com/markets/japan/ZXMWHAAHV5PGTDJ7QO5XBKMMXQ-2026-04-16/[0m
[[32m[1minfo     [0m] [1mStarting article extraction   [0m [[0m[1m[34mrss.services.article_extractor[0m][0m [36mmodule[0m=[35marticle_extractor[0m [36murl[0m=[35mhttps://jp.reuters.com/markets/commodities/SINAGULOCZK6NACWQYMJE4S73M-2026-04-16/[0m [36muser_agent[0m=[35m'Mozilla/5.0 (Macintosh; Intel Mac OS X 10_15_7) Ap...'[0m
[[32m[1minfo     [0m] [1mTrafilatura extraction successful[0m [[0m[1m[34mrss.services.article_extractor[0m][0m [36mmodule[0m=[35marticle_extractor[0m [36mtext_length[0m=[35m631[0m [36mtitle[0m=[35mNone[0m [36murl[0m=[35mhttps://jp.reuters.com/markets/commodities/SINAGULOCZK6NACWQYMJE4S73M-2026-04-16/[0m
[[32m[1minfo     [0m] [1mStarting article extraction   [0m [[0m[1m[34mrss.services.article_extractor[0m][0m [36mmodule[0m=[35marticle_extractor[0m [36murl[0m=[35mhttps://jp.reuters.com/markets/japan/PDB5EYET6RKHBPDFHN36T4OPJQ-2026-04-16/[0m [36muser_agent[0m=[35m'Mozilla/5.0 (Macintosh; Intel Mac OS X 10_15_7) Ap...'[0m
[[32m[1minfo     [0m] [1mTrafilatura extraction successful[0m [[0m[1m[34mrss.services.article_extractor[0m][0m [36mmodule[0m=[35marticle_extractor[0m [36mtext_length[0m=[35m252[0m [36mtitle[0m=[35mNone[0m [36murl[0m=[35mhttps://jp.reuters.com/markets/japan/PDB5EYET6RKHBPDFHN36T4OPJQ-2026-04-16/[0m
[[32m[1minfo     [0m] [1mStarting article extraction   [0m [[0m[1m[34mrss.services.article_extractor[0m][0m [36mmodule[0m=[35marticle_extractor[0m [36murl[0m=[35mhttps://jp.reuters.com/markets/world-indices/3OG62BBWAVILRA2JYGBHCYD4FQ-2026-04-16/[0m [36muser_agent[0m=[35m'Mozilla/5.0 (Macintosh; Intel Mac OS X 10_15_7) Ap...'[0m
[[32m[1minfo     [0m] [1mTrafilatura extraction successful[0m [[0m[1m[34mrss.services.article_extractor[0m][0m [36mmodule[0m=[35marticle_extractor[0m [36mtext_length[0m=[35m592[0m [36mtitle[0m=[35mNone[0m [36murl[0m=[35mhttps://jp.reuters.com/markets/world-indices/3OG62BBWAVILRA2JYGBHCYD4FQ-2026-04-16/[0m
[[32m[1minfo     [0m] [1mStarting article extraction   [0m [[0m[1m[34mrss.services.article_extractor[0m][0m [36mmodule[0m=[35marticle_extractor[0m [36murl[0m=[35mhttps://jp.reuters.com/markets/japan/OQVJAFFUGFLHTJ76HAWI3DWONE-2026-04-16/[0m [36muser_agent[0m=[35m'Mozilla/5.0 (Macintosh; Intel Mac OS X 10_15_7) Ap...'[0m
[[32m[1minfo     [0m] [1mTrafilatura extraction successful[0m [[0m[1m[34mrss.services.article_extractor[0m][0m [36mmodule[0m=[35marticle_extractor[0m [36mtext_length[0m=[35m373[0m [36mtitle[0m=[35mNone[0m [36murl[0m=[35mhttps://jp.reuters.com/markets/japan/OQVJAFFUGFLHTJ76HAWI3DWONE-2026-04-16/[0m
[[32m[1minfo     [0m] [1mStarting article extraction   [0m [[0m[1m[34mrss.services.article_extractor[0m][0m [36mmodule[0m=[35marticle_extractor[0m [36murl[0m=[35mhttps://jp.reuters.com/markets/oil/DJI43CGXARMW3HGEQQ53KSUXDE-2026-04-16/[0m [36muser_agent[0m=[35m'Mozilla/5.0 (Macintosh; Intel Mac OS X 10_15_7) Ap...'[0m
[[32m[1minfo     [0m] [1mTrafilatura extraction successful[0m [[0m[1m[34mrss.services.article_extractor[0m][0m [36mmodule[0m=[35marticle_extractor[0m [36mtext_length[0m=[35m1535[0m [36mtitle[0m=[35mNone[0m [36murl[0m=[35mhttps://jp.reuters.com/markets/oil/DJI43CGXARMW3HGEQQ53KSUXDE-2026-04-16/[0m
[[32m[1minfo     [0m] [1mStarting article extraction   [0m [[0m[1m[34mrss.services.article_extractor[0m][0m [36mmodule[0m=[35marticle_extractor[0m [36murl[0m=[35mhttps://jp.reuters.com/markets/japan/H7HE3Y4BIZMUXGZDQVROLVWBCE-2026-04-16/[0m [36muser_agent[0m=[35m'Mozilla/5.0 (Macintosh; Intel Mac OS X 10_15_7) Ap...'[0m
[[32m[1minfo     [0m] [1mTrafilatura extraction successful[0m [[0m[1m[34mrss.services.article_extractor[0m][0m [36mmodule[0m=[35marticle_extractor[0m [36mtext_length[0m=[35m1299[0m [36mtitle[0m=[35mNone[0m [36murl[0m=[35mhttps://jp.reuters.com/markets/japan/H7HE3Y4BIZMUXGZDQVROLVWBCE-2026-04-16/[0m
[[32m[1minfo     [0m] [1mStarting article extraction   [0m [[0m[1m[34mrss.services.article_extractor[0m][0m [36mmodule[0m=[35marticle_extractor[0m [36murl[0m=[35mhttps://jp.reuters.com/markets/japan/YFAJM3IHMFOEJMX4PJFYREQYPE-2026-04-16/[0m [36muser_agent[0m=[35m'Mozilla/5.0 (Macintosh; Intel Mac OS X 10_15_7) Ap...'[0m
[[32m[1minfo     [0m] [1mTrafilatura extraction successful[0m [[0m[1m[34mrss.services.article_extractor[0m][0m [36mmodule[0m=[35marticle_extractor[0m [36mtext_length[0m=[35m523[0m [36mtitle[0m=[35mNone[0m [36murl[0m=[35mhttps://jp.reuters.com/markets/japan/YFAJM3IHMFOEJMX4PJFYREQYPE-2026-04-16/[0m
[[32m[1minfo     [0m] [1mStarting article extraction   [0m [[0m[1m[34mrss.services.article_extractor[0m][0m [36mmodule[0m=[35marticle_extractor[0m [36murl[0m=[35mhttps://jp.reuters.com/markets/japan/VAPDYBOTIFN7BBEBEKMIYPUCBU-2026-04-16/[0m [36muser_agent[0m=[35m'Mozilla/5.0 (Macintosh; Intel Mac OS X 10_15_7) Ap...'[0m
[[32m[1minfo     [0m] [1mTrafilatura extraction successful[0m [[0m[1m[34mrss.services.article_extractor[0m][0m [36mmodule[0m=[35marticle_extractor[0m [36mtext_length[0m=[35m617[0m [36mtitle[0m=[35mNone[0m [36murl[0m=[35mhttps://jp.reuters.com/markets/japan/VAPDYBOTIFN7BBEBEKMIYPUCBU-2026-04-16/[0m
[[32m[1minfo     [0m] [1mStarting article extraction   [0m [[0m[1m[34mrss.services.article_extractor[0m][0m [36mmodule[0m=[35marticle_extractor[0m [36murl[0m=[35mhttps://jp.reuters.com/markets/japan/DUVTJQAD7FOKPEUPRZ65LEBLWA-2026-04-16/[0m [36muser_agent[0m=[35m'Mozilla/5.0 (Macintosh; Intel Mac OS X 10_15_7) Ap...'[0m
[[32m[1minfo     [0m] [1mTrafilatura extraction successful[0m [[0m[1m[34mrss.services.article_extractor[0m][0m [36mmodule[0m=[35marticle_extractor[0m [36mtext_length[0m=[35m651[0m [36mtitle[0m=[35mNone[0m [36murl[0m=[35mhttps://jp.reuters.com/markets/japan/DUVTJQAD7FOKPEUPRZ65LEBLWA-2026-04-16/[0m
[[32m[1minfo     [0m] [1mStarting article extraction   [0m [[0m[1m[34mrss.services.article_extractor[0m][0m [36mmodule[0m=[35marticle_extractor[0m [36murl[0m=[35mhttps://jp.reuters.com/markets/japan/4SMXN5ECEFJEPEPK6AEKUYJWMI-2026-04-16/[0m [36muser_agent[0m=[35m'Mozilla/5.0 (Macintosh; Intel Mac OS X 10_15_7) Ap...'[0m
[[32m[1minfo     [0m] [1mTrafilatura extraction successful[0m [[0m[1m[34mrss.services.article_extractor[0m][0m [36mmodule[0m=[35marticle_extractor[0m [36mtext_length[0m=[35m241[0m [36mtitle[0m=[35mNone[0m [36murl[0m=[35mhttps://jp.reuters.com/markets/japan/4SMXN5ECEFJEPEPK6AEKUYJWMI-2026-04-16/[0m
[[32m[1minfo     [0m] [1mStarting article extraction   [0m [[0m[1m[34mrss.services.article_extractor[0m][0m [36mmodule[0m=[35marticle_extractor[0m [36murl[0m=[35mhttps://jp.reuters.com/markets/world-indices/W4NDLQSL2VKWVAP3MVFHMDYQ24-2026-04-16/[0m [36muser_agent[0m=[35m'Mozilla/5.0 (Macintosh; Intel Mac OS X 10_15_7) Ap...'[0m
[[32m[1minfo     [0m] [1mTrafilatura extraction successful[0m [[0m[1m[34mrss.services.article_extractor[0m][0m [36mmodule[0m=[35marticle_extractor[0m [36mtext_length[0m=[35m628[0m [36mtitle[0m=[35mNone[0m [36murl[0m=[35mhttps://jp.reuters.com/markets/world-indices/W4NDLQSL2VKWVAP3MVFHMDYQ24-2026-04-16/[0m
[[32m[1minfo     [0m] [1mStarting article extraction   [0m [[0m[1m[34mrss.services.article_extractor[0m][0m [36mmodule[0m=[35marticle_extractor[0m [36murl[0m=[35mhttps://jp.reuters.com/markets/global-markets/RYAD567LKNI7DHLWYDYCP6IJEM-2026-04-16/[0m [36muser_agent[0m=[35m'Mozilla/5.0 (Macintosh; Intel Mac OS X 10_15_7) Ap...'[0m
[[32m[1minfo     [0m] [1mTrafilatura extraction successful[0m [[0m[1m[34mrss.services.article_extractor[0m][0m [36mmodule[0m=[35marticle_extractor[0m [36mtext_length[0m=[35m621[0m [36mtitle[0m=[35mNone[0m [36murl[0m=[35mhttps://jp.reuters.com/markets/global-markets/RYAD567LKNI7DHLWYDYCP6IJEM-2026-04-16/[0m
[[32m[1minfo     [0m] [1mStarting article extraction   [0m [[0m[1m[34mrss.services.article_extractor[0m][0m [36mmodule[0m=[35marticle_extractor[0m [36murl[0m=[35mhttps://jp.reuters.com/markets/commodities/6Z2RLLEVLZOXJCHCL5MIUEZV7I-2026-04-16/[0m [36muser_agent[0m=[35m'Mozilla/5.0 (Macintosh; Intel Mac OS X 10_15_7) Ap...'[0m
[[32m[1minfo     [0m] [1mTrafilatura extraction successful[0m [[0m[1m[34mrss.services.article_extractor[0m][0m [36mmodule[0m=[35marticle_extractor[0m [36mtext_length[0m=[35m513[0m [36mtitle[0m=[35mNone[0m [36murl[0m=[35mhttps://jp.reuters.com/markets/commodities/6Z2RLLEVLZOXJCHCL5MIUEZV7I-2026-04-16/[0m
[[32m[1minfo     [0m] [1mStarting article extraction   [0m [[0m[1m[34mrss.services.article_extractor[0m][0m [36mmodule[0m=[35marticle_extractor[0m [36murl[0m=[35mhttps://jp.reuters.com/markets/commodities/3PXNV7N6ZFPU7M4BC6X4IRTWOE-2026-04-16/[0m [36muser_agent[0m=[35m'Mozilla/5.0 (Macintosh; Intel Mac OS X 10_15_7) Ap...'[0m
[[32m[1minfo     [0m] [1mTrafilatura extraction successful[0m [[0m[1m[34mrss.services.article_extractor[0m][0m [36mmodule[0m=[35marticle_extractor[0m [36mtext_length[0m=[35m568[0m [36mtitle[0m=[35mNone[0m [36murl[0m=[35mhttps://jp.reuters.com/markets/commodities/3PXNV7N6ZFPU7M4BC6X4IRTWOE-2026-04-16/[0m
[[32m[1minfo     [0m] [1mStarting article extraction   [0m [[0m[1m[34mrss.services.article_extractor[0m][0m [36mmodule[0m=[35marticle_extractor[0m [36murl[0m=[35mhttps://jp.reuters.com/markets/world-indices/7A3VHMTA2JMARN376BK2GUXXQM-2026-04-16/[0m [36muser_agent[0m=[35m'Mozilla/5.0 (Macintosh; Intel Mac OS X 10_15_7) Ap...'[0m
[[32m[1minfo     [0m] [1mTrafilatura extraction successful[0m [[0m[1m[34mrss.services.article_extractor[0m][0m [36mmodule[0m=[35marticle_extractor[0m [36mtext_length[0m=[35m737[0m [36mtitle[0m=[35mNone[0m [36murl[0m=[35mhttps://jp.reuters.com/markets/world-indices/7A3VHMTA2JMARN376BK2GUXXQM-2026-04-16/[0m
[[32m[1minfo     [0m] [1mStarting article extraction   [0m [[0m[1m[34mrss.services.article_extractor[0m][0m [36mmodule[0m=[35marticle_extractor[0m [36murl[0m=[35mhttps://jp.reuters.com/markets/japan/FI47MCAJNJKCDKOVZBXFKERIF4-2026-04-16/[0m [36muser_agent[0m=[35m'Mozilla/5.0 (Macintosh; Intel Mac OS X 10_15_7) Ap...'[0m
[[32m[1minfo     [0m] [1mTrafilatura extraction successful[0m [[0m[1m[34mrss.services.article_extractor[0m][0m [36mmodule[0m=[35marticle_extractor[0m [36mtext_length[0m=[35m160[0m [36mtitle[0m=[35mNone[0m [36murl[0m=[35mhttps://jp.reuters.com/markets/japan/FI47MCAJNJKCDKOVZBXFKERIF4-2026-04-16/[0m
[[32m[1minfo     [0m] [1mStarting article extraction   [0m [[0m[1m[34mrss.services.article_extractor[0m][0m [36mmodule[0m=[35marticle_extractor[0m [36murl[0m=[35mhttps://jp.reuters.com/markets/japan/Q32KYYTKLVLMRAF4FQOT7TUSPU-2026-04-16/[0m [36muser_agent[0m=[35m'Mozilla/5.0 (Macintosh; Intel Mac OS X 10_15_7) Ap...'[0m
[[32m[1minfo     [0m] [1mTrafilatura extraction successful[0m [[0m[1m[34mrss.services.article_extractor[0m][0m [36mmodule[0m=[35marticle_extractor[0m [36mtext_length[0m=[35m230[0m [36mtitle[0m=[35mNone[0m [36murl[0m=[35mhttps://jp.reuters.com/markets/japan/Q32KYYTKLVLMRAF4FQOT7TUSPU-2026-04-16/[0m
[[32m[1minfo     [0m] [1mBatch extraction completed    [0m [[0m[1m[34mrss.services.article_extractor[0m][0m [36mfailed[0m=[35m0[0m [36mmodule[0m=[35marticle_extractor[0m [36msuccess[0m=[35m22[0m [36mtotal[0m=[35m22[0m
[[32m[1minfo     [0m] [1mContent post-fetch complete   [0m [[0m[1m[34mnews_scraper.unified[0m][0m [36mfetched[0m=[35m22[0m [36mmodule[0m=[35munified[0m [36mtotal[0m=[35m22[0m
[[32m[1minfo     [0m] [1mFinancial news collection complete[0m [[0m[1m[34mnews_scraper.unified[0m][0m [36melapsed_seconds[0m=[35m25.32[0m [36mmodule[0m=[35munified[0m [36msources[0m=[35m['reuters_jp'][0m [36mtotal_articles[0m=[35m22[0m
[[32m[1minfo     [0m] [1mRawStore: saved=22, dup=0, empty=0[0m [[0m[1m[34mnews_scraper.unified[0m][0m [36mmodule[0m=[35munified[0m
[[32m[1minfo     [0m] [1mCollection complete           [0m [[0m[1m[34m__main__[0m][0m [36marticle_count[0m=[35m22[0m [36mmodule[0m=[35mscrape_finance_news[0m
[[32m[1minfo     [0m] [1mNAS is mounted, using NAS output[0m [[0m[1m[34m__main__[0m][0m [36mmodule[0m=[35mscrape_finance_news[0m [36mpath[0m=[35m/Volumes/personal_folder/scraped/reuters_jp[0m [36msource[0m=[35mreuters_jp[0m
[[32m[1minfo     [0m] [1mOutput directory ready        [0m [[0m[1m[34m__main__[0m][0m [36mmodule[0m=[35mscrape_finance_news[0m [36mpath[0m=[35m/Volumes/personal_folder/scraped/reuters_jp/2026-04-16[0m
[[32m[1minfo     [0m] [1mArticles saved to JSON        [0m [[0m[1m[34m__main__[0m][0m [36mmodule[0m=[35mscrape_finance_news[0m [36mpath[0m=[35m/Volumes/personal_folder/scraped/reuters_jp/2026-04-16/news_030005.json[0m [36mtotal_count[0m=[35m22[0m
[[32m[1minfo     [0m] [1mSave complete                 [0m [[0m[1m[34m__main__[0m][0m [36mcount[0m=[35m22[0m [36mmodule[0m=[35mscrape_finance_news[0m [36moutput_file[0m=[35m/Volumes/personal_folder/scraped/reuters_jp/2026-04-16/news_030005.json[0m [36msource[0m=[35mreuters_jp[0m
[[32m[1minfo     [0m] [1mScraper finished successfully [0m [[0m[1m[34m__main__[0m][0m [36mmodule[0m=[35mscrape_finance_news[0m [36msaved_files[0m=[35m['/Volumes/personal_folder/scraped/reuters_jp/2026-04-16/news_030005.json'][0m [36mtotal_articles[0m=[35m22[0m
[[32m[1minfo     [0m] [1mFinance news scraper starting [0m [[0m[1m[34m__main__[0m][0m [36minclude_content[0m=[35mTrue[0m [36mmax_articles[0m=[35m50[0m [36mmodule[0m=[35mscrape_finance_news[0m [36msources[0m=[35m['reuters_jp'][0m
[[32m[1minfo     [0m] [1mStarting news collection      [0m [[0m[1m[34m__main__[0m][0m [36mmodule[0m=[35mscrape_finance_news[0m [36msources[0m=[35m['reuters_jp'][0m
[[32m[1minfo     [0m] [1mStarting financial news collection (async)[0m [[0m[1m[34mnews_scraper.unified[0m][0m [36minclude_content[0m=[35mTrue[0m [36mmax_articles_per_source[0m=[35m50[0m [36mmodule[0m=[35munified[0m [36msources[0m=[35m['reuters_jp'][0m
[[32m[1minfo     [0m] [1mStarting Reuters JP news collection[0m [[0m[1m[34mnews_scraper.reuters_jp[0m][0m [36mmax_articles_per_source[0m=[35m50[0m [36mmodule[0m=[35mreuters_jp[0m [36msections[0m=[35m['markets', 'business'][0m
[[32m[1minfo     [0m] [1mFetching Reuters JP section   [0m [[0m[1m[34mnews_scraper.reuters_jp[0m][0m [36mmodule[0m=[35mreuters_jp[0m [36msection[0m=[35mmarkets[0m [36murl[0m=[35mhttps://jp.reuters.com/markets/[0m
[[32m[1minfo     [0m] [1mFetching Reuters JP section   [0m [[0m[1m[34mnews_scraper.reuters_jp[0m][0m [36mmodule[0m=[35mreuters_jp[0m [36msection[0m=[35mbusiness[0m [36murl[0m=[35mhttps://jp.reuters.com/business/[0m
[[32m[1minfo     [0m] [1mHTTP Request: GET https://jp.reuters.com/business/ "HTTP/1.1 200 OK"[0m [[0m[1m[34mhttpx[0m][0m
[[32m[1minfo     [0m] [1mHTTP Request: GET https://jp.reuters.com/markets/ "HTTP/1.1 200 OK"[0m [[0m[1m[34mhttpx[0m][0m
[[32m[1minfo     [0m] [1mHTML fetched (async)          [0m [[0m[1m[34mnews_scraper._html_utils[0m][0m [36mmodule[0m=[35mhtml_utils[0m [36mstatus_code[0m=[35m200[0m [36murl[0m=[35mhttps://jp.reuters.com/business/[0m
[[32m[1minfo     [0m] [1mBusiness page parsed          [0m [[0m[1m[34mnews_scraper.reuters_jp[0m][0m [36marticle_count[0m=[35m20[0m [36mmodule[0m=[35mreuters_jp[0m
[[32m[1minfo     [0m] [1mReuters JP section complete   [0m [[0m[1m[34mnews_scraper.reuters_jp[0m][0m [36mcount[0m=[35m20[0m [36mmodule[0m=[35mreuters_jp[0m [36msection[0m=[35mbusiness[0m
[[32m[1minfo     [0m] [1mHTML fetched (async)          [0m [[0m[1m[34mnews_scraper._html_utils[0m][0m [36mmodule[0m=[35mhtml_utils[0m [36mstatus_code[0m=[35m200[0m [36murl[0m=[35mhttps://jp.reuters.com/markets/[0m
[[32m[1minfo     [0m] [1mMarkets page parsed           [0m [[0m[1m[34mnews_scraper.reuters_jp[0m][0m [36marticle_count[0m=[35m6[0m [36mmodule[0m=[35mreuters_jp[0m
[[32m[1minfo     [0m] [1mReuters JP section complete   [0m [[0m[1m[34mnews_scraper.reuters_jp[0m][0m [36mcount[0m=[35m6[0m [36mmodule[0m=[35mreuters_jp[0m [36msection[0m=[35mmarkets[0m
[[32m[1minfo     [0m] [1mReuters JP news collection complete[0m [[0m[1m[34mnews_scraper.reuters_jp[0m][0m [36mmodule[0m=[35mreuters_jp[0m [36mtotal_articles[0m=[35m22[0m
[[32m[1minfo     [0m] [1mSource collection complete    [0m [[0m[1m[34mnews_scraper.unified[0m][0m [36mmodule[0m=[35munified[0m [36msource[0m=[35mreuters_jp[0m [36msource_articles[0m=[35m22[0m
[[32m[1minfo     [0m] [1mFetching content for articles missing it[0m [[0m[1m[34mnews_scraper.unified[0m][0m [36mcount[0m=[35m22[0m [36mmodule[0m=[35munified[0m
[[32m[1minfo     [0m] [1mStarting batch extraction     [0m [[0m[1m[34mrss.services.article_extractor[0m][0m [36mmodule[0m=[35marticle_extractor[0m [36mrate_limit[0m=[35m1.0[0m [36murl_count[0m=[35m22[0m
[[32m[1minfo     [0m] [1mStarting article extraction   [0m [[0m[1m[34mrss.services.article_extractor[0m][0m [36mmodule[0m=[35marticle_extractor[0m [36murl[0m=[35mhttps://jp.reuters.com/markets/world-indices/5AXDLUUNGZJO7PSJNWDJEU5ZXI-2026-04-16/[0m [36muser_agent[0m=[35m'Mozilla/5.0 (Macintosh; Intel Mac OS X 10_15_7) Ap...'[0m
[[32m[1minfo     [0m] [1mTrafilatura extraction successful[0m [[0m[1m[34mrss.services.article_extractor[0m][0m [36mmodule[0m=[35marticle_extractor[0m [36mtext_length[0m=[35m790[0m [36mtitle[0m=[35mNone[0m [36murl[0m=[35mhttps://jp.reuters.com/markets/world-indices/5AXDLUUNGZJO7PSJNWDJEU5ZXI-2026-04-16/[0m
[[32m[1minfo     [0m] [1mStarting article extraction   [0m [[0m[1m[34mrss.services.article_extractor[0m][0m [36mmodule[0m=[35marticle_extractor[0m [36murl[0m=[35mhttps://jp.reuters.com/markets/global-markets/6MJAI4SPLJIZJMEPRW5XKMODYY-2026-04-16/[0m [36muser_agent[0m=[35m'Mozilla/5.0 (Macintosh; Intel Mac OS X 10_15_7) Ap...'[0m
[[32m[1minfo     [0m] [1mTrafilatura extraction successful[0m [[0m[1m[34mrss.services.article_extractor[0m][0m [36mmodule[0m=[35marticle_extractor[0m [36mtext_length[0m=[35m331[0m [36mtitle[0m=[35mNone[0m [36murl[0m=[35mhttps://jp.reuters.com/markets/global-markets/6MJAI4SPLJIZJMEPRW5XKMODYY-2026-04-16/[0m
[[32m[1minfo     [0m] [1mStarting article extraction   [0m [[0m[1m[34mrss.services.article_extractor[0m][0m [36mmodule[0m=[35marticle_extractor[0m [36murl[0m=[35mhttps://jp.reuters.com/markets/japan/OH3VARNYQZPBXFENUVIDPH3D2M-2026-04-16/[0m [36muser_agent[0m=[35m'Mozilla/5.0 (Macintosh; Intel Mac OS X 10_15_7) Ap...'[0m
[[32m[1minfo     [0m] [1mTrafilatura extraction successful[0m [[0m[1m[34mrss.services.article_extractor[0m][0m [36mmodule[0m=[35marticle_extractor[0m [36mtext_length[0m=[35m884[0m [36mtitle[0m=[35mNone[0m [36murl[0m=[35mhttps://jp.reuters.com/markets/japan/OH3VARNYQZPBXFENUVIDPH3D2M-2026-04-16/[0m
[[32m[1minfo     [0m] [1mStarting article extraction   [0m [[0m[1m[34mrss.services.article_extractor[0m][0m [36mmodule[0m=[35marticle_extractor[0m [36murl[0m=[35mhttps://jp.reuters.com/markets/japan/SBCD7TKQTNKKNDPZBIZ7PO6XIU-2026-04-16/[0m [36muser_agent[0m=[35m'Mozilla/5.0 (Macintosh; Intel Mac OS X 10_15_7) Ap...'[0m
[[32m[1minfo     [0m] [1mTrafilatura extraction successful[0m [[0m[1m[34mrss.services.article_extractor[0m][0m [36mmodule[0m=[35marticle_extractor[0m [36mtext_length[0m=[35m1577[0m [36mtitle[0m=[35mNone[0m [36murl[0m=[35mhttps://jp.reuters.com/markets/japan/SBCD7TKQTNKKNDPZBIZ7PO6XIU-2026-04-16/[0m
[[32m[1minfo     [0m] [1mStarting article extraction   [0m [[0m[1m[34mrss.services.article_extractor[0m][0m [36mmodule[0m=[35marticle_extractor[0m [36murl[0m=[35mhttps://jp.reuters.com/markets/japan/JJZ3SGFPCRIBRDPLWNHRKJ5OOE-2026-04-16/[0m [36muser_agent[0m=[35m'Mozilla/5.0 (Macintosh; Intel Mac OS X 10_15_7) Ap...'[0m
[[32m[1minfo     [0m] [1mTrafilatura extraction successful[0m [[0m[1m[34mrss.services.article_extractor[0m][0m [36mmodule[0m=[35marticle_extractor[0m [36mtext_length[0m=[35m262[0m [36mtitle[0m=[35mNone[0m [36murl[0m=[35mhttps://jp.reuters.com/markets/japan/JJZ3SGFPCRIBRDPLWNHRKJ5OOE-2026-04-16/[0m
[[32m[1minfo     [0m] [1mStarting article extraction   [0m [[0m[1m[34mrss.services.article_extractor[0m][0m [36mmodule[0m=[35marticle_extractor[0m [36murl[0m=[35mhttps://jp.reuters.com/markets/japan/4JN7KJYLQNONTMVOIQ2RKC76EE-2026-04-16/[0m [36muser_agent[0m=[35m'Mozilla/5.0 (Macintosh; Intel Mac OS X 10_15_7) Ap...'[0m
[[32m[1minfo     [0m] [1mTrafilatura extraction successful[0m [[0m[1m[34mrss.services.article_extractor[0m][0m [36mmodule[0m=[35marticle_extractor[0m [36mtext_length[0m=[35m495[0m [36mtitle[0m=[35mNone[0m [36murl[0m=[35mhttps://jp.reuters.com/markets/japan/4JN7KJYLQNONTMVOIQ2RKC76EE-2026-04-16/[0m
[[32m[1minfo     [0m] [1mStarting article extraction   [0m [[0m[1m[34mrss.services.article_extractor[0m][0m [36mmodule[0m=[35marticle_extractor[0m [36murl[0m=[35mhttps://jp.reuters.com/markets/japan/WOZDU5SUUBO6VPS24JDUKAP3SY-2026-04-16/[0m [36muser_agent[0m=[35m'Mozilla/5.0 (Macintosh; Intel Mac OS X 10_15_7) Ap...'[0m
[[32m[1minfo     [0m] [1mTrafilatura extraction successful[0m [[0m[1m[34mrss.services.article_extractor[0m][0m [36mmodule[0m=[35marticle_extractor[0m [36mtext_length[0m=[35m655[0m [36mtitle[0m=[35mNone[0m [36murl[0m=[35mhttps://jp.reuters.com/markets/japan/WOZDU5SUUBO6VPS24JDUKAP3SY-2026-04-16/[0m
[[32m[1minfo     [0m] [1mStarting article extraction   [0m [[0m[1m[34mrss.services.article_extractor[0m][0m [36mmodule[0m=[35marticle_extractor[0m [36murl[0m=[35mhttps://jp.reuters.com/markets/japan/LYQ6X2O2WNLBDOE7HAUGT5QX7U-2026-04-16/[0m [36muser_agent[0m=[35m'Mozilla/5.0 (Macintosh; Intel Mac OS X 10_15_7) Ap...'[0m
[[32m[1minfo     [0m] [1mTrafilatura extraction successful[0m [[0m[1m[34mrss.services.article_extractor[0m][0m [36mmodule[0m=[35marticle_extractor[0m [36mtext_length[0m=[35m667[0m [36mtitle[0m=[35mNone[0m [36murl[0m=[35mhttps://jp.reuters.com/markets/japan/LYQ6X2O2WNLBDOE7HAUGT5QX7U-2026-04-16/[0m
[[32m[1minfo     [0m] [1mStarting article extraction   [0m [[0m[1m[34mrss.services.article_extractor[0m][0m [36mmodule[0m=[35marticle_extractor[0m [36murl[0m=[35mhttps://jp.reuters.com/markets/japan/YBK344WZKFKR5GI5LLWWPTYZ2E-2026-04-16/[0m [36muser_agent[0m=[35m'Mozilla/5.0 (Macintosh; Intel Mac OS X 10_15_7) Ap...'[0m
[[32m[1minfo     [0m] [1mTrafilatura extraction successful[0m [[0m[1m[34mrss.services.article_extractor[0m][0m [36mmodule[0m=[35marticle_extractor[0m [36mtext_length[0m=[35m1057[0m [36mtitle[0m=[35mNone[0m [36murl[0m=[35mhttps://jp.reuters.com/markets/japan/YBK344WZKFKR5GI5LLWWPTYZ2E-2026-04-16/[0m
[[32m[1minfo     [0m] [1mStarting article extraction   [0m [[0m[1m[34mrss.services.article_extractor[0m][0m [36mmodule[0m=[35marticle_extractor[0m [36murl[0m=[35mhttps://jp.reuters.com/markets/global-markets/NLRDSZ6NBVKCREEIIG5WPBZXLI-2026-04-16/[0m [36muser_agent[0m=[35m'Mozilla/5.0 (Macintosh; Intel Mac OS X 10_15_7) Ap...'[0m
[[32m[1minfo     [0m] [1mTrafilatura extraction successful[0m [[0m[1m[34mrss.services.article_extractor[0m][0m [36mmodule[0m=[35marticle_extractor[0m [36mtext_length[0m=[35m470[0m [36mtitle[0m=[35mNone[0m [36murl[0m=[35mhttps://jp.reuters.com/markets/global-markets/NLRDSZ6NBVKCREEIIG5WPBZXLI-2026-04-16/[0m
[[32m[1minfo     [0m] [1mStarting article extraction   [0m [[0m[1m[34mrss.services.article_extractor[0m][0m [36mmodule[0m=[35marticle_extractor[0m [36murl[0m=[35mhttps://jp.reuters.com/markets/global-markets/P3PGDG3BWVLLXFSTDKLBDNVARA-2026-04-16/[0m [36muser_agent[0m=[35m'Mozilla/5.0 (Macintosh; Intel Mac OS X 10_15_7) Ap...'[0m
[[32m[1minfo     [0m] [1mTrafilatura extraction successful[0m [[0m[1m[34mrss.services.article_extractor[0m][0m [36mmodule[0m=[35marticle_extractor[0m [36mtext_length[0m=[35m593[0m [36mtitle[0m=[35mNone[0m [36murl[0m=[35mhttps://jp.reuters.com/markets/global-markets/P3PGDG3BWVLLXFSTDKLBDNVARA-2026-04-16/[0m
[[32m[1minfo     [0m] [1mStarting article extraction   [0m [[0m[1m[34mrss.services.article_extractor[0m][0m [36mmodule[0m=[35marticle_extractor[0m [36murl[0m=[35mhttps://jp.reuters.com/markets/global-markets/LALZRXJFHRKKDKK5ALBBJJSORY-2026-04-16/[0m [36muser_agent[0m=[35m'Mozilla/5.0 (Macintosh; Intel Mac OS X 10_15_7) Ap...'[0m
[[32m[1minfo     [0m] [1mTrafilatura extraction successful[0m [[0m[1m[34mrss.services.article_extractor[0m][0m [36mmodule[0m=[35marticle_extractor[0m [36mtext_length[0m=[35m333[0m [36mtitle[0m=[35mNone[0m [36murl[0m=[35mhttps://jp.reuters.com/markets/global-markets/LALZRXJFHRKKDKK5ALBBJJSORY-2026-04-16/[0m
[[32m[1minfo     [0m] [1mStarting article extraction   [0m [[0m[1m[34mrss.services.article_extractor[0m][0m [36mmodule[0m=[35marticle_extractor[0m [36murl[0m=[35mhttps://jp.reuters.com/markets/japan/DIS3E6DREJOEPIIHQPPNBZWYWQ-2026-04-16/[0m [36muser_agent[0m=[35m'Mozilla/5.0 (Macintosh; Intel Mac OS X 10_15_7) Ap...'[0m
[[32m[1minfo     [0m] [1mTrafilatura extraction successful[0m [[0m[1m[34mrss.services.article_extractor[0m][0m [36mmodule[0m=[35marticle_extractor[0m [36mtext_length[0m=[35m745[0m [36mtitle[0m=[35mNone[0m [36murl[0m=[35mhttps://jp.reuters.com/markets/japan/DIS3E6DREJOEPIIHQPPNBZWYWQ-2026-04-16/[0m
[[32m[1minfo     [0m] [1mStarting article extraction   [0m [[0m[1m[34mrss.services.article_extractor[0m][0m [36mmodule[0m=[35marticle_extractor[0m [36murl[0m=[35mhttps://jp.reuters.com/markets/japan/LT6TORZH45JVNBAOHCWC6JEO6Q-2026-04-16/[0m [36muser_agent[0m=[35m'Mozilla/5.0 (Macintosh; Intel Mac OS X 10_15_7) Ap...'[0m
[[32m[1minfo     [0m] [1mTrafilatura extraction successful[0m [[0m[1m[34mrss.services.article_extractor[0m][0m [36mmodule[0m=[35marticle_extractor[0m [36mtext_length[0m=[35m694[0m [36mtitle[0m=[35mNone[0m [36murl[0m=[35mhttps://jp.reuters.com/markets/japan/LT6TORZH45JVNBAOHCWC6JEO6Q-2026-04-16/[0m
[[32m[1minfo     [0m] [1mStarting article extraction   [0m [[0m[1m[34mrss.services.article_extractor[0m][0m [36mmodule[0m=[35marticle_extractor[0m [36murl[0m=[35mhttps://jp.reuters.com/markets/commodities/CXFMRJEEDROTDNZXWRVS3P2M3I-2026-04-16/[0m [36muser_agent[0m=[35m'Mozilla/5.0 (Macintosh; Intel Mac OS X 10_15_7) Ap...'[0m
[[32m[1minfo     [0m] [1mTrafilatura extraction successful[0m [[0m[1m[34mrss.services.article_extractor[0m][0m [36mmodule[0m=[35marticle_extractor[0m [36mtext_length[0m=[35m424[0m [36mtitle[0m=[35mNone[0m [36murl[0m=[35mhttps://jp.reuters.com/markets/commodities/CXFMRJEEDROTDNZXWRVS3P2M3I-2026-04-16/[0m
[[32m[1minfo     [0m] [1mStarting article extraction   [0m [[0m[1m[34mrss.services.article_extractor[0m][0m [36mmodule[0m=[35marticle_extractor[0m [36murl[0m=[35mhttps://jp.reuters.com/markets/world-indices/HPLIYM7KOVLBJHYYFD5M2FV73Y-2026-04-16/[0m [36muser_agent[0m=[35m'Mozilla/5.0 (Macintosh; Intel Mac OS X 10_15_7) Ap...'[0m
[[32m[1minfo     [0m] [1mTrafilatura extraction successful[0m [[0m[1m[34mrss.services.article_extractor[0m][0m [36mmodule[0m=[35marticle_extractor[0m [36mtext_length[0m=[35m605[0m [36mtitle[0m=[35mNone[0m [36murl[0m=[35mhttps://jp.reuters.com/markets/world-indices/HPLIYM7KOVLBJHYYFD5M2FV73Y-2026-04-16/[0m
[[32m[1minfo     [0m] [1mStarting article extraction   [0m [[0m[1m[34mrss.services.article_extractor[0m][0m [36mmodule[0m=[35marticle_extractor[0m [36murl[0m=[35mhttps://jp.reuters.com/markets/japan/6RO4YWIFBRMY3EYJT5MTXRTCRA-2026-04-16/[0m [36muser_agent[0m=[35m'Mozilla/5.0 (Macintosh; Intel Mac OS X 10_15_7) Ap...'[0m
[[32m[1minfo     [0m] [1mTrafilatura extraction successful[0m [[0m[1m[34mrss.services.article_extractor[0m][0m [36mmodule[0m=[35marticle_extractor[0m [36mtext_length[0m=[35m324[0m [36mtitle[0m=[35mNone[0m [36murl[0m=[35mhttps://jp.reuters.com/markets/japan/6RO4YWIFBRMY3EYJT5MTXRTCRA-2026-04-16/[0m
[[32m[1minfo     [0m] [1mStarting article extraction   [0m [[0m[1m[34mrss.services.article_extractor[0m][0m [36mmodule[0m=[35marticle_extractor[0m [36murl[0m=[35mhttps://jp.reuters.com/markets/world-indices/NK4NLELYJZK4NDA2S3NH5CBBKM-2026-04-16/[0m [36muser_agent[0m=[35m'Mozilla/5.0 (Macintosh; Intel Mac OS X 10_15_7) Ap...'[0m
[[32m[1minfo     [0m] [1mTrafilatura extraction successful[0m [[0m[1m[34mrss.services.article_extractor[0m][0m [36mmodule[0m=[35marticle_extractor[0m [36mtext_length[0m=[35m230[0m [36mtitle[0m=[35mNone[0m [36murl[0m=[35mhttps://jp.reuters.com/markets/world-indices/NK4NLELYJZK4NDA2S3NH5CBBKM-2026-04-16/[0m
[[32m[1minfo     [0m] [1mStarting article extraction   [0m [[0m[1m[34mrss.services.article_extractor[0m][0m [36mmodule[0m=[35marticle_extractor[0m [36murl[0m=[35mhttps://jp.reuters.com/markets/japan/E6RVEAISC5IZLMDJHR4NXZ4CMI-2026-04-16/[0m [36muser_agent[0m=[35m'Mozilla/5.0 (Macintosh; Intel Mac OS X 10_15_7) Ap...'[0m
[[32m[1minfo     [0m] [1mTrafilatura extraction successful[0m [[0m[1m[34mrss.services.article_extractor[0m][0m [36mmodule[0m=[35marticle_extractor[0m [36mtext_length[0m=[35m664[0m [36mtitle[0m=[35mNone[0m [36murl[0m=[35mhttps://jp.reuters.com/markets/japan/E6RVEAISC5IZLMDJHR4NXZ4CMI-2026-04-16/[0m
[[32m[1minfo     [0m] [1mStarting article extraction   [0m [[0m[1m[34mrss.services.article_extractor[0m][0m [36mmodule[0m=[35marticle_extractor[0m [36murl[0m=[35mhttps://jp.reuters.com/economy/inflation/WGHKCBWT7VPNNC4AVMS2WIWAY4-2026-04-16/[0m [36muser_agent[0m=[35m'Mozilla/5.0 (Macintosh; Intel Mac OS X 10_15_7) Ap...'[0m
[[32m[1minfo     [0m] [1mTrafilatura extraction successful[0m [[0m[1m[34mrss.services.article_extractor[0m][0m [36mmodule[0m=[35marticle_extractor[0m [36mtext_length[0m=[35m1707[0m [36mtitle[0m=[35mNone[0m [36murl[0m=[35mhttps://jp.reuters.com/economy/inflation/WGHKCBWT7VPNNC4AVMS2WIWAY4-2026-04-16/[0m
[[32m[1minfo     [0m] [1mStarting article extraction   [0m [[0m[1m[34mrss.services.article_extractor[0m][0m [36mmodule[0m=[35marticle_extractor[0m [36murl[0m=[35mhttps://jp.reuters.com/markets/japan/SAMY2MZN5ZPKDLO5RVTGMO4SGI-2026-04-16/[0m [36muser_agent[0m=[35m'Mozilla/5.0 (Macintosh; Intel Mac OS X 10_15_7) Ap...'[0m
[[32m[1minfo     [0m] [1mTrafilatura extraction successful[0m [[0m[1m[34mrss.services.article_extractor[0m][0m [36mmodule[0m=[35marticle_extractor[0m [36mtext_length[0m=[35m451[0m [36mtitle[0m=[35mNone[0m [36murl[0m=[35mhttps://jp.reuters.com/markets/japan/SAMY2MZN5ZPKDLO5RVTGMO4SGI-2026-04-16/[0m
[[32m[1minfo     [0m] [1mStarting article extraction   [0m [[0m[1m[34mrss.services.article_extractor[0m][0m [36mmodule[0m=[35marticle_extractor[0m [36murl[0m=[35mhttps://jp.reuters.com/markets/japan/VYTP2RPYYRNGPNRCZLGGW6GHTA-2026-04-16/[0m [36muser_agent[0m=[35m'Mozilla/5.0 (Macintosh; Intel Mac OS X 10_15_7) Ap...'[0m
[[32m[1minfo     [0m] [1mTrafilatura extraction successful[0m [[0m[1m[34mrss.services.article_extractor[0m][0m [36mmodule[0m=[35marticle_extractor[0m [36mtext_length[0m=[35m268[0m [36mtitle[0m=[35mNone[0m [36murl[0m=[35mhttps://jp.reuters.com/markets/japan/VYTP2RPYYRNGPNRCZLGGW6GHTA-2026-04-16/[0m
[[32m[1minfo     [0m] [1mBatch extraction completed    [0m [[0m[1m[34mrss.services.article_extractor[0m][0m [36mfailed[0m=[35m0[0m [36mmodule[0m=[35marticle_extractor[0m [36msuccess[0m=[35m22[0m [36mtotal[0m=[35m22[0m
[[32m[1minfo     [0m] [1mContent post-fetch complete   [0m [[0m[1m[34mnews_scraper.unified[0m][0m [36mfetched[0m=[35m22[0m [36mmodule[0m=[35munified[0m [36mtotal[0m=[35m22[0m
[[32m[1minfo     [0m] [1mFinancial news collection complete[0m [[0m[1m[34mnews_scraper.unified[0m][0m [36melapsed_seconds[0m=[35m24.55[0m [36mmodule[0m=[35munified[0m [36msources[0m=[35m['reuters_jp'][0m [36mtotal_articles[0m=[35m22[0m
[[32m[1minfo     [0m] [1mRawStore: saved=22, dup=0, empty=0[0m [[0m[1m[34mnews_scraper.unified[0m][0m [36mmodule[0m=[35munified[0m
[[32m[1minfo     [0m] [1mCollection complete           [0m [[0m[1m[34m__main__[0m][0m [36marticle_count[0m=[35m22[0m [36mmodule[0m=[35mscrape_finance_news[0m
[[32m[1minfo     [0m] [1mNAS is mounted, using NAS output[0m [[0m[1m[34m__main__[0m][0m [36mmodule[0m=[35mscrape_finance_news[0m [36mpath[0m=[35m/Volumes/personal_folder/scraped/reuters_jp[0m [36msource[0m=[35mreuters_jp[0m
[[32m[1minfo     [0m] [1mOutput directory ready        [0m [[0m[1m[34m__main__[0m][0m [36mmodule[0m=[35mscrape_finance_news[0m [36mpath[0m=[35m/Volumes/personal_folder/scraped/reuters_jp/2026-04-16[0m
[[32m[1minfo     [0m] [1mArticles saved to JSON        [0m [[0m[1m[34m__main__[0m][0m [36mmodule[0m=[35mscrape_finance_news[0m [36mpath[0m=[35m/Volumes/personal_folder/scraped/reuters_jp/2026-04-16/news_090005.json[0m [36mtotal_count[0m=[35m22[0m
[[32m[1minfo     [0m] [1mSave complete                 [0m [[0m[1m[34m__main__[0m][0m [36mcount[0m=[35m22[0m [36mmodule[0m=[35mscrape_finance_news[0m [36moutput_file[0m=[35m/Volumes/personal_folder/scraped/reuters_jp/2026-04-16/news_090005.json[0m [36msource[0m=[35mreuters_jp[0m
[[32m[1minfo     [0m] [1mScraper finished successfully [0m [[0m[1m[34m__main__[0m][0m [36mmodule[0m=[35mscrape_finance_news[0m [36msaved_files[0m=[35m['/Volumes/personal_folder/scraped/reuters_jp/2026-04-16/news_090005.json'][0m [36mtotal_articles[0m=[35m22[0m
[[32m[1minfo     [0m] [1mFinance news scraper starting [0m [[0m[1m[34m__main__[0m][0m [36minclude_content[0m=[35mTrue[0m [36mmax_articles[0m=[35m50[0m [36mmodule[0m=[35mscrape_finance_news[0m [36msources[0m=[35m['reuters_jp'][0m
[[32m[1minfo     [0m] [1mStarting news collection      [0m [[0m[1m[34m__main__[0m][0m [36mmodule[0m=[35mscrape_finance_news[0m [36msources[0m=[35m['reuters_jp'][0m
[[32m[1minfo     [0m] [1mStarting financial news collection (async)[0m [[0m[1m[34mnews_scraper.unified[0m][0m [36minclude_content[0m=[35mTrue[0m [36mmax_articles_per_source[0m=[35m50[0m [36mmodule[0m=[35munified[0m [36msources[0m=[35m['reuters_jp'][0m
[[32m[1minfo     [0m] [1mStarting Reuters JP news collection[0m [[0m[1m[34mnews_scraper.reuters_jp[0m][0m [36mmax_articles_per_source[0m=[35m50[0m [36mmodule[0m=[35mreuters_jp[0m [36msections[0m=[35m['markets', 'business'][0m
[[32m[1minfo     [0m] [1mFetching Reuters JP section   [0m [[0m[1m[34mnews_scraper.reuters_jp[0m][0m [36mmodule[0m=[35mreuters_jp[0m [36msection[0m=[35mmarkets[0m [36murl[0m=[35mhttps://jp.reuters.com/markets/[0m
[[32m[1minfo     [0m] [1mFetching Reuters JP section   [0m [[0m[1m[34mnews_scraper.reuters_jp[0m][0m [36mmodule[0m=[35mreuters_jp[0m [36msection[0m=[35mbusiness[0m [36murl[0m=[35mhttps://jp.reuters.com/business/[0m
[[32m[1minfo     [0m] [1mHTTP Request: GET https://jp.reuters.com/business/ "HTTP/1.1 200 OK"[0m [[0m[1m[34mhttpx[0m][0m
[[32m[1minfo     [0m] [1mHTML fetched (async)          [0m [[0m[1m[34mnews_scraper._html_utils[0m][0m [36mmodule[0m=[35mhtml_utils[0m [36mstatus_code[0m=[35m200[0m [36murl[0m=[35mhttps://jp.reuters.com/business/[0m
[[32m[1minfo     [0m] [1mBusiness page parsed          [0m [[0m[1m[34mnews_scraper.reuters_jp[0m][0m [36marticle_count[0m=[35m20[0m [36mmodule[0m=[35mreuters_jp[0m
[[32m[1minfo     [0m] [1mReuters JP section complete   [0m [[0m[1m[34mnews_scraper.reuters_jp[0m][0m [36mcount[0m=[35m20[0m [36mmodule[0m=[35mreuters_jp[0m [36msection[0m=[35mbusiness[0m
[[32m[1minfo     [0m] [1mHTTP Request: GET https://jp.reuters.com/markets/ "HTTP/1.1 200 OK"[0m [[0m[1m[34mhttpx[0m][0m
[[32m[1minfo     [0m] [1mHTML fetched (async)          [0m [[0m[1m[34mnews_scraper._html_utils[0m][0m [36mmodule[0m=[35mhtml_utils[0m [36mstatus_code[0m=[35m200[0m [36murl[0m=[35mhttps://jp.reuters.com/markets/[0m
[[32m[1minfo     [0m] [1mMarkets page parsed           [0m [[0m[1m[34mnews_scraper.reuters_jp[0m][0m [36marticle_count[0m=[35m6[0m [36mmodule[0m=[35mreuters_jp[0m
[[32m[1minfo     [0m] [1mReuters JP section complete   [0m [[0m[1m[34mnews_scraper.reuters_jp[0m][0m [36mcount[0m=[35m6[0m [36mmodule[0m=[35mreuters_jp[0m [36msection[0m=[35mmarkets[0m
[[32m[1minfo     [0m] [1mReuters JP news collection complete[0m [[0m[1m[34mnews_scraper.reuters_jp[0m][0m [36mmodule[0m=[35mreuters_jp[0m [36mtotal_articles[0m=[35m21[0m
[[32m[1minfo     [0m] [1mSource collection complete    [0m [[0m[1m[34mnews_scraper.unified[0m][0m [36mmodule[0m=[35munified[0m [36msource[0m=[35mreuters_jp[0m [36msource_articles[0m=[35m21[0m
[[32m[1minfo     [0m] [1mFetching content for articles missing it[0m [[0m[1m[34mnews_scraper.unified[0m][0m [36mcount[0m=[35m21[0m [36mmodule[0m=[35munified[0m
[[32m[1minfo     [0m] [1mStarting batch extraction     [0m [[0m[1m[34mrss.services.article_extractor[0m][0m [36mmodule[0m=[35marticle_extractor[0m [36mrate_limit[0m=[35m1.0[0m [36murl_count[0m=[35m21[0m
[[32m[1minfo     [0m] [1mStarting article extraction   [0m [[0m[1m[34mrss.services.article_extractor[0m][0m [36mmodule[0m=[35marticle_extractor[0m [36murl[0m=[35mhttps://jp.reuters.com/markets/japan/SBCD7TKQTNKKNDPZBIZ7PO6XIU-2026-04-16/[0m [36muser_agent[0m=[35m'Mozilla/5.0 (Macintosh; Intel Mac OS X 10_15_7) Ap...'[0m
[[32m[1minfo     [0m] [1mTrafilatura extraction successful[0m [[0m[1m[34mrss.services.article_extractor[0m][0m [36mmodule[0m=[35marticle_extractor[0m [36mtext_length[0m=[35m1577[0m [36mtitle[0m=[35mNone[0m [36murl[0m=[35mhttps://jp.reuters.com/markets/japan/SBCD7TKQTNKKNDPZBIZ7PO6XIU-2026-04-16/[0m
[[32m[1minfo     [0m] [1mStarting article extraction   [0m [[0m[1m[34mrss.services.article_extractor[0m][0m [36mmodule[0m=[35marticle_extractor[0m [36murl[0m=[35mhttps://jp.reuters.com/markets/japan/JJZ3SGFPCRIBRDPLWNHRKJ5OOE-2026-04-16/[0m [36muser_agent[0m=[35m'Mozilla/5.0 (Macintosh; Intel Mac OS X 10_15_7) Ap...'[0m
[[32m[1minfo     [0m] [1mTrafilatura extraction successful[0m [[0m[1m[34mrss.services.article_extractor[0m][0m [36mmodule[0m=[35marticle_extractor[0m [36mtext_length[0m=[35m262[0m [36mtitle[0m=[35mNone[0m [36murl[0m=[35mhttps://jp.reuters.com/markets/japan/JJZ3SGFPCRIBRDPLWNHRKJ5OOE-2026-04-16/[0m
[[32m[1minfo     [0m] [1mStarting article extraction   [0m [[0m[1m[34mrss.services.article_extractor[0m][0m [36mmodule[0m=[35marticle_extractor[0m [36murl[0m=[35mhttps://jp.reuters.com/markets/japan/4JN7KJYLQNONTMVOIQ2RKC76EE-2026-04-16/[0m [36muser_agent[0m=[35m'Mozilla/5.0 (Macintosh; Intel Mac OS X 10_15_7) Ap...'[0m
[[32m[1minfo     [0m] [1mTrafilatura extraction successful[0m [[0m[1m[34mrss.services.article_extractor[0m][0m [36mmodule[0m=[35marticle_extractor[0m [36mtext_length[0m=[35m495[0m [36mtitle[0m=[35mNone[0m [36murl[0m=[35mhttps://jp.reuters.com/markets/japan/4JN7KJYLQNONTMVOIQ2RKC76EE-2026-04-16/[0m
[[32m[1minfo     [0m] [1mStarting article extraction   [0m [[0m[1m[34mrss.services.article_extractor[0m][0m [36mmodule[0m=[35marticle_extractor[0m [36murl[0m=[35mhttps://jp.reuters.com/markets/japan/VYTP2RPYYRNGPNRCZLGGW6GHTA-2026-04-16/[0m [36muser_agent[0m=[35m'Mozilla/5.0 (Macintosh; Intel Mac OS X 10_15_7) Ap...'[0m
[[32m[1minfo     [0m] [1mTrafilatura extraction successful[0m [[0m[1m[34mrss.services.article_extractor[0m][0m [36mmodule[0m=[35marticle_extractor[0m [36mtext_length[0m=[35m460[0m [36mtitle[0m=[35mNone[0m [36murl[0m=[35mhttps://jp.reuters.com/markets/japan/VYTP2RPYYRNGPNRCZLGGW6GHTA-2026-04-16/[0m
[[32m[1minfo     [0m] [1mStarting article extraction   [0m [[0m[1m[34mrss.services.article_extractor[0m][0m [36mmodule[0m=[35marticle_extractor[0m [36murl[0m=[35mhttps://jp.reuters.com/markets/global-markets/UGJQG7BHIRK4PBJJWSFBT6RC6I-2026-04-16/[0m [36muser_agent[0m=[35m'Mozilla/5.0 (Macintosh; Intel Mac OS X 10_15_7) Ap...'[0m
[[32m[1minfo     [0m] [1mTrafilatura extraction successful[0m [[0m[1m[34mrss.services.article_extractor[0m][0m [36mmodule[0m=[35marticle_extractor[0m [36mtext_length[0m=[35m269[0m [36mtitle[0m=[35mNone[0m [36murl[0m=[35mhttps://jp.reuters.com/markets/global-markets/UGJQG7BHIRK4PBJJWSFBT6RC6I-2026-04-16/[0m
[[32m[1minfo     [0m] [1mStarting article extraction   [0m [[0m[1m[34mrss.services.article_extractor[0m][0m [36mmodule[0m=[35marticle_extractor[0m [36murl[0m=[35mhttps://jp.reuters.com/markets/japan/IKGMNNNINNJXBPHSRI6FR4PICM-2026-04-16/[0m [36muser_agent[0m=[35m'Mozilla/5.0 (Macintosh; Intel Mac OS X 10_15_7) Ap...'[0m
[[32m[1minfo     [0m] [1mTrafilatura extraction successful[0m [[0m[1m[34mrss.services.article_extractor[0m][0m [36mmodule[0m=[35marticle_extractor[0m [36mtext_length[0m=[35m333[0m [36mtitle[0m=[35mNone[0m [36murl[0m=[35mhttps://jp.reuters.com/markets/japan/IKGMNNNINNJXBPHSRI6FR4PICM-2026-04-16/[0m
[[32m[1minfo     [0m] [1mStarting article extraction   [0m [[0m[1m[34mrss.services.article_extractor[0m][0m [36mmodule[0m=[35marticle_extractor[0m [36murl[0m=[35mhttps://jp.reuters.com/markets/japan/LT6TORZH45JVNBAOHCWC6JEO6Q-2026-04-16/[0m [36muser_agent[0m=[35m'Mozilla/5.0 (Macintosh; Intel Mac OS X 10_15_7) Ap...'[0m
[[32m[1minfo     [0m] [1mTrafilatura extraction successful[0m [[0m[1m[34mrss.services.article_extractor[0m][0m [36mmodule[0m=[35marticle_extractor[0m [36mtext_length[0m=[35m694[0m [36mtitle[0m=[35mNone[0m [36murl[0m=[35mhttps://jp.reuters.com/markets/japan/LT6TORZH45JVNBAOHCWC6JEO6Q-2026-04-16/[0m
[[32m[1minfo     [0m] [1mStarting article extraction   [0m [[0m[1m[34mrss.services.article_extractor[0m][0m [36mmodule[0m=[35marticle_extractor[0m [36murl[0m=[35mhttps://jp.reuters.com/markets/commodities/CXFMRJEEDROTDNZXWRVS3P2M3I-2026-04-16/[0m [36muser_agent[0m=[35m'Mozilla/5.0 (Macintosh; Intel Mac OS X 10_15_7) Ap...'[0m
[[32m[1minfo     [0m] [1mTrafilatura extraction successful[0m [[0m[1m[34mrss.services.article_extractor[0m][0m [36mmodule[0m=[35marticle_extractor[0m [36mtext_length[0m=[35m424[0m [36mtitle[0m=[35mNone[0m [36murl[0m=[35mhttps://jp.reuters.com/markets/commodities/CXFMRJEEDROTDNZXWRVS3P2M3I-2026-04-16/[0m
[[32m[1minfo     [0m] [1mStarting article extraction   [0m [[0m[1m[34mrss.services.article_extractor[0m][0m [36mmodule[0m=[35marticle_extractor[0m [36murl[0m=[35mhttps://jp.reuters.com/markets/world-indices/HPLIYM7KOVLBJHYYFD5M2FV73Y-2026-04-16/[0m [36muser_agent[0m=[35m'Mozilla/5.0 (Macintosh; Intel Mac OS X 10_15_7) Ap...'[0m
[[32m[1minfo     [0m] [1mTrafilatura extraction successful[0m [[0m[1m[34mrss.services.article_extractor[0m][0m [36mmodule[0m=[35marticle_extractor[0m [36mtext_length[0m=[35m1054[0m [36mtitle[0m=[35mNone[0m [36murl[0m=[35mhttps://jp.reuters.com/markets/world-indices/HPLIYM7KOVLBJHYYFD5M2FV73Y-2026-04-16/[0m
[[32m[1minfo     [0m] [1mStarting article extraction   [0m [[0m[1m[34mrss.services.article_extractor[0m][0m [36mmodule[0m=[35marticle_extractor[0m [36murl[0m=[35mhttps://jp.reuters.com/markets/japan/6RO4YWIFBRMY3EYJT5MTXRTCRA-2026-04-16/[0m [36muser_agent[0m=[35m'Mozilla/5.0 (Macintosh; Intel Mac OS X 10_15_7) Ap...'[0m
[[32m[1minfo     [0m] [1mTrafilatura extraction successful[0m [[0m[1m[34mrss.services.article_extractor[0m][0m [36mmodule[0m=[35marticle_extractor[0m [36mtext_length[0m=[35m324[0m [36mtitle[0m=[35mNone[0m [36murl[0m=[35mhttps://jp.reuters.com/markets/japan/6RO4YWIFBRMY3EYJT5MTXRTCRA-2026-04-16/[0m
[[32m[1minfo     [0m] [1mStarting article extraction   [0m [[0m[1m[34mrss.services.article_extractor[0m][0m [36mmodule[0m=[35marticle_extractor[0m [36murl[0m=[35mhttps://jp.reuters.com/markets/world-indices/NK4NLELYJZK4NDA2S3NH5CBBKM-2026-04-16/[0m [36muser_agent[0m=[35m'Mozilla/5.0 (Macintosh; Intel Mac OS X 10_15_7) Ap...'[0m
[[32m[1minfo     [0m] [1mTrafilatura extraction successful[0m [[0m[1m[34mrss.services.article_extractor[0m][0m [36mmodule[0m=[35marticle_extractor[0m [36mtext_length[0m=[35m230[0m [36mtitle[0m=[35mNone[0m [36murl[0m=[35mhttps://jp.reuters.com/markets/world-indices/NK4NLELYJZK4NDA2S3NH5CBBKM-2026-04-16/[0m
[[32m[1minfo     [0m] [1mStarting article extraction   [0m [[0m[1m[34mrss.services.article_extractor[0m][0m [36mmodule[0m=[35marticle_extractor[0m [36murl[0m=[35mhttps://jp.reuters.com/markets/japan/IKTO2IXMJZJIRO6XAJIOF7UY4I-2026-04-16/[0m [36muser_agent[0m=[35m'Mozilla/5.0 (Macintosh; Intel Mac OS X 10_15_7) Ap...'[0m
[[32m[1minfo     [0m] [1mTrafilatura extraction successful[0m [[0m[1m[34mrss.services.article_extractor[0m][0m [36mmodule[0m=[35marticle_extractor[0m [36mtext_length[0m=[35m785[0m [36mtitle[0m=[35mNone[0m [36murl[0m=[35mhttps://jp.reuters.com/markets/japan/IKTO2IXMJZJIRO6XAJIOF7UY4I-2026-04-16/[0m
[[32m[1minfo     [0m] [1mStarting article extraction   [0m [[0m[1m[34mrss.services.article_extractor[0m][0m [36mmodule[0m=[35marticle_extractor[0m [36murl[0m=[35mhttps://jp.reuters.com/markets/japan/E6RVEAISC5IZLMDJHR4NXZ4CMI-2026-04-16/[0m [36muser_agent[0m=[35m'Mozilla/5.0 (Macintosh; Intel Mac OS X 10_15_7) Ap...'[0m
[[32m[1minfo     [0m] [1mTrafilatura extraction successful[0m [[0m[1m[34mrss.services.article_extractor[0m][0m [36mmodule[0m=[35marticle_extractor[0m [36mtext_length[0m=[35m664[0m [36mtitle[0m=[35mNone[0m [36murl[0m=[35mhttps://jp.reuters.com/markets/japan/E6RVEAISC5IZLMDJHR4NXZ4CMI-2026-04-16/[0m
[[32m[1minfo     [0m] [1mStarting article extraction   [0m [[0m[1m[34mrss.services.article_extractor[0m][0m [36mmodule[0m=[35marticle_extractor[0m [36murl[0m=[35mhttps://jp.reuters.com/markets/world-indices/5AXDLUUNGZJO7PSJNWDJEU5ZXI-2026-04-16/[0m [36muser_agent[0m=[35m'Mozilla/5.0 (Macintosh; Intel Mac OS X 10_15_7) Ap...'[0m
[[32m[1minfo     [0m] [1mTrafilatura extraction successful[0m [[0m[1m[34mrss.services.article_extractor[0m][0m [36mmodule[0m=[35marticle_extractor[0m [36mtext_length[0m=[35m790[0m [36mtitle[0m=[35mNone[0m [36murl[0m=[35mhttps://jp.reuters.com/markets/world-indices/5AXDLUUNGZJO7PSJNWDJEU5ZXI-2026-04-16/[0m
[[32m[1minfo     [0m] [1mStarting article extraction   [0m [[0m[1m[34mrss.services.article_extractor[0m][0m [36mmodule[0m=[35marticle_extractor[0m [36murl[0m=[35mhttps://jp.reuters.com/economy/inflation/WGHKCBWT7VPNNC4AVMS2WIWAY4-2026-04-16/[0m [36muser_agent[0m=[35m'Mozilla/5.0 (Macintosh; Intel Mac OS X 10_15_7) Ap...'[0m
[[32m[1minfo     [0m] [1mTrafilatura extraction successful[0m [[0m[1m[34mrss.services.article_extractor[0m][0m [36mmodule[0m=[35marticle_extractor[0m [36mtext_length[0m=[35m1707[0m [36mtitle[0m=[35mNone[0m [36murl[0m=[35mhttps://jp.reuters.com/economy/inflation/WGHKCBWT7VPNNC4AVMS2WIWAY4-2026-04-16/[0m
[[32m[1minfo     [0m] [1mStarting article extraction   [0m [[0m[1m[34mrss.services.article_extractor[0m][0m [36mmodule[0m=[35marticle_extractor[0m [36murl[0m=[35mhttps://jp.reuters.com/markets/japan/SAMY2MZN5ZPKDLO5RVTGMO4SGI-2026-04-16/[0m [36muser_agent[0m=[35m'Mozilla/5.0 (Macintosh; Intel Mac OS X 10_15_7) Ap...'[0m
[[32m[1minfo     [0m] [1mTrafilatura extraction successful[0m [[0m[1m[34mrss.services.article_extractor[0m][0m [36mmodule[0m=[35marticle_extractor[0m [36mtext_length[0m=[35m451[0m [36mtitle[0m=[35mNone[0m [36murl[0m=[35mhttps://jp.reuters.com/markets/japan/SAMY2MZN5ZPKDLO5RVTGMO4SGI-2026-04-16/[0m
[[32m[1minfo     [0m] [1mStarting article extraction   [0m [[0m[1m[34mrss.services.article_extractor[0m][0m [36mmodule[0m=[35marticle_extractor[0m [36murl[0m=[35mhttps://jp.reuters.com/markets/global-markets/6MJAI4SPLJIZJMEPRW5XKMODYY-2026-04-16/[0m [36muser_agent[0m=[35m'Mozilla/5.0 (Macintosh; Intel Mac OS X 10_15_7) Ap...'[0m
[[32m[1minfo     [0m] [1mTrafilatura extraction successful[0m [[0m[1m[34mrss.services.article_extractor[0m][0m [36mmodule[0m=[35marticle_extractor[0m [36mtext_length[0m=[35m331[0m [36mtitle[0m=[35mNone[0m [36murl[0m=[35mhttps://jp.reuters.com/markets/global-markets/6MJAI4SPLJIZJMEPRW5XKMODYY-2026-04-16/[0m
[[32m[1minfo     [0m] [1mStarting article extraction   [0m [[0m[1m[34mrss.services.article_extractor[0m][0m [36mmodule[0m=[35marticle_extractor[0m [36murl[0m=[35mhttps://jp.reuters.com/markets/global-markets/WUQ75WSQVVM3LDBACTOVAB2QPM-2026-04-16/[0m [36muser_agent[0m=[35m'Mozilla/5.0 (Macintosh; Intel Mac OS X 10_15_7) Ap...'[0m
[[32m[1minfo     [0m] [1mTrafilatura extraction successful[0m [[0m[1m[34mrss.services.article_extractor[0m][0m [36mmodule[0m=[35marticle_extractor[0m [36mtext_length[0m=[35m688[0m [36mtitle[0m=[35mNone[0m [36murl[0m=[35mhttps://jp.reuters.com/markets/global-markets/WUQ75WSQVVM3LDBACTOVAB2QPM-2026-04-16/[0m
[[32m[1minfo     [0m] [1mStarting article extraction   [0m [[0m[1m[34mrss.services.article_extractor[0m][0m [36mmodule[0m=[35marticle_extractor[0m [36murl[0m=[35mhttps://jp.reuters.com/markets/japan/PB53ZWZJZVPEZKYJVGWOK35KHU-2026-04-16/[0m [36muser_agent[0m=[35m'Mozilla/5.0 (Macintosh; Intel Mac OS X 10_15_7) Ap...'[0m
[[32m[1minfo     [0m] [1mTrafilatura extraction successful[0m [[0m[1m[34mrss.services.article_extractor[0m][0m [36mmodule[0m=[35marticle_extractor[0m [36mtext_length[0m=[35m843[0m [36mtitle[0m=[35mNone[0m [36murl[0m=[35mhttps://jp.reuters.com/markets/japan/PB53ZWZJZVPEZKYJVGWOK35KHU-2026-04-16/[0m
[[32m[1minfo     [0m] [1mStarting article extraction   [0m [[0m[1m[34mrss.services.article_extractor[0m][0m [36mmodule[0m=[35marticle_extractor[0m [36murl[0m=[35mhttps://jp.reuters.com/markets/japan/4S6LLR75Z5JTZC7WGHAJ3K7XKQ-2026-04-16/[0m [36muser_agent[0m=[35m'Mozilla/5.0 (Macintosh; Intel Mac OS X 10_15_7) Ap...'[0m
[[32m[1minfo     [0m] [1mTrafilatura extraction successful[0m [[0m[1m[34mrss.services.article_extractor[0m][0m [36mmodule[0m=[35marticle_extractor[0m [36mtext_length[0m=[35m593[0m [36mtitle[0m=[35mNone[0m [36murl[0m=[35mhttps://jp.reuters.com/markets/japan/4S6LLR75Z5JTZC7WGHAJ3K7XKQ-2026-04-16/[0m
[[32m[1minfo     [0m] [1mStarting article extraction   [0m [[0m[1m[34mrss.services.article_extractor[0m][0m [36mmodule[0m=[35marticle_extractor[0m [36murl[0m=[35mhttps://jp.reuters.com/markets/japan/LXGVNEYU4JI3NFT6PMRAMZR2EI-2026-04-16/[0m [36muser_agent[0m=[35m'Mozilla/5.0 (Macintosh; Intel Mac OS X 10_15_7) Ap...'[0m
[[32m[1minfo     [0m] [1mTrafilatura extraction successful[0m [[0m[1m[34mrss.services.article_extractor[0m][0m [36mmodule[0m=[35marticle_extractor[0m [36mtext_length[0m=[35m492[0m [36mtitle[0m=[35mNone[0m [36murl[0m=[35mhttps://jp.reuters.com/markets/japan/LXGVNEYU4JI3NFT6PMRAMZR2EI-2026-04-16/[0m
[[32m[1minfo     [0m] [1mBatch extraction completed    [0m [[0m[1m[34mrss.services.article_extractor[0m][0m [36mfailed[0m=[35m0[0m [36mmodule[0m=[35marticle_extractor[0m [36msuccess[0m=[35m21[0m [36mtotal[0m=[35m21[0m
[[32m[1minfo     [0m] [1mContent post-fetch complete   [0m [[0m[1m[34mnews_scraper.unified[0m][0m [36mfetched[0m=[35m21[0m [36mmodule[0m=[35munified[0m [36mtotal[0m=[35m21[0m
[[32m[1minfo     [0m] [1mFinancial news collection complete[0m [[0m[1m[34mnews_scraper.unified[0m][0m [36melapsed_seconds[0m=[35m24.29[0m [36mmodule[0m=[35munified[0m [36msources[0m=[35m['reuters_jp'][0m [36mtotal_articles[0m=[35m21[0m
[[32m[1minfo     [0m] [1mRawStore: saved=7, dup=14, empty=0[0m [[0m[1m[34mnews_scraper.unified[0m][0m [36mmodule[0m=[35munified[0m
[[32m[1minfo     [0m] [1mCollection complete           [0m [[0m[1m[34m__main__[0m][0m [36marticle_count[0m=[35m21[0m [36mmodule[0m=[35mscrape_finance_news[0m
[[32m[1minfo     [0m] [1mNAS is mounted, using NAS output[0m [[0m[1m[34m__main__[0m][0m [36mmodule[0m=[35mscrape_finance_news[0m [36mpath[0m=[35m/Volumes/personal_folder/scraped/reuters_jp[0m [36msource[0m=[35mreuters_jp[0m
[[32m[1minfo     [0m] [1mOutput directory ready        [0m [[0m[1m[34m__main__[0m][0m [36mmodule[0m=[35mscrape_finance_news[0m [36mpath[0m=[35m/Volumes/personal_folder/scraped/reuters_jp/2026-04-16[0m
[[32m[1minfo     [0m] [1mArticles saved to JSON        [0m [[0m[1m[34m__main__[0m][0m [36mmodule[0m=[35mscrape_finance_news[0m [36mpath[0m=[35m/Volumes/personal_folder/scraped/reuters_jp/2026-04-16/news_150006.json[0m [36mtotal_count[0m=[35m21[0m
[[32m[1minfo     [0m] [1mSave complete                 [0m [[0m[1m[34m__main__[0m][0m [36mcount[0m=[35m21[0m [36mmodule[0m=[35mscrape_finance_news[0m [36moutput_file[0m=[35m/Volumes/personal_folder/scraped/reuters_jp/2026-04-16/news_150006.json[0m [36msource[0m=[35mreuters_jp[0m
[[32m[1minfo     [0m] [1mScraper finished successfully [0m [[0m[1m[34m__main__[0m][0m [36mmodule[0m=[35mscrape_finance_news[0m [36msaved_files[0m=[35m['/Volumes/personal_folder/scraped/reuters_jp/2026-04-16/news_150006.json'][0m [36mtotal_articles[0m=[35m21[0m
[[32m[1minfo     [0m] [1mFinance news scraper starting [0m [[0m[1m[34m__main__[0m][0m [36minclude_content[0m=[35mTrue[0m [36mmax_articles[0m=[35m50[0m [36mmodule[0m=[35mscrape_finance_news[0m [36msources[0m=[35m['reuters_jp'][0m
[[32m[1minfo     [0m] [1mStarting news collection      [0m [[0m[1m[34m__main__[0m][0m [36mmodule[0m=[35mscrape_finance_news[0m [36msources[0m=[35m['reuters_jp'][0m
[[32m[1minfo     [0m] [1mStarting financial news collection (async)[0m [[0m[1m[34mnews_scraper.unified[0m][0m [36minclude_content[0m=[35mTrue[0m [36mmax_articles_per_source[0m=[35m50[0m [36mmodule[0m=[35munified[0m [36msources[0m=[35m['reuters_jp'][0m
[[32m[1minfo     [0m] [1mStarting Reuters JP news collection[0m [[0m[1m[34mnews_scraper.reuters_jp[0m][0m [36mmax_articles_per_source[0m=[35m50[0m [36mmodule[0m=[35mreuters_jp[0m [36msections[0m=[35m['markets', 'business'][0m
[[32m[1minfo     [0m] [1mFetching Reuters JP section   [0m [[0m[1m[34mnews_scraper.reuters_jp[0m][0m [36mmodule[0m=[35mreuters_jp[0m [36msection[0m=[35mmarkets[0m [36murl[0m=[35mhttps://jp.reuters.com/markets/[0m
[[32m[1minfo     [0m] [1mFetching Reuters JP section   [0m [[0m[1m[34mnews_scraper.reuters_jp[0m][0m [36mmodule[0m=[35mreuters_jp[0m [36msection[0m=[35mbusiness[0m [36murl[0m=[35mhttps://jp.reuters.com/business/[0m
[[32m[1minfo     [0m] [1mHTTP Request: GET https://jp.reuters.com/markets/ "HTTP/1.1 200 OK"[0m [[0m[1m[34mhttpx[0m][0m
[[32m[1minfo     [0m] [1mHTTP Request: GET https://jp.reuters.com/business/ "HTTP/1.1 200 OK"[0m [[0m[1m[34mhttpx[0m][0m
[[32m[1minfo     [0m] [1mHTML fetched (async)          [0m [[0m[1m[34mnews_scraper._html_utils[0m][0m [36mmodule[0m=[35mhtml_utils[0m [36mstatus_code[0m=[35m200[0m [36murl[0m=[35mhttps://jp.reuters.com/business/[0m
[[32m[1minfo     [0m] [1mBusiness page parsed          [0m [[0m[1m[34mnews_scraper.reuters_jp[0m][0m [36marticle_count[0m=[35m20[0m [36mmodule[0m=[35mreuters_jp[0m
[[32m[1minfo     [0m] [1mReuters JP section complete   [0m [[0m[1m[34mnews_scraper.reuters_jp[0m][0m [36mcount[0m=[35m20[0m [36mmodule[0m=[35mreuters_jp[0m [36msection[0m=[35mbusiness[0m
[[32m[1minfo     [0m] [1mHTML fetched (async)          [0m [[0m[1m[34mnews_scraper._html_utils[0m][0m [36mmodule[0m=[35mhtml_utils[0m [36mstatus_code[0m=[35m200[0m [36murl[0m=[35mhttps://jp.reuters.com/markets/[0m
[[32m[1minfo     [0m] [1mMarkets page parsed           [0m [[0m[1m[34mnews_scraper.reuters_jp[0m][0m [36marticle_count[0m=[35m6[0m [36mmodule[0m=[35mreuters_jp[0m
[[32m[1minfo     [0m] [1mReuters JP section complete   [0m [[0m[1m[34mnews_scraper.reuters_jp[0m][0m [36mcount[0m=[35m6[0m [36mmodule[0m=[35mreuters_jp[0m [36msection[0m=[35mmarkets[0m
[[32m[1minfo     [0m] [1mReuters JP news collection complete[0m [[0m[1m[34mnews_scraper.reuters_jp[0m][0m [36mmodule[0m=[35mreuters_jp[0m [36mtotal_articles[0m=[35m21[0m
[[32m[1minfo     [0m] [1mSource collection complete    [0m [[0m[1m[34mnews_scraper.unified[0m][0m [36mmodule[0m=[35munified[0m [36msource[0m=[35mreuters_jp[0m [36msource_articles[0m=[35m21[0m
[[32m[1minfo     [0m] [1mFetching content for articles missing it[0m [[0m[1m[34mnews_scraper.unified[0m][0m [36mcount[0m=[35m21[0m [36mmodule[0m=[35munified[0m
[[32m[1minfo     [0m] [1mStarting batch extraction     [0m [[0m[1m[34mrss.services.article_extractor[0m][0m [36mmodule[0m=[35marticle_extractor[0m [36mrate_limit[0m=[35m1.0[0m [36murl_count[0m=[35m21[0m
[[32m[1minfo     [0m] [1mStarting article extraction   [0m [[0m[1m[34mrss.services.article_extractor[0m][0m [36mmodule[0m=[35marticle_extractor[0m [36murl[0m=[35mhttps://jp.reuters.com/markets/japan/SBCD7TKQTNKKNDPZBIZ7PO6XIU-2026-04-16/[0m [36muser_agent[0m=[35m'Mozilla/5.0 (Macintosh; Intel Mac OS X 10_15_7) Ap...'[0m
[[32m[1minfo     [0m] [1mTrafilatura extraction successful[0m [[0m[1m[34mrss.services.article_extractor[0m][0m [36mmodule[0m=[35marticle_extractor[0m [36mtext_length[0m=[35m1577[0m [36mtitle[0m=[35mNone[0m [36murl[0m=[35mhttps://jp.reuters.com/markets/japan/SBCD7TKQTNKKNDPZBIZ7PO6XIU-2026-04-16/[0m
[[32m[1minfo     [0m] [1mStarting article extraction   [0m [[0m[1m[34mrss.services.article_extractor[0m][0m [36mmodule[0m=[35marticle_extractor[0m [36murl[0m=[35mhttps://jp.reuters.com/markets/japan/JJZ3SGFPCRIBRDPLWNHRKJ5OOE-2026-04-16/[0m [36muser_agent[0m=[35m'Mozilla/5.0 (Macintosh; Intel Mac OS X 10_15_7) Ap...'[0m
[[32m[1minfo     [0m] [1mTrafilatura extraction successful[0m [[0m[1m[34mrss.services.article_extractor[0m][0m [36mmodule[0m=[35marticle_extractor[0m [36mtext_length[0m=[35m262[0m [36mtitle[0m=[35mNone[0m [36murl[0m=[35mhttps://jp.reuters.com/markets/japan/JJZ3SGFPCRIBRDPLWNHRKJ5OOE-2026-04-16/[0m
[[32m[1minfo     [0m] [1mStarting article extraction   [0m [[0m[1m[34mrss.services.article_extractor[0m][0m [36mmodule[0m=[35marticle_extractor[0m [36murl[0m=[35mhttps://jp.reuters.com/markets/japan/4JN7KJYLQNONTMVOIQ2RKC76EE-2026-04-16/[0m [36muser_agent[0m=[35m'Mozilla/5.0 (Macintosh; Intel Mac OS X 10_15_7) Ap...'[0m
[[32m[1minfo     [0m] [1mTrafilatura extraction successful[0m [[0m[1m[34mrss.services.article_extractor[0m][0m [36mmodule[0m=[35marticle_extractor[0m [36mtext_length[0m=[35m495[0m [36mtitle[0m=[35mNone[0m [36murl[0m=[35mhttps://jp.reuters.com/markets/japan/4JN7KJYLQNONTMVOIQ2RKC76EE-2026-04-16/[0m
[[32m[1minfo     [0m] [1mStarting article extraction   [0m [[0m[1m[34mrss.services.article_extractor[0m][0m [36mmodule[0m=[35marticle_extractor[0m [36murl[0m=[35mhttps://jp.reuters.com/markets/japan/VYTP2RPYYRNGPNRCZLGGW6GHTA-2026-04-16/[0m [36muser_agent[0m=[35m'Mozilla/5.0 (Macintosh; Intel Mac OS X 10_15_7) Ap...'[0m
[[32m[1minfo     [0m] [1mTrafilatura extraction successful[0m [[0m[1m[34mrss.services.article_extractor[0m][0m [36mmodule[0m=[35marticle_extractor[0m [36mtext_length[0m=[35m460[0m [36mtitle[0m=[35mNone[0m [36murl[0m=[35mhttps://jp.reuters.com/markets/japan/VYTP2RPYYRNGPNRCZLGGW6GHTA-2026-04-16/[0m
[[32m[1minfo     [0m] [1mStarting article extraction   [0m [[0m[1m[34mrss.services.article_extractor[0m][0m [36mmodule[0m=[35marticle_extractor[0m [36murl[0m=[35mhttps://jp.reuters.com/markets/global-markets/UGJQG7BHIRK4PBJJWSFBT6RC6I-2026-04-16/[0m [36muser_agent[0m=[35m'Mozilla/5.0 (Macintosh; Intel Mac OS X 10_15_7) Ap...'[0m
[[32m[1minfo     [0m] [1mTrafilatura extraction successful[0m [[0m[1m[34mrss.services.article_extractor[0m][0m [36mmodule[0m=[35marticle_extractor[0m [36mtext_length[0m=[35m269[0m [36mtitle[0m=[35mNone[0m [36murl[0m=[35mhttps://jp.reuters.com/markets/global-markets/UGJQG7BHIRK4PBJJWSFBT6RC6I-2026-04-16/[0m
[[32m[1minfo     [0m] [1mStarting article extraction   [0m [[0m[1m[34mrss.services.article_extractor[0m][0m [36mmodule[0m=[35marticle_extractor[0m [36murl[0m=[35mhttps://jp.reuters.com/markets/japan/IKGMNNNINNJXBPHSRI6FR4PICM-2026-04-16/[0m [36muser_agent[0m=[35m'Mozilla/5.0 (Macintosh; Intel Mac OS X 10_15_7) Ap...'[0m
[[32m[1minfo     [0m] [1mTrafilatura extraction successful[0m [[0m[1m[34mrss.services.article_extractor[0m][0m [36mmodule[0m=[35marticle_extractor[0m [36mtext_length[0m=[35m333[0m [36mtitle[0m=[35mNone[0m [36murl[0m=[35mhttps://jp.reuters.com/markets/japan/IKGMNNNINNJXBPHSRI6FR4PICM-2026-04-16/[0m
[[32m[1minfo     [0m] [1mStarting article extraction   [0m [[0m[1m[34mrss.services.article_extractor[0m][0m [36mmodule[0m=[35marticle_extractor[0m [36murl[0m=[35mhttps://jp.reuters.com/markets/japan/SAMY2MZN5ZPKDLO5RVTGMO4SGI-2026-04-16/[0m [36muser_agent[0m=[35m'Mozilla/5.0 (Macintosh; Intel Mac OS X 10_15_7) Ap...'[0m
[[32m[1minfo     [0m] [1mTrafilatura extraction successful[0m [[0m[1m[34mrss.services.article_extractor[0m][0m [36mmodule[0m=[35marticle_extractor[0m [36mtext_length[0m=[35m451[0m [36mtitle[0m=[35mNone[0m [36murl[0m=[35mhttps://jp.reuters.com/markets/japan/SAMY2MZN5ZPKDLO5RVTGMO4SGI-2026-04-16/[0m
[[32m[1minfo     [0m] [1mStarting article extraction   [0m [[0m[1m[34mrss.services.article_extractor[0m][0m [36mmodule[0m=[35marticle_extractor[0m [36murl[0m=[35mhttps://jp.reuters.com/markets/global-markets/6MJAI4SPLJIZJMEPRW5XKMODYY-2026-04-16/[0m [36muser_agent[0m=[35m'Mozilla/5.0 (Macintosh; Intel Mac OS X 10_15_7) Ap...'[0m
[[32m[1minfo     [0m] [1mTrafilatura extraction successful[0m [[0m[1m[34mrss.services.article_extractor[0m][0m [36mmodule[0m=[35marticle_extractor[0m [36mtext_length[0m=[35m331[0m [36mtitle[0m=[35mNone[0m [36murl[0m=[35mhttps://jp.reuters.com/markets/global-markets/6MJAI4SPLJIZJMEPRW5XKMODYY-2026-04-16/[0m
[[32m[1minfo     [0m] [1mStarting article extraction   [0m [[0m[1m[34mrss.services.article_extractor[0m][0m [36mmodule[0m=[35marticle_extractor[0m [36murl[0m=[35mhttps://jp.reuters.com/markets/global-markets/WUQ75WSQVVM3LDBACTOVAB2QPM-2026-04-16/[0m [36muser_agent[0m=[35m'Mozilla/5.0 (Macintosh; Intel Mac OS X 10_15_7) Ap...'[0m
[[32m[1minfo     [0m] [1mTrafilatura extraction successful[0m [[0m[1m[34mrss.services.article_extractor[0m][0m [36mmodule[0m=[35marticle_extractor[0m [36mtext_length[0m=[35m688[0m [36mtitle[0m=[35mNone[0m [36murl[0m=[35mhttps://jp.reuters.com/markets/global-markets/WUQ75WSQVVM3LDBACTOVAB2QPM-2026-04-16/[0m
[[32m[1minfo     [0m] [1mStarting article extraction   [0m [[0m[1m[34mrss.services.article_extractor[0m][0m [36mmodule[0m=[35marticle_extractor[0m [36murl[0m=[35mhttps://jp.reuters.com/markets/japan/PB53ZWZJZVPEZKYJVGWOK35KHU-2026-04-16/[0m [36muser_agent[0m=[35m'Mozilla/5.0 (Macintosh; Intel Mac OS X 10_15_7) Ap...'[0m
[[32m[1minfo     [0m] [1mTrafilatura extraction successful[0m [[0m[1m[34mrss.services.article_extractor[0m][0m [36mmodule[0m=[35marticle_extractor[0m [36mtext_length[0m=[35m843[0m [36mtitle[0m=[35mNone[0m [36murl[0m=[35mhttps://jp.reuters.com/markets/japan/PB53ZWZJZVPEZKYJVGWOK35KHU-2026-04-16/[0m
[[32m[1minfo     [0m] [1mStarting article extraction   [0m [[0m[1m[34mrss.services.article_extractor[0m][0m [36mmodule[0m=[35marticle_extractor[0m [36murl[0m=[35mhttps://jp.reuters.com/markets/japan/4S6LLR75Z5JTZC7WGHAJ3K7XKQ-2026-04-16/[0m [36muser_agent[0m=[35m'Mozilla/5.0 (Macintosh; Intel Mac OS X 10_15_7) Ap...'[0m
[[32m[1minfo     [0m] [1mTrafilatura extraction successful[0m [[0m[1m[34mrss.services.article_extractor[0m][0m [36mmodule[0m=[35marticle_extractor[0m [36mtext_length[0m=[35m751[0m [36mtitle[0m=[35mNone[0m [36murl[0m=[35mhttps://jp.reuters.com/markets/japan/4S6LLR75Z5JTZC7WGHAJ3K7XKQ-2026-04-16/[0m
[[32m[1minfo     [0m] [1mStarting article extraction   [0m [[0m[1m[34mrss.services.article_extractor[0m][0m [36mmodule[0m=[35marticle_extractor[0m [36murl[0m=[35mhttps://jp.reuters.com/markets/japan/LXGVNEYU4JI3NFT6PMRAMZR2EI-2026-04-16/[0m [36muser_agent[0m=[35m'Mozilla/5.0 (Macintosh; Intel Mac OS X 10_15_7) Ap...'[0m
[[32m[1minfo     [0m] [1mTrafilatura extraction successful[0m [[0m[1m[34mrss.services.article_extractor[0m][0m [36mmodule[0m=[35marticle_extractor[0m [36mtext_length[0m=[35m492[0m [36mtitle[0m=[35mNone[0m [36murl[0m=[35mhttps://jp.reuters.com/markets/japan/LXGVNEYU4JI3NFT6PMRAMZR2EI-2026-04-16/[0m
[[32m[1minfo     [0m] [1mStarting article extraction   [0m [[0m[1m[34mrss.services.article_extractor[0m][0m [36mmodule[0m=[35marticle_extractor[0m [36murl[0m=[35mhttps://jp.reuters.com/markets/japan/GYQXSTWRQVLU5HRYZ3DYO6AHKQ-2026-04-16/[0m [36muser_agent[0m=[35m'Mozilla/5.0 (Macintosh; Intel Mac OS X 10_15_7) Ap...'[0m
[[32m[1minfo     [0m] [1mTrafilatura extraction successful[0m [[0m[1m[34mrss.services.article_extractor[0m][0m [36mmodule[0m=[35marticle_extractor[0m [36mtext_length[0m=[35m559[0m [36mtitle[0m=[35mNone[0m [36murl[0m=[35mhttps://jp.reuters.com/markets/japan/GYQXSTWRQVLU5HRYZ3DYO6AHKQ-2026-04-16/[0m
[[32m[1minfo     [0m] [1mStarting article extraction   [0m [[0m[1m[34mrss.services.article_extractor[0m][0m [36mmodule[0m=[35marticle_extractor[0m [36murl[0m=[35mhttps://jp.reuters.com/markets/japan/IUDCKWOHTRMW7HSWLCNIY2PR5A-2026-04-16/[0m [36muser_agent[0m=[35m'Mozilla/5.0 (Macintosh; Intel Mac OS X 10_15_7) Ap...'[0m
[[32m[1minfo     [0m] [1mTrafilatura extraction successful[0m [[0m[1m[34mrss.services.article_extractor[0m][0m [36mmodule[0m=[35marticle_extractor[0m [36mtext_length[0m=[35m487[0m [36mtitle[0m=[35mNone[0m [36murl[0m=[35mhttps://jp.reuters.com/markets/japan/IUDCKWOHTRMW7HSWLCNIY2PR5A-2026-04-16/[0m
[[32m[1minfo     [0m] [1mStarting article extraction   [0m [[0m[1m[34mrss.services.article_extractor[0m][0m [36mmodule[0m=[35marticle_extractor[0m [36murl[0m=[35mhttps://jp.reuters.com/markets/japan/HFWACT6NPBPBLBZI52KRHRG5DE-2026-04-16/[0m [36muser_agent[0m=[35m'Mozilla/5.0 (Macintosh; Intel Mac OS X 10_15_7) Ap...'[0m
[[32m[1minfo     [0m] [1mTrafilatura extraction successful[0m [[0m[1m[34mrss.services.article_extractor[0m][0m [36mmodule[0m=[35marticle_extractor[0m [36mtext_length[0m=[35m641[0m [36mtitle[0m=[35mNone[0m [36murl[0m=[35mhttps://jp.reuters.com/markets/japan/HFWACT6NPBPBLBZI52KRHRG5DE-2026-04-16/[0m
[[32m[1minfo     [0m] [1mStarting article extraction   [0m [[0m[1m[34mrss.services.article_extractor[0m][0m [36mmodule[0m=[35marticle_extractor[0m [36murl[0m=[35mhttps://jp.reuters.com/markets/japan/OYGRVZ5CTVMYJBHVO45DY76L7E-2026-04-16/[0m [36muser_agent[0m=[35m'Mozilla/5.0 (Macintosh; Intel Mac OS X 10_15_7) Ap...'[0m
[[32m[1minfo     [0m] [1mTrafilatura extraction successful[0m [[0m[1m[34mrss.services.article_extractor[0m][0m [36mmodule[0m=[35marticle_extractor[0m [36mtext_length[0m=[35m226[0m [36mtitle[0m=[35mNone[0m [36murl[0m=[35mhttps://jp.reuters.com/markets/japan/OYGRVZ5CTVMYJBHVO45DY76L7E-2026-04-16/[0m
[[32m[1minfo     [0m] [1mStarting article extraction   [0m [[0m[1m[34mrss.services.article_extractor[0m][0m [36mmodule[0m=[35marticle_extractor[0m [36murl[0m=[35mhttps://jp.reuters.com/markets/japan/5FA24REY6VJKPE4E2WLTZC4NTM-2026-04-16/[0m [36muser_agent[0m=[35m'Mozilla/5.0 (Macintosh; Intel Mac OS X 10_15_7) Ap...'[0m
[[32m[1minfo     [0m] [1mTrafilatura extraction successful[0m [[0m[1m[34mrss.services.article_extractor[0m][0m [36mmodule[0m=[35marticle_extractor[0m [36mtext_length[0m=[35m592[0m [36mtitle[0m=[35mNone[0m [36murl[0m=[35mhttps://jp.reuters.com/markets/japan/5FA24REY6VJKPE4E2WLTZC4NTM-2026-04-16/[0m
[[32m[1minfo     [0m] [1mStarting article extraction   [0m [[0m[1m[34mrss.services.article_extractor[0m][0m [36mmodule[0m=[35marticle_extractor[0m [36murl[0m=[35mhttps://jp.reuters.com/markets/japan/GXIT2FF43FLA5GJBP3EBQQDP2Y-2026-04-16/[0m [36muser_agent[0m=[35m'Mozilla/5.0 (Macintosh; Intel Mac OS X 10_15_7) Ap...'[0m
[[32m[1minfo     [0m] [1mTrafilatura extraction successful[0m [[0m[1m[34mrss.services.article_extractor[0m][0m [36mmodule[0m=[35marticle_extractor[0m [36mtext_length[0m=[35m579[0m [36mtitle[0m=[35mNone[0m [36murl[0m=[35mhttps://jp.reuters.com/markets/japan/GXIT2FF43FLA5GJBP3EBQQDP2Y-2026-04-16/[0m
[[32m[1minfo     [0m] [1mStarting article extraction   [0m [[0m[1m[34mrss.services.article_extractor[0m][0m [36mmodule[0m=[35marticle_extractor[0m [36murl[0m=[35mhttps://jp.reuters.com/markets/japan/PRD5ELLUD5LVFGZPPLLZDZ2TEE-2026-04-16/[0m [36muser_agent[0m=[35m'Mozilla/5.0 (Macintosh; Intel Mac OS X 10_15_7) Ap...'[0m
[[32m[1minfo     [0m] [1mTrafilatura extraction successful[0m [[0m[1m[34mrss.services.article_extractor[0m][0m [36mmodule[0m=[35marticle_extractor[0m [36mtext_length[0m=[35m624[0m [36mtitle[0m=[35mNone[0m [36murl[0m=[35mhttps://jp.reuters.com/markets/japan/PRD5ELLUD5LVFGZPPLLZDZ2TEE-2026-04-16/[0m
[[32m[1minfo     [0m] [1mStarting article extraction   [0m [[0m[1m[34mrss.services.article_extractor[0m][0m [36mmodule[0m=[35marticle_extractor[0m [36murl[0m=[35mhttps://jp.reuters.com/markets/japan/2WHZOGG4SFJE7HJUMVYPYMVRRM-2026-04-16/[0m [36muser_agent[0m=[35m'Mozilla/5.0 (Macintosh; Intel Mac OS X 10_15_7) Ap...'[0m
[[32m[1minfo     [0m] [1mTrafilatura extraction successful[0m [[0m[1m[34mrss.services.article_extractor[0m][0m [36mmodule[0m=[35marticle_extractor[0m [36mtext_length[0m=[35m292[0m [36mtitle[0m=[35mNone[0m [36murl[0m=[35mhttps://jp.reuters.com/markets/japan/2WHZOGG4SFJE7HJUMVYPYMVRRM-2026-04-16/[0m
[[32m[1minfo     [0m] [1mStarting article extraction   [0m [[0m[1m[34mrss.services.article_extractor[0m][0m [36mmodule[0m=[35marticle_extractor[0m [36murl[0m=[35mhttps://jp.reuters.com/markets/japan/D4DWDQ2FYNIXXGJNNXYGAY5AVQ-2026-04-16/[0m [36muser_agent[0m=[35m'Mozilla/5.0 (Macintosh; Intel Mac OS X 10_15_7) Ap...'[0m
[[32m[1minfo     [0m] [1mTrafilatura extraction successful[0m [[0m[1m[34mrss.services.article_extractor[0m][0m [36mmodule[0m=[35marticle_extractor[0m [36mtext_length[0m=[35m839[0m [36mtitle[0m=[35mNone[0m [36murl[0m=[35mhttps://jp.reuters.com/markets/japan/D4DWDQ2FYNIXXGJNNXYGAY5AVQ-2026-04-16/[0m
[[32m[1minfo     [0m] [1mBatch extraction completed    [0m [[0m[1m[34mrss.services.article_extractor[0m][0m [36mfailed[0m=[35m0[0m [36mmodule[0m=[35marticle_extractor[0m [36msuccess[0m=[35m21[0m [36mtotal[0m=[35m21[0m
[[32m[1minfo     [0m] [1mContent post-fetch complete   [0m [[0m[1m[34mnews_scraper.unified[0m][0m [36mfetched[0m=[35m21[0m [36mmodule[0m=[35munified[0m [36mtotal[0m=[35m21[0m
[[32m[1minfo     [0m] [1mFinancial news collection complete[0m [[0m[1m[34mnews_scraper.unified[0m][0m [36melapsed_seconds[0m=[35m26.81[0m [36mmodule[0m=[35munified[0m [36msources[0m=[35m['reuters_jp'][0m [36mtotal_articles[0m=[35m21[0m
[[32m[1minfo     [0m] [1mRawStore: saved=9, dup=12, empty=0[0m [[0m[1m[34mnews_scraper.unified[0m][0m [36mmodule[0m=[35munified[0m
[[32m[1minfo     [0m] [1mCollection complete           [0m [[0m[1m[34m__main__[0m][0m [36marticle_count[0m=[35m21[0m [36mmodule[0m=[35mscrape_finance_news[0m
[[32m[1minfo     [0m] [1mNAS is mounted, using NAS output[0m [[0m[1m[34m__main__[0m][0m [36mmodule[0m=[35mscrape_finance_news[0m [36mpath[0m=[35m/Volumes/personal_folder/scraped/reuters_jp[0m [36msource[0m=[35mreuters_jp[0m
[[32m[1minfo     [0m] [1mOutput directory ready        [0m [[0m[1m[34m__main__[0m][0m [36mmodule[0m=[35mscrape_finance_news[0m [36mpath[0m=[35m/Volumes/personal_folder/scraped/reuters_jp/2026-04-16[0m
[[32m[1minfo     [0m] [1mArticles saved to JSON        [0m [[0m[1m[34m__main__[0m][0m [36mmodule[0m=[35mscrape_finance_news[0m [36mpath[0m=[35m/Volumes/personal_folder/scraped/reuters_jp/2026-04-16/news_210005.json[0m [36mtotal_count[0m=[35m21[0m
[[32m[1minfo     [0m] [1mSave complete                 [0m [[0m[1m[34m__main__[0m][0m [36mcount[0m=[35m21[0m [36mmodule[0m=[35mscrape_finance_news[0m [36moutput_file[0m=[35m/Volumes/personal_folder/scraped/reuters_jp/2026-04-16/news_210005.json[0m [36msource[0m=[35mreuters_jp[0m
[[32m[1minfo     [0m] [1mScraper finished successfully [0m [[0m[1m[34m__main__[0m][0m [36mmodule[0m=[35mscrape_finance_news[0m [36msaved_files[0m=[35m['/Volumes/personal_folder/scraped/reuters_jp/2026-04-16/news_210005.json'][0m [36mtotal_articles[0m=[35m21[0m
[[32m[1minfo     [0m] [1mFinance news scraper starting [0m [[0m[1m[34m__main__[0m][0m [36minclude_content[0m=[35mTrue[0m [36mmax_articles[0m=[35m50[0m [36mmodule[0m=[35mscrape_finance_news[0m [36msources[0m=[35m['reuters_jp'][0m
[[32m[1minfo     [0m] [1mStarting news collection      [0m [[0m[1m[34m__main__[0m][0m [36mmodule[0m=[35mscrape_finance_news[0m [36msources[0m=[35m['reuters_jp'][0m
[[32m[1minfo     [0m] [1mStarting financial news collection (async)[0m [[0m[1m[34mnews_scraper.unified[0m][0m [36minclude_content[0m=[35mTrue[0m [36mmax_articles_per_source[0m=[35m50[0m [36mmodule[0m=[35munified[0m [36msources[0m=[35m['reuters_jp'][0m
[[32m[1minfo     [0m] [1mStarting Reuters JP news collection[0m [[0m[1m[34mnews_scraper.reuters_jp[0m][0m [36mmax_articles_per_source[0m=[35m50[0m [36mmodule[0m=[35mreuters_jp[0m [36msections[0m=[35m['markets', 'business'][0m
[[32m[1minfo     [0m] [1mFetching Reuters JP section   [0m [[0m[1m[34mnews_scraper.reuters_jp[0m][0m [36mmodule[0m=[35mreuters_jp[0m [36msection[0m=[35mmarkets[0m [36murl[0m=[35mhttps://jp.reuters.com/markets/[0m
[[32m[1minfo     [0m] [1mFetching Reuters JP section   [0m [[0m[1m[34mnews_scraper.reuters_jp[0m][0m [36mmodule[0m=[35mreuters_jp[0m [36msection[0m=[35mbusiness[0m [36murl[0m=[35mhttps://jp.reuters.com/business/[0m
[[32m[1minfo     [0m] [1mHTTP Request: GET https://jp.reuters.com/business/ "HTTP/1.1 200 OK"[0m [[0m[1m[34mhttpx[0m][0m
[[32m[1minfo     [0m] [1mHTML fetched (async)          [0m [[0m[1m[34mnews_scraper._html_utils[0m][0m [36mmodule[0m=[35mhtml_utils[0m [36mstatus_code[0m=[35m200[0m [36murl[0m=[35mhttps://jp.reuters.com/business/[0m
[[32m[1minfo     [0m] [1mBusiness page parsed          [0m [[0m[1m[34mnews_scraper.reuters_jp[0m][0m [36marticle_count[0m=[35m20[0m [36mmodule[0m=[35mreuters_jp[0m
[[32m[1minfo     [0m] [1mReuters JP section complete   [0m [[0m[1m[34mnews_scraper.reuters_jp[0m][0m [36mcount[0m=[35m20[0m [36mmodule[0m=[35mreuters_jp[0m [36msection[0m=[35mbusiness[0m
[[32m[1minfo     [0m] [1mHTTP Request: GET https://jp.reuters.com/markets/ "HTTP/1.1 200 OK"[0m [[0m[1m[34mhttpx[0m][0m
[[32m[1minfo     [0m] [1mHTML fetched (async)          [0m [[0m[1m[34mnews_scraper._html_utils[0m][0m [36mmodule[0m=[35mhtml_utils[0m [36mstatus_code[0m=[35m200[0m [36murl[0m=[35mhttps://jp.reuters.com/markets/[0m
[[32m[1minfo     [0m] [1mMarkets page parsed           [0m [[0m[1m[34mnews_scraper.reuters_jp[0m][0m [36marticle_count[0m=[35m6[0m [36mmodule[0m=[35mreuters_jp[0m
[[32m[1minfo     [0m] [1mReuters JP section complete   [0m [[0m[1m[34mnews_scraper.reuters_jp[0m][0m [36mcount[0m=[35m6[0m [36mmodule[0m=[35mreuters_jp[0m [36msection[0m=[35mmarkets[0m
[[32m[1minfo     [0m] [1mReuters JP news collection complete[0m [[0m[1m[34mnews_scraper.reuters_jp[0m][0m [36mmodule[0m=[35mreuters_jp[0m [36mtotal_articles[0m=[35m23[0m
[[32m[1minfo     [0m] [1mSource collection complete    [0m [[0m[1m[34mnews_scraper.unified[0m][0m [36mmodule[0m=[35munified[0m [36msource[0m=[35mreuters_jp[0m [36msource_articles[0m=[35m23[0m
[[32m[1minfo     [0m] [1mFetching content for articles missing it[0m [[0m[1m[34mnews_scraper.unified[0m][0m [36mcount[0m=[35m23[0m [36mmodule[0m=[35munified[0m
[[32m[1minfo     [0m] [1mStarting batch extraction     [0m [[0m[1m[34mrss.services.article_extractor[0m][0m [36mmodule[0m=[35marticle_extractor[0m [36mrate_limit[0m=[35m1.0[0m [36murl_count[0m=[35m23[0m
[[32m[1minfo     [0m] [1mStarting article extraction   [0m [[0m[1m[34mrss.services.article_extractor[0m][0m [36mmodule[0m=[35marticle_extractor[0m [36murl[0m=[35mhttps://jp.reuters.com/opinion/breakingviews/LMEWESC3WBL7ZJETLUEK45B6B4-2026-04-17/[0m [36muser_agent[0m=[35m'Mozilla/5.0 (Macintosh; Intel Mac OS X 10_15_7) Ap...'[0m
[[32m[1minfo     [0m] [1mTrafilatura extraction successful[0m [[0m[1m[34mrss.services.article_extractor[0m][0m [36mmodule[0m=[35marticle_extractor[0m [36mtext_length[0m=[35m3302[0m [36mtitle[0m=[35mNone[0m [36murl[0m=[35mhttps://jp.reuters.com/opinion/breakingviews/LMEWESC3WBL7ZJETLUEK45B6B4-2026-04-17/[0m
[[32m[1minfo     [0m] [1mStarting article extraction   [0m [[0m[1m[34mrss.services.article_extractor[0m][0m [36mmodule[0m=[35marticle_extractor[0m [36murl[0m=[35mhttps://jp.reuters.com/markets/commodities/TT7LWN5LTNODFAZQ3YW732GIVU-2026-04-17/[0m [36muser_agent[0m=[35m'Mozilla/5.0 (Macintosh; Intel Mac OS X 10_15_7) Ap...'[0m
[[32m[1minfo     [0m] [1mTrafilatura extraction successful[0m [[0m[1m[34mrss.services.article_extractor[0m][0m [36mmodule[0m=[35marticle_extractor[0m [36mtext_length[0m=[35m732[0m [36mtitle[0m=[35mNone[0m [36murl[0m=[35mhttps://jp.reuters.com/markets/commodities/TT7LWN5LTNODFAZQ3YW732GIVU-2026-04-17/[0m
[[32m[1minfo     [0m] [1mStarting article extraction   [0m [[0m[1m[34mrss.services.article_extractor[0m][0m [36mmodule[0m=[35marticle_extractor[0m [36murl[0m=[35mhttps://jp.reuters.com/markets/global-markets/HNOTE3B4RRNBVAH3GG5GOLCRX4-2026-04-17/[0m [36muser_agent[0m=[35m'Mozilla/5.0 (Macintosh; Intel Mac OS X 10_15_7) Ap...'[0m
[[32m[1minfo     [0m] [1mTrafilatura extraction successful[0m [[0m[1m[34mrss.services.article_extractor[0m][0m [36mmodule[0m=[35marticle_extractor[0m [36mtext_length[0m=[35m397[0m [36mtitle[0m=[35mNone[0m [36murl[0m=[35mhttps://jp.reuters.com/markets/global-markets/HNOTE3B4RRNBVAH3GG5GOLCRX4-2026-04-17/[0m
[[32m[1minfo     [0m] [1mStarting article extraction   [0m [[0m[1m[34mrss.services.article_extractor[0m][0m [36mmodule[0m=[35marticle_extractor[0m [36murl[0m=[35mhttps://jp.reuters.com/markets/global-markets/MAMZMCH5Q5JYTMB74ZIF4UP2TY-2026-04-17/[0m [36muser_agent[0m=[35m'Mozilla/5.0 (Macintosh; Intel Mac OS X 10_15_7) Ap...'[0m
[[32m[1minfo     [0m] [1mTrafilatura extraction successful[0m [[0m[1m[34mrss.services.article_extractor[0m][0m [36mmodule[0m=[35marticle_extractor[0m [36mtext_length[0m=[35m456[0m [36mtitle[0m=[35mNone[0m [36murl[0m=[35mhttps://jp.reuters.com/markets/global-markets/MAMZMCH5Q5JYTMB74ZIF4UP2TY-2026-04-17/[0m
[[32m[1minfo     [0m] [1mStarting article extraction   [0m [[0m[1m[34mrss.services.article_extractor[0m][0m [36mmodule[0m=[35marticle_extractor[0m [36murl[0m=[35mhttps://jp.reuters.com/markets/japan/36BY4DLIJBJ5RN5FB5ARY5I3C4-2026-04-17/[0m [36muser_agent[0m=[35m'Mozilla/5.0 (Macintosh; Intel Mac OS X 10_15_7) Ap...'[0m
[[32m[1minfo     [0m] [1mTrafilatura extraction successful[0m [[0m[1m[34mrss.services.article_extractor[0m][0m [36mmodule[0m=[35marticle_extractor[0m [36mtext_length[0m=[35m564[0m [36mtitle[0m=[35mNone[0m [36murl[0m=[35mhttps://jp.reuters.com/markets/japan/36BY4DLIJBJ5RN5FB5ARY5I3C4-2026-04-17/[0m
[[32m[1minfo     [0m] [1mStarting article extraction   [0m [[0m[1m[34mrss.services.article_extractor[0m][0m [36mmodule[0m=[35marticle_extractor[0m [36murl[0m=[35mhttps://jp.reuters.com/markets/global-markets/AVXTTPSPPJJTHKCBMLA2W223ZM-2026-04-17/[0m [36muser_agent[0m=[35m'Mozilla/5.0 (Macintosh; Intel Mac OS X 10_15_7) Ap...'[0m
[[32m[1minfo     [0m] [1mTrafilatura extraction successful[0m [[0m[1m[34mrss.services.article_extractor[0m][0m [36mmodule[0m=[35marticle_extractor[0m [36mtext_length[0m=[35m470[0m [36mtitle[0m=[35mNone[0m [36murl[0m=[35mhttps://jp.reuters.com/markets/global-markets/AVXTTPSPPJJTHKCBMLA2W223ZM-2026-04-17/[0m
[[32m[1minfo     [0m] [1mStarting article extraction   [0m [[0m[1m[34mrss.services.article_extractor[0m][0m [36mmodule[0m=[35marticle_extractor[0m [36murl[0m=[35mhttps://jp.reuters.com/markets/japan/D4DWDQ2FYNIXXGJNNXYGAY5AVQ-2026-04-16/[0m [36muser_agent[0m=[35m'Mozilla/5.0 (Macintosh; Intel Mac OS X 10_15_7) Ap...'[0m
[[32m[1minfo     [0m] [1mTrafilatura extraction successful[0m [[0m[1m[34mrss.services.article_extractor[0m][0m [36mmodule[0m=[35marticle_extractor[0m [36mtext_length[0m=[35m839[0m [36mtitle[0m=[35mNone[0m [36murl[0m=[35mhttps://jp.reuters.com/markets/japan/D4DWDQ2FYNIXXGJNNXYGAY5AVQ-2026-04-16/[0m
[[32m[1minfo     [0m] [1mStarting article extraction   [0m [[0m[1m[34mrss.services.article_extractor[0m][0m [36mmodule[0m=[35marticle_extractor[0m [36murl[0m=[35mhttps://jp.reuters.com/markets/world-indices/CA4MQOQI7JOZBOKN47UIWD6KX4-2026-04-16/[0m [36muser_agent[0m=[35m'Mozilla/5.0 (Macintosh; Intel Mac OS X 10_15_7) Ap...'[0m
[[32m[1minfo     [0m] [1mTrafilatura extraction successful[0m [[0m[1m[34mrss.services.article_extractor[0m][0m [36mmodule[0m=[35marticle_extractor[0m [36mtext_length[0m=[35m818[0m [36mtitle[0m=[35mNone[0m [36murl[0m=[35mhttps://jp.reuters.com/markets/world-indices/CA4MQOQI7JOZBOKN47UIWD6KX4-2026-04-16/[0m
[[32m[1minfo     [0m] [1mStarting article extraction   [0m [[0m[1m[34mrss.services.article_extractor[0m][0m [36mmodule[0m=[35marticle_extractor[0m [36murl[0m=[35mhttps://jp.reuters.com/markets/japan/Z4YHQOPP3JL25A5M2772PONIJ4-2026-04-16/[0m [36muser_agent[0m=[35m'Mozilla/5.0 (Macintosh; Intel Mac OS X 10_15_7) Ap...'[0m
[[32m[1minfo     [0m] [1mTrafilatura extraction successful[0m [[0m[1m[34mrss.services.article_extractor[0m][0m [36mmodule[0m=[35marticle_extractor[0m [36mtext_length[0m=[35m3348[0m [36mtitle[0m=[35mNone[0m [36murl[0m=[35mhttps://jp.reuters.com/markets/japan/Z4YHQOPP3JL25A5M2772PONIJ4-2026-04-16/[0m
[[32m[1minfo     [0m] [1mStarting article extraction   [0m [[0m[1m[34mrss.services.article_extractor[0m][0m [36mmodule[0m=[35marticle_extractor[0m [36murl[0m=[35mhttps://jp.reuters.com/markets/world-indices/4TEYJWZXXFPK7LNXSCCCBX56SY-2026-04-16/[0m [36muser_agent[0m=[35m'Mozilla/5.0 (Macintosh; Intel Mac OS X 10_15_7) Ap...'[0m
[[32m[1minfo     [0m] [1mTrafilatura extraction successful[0m [[0m[1m[34mrss.services.article_extractor[0m][0m [36mmodule[0m=[35marticle_extractor[0m [36mtext_length[0m=[35m877[0m [36mtitle[0m=[35mNone[0m [36murl[0m=[35mhttps://jp.reuters.com/markets/world-indices/4TEYJWZXXFPK7LNXSCCCBX56SY-2026-04-16/[0m
[[32m[1minfo     [0m] [1mStarting article extraction   [0m [[0m[1m[34mrss.services.article_extractor[0m][0m [36mmodule[0m=[35marticle_extractor[0m [36murl[0m=[35mhttps://jp.reuters.com/markets/japan/QEH27CT67FL6XNKBXS53H4KRVA-2026-04-16/[0m [36muser_agent[0m=[35m'Mozilla/5.0 (Macintosh; Intel Mac OS X 10_15_7) Ap...'[0m
[[32m[1minfo     [0m] [1mTrafilatura extraction successful[0m [[0m[1m[34mrss.services.article_extractor[0m][0m [36mmodule[0m=[35marticle_extractor[0m [36mtext_length[0m=[35m326[0m [36mtitle[0m=[35mNone[0m [36murl[0m=[35mhttps://jp.reuters.com/markets/japan/QEH27CT67FL6XNKBXS53H4KRVA-2026-04-16/[0m
[[32m[1minfo     [0m] [1mStarting article extraction   [0m [[0m[1m[34mrss.services.article_extractor[0m][0m [36mmodule[0m=[35marticle_extractor[0m [36murl[0m=[35mhttps://jp.reuters.com/opinion/CWC22HMY5ZN4ZDIVEVOBJSY6S4-2026-04-17/[0m [36muser_agent[0m=[35m'Mozilla/5.0 (Macintosh; Intel Mac OS X 10_15_7) Ap...'[0m
[[32m[1minfo     [0m] [1mTrafilatura extraction successful[0m [[0m[1m[34mrss.services.article_extractor[0m][0m [36mmodule[0m=[35marticle_extractor[0m [36mtext_length[0m=[35m245[0m [36mtitle[0m=[35mNone[0m [36murl[0m=[35mhttps://jp.reuters.com/opinion/CWC22HMY5ZN4ZDIVEVOBJSY6S4-2026-04-17/[0m
[[32m[1minfo     [0m] [1mStarting article extraction   [0m [[0m[1m[34mrss.services.article_extractor[0m][0m [36mmodule[0m=[35marticle_extractor[0m [36murl[0m=[35mhttps://jp.reuters.com/markets/japan/J2D7FFWP7BNALD7RNKNQXVHBAA-2026-04-17/[0m [36muser_agent[0m=[35m'Mozilla/5.0 (Macintosh; Intel Mac OS X 10_15_7) Ap...'[0m
[[32m[1minfo     [0m] [1mTrafilatura extraction successful[0m [[0m[1m[34mrss.services.article_extractor[0m][0m [36mmodule[0m=[35marticle_extractor[0m [36mtext_length[0m=[35m329[0m [36mtitle[0m=[35mNone[0m [36murl[0m=[35mhttps://jp.reuters.com/markets/japan/J2D7FFWP7BNALD7RNKNQXVHBAA-2026-04-17/[0m
[[32m[1minfo     [0m] [1mStarting article extraction   [0m [[0m[1m[34mrss.services.article_extractor[0m][0m [36mmodule[0m=[35marticle_extractor[0m [36murl[0m=[35mhttps://jp.reuters.com/markets/commodities/ELMF7KS4AZPLPPVBOGBXF3V6DA-2026-04-16/[0m [36muser_agent[0m=[35m'Mozilla/5.0 (Macintosh; Intel Mac OS X 10_15_7) Ap...'[0m
[[32m[1minfo     [0m] [1mTrafilatura extraction successful[0m [[0m[1m[34mrss.services.article_extractor[0m][0m [36mmodule[0m=[35marticle_extractor[0m [36mtext_length[0m=[35m1116[0m [36mtitle[0m=[35mNone[0m [36murl[0m=[35mhttps://jp.reuters.com/markets/commodities/ELMF7KS4AZPLPPVBOGBXF3V6DA-2026-04-16/[0m
[[32m[1minfo     [0m] [1mStarting article extraction   [0m [[0m[1m[34mrss.services.article_extractor[0m][0m [36mmodule[0m=[35marticle_extractor[0m [36murl[0m=[35mhttps://jp.reuters.com/world/japan/U67BV6FWLFMM3FHEO3LFAIHMDY-2026-04-17/[0m [36muser_agent[0m=[35m'Mozilla/5.0 (Macintosh; Intel Mac OS X 10_15_7) Ap...'[0m
[[32m[1minfo     [0m] [1mTrafilatura extraction successful[0m [[0m[1m[34mrss.services.article_extractor[0m][0m [36mmodule[0m=[35marticle_extractor[0m [36mtext_length[0m=[35m845[0m [36mtitle[0m=[35mNone[0m [36murl[0m=[35mhttps://jp.reuters.com/world/japan/U67BV6FWLFMM3FHEO3LFAIHMDY-2026-04-17/[0m
[[32m[1minfo     [0m] [1mStarting article extraction   [0m [[0m[1m[34mrss.services.article_extractor[0m][0m [36mmodule[0m=[35marticle_extractor[0m [36murl[0m=[35mhttps://jp.reuters.com/world/japan/ZMTA2CDZLVOZ5DYMXOTO3VRX74-2026-04-17/[0m [36muser_agent[0m=[35m'Mozilla/5.0 (Macintosh; Intel Mac OS X 10_15_7) Ap...'[0m
[[32m[1minfo     [0m] [1mTrafilatura extraction successful[0m [[0m[1m[34mrss.services.article_extractor[0m][0m [36mmodule[0m=[35marticle_extractor[0m [36mtext_length[0m=[35m276[0m [36mtitle[0m=[35mNone[0m [36murl[0m=[35mhttps://jp.reuters.com/world/japan/ZMTA2CDZLVOZ5DYMXOTO3VRX74-2026-04-17/[0m
[[32m[1minfo     [0m] [1mStarting article extraction   [0m [[0m[1m[34mrss.services.article_extractor[0m][0m [36mmodule[0m=[35marticle_extractor[0m [36murl[0m=[35mhttps://jp.reuters.com/markets/japan/IW7BRUTG6NIPZLGVBNE2ETQSKE-2026-04-17/[0m [36muser_agent[0m=[35m'Mozilla/5.0 (Macintosh; Intel Mac OS X 10_15_7) Ap...'[0m
[[32m[1minfo     [0m] [1mTrafilatura extraction successful[0m [[0m[1m[34mrss.services.article_extractor[0m][0m [36mmodule[0m=[35marticle_extractor[0m [36mtext_length[0m=[35m460[0m [36mtitle[0m=[35mNone[0m [36murl[0m=[35mhttps://jp.reuters.com/markets/japan/IW7BRUTG6NIPZLGVBNE2ETQSKE-2026-04-17/[0m
[[32m[1minfo     [0m] [1mStarting article extraction   [0m [[0m[1m[34mrss.services.article_extractor[0m][0m [36mmodule[0m=[35marticle_extractor[0m [36murl[0m=[35mhttps://jp.reuters.com/markets/japan/SKZC2MRCIBIEVNDUZ5OXABVFUM-2026-04-17/[0m [36muser_agent[0m=[35m'Mozilla/5.0 (Macintosh; Intel Mac OS X 10_15_7) Ap...'[0m
[[32m[1minfo     [0m] [1mTrafilatura extraction successful[0m [[0m[1m[34mrss.services.article_extractor[0m][0m [36mmodule[0m=[35marticle_extractor[0m [36mtext_length[0m=[35m550[0m [36mtitle[0m=[35mNone[0m [36murl[0m=[35mhttps://jp.reuters.com/markets/japan/SKZC2MRCIBIEVNDUZ5OXABVFUM-2026-04-17/[0m
[[32m[1minfo     [0m] [1mStarting article extraction   [0m [[0m[1m[34mrss.services.article_extractor[0m][0m [36mmodule[0m=[35marticle_extractor[0m [36murl[0m=[35mhttps://jp.reuters.com/markets/japan/57SRVGUEQNKCREHWVJXXMAFDA4-2026-04-17/[0m [36muser_agent[0m=[35m'Mozilla/5.0 (Macintosh; Intel Mac OS X 10_15_7) Ap...'[0m
[[32m[1minfo     [0m] [1mTrafilatura extraction successful[0m [[0m[1m[34mrss.services.article_extractor[0m][0m [36mmodule[0m=[35marticle_extractor[0m [36mtext_length[0m=[35m863[0m [36mtitle[0m=[35mNone[0m [36murl[0m=[35mhttps://jp.reuters.com/markets/japan/57SRVGUEQNKCREHWVJXXMAFDA4-2026-04-17/[0m
[[32m[1minfo     [0m] [1mStarting article extraction   [0m [[0m[1m[34mrss.services.article_extractor[0m][0m [36mmodule[0m=[35marticle_extractor[0m [36murl[0m=[35mhttps://jp.reuters.com/markets/bonds/5UJOMIVVKVIYXOT4DUNZ35O72A-2026-04-17/[0m [36muser_agent[0m=[35m'Mozilla/5.0 (Macintosh; Intel Mac OS X 10_15_7) Ap...'[0m
[[32m[1minfo     [0m] [1mTrafilatura extraction successful[0m [[0m[1m[34mrss.services.article_extractor[0m][0m [36mmodule[0m=[35marticle_extractor[0m [36mtext_length[0m=[35m553[0m [36mtitle[0m=[35mNone[0m [36murl[0m=[35mhttps://jp.reuters.com/markets/bonds/5UJOMIVVKVIYXOT4DUNZ35O72A-2026-04-17/[0m
[[32m[1minfo     [0m] [1mStarting article extraction   [0m [[0m[1m[34mrss.services.article_extractor[0m][0m [36mmodule[0m=[35marticle_extractor[0m [36murl[0m=[35mhttps://jp.reuters.com/opinion/7U4B6GSVYZPQTMSLBZPOXNJCSI-2026-04-17/[0m [36muser_agent[0m=[35m'Mozilla/5.0 (Macintosh; Intel Mac OS X 10_15_7) Ap...'[0m
[[32m[1minfo     [0m] [1mTrafilatura extraction successful[0m [[0m[1m[34mrss.services.article_extractor[0m][0m [36mmodule[0m=[35marticle_extractor[0m [36mtext_length[0m=[35m156[0m [36mtitle[0m=[35mNone[0m [36murl[0m=[35mhttps://jp.reuters.com/opinion/7U4B6GSVYZPQTMSLBZPOXNJCSI-2026-04-17/[0m
[[32m[1minfo     [0m] [1mStarting article extraction   [0m [[0m[1m[34mrss.services.article_extractor[0m][0m [36mmodule[0m=[35marticle_extractor[0m [36murl[0m=[35mhttps://jp.reuters.com/markets/global-markets/YONCJU67QVPJFFLXI4R6HBI4ZE-2026-04-17/[0m [36muser_agent[0m=[35m'Mozilla/5.0 (Macintosh; Intel Mac OS X 10_15_7) Ap...'[0m
[[32m[1minfo     [0m] [1mTrafilatura extraction successful[0m [[0m[1m[34mrss.services.article_extractor[0m][0m [36mmodule[0m=[35marticle_extractor[0m [36mtext_length[0m=[35m508[0m [36mtitle[0m=[35mNone[0m [36murl[0m=[35mhttps://jp.reuters.com/markets/global-markets/YONCJU67QVPJFFLXI4R6HBI4ZE-2026-04-17/[0m
[[32m[1minfo     [0m] [1mStarting article extraction   [0m [[0m[1m[34mrss.services.article_extractor[0m][0m [36mmodule[0m=[35marticle_extractor[0m [36murl[0m=[35mhttps://jp.reuters.com/markets/japan/GLSKMPKMZ5PDBLQV6P5WODPBLY-2026-04-17/[0m [36muser_agent[0m=[35m'Mozilla/5.0 (Macintosh; Intel Mac OS X 10_15_7) Ap...'[0m
[[32m[1minfo     [0m] [1mTrafilatura extraction successful[0m [[0m[1m[34mrss.services.article_extractor[0m][0m [36mmodule[0m=[35marticle_extractor[0m [36mtext_length[0m=[35m626[0m [36mtitle[0m=[35mNone[0m [36murl[0m=[35mhttps://jp.reuters.com/markets/japan/GLSKMPKMZ5PDBLQV6P5WODPBLY-2026-04-17/[0m
[[32m[1minfo     [0m] [1mBatch extraction completed    [0m [[0m[1m[34mrss.services.article_extractor[0m][0m [36mfailed[0m=[35m0[0m [36mmodule[0m=[35marticle_extractor[0m [36msuccess[0m=[35m23[0m [36mtotal[0m=[35m23[0m
[[32m[1minfo     [0m] [1mContent post-fetch complete   [0m [[0m[1m[34mnews_scraper.unified[0m][0m [36mfetched[0m=[35m23[0m [36mmodule[0m=[35munified[0m [36mtotal[0m=[35m23[0m
[[32m[1minfo     [0m] [1mFinancial news collection complete[0m [[0m[1m[34mnews_scraper.unified[0m][0m [36melapsed_seconds[0m=[35m30.77[0m [36mmodule[0m=[35munified[0m [36msources[0m=[35m['reuters_jp'][0m [36mtotal_articles[0m=[35m23[0m
[[32m[1minfo     [0m] [1mRawStore: saved=23, dup=0, empty=0[0m [[0m[1m[34mnews_scraper.unified[0m][0m [36mmodule[0m=[35munified[0m
[[32m[1minfo     [0m] [1mCollection complete           [0m [[0m[1m[34m__main__[0m][0m [36marticle_count[0m=[35m23[0m [36mmodule[0m=[35mscrape_finance_news[0m
[[32m[1minfo     [0m] [1mNAS is mounted, using NAS output[0m [[0m[1m[34m__main__[0m][0m [36mmodule[0m=[35mscrape_finance_news[0m [36mpath[0m=[35m/Volumes/personal_folder/scraped/reuters_jp[0m [36msource[0m=[35mreuters_jp[0m
[[32m[1minfo     [0m] [1mOutput directory ready        [0m [[0m[1m[34m__main__[0m][0m [36mmodule[0m=[35mscrape_finance_news[0m [36mpath[0m=[35m/Volumes/personal_folder/scraped/reuters_jp/2026-04-17[0m
[[32m[1minfo     [0m] [1mArticles saved to JSON        [0m [[0m[1m[34m__main__[0m][0m [36mmodule[0m=[35mscrape_finance_news[0m [36mpath[0m=[35m/Volumes/personal_folder/scraped/reuters_jp/2026-04-17/news_030100.json[0m [36mtotal_count[0m=[35m23[0m
[[32m[1minfo     [0m] [1mSave complete                 [0m [[0m[1m[34m__main__[0m][0m [36mcount[0m=[35m23[0m [36mmodule[0m=[35mscrape_finance_news[0m [36moutput_file[0m=[35m/Volumes/personal_folder/scraped/reuters_jp/2026-04-17/news_030100.json[0m [36msource[0m=[35mreuters_jp[0m
[[32m[1minfo     [0m] [1mScraper finished successfully [0m [[0m[1m[34m__main__[0m][0m [36mmodule[0m=[35mscrape_finance_news[0m [36msaved_files[0m=[35m['/Volumes/personal_folder/scraped/reuters_jp/2026-04-17/news_030100.json'][0m [36mtotal_articles[0m=[35m23[0m
[[32m[1minfo     [0m] [1mFinance news scraper starting [0m [[0m[1m[34m__main__[0m][0m [36minclude_content[0m=[35mTrue[0m [36mmax_articles[0m=[35m50[0m [36mmodule[0m=[35mscrape_finance_news[0m [36msources[0m=[35m['reuters_jp'][0m
[[32m[1minfo     [0m] [1mStarting news collection      [0m [[0m[1m[34m__main__[0m][0m [36mmodule[0m=[35mscrape_finance_news[0m [36msources[0m=[35m['reuters_jp'][0m
[[32m[1minfo     [0m] [1mStarting financial news collection (async)[0m [[0m[1m[34mnews_scraper.unified[0m][0m [36minclude_content[0m=[35mTrue[0m [36mmax_articles_per_source[0m=[35m50[0m [36mmodule[0m=[35munified[0m [36msources[0m=[35m['reuters_jp'][0m
[[32m[1minfo     [0m] [1mStarting Reuters JP news collection[0m [[0m[1m[34mnews_scraper.reuters_jp[0m][0m [36mmax_articles_per_source[0m=[35m50[0m [36mmodule[0m=[35mreuters_jp[0m [36msections[0m=[35m['markets', 'business'][0m
[[32m[1minfo     [0m] [1mFetching Reuters JP section   [0m [[0m[1m[34mnews_scraper.reuters_jp[0m][0m [36mmodule[0m=[35mreuters_jp[0m [36msection[0m=[35mmarkets[0m [36murl[0m=[35mhttps://jp.reuters.com/markets/[0m
[[32m[1minfo     [0m] [1mFetching Reuters JP section   [0m [[0m[1m[34mnews_scraper.reuters_jp[0m][0m [36mmodule[0m=[35mreuters_jp[0m [36msection[0m=[35mbusiness[0m [36murl[0m=[35mhttps://jp.reuters.com/business/[0m
[[32m[1minfo     [0m] [1mHTTP Request: GET https://jp.reuters.com/markets/ "HTTP/1.1 200 OK"[0m [[0m[1m[34mhttpx[0m][0m
[[32m[1minfo     [0m] [1mHTML fetched (async)          [0m [[0m[1m[34mnews_scraper._html_utils[0m][0m [36mmodule[0m=[35mhtml_utils[0m [36mstatus_code[0m=[35m200[0m [36murl[0m=[35mhttps://jp.reuters.com/markets/[0m
[[32m[1minfo     [0m] [1mMarkets page parsed           [0m [[0m[1m[34mnews_scraper.reuters_jp[0m][0m [36marticle_count[0m=[35m6[0m [36mmodule[0m=[35mreuters_jp[0m
[[32m[1minfo     [0m] [1mReuters JP section complete   [0m [[0m[1m[34mnews_scraper.reuters_jp[0m][0m [36mcount[0m=[35m6[0m [36mmodule[0m=[35mreuters_jp[0m [36msection[0m=[35mmarkets[0m
[[32m[1minfo     [0m] [1mHTTP Request: GET https://jp.reuters.com/business/ "HTTP/1.1 200 OK"[0m [[0m[1m[34mhttpx[0m][0m
[[32m[1minfo     [0m] [1mHTML fetched (async)          [0m [[0m[1m[34mnews_scraper._html_utils[0m][0m [36mmodule[0m=[35mhtml_utils[0m [36mstatus_code[0m=[35m200[0m [36murl[0m=[35mhttps://jp.reuters.com/business/[0m
[[32m[1minfo     [0m] [1mBusiness page parsed          [0m [[0m[1m[34mnews_scraper.reuters_jp[0m][0m [36marticle_count[0m=[35m20[0m [36mmodule[0m=[35mreuters_jp[0m
[[32m[1minfo     [0m] [1mReuters JP section complete   [0m [[0m[1m[34mnews_scraper.reuters_jp[0m][0m [36mcount[0m=[35m20[0m [36mmodule[0m=[35mreuters_jp[0m [36msection[0m=[35mbusiness[0m
[[32m[1minfo     [0m] [1mReuters JP news collection complete[0m [[0m[1m[34mnews_scraper.reuters_jp[0m][0m [36mmodule[0m=[35mreuters_jp[0m [36mtotal_articles[0m=[35m21[0m
[[32m[1minfo     [0m] [1mSource collection complete    [0m [[0m[1m[34mnews_scraper.unified[0m][0m [36mmodule[0m=[35munified[0m [36msource[0m=[35mreuters_jp[0m [36msource_articles[0m=[35m21[0m
[[32m[1minfo     [0m] [1mFetching content for articles missing it[0m [[0m[1m[34mnews_scraper.unified[0m][0m [36mcount[0m=[35m21[0m [36mmodule[0m=[35munified[0m
[[32m[1minfo     [0m] [1mStarting batch extraction     [0m [[0m[1m[34mrss.services.article_extractor[0m][0m [36mmodule[0m=[35marticle_extractor[0m [36mrate_limit[0m=[35m1.0[0m [36murl_count[0m=[35m21[0m
[[32m[1minfo     [0m] [1mStarting article extraction   [0m [[0m[1m[34mrss.services.article_extractor[0m][0m [36mmodule[0m=[35marticle_extractor[0m [36murl[0m=[35mhttps://jp.reuters.com/markets/global-markets/GOYWF3SXJVLWJNVPCAL76RQK7I-2026-04-17/[0m [36muser_agent[0m=[35m'Mozilla/5.0 (Macintosh; Intel Mac OS X 10_15_7) Ap...'[0m
[[32m[1minfo     [0m] [1mTrafilatura extraction successful[0m [[0m[1m[34mrss.services.article_extractor[0m][0m [36mmodule[0m=[35marticle_extractor[0m [36mtext_length[0m=[35m837[0m [36mtitle[0m=[35mNone[0m [36murl[0m=[35mhttps://jp.reuters.com/markets/global-markets/GOYWF3SXJVLWJNVPCAL76RQK7I-2026-04-17/[0m
[[32m[1minfo     [0m] [1mStarting article extraction   [0m [[0m[1m[34mrss.services.article_extractor[0m][0m [36mmodule[0m=[35marticle_extractor[0m [36murl[0m=[35mhttps://jp.reuters.com/markets/japan/WSSVSC6JURJTZNXGARWU5HL3CY-2026-04-17/[0m [36muser_agent[0m=[35m'Mozilla/5.0 (Macintosh; Intel Mac OS X 10_15_7) Ap...'[0m
[[32m[1minfo     [0m] [1mTrafilatura extraction successful[0m [[0m[1m[34mrss.services.article_extractor[0m][0m [36mmodule[0m=[35marticle_extractor[0m [36mtext_length[0m=[35m2249[0m [36mtitle[0m=[35mNone[0m [36murl[0m=[35mhttps://jp.reuters.com/markets/japan/WSSVSC6JURJTZNXGARWU5HL3CY-2026-04-17/[0m
[[32m[1minfo     [0m] [1mStarting article extraction   [0m [[0m[1m[34mrss.services.article_extractor[0m][0m [36mmodule[0m=[35marticle_extractor[0m [36murl[0m=[35mhttps://jp.reuters.com/markets/commodities/7UQHU6ZSIFIBFJ5VYFTHQKMJ3A-2026-04-17/[0m [36muser_agent[0m=[35m'Mozilla/5.0 (Macintosh; Intel Mac OS X 10_15_7) Ap...'[0m
[[32m[1minfo     [0m] [1mTrafilatura extraction successful[0m [[0m[1m[34mrss.services.article_extractor[0m][0m [36mmodule[0m=[35marticle_extractor[0m [36mtext_length[0m=[35m520[0m [36mtitle[0m=[35mNone[0m [36murl[0m=[35mhttps://jp.reuters.com/markets/commodities/7UQHU6ZSIFIBFJ5VYFTHQKMJ3A-2026-04-17/[0m
[[32m[1minfo     [0m] [1mStarting article extraction   [0m [[0m[1m[34mrss.services.article_extractor[0m][0m [36mmodule[0m=[35marticle_extractor[0m [36murl[0m=[35mhttps://jp.reuters.com/markets/japan/X7NGG3HIFNJPBDZ23OSMR34WBY-2026-04-17/[0m [36muser_agent[0m=[35m'Mozilla/5.0 (Macintosh; Intel Mac OS X 10_15_7) Ap...'[0m
[[32m[1minfo     [0m] [1mTrafilatura extraction successful[0m [[0m[1m[34mrss.services.article_extractor[0m][0m [36mmodule[0m=[35marticle_extractor[0m [36mtext_length[0m=[35m446[0m [36mtitle[0m=[35mNone[0m [36murl[0m=[35mhttps://jp.reuters.com/markets/japan/X7NGG3HIFNJPBDZ23OSMR34WBY-2026-04-17/[0m
[[32m[1minfo     [0m] [1mStarting article extraction   [0m [[0m[1m[34mrss.services.article_extractor[0m][0m [36mmodule[0m=[35marticle_extractor[0m [36murl[0m=[35mhttps://jp.reuters.com/markets/commodities/LR6YJZAP45MFHJNBOTQ4EIFCJ4-2026-04-17/[0m [36muser_agent[0m=[35m'Mozilla/5.0 (Macintosh; Intel Mac OS X 10_15_7) Ap...'[0m
[[32m[1minfo     [0m] [1mTrafilatura extraction successful[0m [[0m[1m[34mrss.services.article_extractor[0m][0m [36mmodule[0m=[35marticle_extractor[0m [36mtext_length[0m=[35m603[0m [36mtitle[0m=[35mNone[0m [36murl[0m=[35mhttps://jp.reuters.com/markets/commodities/LR6YJZAP45MFHJNBOTQ4EIFCJ4-2026-04-17/[0m
[[32m[1minfo     [0m] [1mStarting article extraction   [0m [[0m[1m[34mrss.services.article_extractor[0m][0m [36mmodule[0m=[35marticle_extractor[0m [36murl[0m=[35mhttps://jp.reuters.com/markets/japan/GIHOBRZYF5J3VCGYJC3YYN24EQ-2026-04-17/[0m [36muser_agent[0m=[35m'Mozilla/5.0 (Macintosh; Intel Mac OS X 10_15_7) Ap...'[0m
[[32m[1minfo     [0m] [1mTrafilatura extraction successful[0m [[0m[1m[34mrss.services.article_extractor[0m][0m [36mmodule[0m=[35marticle_extractor[0m [36mtext_length[0m=[35m556[0m [36mtitle[0m=[35mNone[0m [36murl[0m=[35mhttps://jp.reuters.com/markets/japan/GIHOBRZYF5J3VCGYJC3YYN24EQ-2026-04-17/[0m
[[32m[1minfo     [0m] [1mStarting article extraction   [0m [[0m[1m[34mrss.services.article_extractor[0m][0m [36mmodule[0m=[35marticle_extractor[0m [36murl[0m=[35mhttps://jp.reuters.com/world/japan/SQ5FGXLKXFPKDCJ6PUKGAVJJAI-2026-04-17/[0m [36muser_agent[0m=[35m'Mozilla/5.0 (Macintosh; Intel Mac OS X 10_15_7) Ap...'[0m
[[32m[1minfo     [0m] [1mTrafilatura extraction successful[0m [[0m[1m[34mrss.services.article_extractor[0m][0m [36mmodule[0m=[35marticle_extractor[0m [36mtext_length[0m=[35m1926[0m [36mtitle[0m=[35mNone[0m [36murl[0m=[35mhttps://jp.reuters.com/world/japan/SQ5FGXLKXFPKDCJ6PUKGAVJJAI-2026-04-17/[0m
[[32m[1minfo     [0m] [1mStarting article extraction   [0m [[0m[1m[34mrss.services.article_extractor[0m][0m [36mmodule[0m=[35marticle_extractor[0m [36murl[0m=[35mhttps://jp.reuters.com/markets/japan/OGYAOEGJXBMR5K37Q6RKNT2WGY-2026-04-17/[0m [36muser_agent[0m=[35m'Mozilla/5.0 (Macintosh; Intel Mac OS X 10_15_7) Ap...'[0m
[[32m[1minfo     [0m] [1mTrafilatura extraction successful[0m [[0m[1m[34mrss.services.article_extractor[0m][0m [36mmodule[0m=[35marticle_extractor[0m [36mtext_length[0m=[35m688[0m [36mtitle[0m=[35mNone[0m [36murl[0m=[35mhttps://jp.reuters.com/markets/japan/OGYAOEGJXBMR5K37Q6RKNT2WGY-2026-04-17/[0m
[[32m[1minfo     [0m] [1mStarting article extraction   [0m [[0m[1m[34mrss.services.article_extractor[0m][0m [36mmodule[0m=[35marticle_extractor[0m [36murl[0m=[35mhttps://jp.reuters.com/markets/global-markets/U23HAYFNA5KGDEGL2XRPIMSAFY-2026-04-17/[0m [36muser_agent[0m=[35m'Mozilla/5.0 (Macintosh; Intel Mac OS X 10_15_7) Ap...'[0m
[[32m[1minfo     [0m] [1mTrafilatura extraction successful[0m [[0m[1m[34mrss.services.article_extractor[0m][0m [36mmodule[0m=[35marticle_extractor[0m [36mtext_length[0m=[35m411[0m [36mtitle[0m=[35mNone[0m [36murl[0m=[35mhttps://jp.reuters.com/markets/global-markets/U23HAYFNA5KGDEGL2XRPIMSAFY-2026-04-17/[0m
[[32m[1minfo     [0m] [1mStarting article extraction   [0m [[0m[1m[34mrss.services.article_extractor[0m][0m [36mmodule[0m=[35marticle_extractor[0m [36murl[0m=[35mhttps://jp.reuters.com/markets/japan/MI4APXZGRNKCFHLE7IBPNT5MFU-2026-04-17/[0m [36muser_agent[0m=[35m'Mozilla/5.0 (Macintosh; Intel Mac OS X 10_15_7) Ap...'[0m
[[32m[1minfo     [0m] [1mTrafilatura extraction successful[0m [[0m[1m[34mrss.services.article_extractor[0m][0m [36mmodule[0m=[35marticle_extractor[0m [36mtext_length[0m=[35m1121[0m [36mtitle[0m=[35mNone[0m [36murl[0m=[35mhttps://jp.reuters.com/markets/japan/MI4APXZGRNKCFHLE7IBPNT5MFU-2026-04-17/[0m
[[32m[1minfo     [0m] [1mStarting article extraction   [0m [[0m[1m[34mrss.services.article_extractor[0m][0m [36mmodule[0m=[35marticle_extractor[0m [36murl[0m=[35mhttps://jp.reuters.com/markets/japan/5KC2WVVFVZNJFNY6EVGPB5R57Q-2026-04-17/[0m [36muser_agent[0m=[35m'Mozilla/5.0 (Macintosh; Intel Mac OS X 10_15_7) Ap...'[0m
[[32m[1minfo     [0m] [1mTrafilatura extraction successful[0m [[0m[1m[34mrss.services.article_extractor[0m][0m [36mmodule[0m=[35marticle_extractor[0m [36mtext_length[0m=[35m326[0m [36mtitle[0m=[35mNone[0m [36murl[0m=[35mhttps://jp.reuters.com/markets/japan/5KC2WVVFVZNJFNY6EVGPB5R57Q-2026-04-17/[0m
[[32m[1minfo     [0m] [1mStarting article extraction   [0m [[0m[1m[34mrss.services.article_extractor[0m][0m [36mmodule[0m=[35marticle_extractor[0m [36murl[0m=[35mhttps://jp.reuters.com/business/GG3FPKBPLJI5DDYGGGUU74NWTQ-2026-04-17/[0m [36muser_agent[0m=[35m'Mozilla/5.0 (Macintosh; Intel Mac OS X 10_15_7) Ap...'[0m
[[32m[1minfo     [0m] [1mTrafilatura extraction successful[0m [[0m[1m[34mrss.services.article_extractor[0m][0m [36mmodule[0m=[35marticle_extractor[0m [36mtext_length[0m=[35m358[0m [36mtitle[0m=[35mNone[0m [36murl[0m=[35mhttps://jp.reuters.com/business/GG3FPKBPLJI5DDYGGGUU74NWTQ-2026-04-17/[0m
[[32m[1minfo     [0m] [1mStarting article extraction   [0m [[0m[1m[34mrss.services.article_extractor[0m][0m [36mmodule[0m=[35marticle_extractor[0m [36murl[0m=[35mhttps://jp.reuters.com/economy/federal-reserve-board/Z7PTJDQUG5O5LLPXQ7ORMSS6ZQ-2026-04-17/[0m [36muser_agent[0m=[35m'Mozilla/5.0 (Macintosh; Intel Mac OS X 10_15_7) Ap...'[0m
[[32m[1minfo     [0m] [1mTrafilatura extraction successful[0m [[0m[1m[34mrss.services.article_extractor[0m][0m [36mmodule[0m=[35marticle_extractor[0m [36mtext_length[0m=[35m2113[0m [36mtitle[0m=[35mNone[0m [36murl[0m=[35mhttps://jp.reuters.com/economy/federal-reserve-board/Z7PTJDQUG5O5LLPXQ7ORMSS6ZQ-2026-04-17/[0m
[[32m[1minfo     [0m] [1mStarting article extraction   [0m [[0m[1m[34mrss.services.article_extractor[0m][0m [36mmodule[0m=[35marticle_extractor[0m [36murl[0m=[35mhttps://jp.reuters.com/markets/japan/ZCXLSLOQVBJR3ESE6LLRXKVLKA-2026-04-17/[0m [36muser_agent[0m=[35m'Mozilla/5.0 (Macintosh; Intel Mac OS X 10_15_7) Ap...'[0m
[[32m[1minfo     [0m] [1mTrafilatura extraction successful[0m [[0m[1m[34mrss.services.article_extractor[0m][0m [36mmodule[0m=[35marticle_extractor[0m [36mtext_length[0m=[35m310[0m [36mtitle[0m=[35mNone[0m [36murl[0m=[35mhttps://jp.reuters.com/markets/japan/ZCXLSLOQVBJR3ESE6LLRXKVLKA-2026-04-17/[0m
[[32m[1minfo     [0m] [1mStarting article extraction   [0m [[0m[1m[34mrss.services.article_extractor[0m][0m [36mmodule[0m=[35marticle_extractor[0m [36murl[0m=[35mhttps://jp.reuters.com/markets/bonds/5OEKPRKDQVKKPBOUI54YJFKUYQ-2026-04-17/[0m [36muser_agent[0m=[35m'Mozilla/5.0 (Macintosh; Intel Mac OS X 10_15_7) Ap...'[0m
[[32m[1minfo     [0m] [1mTrafilatura extraction successful[0m [[0m[1m[34mrss.services.article_extractor[0m][0m [36mmodule[0m=[35marticle_extractor[0m [36mtext_length[0m=[35m452[0m [36mtitle[0m=[35mNone[0m [36murl[0m=[35mhttps://jp.reuters.com/markets/bonds/5OEKPRKDQVKKPBOUI54YJFKUYQ-2026-04-17/[0m
[[32m[1minfo     [0m] [1mStarting article extraction   [0m [[0m[1m[34mrss.services.article_extractor[0m][0m [36mmodule[0m=[35marticle_extractor[0m [36murl[0m=[35mhttps://jp.reuters.com/markets/japan/OB63FHM4QBJORONMNGAW23Y2SE-2026-04-17/[0m [36muser_agent[0m=[35m'Mozilla/5.0 (Macintosh; Intel Mac OS X 10_15_7) Ap...'[0m
[[32m[1minfo     [0m] [1mTrafilatura extraction successful[0m [[0m[1m[34mrss.services.article_extractor[0m][0m [36mmodule[0m=[35marticle_extractor[0m [36mtext_length[0m=[35m296[0m [36mtitle[0m=[35mNone[0m [36murl[0m=[35mhttps://jp.reuters.com/markets/japan/OB63FHM4QBJORONMNGAW23Y2SE-2026-04-17/[0m
[[32m[1minfo     [0m] [1mStarting article extraction   [0m [[0m[1m[34mrss.services.article_extractor[0m][0m [36mmodule[0m=[35marticle_extractor[0m [36murl[0m=[35mhttps://jp.reuters.com/markets/global-markets/DU5WPEWICRN4XCQ7AU2OVTAEQA-2026-04-17/[0m [36muser_agent[0m=[35m'Mozilla/5.0 (Macintosh; Intel Mac OS X 10_15_7) Ap...'[0m
[[32m[1minfo     [0m] [1mTrafilatura extraction successful[0m [[0m[1m[34mrss.services.article_extractor[0m][0m [36mmodule[0m=[35marticle_extractor[0m [36mtext_length[0m=[35m408[0m [36mtitle[0m=[35mNone[0m [36murl[0m=[35mhttps://jp.reuters.com/markets/global-markets/DU5WPEWICRN4XCQ7AU2OVTAEQA-2026-04-17/[0m
[[32m[1minfo     [0m] [1mStarting article extraction   [0m [[0m[1m[34mrss.services.article_extractor[0m][0m [36mmodule[0m=[35marticle_extractor[0m [36murl[0m=[35mhttps://jp.reuters.com/markets/commodities/QPK4GUQQEZMXLNG6B3CQJVEKEQ-2026-04-17/[0m [36muser_agent[0m=[35m'Mozilla/5.0 (Macintosh; Intel Mac OS X 10_15_7) Ap...'[0m
[[32m[1minfo     [0m] [1mTrafilatura extraction successful[0m [[0m[1m[34mrss.services.article_extractor[0m][0m [36mmodule[0m=[35marticle_extractor[0m [36mtext_length[0m=[35m229[0m [36mtitle[0m=[35mNone[0m [36murl[0m=[35mhttps://jp.reuters.com/markets/commodities/QPK4GUQQEZMXLNG6B3CQJVEKEQ-2026-04-17/[0m
[[32m[1minfo     [0m] [1mStarting article extraction   [0m [[0m[1m[34mrss.services.article_extractor[0m][0m [36mmodule[0m=[35marticle_extractor[0m [36murl[0m=[35mhttps://jp.reuters.com/markets/global-markets/HPMNPISEXZNPLNG52DUMAOPYFY-2026-04-17/[0m [36muser_agent[0m=[35m'Mozilla/5.0 (Macintosh; Intel Mac OS X 10_15_7) Ap...'[0m
[[32m[1minfo     [0m] [1mTrafilatura extraction successful[0m [[0m[1m[34mrss.services.article_extractor[0m][0m [36mmodule[0m=[35marticle_extractor[0m [36mtext_length[0m=[35m454[0m [36mtitle[0m=[35mNone[0m [36murl[0m=[35mhttps://jp.reuters.com/markets/global-markets/HPMNPISEXZNPLNG52DUMAOPYFY-2026-04-17/[0m
[[32m[1minfo     [0m] [1mStarting article extraction   [0m [[0m[1m[34mrss.services.article_extractor[0m][0m [36mmodule[0m=[35marticle_extractor[0m [36murl[0m=[35mhttps://jp.reuters.com/markets/global-markets/3A3HCSHGP5KL7EJN5R42VQYTHQ-2026-04-17/[0m [36muser_agent[0m=[35m'Mozilla/5.0 (Macintosh; Intel Mac OS X 10_15_7) Ap...'[0m
[[32m[1minfo     [0m] [1mTrafilatura extraction successful[0m [[0m[1m[34mrss.services.article_extractor[0m][0m [36mmodule[0m=[35marticle_extractor[0m [36mtext_length[0m=[35m245[0m [36mtitle[0m=[35mNone[0m [36murl[0m=[35mhttps://jp.reuters.com/markets/global-markets/3A3HCSHGP5KL7EJN5R42VQYTHQ-2026-04-17/[0m
[[32m[1minfo     [0m] [1mStarting article extraction   [0m [[0m[1m[34mrss.services.article_extractor[0m][0m [36mmodule[0m=[35marticle_extractor[0m [36murl[0m=[35mhttps://jp.reuters.com/markets/global-markets/LO4KFEEHZ5LZ3IJWE72ERK5YBE-2026-04-17/[0m [36muser_agent[0m=[35m'Mozilla/5.0 (Macintosh; Intel Mac OS X 10_15_7) Ap...'[0m
[[32m[1minfo     [0m] [1mTrafilatura extraction successful[0m [[0m[1m[34mrss.services.article_extractor[0m][0m [36mmodule[0m=[35marticle_extractor[0m [36mtext_length[0m=[35m292[0m [36mtitle[0m=[35mNone[0m [36murl[0m=[35mhttps://jp.reuters.com/markets/global-markets/LO4KFEEHZ5LZ3IJWE72ERK5YBE-2026-04-17/[0m
[[32m[1minfo     [0m] [1mBatch extraction completed    [0m [[0m[1m[34mrss.services.article_extractor[0m][0m [36mfailed[0m=[35m0[0m [36mmodule[0m=[35marticle_extractor[0m [36msuccess[0m=[35m21[0m [36mtotal[0m=[35m21[0m
[[32m[1minfo     [0m] [1mContent post-fetch complete   [0m [[0m[1m[34mnews_scraper.unified[0m][0m [36mfetched[0m=[35m21[0m [36mmodule[0m=[35munified[0m [36mtotal[0m=[35m21[0m
[[32m[1minfo     [0m] [1mFinancial news collection complete[0m [[0m[1m[34mnews_scraper.unified[0m][0m [36melapsed_seconds[0m=[35m25.36[0m [36mmodule[0m=[35munified[0m [36msources[0m=[35m['reuters_jp'][0m [36mtotal_articles[0m=[35m21[0m
[[32m[1minfo     [0m] [1mRawStore: saved=21, dup=0, empty=0[0m [[0m[1m[34mnews_scraper.unified[0m][0m [36mmodule[0m=[35munified[0m
[[32m[1minfo     [0m] [1mCollection complete           [0m [[0m[1m[34m__main__[0m][0m [36marticle_count[0m=[35m21[0m [36mmodule[0m=[35mscrape_finance_news[0m
[[32m[1minfo     [0m] [1mNAS is mounted, using NAS output[0m [[0m[1m[34m__main__[0m][0m [36mmodule[0m=[35mscrape_finance_news[0m [36mpath[0m=[35m/Volumes/personal_folder/scraped/reuters_jp[0m [36msource[0m=[35mreuters_jp[0m
[[32m[1minfo     [0m] [1mOutput directory ready        [0m [[0m[1m[34m__main__[0m][0m [36mmodule[0m=[35mscrape_finance_news[0m [36mpath[0m=[35m/Volumes/personal_folder/scraped/reuters_jp/2026-04-17[0m
[[32m[1minfo     [0m] [1mArticles saved to JSON        [0m [[0m[1m[34m__main__[0m][0m [36mmodule[0m=[35mscrape_finance_news[0m [36mpath[0m=[35m/Volumes/personal_folder/scraped/reuters_jp/2026-04-17/news_090005.json[0m [36mtotal_count[0m=[35m21[0m
[[32m[1minfo     [0m] [1mSave complete                 [0m [[0m[1m[34m__main__[0m][0m [36mcount[0m=[35m21[0m [36mmodule[0m=[35mscrape_finance_news[0m [36moutput_file[0m=[35m/Volumes/personal_folder/scraped/reuters_jp/2026-04-17/news_090005.json[0m [36msource[0m=[35mreuters_jp[0m
[[32m[1minfo     [0m] [1mScraper finished successfully [0m [[0m[1m[34m__main__[0m][0m [36mmodule[0m=[35mscrape_finance_news[0m [36msaved_files[0m=[35m['/Volumes/personal_folder/scraped/reuters_jp/2026-04-17/news_090005.json'][0m [36mtotal_articles[0m=[35m21[0m
[[32m[1minfo     [0m] [1mFinance news scraper starting [0m [[0m[1m[34m__main__[0m][0m [36minclude_content[0m=[35mTrue[0m [36mmax_articles[0m=[35m50[0m [36mmodule[0m=[35mscrape_finance_news[0m [36msources[0m=[35m['reuters_jp'][0m
[[32m[1minfo     [0m] [1mStarting news collection      [0m [[0m[1m[34m__main__[0m][0m [36mmodule[0m=[35mscrape_finance_news[0m [36msources[0m=[35m['reuters_jp'][0m
[[32m[1minfo     [0m] [1mStarting financial news collection (async)[0m [[0m[1m[34mnews_scraper.unified[0m][0m [36minclude_content[0m=[35mTrue[0m [36mmax_articles_per_source[0m=[35m50[0m [36mmodule[0m=[35munified[0m [36msources[0m=[35m['reuters_jp'][0m
[[32m[1minfo     [0m] [1mStarting Reuters JP news collection[0m [[0m[1m[34mnews_scraper.reuters_jp[0m][0m [36mmax_articles_per_source[0m=[35m50[0m [36mmodule[0m=[35mreuters_jp[0m [36msections[0m=[35m['markets', 'business'][0m
[[32m[1minfo     [0m] [1mFetching Reuters JP section   [0m [[0m[1m[34mnews_scraper.reuters_jp[0m][0m [36mmodule[0m=[35mreuters_jp[0m [36msection[0m=[35mmarkets[0m [36murl[0m=[35mhttps://jp.reuters.com/markets/[0m
[[32m[1minfo     [0m] [1mFetching Reuters JP section   [0m [[0m[1m[34mnews_scraper.reuters_jp[0m][0m [36mmodule[0m=[35mreuters_jp[0m [36msection[0m=[35mbusiness[0m [36murl[0m=[35mhttps://jp.reuters.com/business/[0m
[[32m[1minfo     [0m] [1mHTTP Request: GET https://jp.reuters.com/markets/ "HTTP/1.1 200 OK"[0m [[0m[1m[34mhttpx[0m][0m
[[32m[1minfo     [0m] [1mHTML fetched (async)          [0m [[0m[1m[34mnews_scraper._html_utils[0m][0m [36mmodule[0m=[35mhtml_utils[0m [36mstatus_code[0m=[35m200[0m [36murl[0m=[35mhttps://jp.reuters.com/markets/[0m
[[32m[1minfo     [0m] [1mMarkets page parsed           [0m [[0m[1m[34mnews_scraper.reuters_jp[0m][0m [36marticle_count[0m=[35m6[0m [36mmodule[0m=[35mreuters_jp[0m
[[32m[1minfo     [0m] [1mReuters JP section complete   [0m [[0m[1m[34mnews_scraper.reuters_jp[0m][0m [36mcount[0m=[35m6[0m [36mmodule[0m=[35mreuters_jp[0m [36msection[0m=[35mmarkets[0m
[[32m[1minfo     [0m] [1mHTTP Request: GET https://jp.reuters.com/business/ "HTTP/1.1 200 OK"[0m [[0m[1m[34mhttpx[0m][0m
[[32m[1minfo     [0m] [1mHTML fetched (async)          [0m [[0m[1m[34mnews_scraper._html_utils[0m][0m [36mmodule[0m=[35mhtml_utils[0m [36mstatus_code[0m=[35m200[0m [36murl[0m=[35mhttps://jp.reuters.com/business/[0m
[[32m[1minfo     [0m] [1mBusiness page parsed          [0m [[0m[1m[34mnews_scraper.reuters_jp[0m][0m [36marticle_count[0m=[35m20[0m [36mmodule[0m=[35mreuters_jp[0m
[[32m[1minfo     [0m] [1mReuters JP section complete   [0m [[0m[1m[34mnews_scraper.reuters_jp[0m][0m [36mcount[0m=[35m20[0m [36mmodule[0m=[35mreuters_jp[0m [36msection[0m=[35mbusiness[0m
[[32m[1minfo     [0m] [1mReuters JP news collection complete[0m [[0m[1m[34mnews_scraper.reuters_jp[0m][0m [36mmodule[0m=[35mreuters_jp[0m [36mtotal_articles[0m=[35m22[0m
[[32m[1minfo     [0m] [1mSource collection complete    [0m [[0m[1m[34mnews_scraper.unified[0m][0m [36mmodule[0m=[35munified[0m [36msource[0m=[35mreuters_jp[0m [36msource_articles[0m=[35m22[0m
[[32m[1minfo     [0m] [1mFetching content for articles missing it[0m [[0m[1m[34mnews_scraper.unified[0m][0m [36mcount[0m=[35m22[0m [36mmodule[0m=[35munified[0m
[[32m[1minfo     [0m] [1mStarting batch extraction     [0m [[0m[1m[34mrss.services.article_extractor[0m][0m [36mmodule[0m=[35marticle_extractor[0m [36mrate_limit[0m=[35m1.0[0m [36murl_count[0m=[35m22[0m
[[32m[1minfo     [0m] [1mStarting article extraction   [0m [[0m[1m[34mrss.services.article_extractor[0m][0m [36mmodule[0m=[35marticle_extractor[0m [36murl[0m=[35mhttps://jp.reuters.com/markets/global-markets/U23HAYFNA5KGDEGL2XRPIMSAFY-2026-04-17/[0m [36muser_agent[0m=[35m'Mozilla/5.0 (Macintosh; Intel Mac OS X 10_15_7) Ap...'[0m
[[32m[1minfo     [0m] [1mTrafilatura extraction successful[0m [[0m[1m[34mrss.services.article_extractor[0m][0m [36mmodule[0m=[35marticle_extractor[0m [36mtext_length[0m=[35m411[0m [36mtitle[0m=[35mNone[0m [36murl[0m=[35mhttps://jp.reuters.com/markets/global-markets/U23HAYFNA5KGDEGL2XRPIMSAFY-2026-04-17/[0m
[[32m[1minfo     [0m] [1mStarting article extraction   [0m [[0m[1m[34mrss.services.article_extractor[0m][0m [36mmodule[0m=[35marticle_extractor[0m [36murl[0m=[35mhttps://jp.reuters.com/markets/japan/MI4APXZGRNKCFHLE7IBPNT5MFU-2026-04-17/[0m [36muser_agent[0m=[35m'Mozilla/5.0 (Macintosh; Intel Mac OS X 10_15_7) Ap...'[0m
[[32m[1minfo     [0m] [1mTrafilatura extraction successful[0m [[0m[1m[34mrss.services.article_extractor[0m][0m [36mmodule[0m=[35marticle_extractor[0m [36mtext_length[0m=[35m1121[0m [36mtitle[0m=[35mNone[0m [36murl[0m=[35mhttps://jp.reuters.com/markets/japan/MI4APXZGRNKCFHLE7IBPNT5MFU-2026-04-17/[0m
[[32m[1minfo     [0m] [1mStarting article extraction   [0m [[0m[1m[34mrss.services.article_extractor[0m][0m [36mmodule[0m=[35marticle_extractor[0m [36murl[0m=[35mhttps://jp.reuters.com/markets/japan/5KC2WVVFVZNJFNY6EVGPB5R57Q-2026-04-17/[0m [36muser_agent[0m=[35m'Mozilla/5.0 (Macintosh; Intel Mac OS X 10_15_7) Ap...'[0m
[[32m[1minfo     [0m] [1mTrafilatura extraction successful[0m [[0m[1m[34mrss.services.article_extractor[0m][0m [36mmodule[0m=[35marticle_extractor[0m [36mtext_length[0m=[35m326[0m [36mtitle[0m=[35mNone[0m [36murl[0m=[35mhttps://jp.reuters.com/markets/japan/5KC2WVVFVZNJFNY6EVGPB5R57Q-2026-04-17/[0m
[[32m[1minfo     [0m] [1mStarting article extraction   [0m [[0m[1m[34mrss.services.article_extractor[0m][0m [36mmodule[0m=[35marticle_extractor[0m [36murl[0m=[35mhttps://jp.reuters.com/business/GG3FPKBPLJI5DDYGGGUU74NWTQ-2026-04-17/[0m [36muser_agent[0m=[35m'Mozilla/5.0 (Macintosh; Intel Mac OS X 10_15_7) Ap...'[0m
[[32m[1minfo     [0m] [1mTrafilatura extraction successful[0m [[0m[1m[34mrss.services.article_extractor[0m][0m [36mmodule[0m=[35marticle_extractor[0m [36mtext_length[0m=[35m358[0m [36mtitle[0m=[35mNone[0m [36murl[0m=[35mhttps://jp.reuters.com/business/GG3FPKBPLJI5DDYGGGUU74NWTQ-2026-04-17/[0m
[[32m[1minfo     [0m] [1mStarting article extraction   [0m [[0m[1m[34mrss.services.article_extractor[0m][0m [36mmodule[0m=[35marticle_extractor[0m [36murl[0m=[35mhttps://jp.reuters.com/markets/japan/OB63FHM4QBJORONMNGAW23Y2SE-2026-04-17/[0m [36muser_agent[0m=[35m'Mozilla/5.0 (Macintosh; Intel Mac OS X 10_15_7) Ap...'[0m
[[32m[1minfo     [0m] [1mTrafilatura extraction successful[0m [[0m[1m[34mrss.services.article_extractor[0m][0m [36mmodule[0m=[35marticle_extractor[0m [36mtext_length[0m=[35m296[0m [36mtitle[0m=[35mNone[0m [36murl[0m=[35mhttps://jp.reuters.com/markets/japan/OB63FHM4QBJORONMNGAW23Y2SE-2026-04-17/[0m
[[32m[1minfo     [0m] [1mStarting article extraction   [0m [[0m[1m[34mrss.services.article_extractor[0m][0m [36mmodule[0m=[35marticle_extractor[0m [36murl[0m=[35mhttps://jp.reuters.com/markets/commodities/QPK4GUQQEZMXLNG6B3CQJVEKEQ-2026-04-17/[0m [36muser_agent[0m=[35m'Mozilla/5.0 (Macintosh; Intel Mac OS X 10_15_7) Ap...'[0m
[[32m[1minfo     [0m] [1mTrafilatura extraction successful[0m [[0m[1m[34mrss.services.article_extractor[0m][0m [36mmodule[0m=[35marticle_extractor[0m [36mtext_length[0m=[35m229[0m [36mtitle[0m=[35mNone[0m [36murl[0m=[35mhttps://jp.reuters.com/markets/commodities/QPK4GUQQEZMXLNG6B3CQJVEKEQ-2026-04-17/[0m
[[32m[1minfo     [0m] [1mStarting article extraction   [0m [[0m[1m[34mrss.services.article_extractor[0m][0m [36mmodule[0m=[35marticle_extractor[0m [36murl[0m=[35mhttps://jp.reuters.com/markets/global-markets/DU5WPEWICRN4XCQ7AU2OVTAEQA-2026-04-17/[0m [36muser_agent[0m=[35m'Mozilla/5.0 (Macintosh; Intel Mac OS X 10_15_7) Ap...'[0m
[[32m[1minfo     [0m] [1mTrafilatura extraction successful[0m [[0m[1m[34mrss.services.article_extractor[0m][0m [36mmodule[0m=[35marticle_extractor[0m [36mtext_length[0m=[35m647[0m [36mtitle[0m=[35mNone[0m [36murl[0m=[35mhttps://jp.reuters.com/markets/global-markets/DU5WPEWICRN4XCQ7AU2OVTAEQA-2026-04-17/[0m
[[32m[1minfo     [0m] [1mStarting article extraction   [0m [[0m[1m[34mrss.services.article_extractor[0m][0m [36mmodule[0m=[35marticle_extractor[0m [36murl[0m=[35mhttps://jp.reuters.com/economy/federal-reserve-board/Z7PTJDQUG5O5LLPXQ7ORMSS6ZQ-2026-04-17/[0m [36muser_agent[0m=[35m'Mozilla/5.0 (Macintosh; Intel Mac OS X 10_15_7) Ap...'[0m
[[32m[1minfo     [0m] [1mTrafilatura extraction successful[0m [[0m[1m[34mrss.services.article_extractor[0m][0m [36mmodule[0m=[35marticle_extractor[0m [36mtext_length[0m=[35m2113[0m [36mtitle[0m=[35mNone[0m [36murl[0m=[35mhttps://jp.reuters.com/economy/federal-reserve-board/Z7PTJDQUG5O5LLPXQ7ORMSS6ZQ-2026-04-17/[0m
[[32m[1minfo     [0m] [1mStarting article extraction   [0m [[0m[1m[34mrss.services.article_extractor[0m][0m [36mmodule[0m=[35marticle_extractor[0m [36murl[0m=[35mhttps://jp.reuters.com/markets/global-markets/HPMNPISEXZNPLNG52DUMAOPYFY-2026-04-17/[0m [36muser_agent[0m=[35m'Mozilla/5.0 (Macintosh; Intel Mac OS X 10_15_7) Ap...'[0m
[[32m[1minfo     [0m] [1mTrafilatura extraction successful[0m [[0m[1m[34mrss.services.article_extractor[0m][0m [36mmodule[0m=[35marticle_extractor[0m [36mtext_length[0m=[35m454[0m [36mtitle[0m=[35mNone[0m [36murl[0m=[35mhttps://jp.reuters.com/markets/global-markets/HPMNPISEXZNPLNG52DUMAOPYFY-2026-04-17/[0m
[[32m[1minfo     [0m] [1mStarting article extraction   [0m [[0m[1m[34mrss.services.article_extractor[0m][0m [36mmodule[0m=[35marticle_extractor[0m [36murl[0m=[35mhttps://jp.reuters.com/markets/japan/ZCXLSLOQVBJR3ESE6LLRXKVLKA-2026-04-17/[0m [36muser_agent[0m=[35m'Mozilla/5.0 (Macintosh; Intel Mac OS X 10_15_7) Ap...'[0m
[[32m[1minfo     [0m] [1mTrafilatura extraction successful[0m [[0m[1m[34mrss.services.article_extractor[0m][0m [36mmodule[0m=[35marticle_extractor[0m [36mtext_length[0m=[35m310[0m [36mtitle[0m=[35mNone[0m [36murl[0m=[35mhttps://jp.reuters.com/markets/japan/ZCXLSLOQVBJR3ESE6LLRXKVLKA-2026-04-17/[0m
[[32m[1minfo     [0m] [1mStarting article extraction   [0m [[0m[1m[34mrss.services.article_extractor[0m][0m [36mmodule[0m=[35marticle_extractor[0m [36murl[0m=[35mhttps://jp.reuters.com/markets/bonds/5OEKPRKDQVKKPBOUI54YJFKUYQ-2026-04-17/[0m [36muser_agent[0m=[35m'Mozilla/5.0 (Macintosh; Intel Mac OS X 10_15_7) Ap...'[0m
[[32m[1minfo     [0m] [1mTrafilatura extraction successful[0m [[0m[1m[34mrss.services.article_extractor[0m][0m [36mmodule[0m=[35marticle_extractor[0m [36mtext_length[0m=[35m452[0m [36mtitle[0m=[35mNone[0m [36murl[0m=[35mhttps://jp.reuters.com/markets/bonds/5OEKPRKDQVKKPBOUI54YJFKUYQ-2026-04-17/[0m
[[32m[1minfo     [0m] [1mStarting article extraction   [0m [[0m[1m[34mrss.services.article_extractor[0m][0m [36mmodule[0m=[35marticle_extractor[0m [36murl[0m=[35mhttps://jp.reuters.com/opinion/KTQZ4TYPWNKGFCPP2YRRPFT3BQ-2026-04-17/[0m [36muser_agent[0m=[35m'Mozilla/5.0 (Macintosh; Intel Mac OS X 10_15_7) Ap...'[0m
[[32m[1minfo     [0m] [1mTrafilatura extraction successful[0m [[0m[1m[34mrss.services.article_extractor[0m][0m [36mmodule[0m=[35marticle_extractor[0m [36mtext_length[0m=[35m888[0m [36mtitle[0m=[35mNone[0m [36murl[0m=[35mhttps://jp.reuters.com/opinion/KTQZ4TYPWNKGFCPP2YRRPFT3BQ-2026-04-17/[0m
[[32m[1minfo     [0m] [1mStarting article extraction   [0m [[0m[1m[34mrss.services.article_extractor[0m][0m [36mmodule[0m=[35marticle_extractor[0m [36murl[0m=[35mhttps://jp.reuters.com/markets/japan/K2PYHCDAQVO5PISB42WDFSA3VI-2026-04-17/[0m [36muser_agent[0m=[35m'Mozilla/5.0 (Macintosh; Intel Mac OS X 10_15_7) Ap...'[0m
[[32m[1minfo     [0m] [1mTrafilatura extraction successful[0m [[0m[1m[34mrss.services.article_extractor[0m][0m [36mmodule[0m=[35marticle_extractor[0m [36mtext_length[0m=[35m312[0m [36mtitle[0m=[35mNone[0m [36murl[0m=[35mhttps://jp.reuters.com/markets/japan/K2PYHCDAQVO5PISB42WDFSA3VI-2026-04-17/[0m
[[32m[1minfo     [0m] [1mStarting article extraction   [0m [[0m[1m[34mrss.services.article_extractor[0m][0m [36mmodule[0m=[35marticle_extractor[0m [36murl[0m=[35mhttps://jp.reuters.com/markets/japan/PECCTW5CENP4RLNOYQE7KBM2ZM-2026-04-17/[0m [36muser_agent[0m=[35m'Mozilla/5.0 (Macintosh; Intel Mac OS X 10_15_7) Ap...'[0m
[[32m[1minfo     [0m] [1mTrafilatura extraction successful[0m [[0m[1m[34mrss.services.article_extractor[0m][0m [36mmodule[0m=[35marticle_extractor[0m [36mtext_length[0m=[35m284[0m [36mtitle[0m=[35mNone[0m [36murl[0m=[35mhttps://jp.reuters.com/markets/japan/PECCTW5CENP4RLNOYQE7KBM2ZM-2026-04-17/[0m
[[32m[1minfo     [0m] [1mStarting article extraction   [0m [[0m[1m[34mrss.services.article_extractor[0m][0m [36mmodule[0m=[35marticle_extractor[0m [36murl[0m=[35mhttps://jp.reuters.com/markets/japan/ZZNTJREK2VOAPLTYC6ASBDL2EM-2026-04-17/[0m [36muser_agent[0m=[35m'Mozilla/5.0 (Macintosh; Intel Mac OS X 10_15_7) Ap...'[0m
[[32m[1minfo     [0m] [1mTrafilatura extraction successful[0m [[0m[1m[34mrss.services.article_extractor[0m][0m [36mmodule[0m=[35marticle_extractor[0m [36mtext_length[0m=[35m594[0m [36mtitle[0m=[35mNone[0m [36murl[0m=[35mhttps://jp.reuters.com/markets/japan/ZZNTJREK2VOAPLTYC6ASBDL2EM-2026-04-17/[0m
[[32m[1minfo     [0m] [1mStarting article extraction   [0m [[0m[1m[34mrss.services.article_extractor[0m][0m [36mmodule[0m=[35marticle_extractor[0m [36murl[0m=[35mhttps://jp.reuters.com/markets/japan/RBIMAJS63VPNLPKKJJJDYQICIU-2026-04-17/[0m [36muser_agent[0m=[35m'Mozilla/5.0 (Macintosh; Intel Mac OS X 10_15_7) Ap...'[0m
[[32m[1minfo     [0m] [1mTrafilatura extraction successful[0m [[0m[1m[34mrss.services.article_extractor[0m][0m [36mmodule[0m=[35marticle_extractor[0m [36mtext_length[0m=[35m540[0m [36mtitle[0m=[35mNone[0m [36murl[0m=[35mhttps://jp.reuters.com/markets/japan/RBIMAJS63VPNLPKKJJJDYQICIU-2026-04-17/[0m
[[32m[1minfo     [0m] [1mStarting article extraction   [0m [[0m[1m[34mrss.services.article_extractor[0m][0m [36mmodule[0m=[35marticle_extractor[0m [36murl[0m=[35mhttps://jp.reuters.com/markets/global-markets/3A3HCSHGP5KL7EJN5R42VQYTHQ-2026-04-17/[0m [36muser_agent[0m=[35m'Mozilla/5.0 (Macintosh; Intel Mac OS X 10_15_7) Ap...'[0m
[[32m[1minfo     [0m] [1mTrafilatura extraction successful[0m [[0m[1m[34mrss.services.article_extractor[0m][0m [36mmodule[0m=[35marticle_extractor[0m [36mtext_length[0m=[35m245[0m [36mtitle[0m=[35mNone[0m [36murl[0m=[35mhttps://jp.reuters.com/markets/global-markets/3A3HCSHGP5KL7EJN5R42VQYTHQ-2026-04-17/[0m
[[32m[1minfo     [0m] [1mStarting article extraction   [0m [[0m[1m[34mrss.services.article_extractor[0m][0m [36mmodule[0m=[35marticle_extractor[0m [36murl[0m=[35mhttps://jp.reuters.com/markets/global-markets/LO4KFEEHZ5LZ3IJWE72ERK5YBE-2026-04-17/[0m [36muser_agent[0m=[35m'Mozilla/5.0 (Macintosh; Intel Mac OS X 10_15_7) Ap...'[0m
[[32m[1minfo     [0m] [1mTrafilatura extraction successful[0m [[0m[1m[34mrss.services.article_extractor[0m][0m [36mmodule[0m=[35marticle_extractor[0m [36mtext_length[0m=[35m292[0m [36mtitle[0m=[35mNone[0m [36murl[0m=[35mhttps://jp.reuters.com/markets/global-markets/LO4KFEEHZ5LZ3IJWE72ERK5YBE-2026-04-17/[0m
[[32m[1minfo     [0m] [1mStarting article extraction   [0m [[0m[1m[34mrss.services.article_extractor[0m][0m [36mmodule[0m=[35marticle_extractor[0m [36murl[0m=[35mhttps://jp.reuters.com/opinion/FC7MSIXBKFPCVCXTDEAKJSYAXU-2026-04-17/[0m [36muser_agent[0m=[35m'Mozilla/5.0 (Macintosh; Intel Mac OS X 10_15_7) Ap...'[0m
[[32m[1minfo     [0m] [1mTrafilatura extraction successful[0m [[0m[1m[34mrss.services.article_extractor[0m][0m [36mmodule[0m=[35marticle_extractor[0m [36mtext_length[0m=[35m3448[0m [36mtitle[0m=[35mNone[0m [36murl[0m=[35mhttps://jp.reuters.com/opinion/FC7MSIXBKFPCVCXTDEAKJSYAXU-2026-04-17/[0m
[[32m[1minfo     [0m] [1mStarting article extraction   [0m [[0m[1m[34mrss.services.article_extractor[0m][0m [36mmodule[0m=[35marticle_extractor[0m [36murl[0m=[35mhttps://jp.reuters.com/markets/global-markets/RA3FADCJQNL6PFUJRJ5GYYEPUY-2026-04-17/[0m [36muser_agent[0m=[35m'Mozilla/5.0 (Macintosh; Intel Mac OS X 10_15_7) Ap...'[0m
[[32m[1minfo     [0m] [1mTrafilatura extraction successful[0m [[0m[1m[34mrss.services.article_extractor[0m][0m [36mmodule[0m=[35marticle_extractor[0m [36mtext_length[0m=[35m266[0m [36mtitle[0m=[35mNone[0m [36murl[0m=[35mhttps://jp.reuters.com/markets/global-markets/RA3FADCJQNL6PFUJRJ5GYYEPUY-2026-04-17/[0m
[[32m[1minfo     [0m] [1mStarting article extraction   [0m [[0m[1m[34mrss.services.article_extractor[0m][0m [36mmodule[0m=[35marticle_extractor[0m [36murl[0m=[35mhttps://jp.reuters.com/markets/world-indices/BVCC4OYOIRJQ3G4QJPXH7HS26Q-2026-04-17/[0m [36muser_agent[0m=[35m'Mozilla/5.0 (Macintosh; Intel Mac OS X 10_15_7) Ap...'[0m
[[32m[1minfo     [0m] [1mTrafilatura extraction successful[0m [[0m[1m[34mrss.services.article_extractor[0m][0m [36mmodule[0m=[35marticle_extractor[0m [36mtext_length[0m=[35m404[0m [36mtitle[0m=[35mNone[0m [36murl[0m=[35mhttps://jp.reuters.com/markets/world-indices/BVCC4OYOIRJQ3G4QJPXH7HS26Q-2026-04-17/[0m
[[32m[1minfo     [0m] [1mStarting article extraction   [0m [[0m[1m[34mrss.services.article_extractor[0m][0m [36mmodule[0m=[35marticle_extractor[0m [36murl[0m=[35mhttps://jp.reuters.com/markets/bonds/JSN47VILOJKNHA7H36ANLAKTKM-2026-04-17/[0m [36muser_agent[0m=[35m'Mozilla/5.0 (Macintosh; Intel Mac OS X 10_15_7) Ap...'[0m
[[32m[1minfo     [0m] [1mTrafilatura extraction successful[0m [[0m[1m[34mrss.services.article_extractor[0m][0m [36mmodule[0m=[35marticle_extractor[0m [36mtext_length[0m=[35m750[0m [36mtitle[0m=[35mNone[0m [36murl[0m=[35mhttps://jp.reuters.com/markets/bonds/JSN47VILOJKNHA7H36ANLAKTKM-2026-04-17/[0m
[[32m[1minfo     [0m] [1mBatch extraction completed    [0m [[0m[1m[34mrss.services.article_extractor[0m][0m [36mfailed[0m=[35m0[0m [36mmodule[0m=[35marticle_extractor[0m [36msuccess[0m=[35m22[0m [36mtotal[0m=[35m22[0m
[[32m[1minfo     [0m] [1mContent post-fetch complete   [0m [[0m[1m[34mnews_scraper.unified[0m][0m [36mfetched[0m=[35m22[0m [36mmodule[0m=[35munified[0m [36mtotal[0m=[35m22[0m
[[32m[1minfo     [0m] [1mFinancial news collection complete[0m [[0m[1m[34mnews_scraper.unified[0m][0m [36melapsed_seconds[0m=[35m23.75[0m [36mmodule[0m=[35munified[0m [36msources[0m=[35m['reuters_jp'][0m [36mtotal_articles[0m=[35m22[0m
[[32m[1minfo     [0m] [1mRawStore: saved=9, dup=13, empty=0[0m [[0m[1m[34mnews_scraper.unified[0m][0m [36mmodule[0m=[35munified[0m
[[32m[1minfo     [0m] [1mCollection complete           [0m [[0m[1m[34m__main__[0m][0m [36marticle_count[0m=[35m22[0m [36mmodule[0m=[35mscrape_finance_news[0m
[[32m[1minfo     [0m] [1mNAS is mounted, using NAS output[0m [[0m[1m[34m__main__[0m][0m [36mmodule[0m=[35mscrape_finance_news[0m [36mpath[0m=[35m/Volumes/personal_folder/scraped/reuters_jp[0m [36msource[0m=[35mreuters_jp[0m
[[32m[1minfo     [0m] [1mOutput directory ready        [0m [[0m[1m[34m__main__[0m][0m [36mmodule[0m=[35mscrape_finance_news[0m [36mpath[0m=[35m/Volumes/personal_folder/scraped/reuters_jp/2026-04-17[0m
[[32m[1minfo     [0m] [1mArticles saved to JSON        [0m [[0m[1m[34m__main__[0m][0m [36mmodule[0m=[35mscrape_finance_news[0m [36mpath[0m=[35m/Volumes/personal_folder/scraped/reuters_jp/2026-04-17/news_150006.json[0m [36mtotal_count[0m=[35m22[0m
[[32m[1minfo     [0m] [1mSave complete                 [0m [[0m[1m[34m__main__[0m][0m [36mcount[0m=[35m22[0m [36mmodule[0m=[35mscrape_finance_news[0m [36moutput_file[0m=[35m/Volumes/personal_folder/scraped/reuters_jp/2026-04-17/news_150006.json[0m [36msource[0m=[35mreuters_jp[0m
[[32m[1minfo     [0m] [1mScraper finished successfully [0m [[0m[1m[34m__main__[0m][0m [36mmodule[0m=[35mscrape_finance_news[0m [36msaved_files[0m=[35m['/Volumes/personal_folder/scraped/reuters_jp/2026-04-17/news_150006.json'][0m [36mtotal_articles[0m=[35m22[0m
[[32m[1minfo     [0m] [1mFinance news scraper starting [0m [[0m[1m[34m__main__[0m][0m [36minclude_content[0m=[35mTrue[0m [36mmax_articles[0m=[35m50[0m [36mmodule[0m=[35mscrape_finance_news[0m [36msources[0m=[35m['reuters_jp'][0m
[[32m[1minfo     [0m] [1mStarting news collection      [0m [[0m[1m[34m__main__[0m][0m [36mmodule[0m=[35mscrape_finance_news[0m [36msources[0m=[35m['reuters_jp'][0m
[[32m[1minfo     [0m] [1mStarting financial news collection (async)[0m [[0m[1m[34mnews_scraper.unified[0m][0m [36minclude_content[0m=[35mTrue[0m [36mmax_articles_per_source[0m=[35m50[0m [36mmodule[0m=[35munified[0m [36msources[0m=[35m['reuters_jp'][0m
[[32m[1minfo     [0m] [1mStarting Reuters JP news collection[0m [[0m[1m[34mnews_scraper.reuters_jp[0m][0m [36mmax_articles_per_source[0m=[35m50[0m [36mmodule[0m=[35mreuters_jp[0m [36msections[0m=[35m['markets', 'business'][0m
[[32m[1minfo     [0m] [1mFetching Reuters JP section   [0m [[0m[1m[34mnews_scraper.reuters_jp[0m][0m [36mmodule[0m=[35mreuters_jp[0m [36msection[0m=[35mmarkets[0m [36murl[0m=[35mhttps://jp.reuters.com/markets/[0m
[[32m[1minfo     [0m] [1mFetching Reuters JP section   [0m [[0m[1m[34mnews_scraper.reuters_jp[0m][0m [36mmodule[0m=[35mreuters_jp[0m [36msection[0m=[35mbusiness[0m [36murl[0m=[35mhttps://jp.reuters.com/business/[0m
[[32m[1minfo     [0m] [1mHTTP Request: GET https://jp.reuters.com/markets/ "HTTP/1.1 200 OK"[0m [[0m[1m[34mhttpx[0m][0m
[[32m[1minfo     [0m] [1mHTTP Request: GET https://jp.reuters.com/business/ "HTTP/1.1 200 OK"[0m [[0m[1m[34mhttpx[0m][0m
[[32m[1minfo     [0m] [1mHTML fetched (async)          [0m [[0m[1m[34mnews_scraper._html_utils[0m][0m [36mmodule[0m=[35mhtml_utils[0m [36mstatus_code[0m=[35m200[0m [36murl[0m=[35mhttps://jp.reuters.com/business/[0m
[[32m[1minfo     [0m] [1mBusiness page parsed          [0m [[0m[1m[34mnews_scraper.reuters_jp[0m][0m [36marticle_count[0m=[35m20[0m [36mmodule[0m=[35mreuters_jp[0m
[[32m[1minfo     [0m] [1mReuters JP section complete   [0m [[0m[1m[34mnews_scraper.reuters_jp[0m][0m [36mcount[0m=[35m20[0m [36mmodule[0m=[35mreuters_jp[0m [36msection[0m=[35mbusiness[0m
[[32m[1minfo     [0m] [1mHTML fetched (async)          [0m [[0m[1m[34mnews_scraper._html_utils[0m][0m [36mmodule[0m=[35mhtml_utils[0m [36mstatus_code[0m=[35m200[0m [36murl[0m=[35mhttps://jp.reuters.com/markets/[0m
[[32m[1minfo     [0m] [1mMarkets page parsed           [0m [[0m[1m[34mnews_scraper.reuters_jp[0m][0m [36marticle_count[0m=[35m6[0m [36mmodule[0m=[35mreuters_jp[0m
[[32m[1minfo     [0m] [1mReuters JP section complete   [0m [[0m[1m[34mnews_scraper.reuters_jp[0m][0m [36mcount[0m=[35m6[0m [36mmodule[0m=[35mreuters_jp[0m [36msection[0m=[35mmarkets[0m
[[32m[1minfo     [0m] [1mReuters JP news collection complete[0m [[0m[1m[34mnews_scraper.reuters_jp[0m][0m [36mmodule[0m=[35mreuters_jp[0m [36mtotal_articles[0m=[35m22[0m
[[32m[1minfo     [0m] [1mSource collection complete    [0m [[0m[1m[34mnews_scraper.unified[0m][0m [36mmodule[0m=[35munified[0m [36msource[0m=[35mreuters_jp[0m [36msource_articles[0m=[35m22[0m
[[32m[1minfo     [0m] [1mFetching content for articles missing it[0m [[0m[1m[34mnews_scraper.unified[0m][0m [36mcount[0m=[35m22[0m [36mmodule[0m=[35munified[0m
[[32m[1minfo     [0m] [1mStarting batch extraction     [0m [[0m[1m[34mrss.services.article_extractor[0m][0m [36mmodule[0m=[35marticle_extractor[0m [36mrate_limit[0m=[35m1.0[0m [36murl_count[0m=[35m22[0m
[[32m[1minfo     [0m] [1mStarting article extraction   [0m [[0m[1m[34mrss.services.article_extractor[0m][0m [36mmodule[0m=[35marticle_extractor[0m [36murl[0m=[35mhttps://jp.reuters.com/markets/global-markets/LO4KFEEHZ5LZ3IJWE72ERK5YBE-2026-04-17/[0m [36muser_agent[0m=[35m'Mozilla/5.0 (Macintosh; Intel Mac OS X 10_15_7) Ap...'[0m
[[32m[1minfo     [0m] [1mTrafilatura extraction successful[0m [[0m[1m[34mrss.services.article_extractor[0m][0m [36mmodule[0m=[35marticle_extractor[0m [36mtext_length[0m=[35m292[0m [36mtitle[0m=[35mNone[0m [36murl[0m=[35mhttps://jp.reuters.com/markets/global-markets/LO4KFEEHZ5LZ3IJWE72ERK5YBE-2026-04-17/[0m
[[32m[1minfo     [0m] [1mStarting article extraction   [0m [[0m[1m[34mrss.services.article_extractor[0m][0m [36mmodule[0m=[35marticle_extractor[0m [36murl[0m=[35mhttps://jp.reuters.com/opinion/FC7MSIXBKFPCVCXTDEAKJSYAXU-2026-04-17/[0m [36muser_agent[0m=[35m'Mozilla/5.0 (Macintosh; Intel Mac OS X 10_15_7) Ap...'[0m
[[32m[1minfo     [0m] [1mTrafilatura extraction successful[0m [[0m[1m[34mrss.services.article_extractor[0m][0m [36mmodule[0m=[35marticle_extractor[0m [36mtext_length[0m=[35m3448[0m [36mtitle[0m=[35mNone[0m [36murl[0m=[35mhttps://jp.reuters.com/opinion/FC7MSIXBKFPCVCXTDEAKJSYAXU-2026-04-17/[0m
[[32m[1minfo     [0m] [1mStarting article extraction   [0m [[0m[1m[34mrss.services.article_extractor[0m][0m [36mmodule[0m=[35marticle_extractor[0m [36murl[0m=[35mhttps://jp.reuters.com/markets/global-markets/RA3FADCJQNL6PFUJRJ5GYYEPUY-2026-04-17/[0m [36muser_agent[0m=[35m'Mozilla/5.0 (Macintosh; Intel Mac OS X 10_15_7) Ap...'[0m
[[32m[1minfo     [0m] [1mTrafilatura extraction successful[0m [[0m[1m[34mrss.services.article_extractor[0m][0m [36mmodule[0m=[35marticle_extractor[0m [36mtext_length[0m=[35m266[0m [36mtitle[0m=[35mNone[0m [36murl[0m=[35mhttps://jp.reuters.com/markets/global-markets/RA3FADCJQNL6PFUJRJ5GYYEPUY-2026-04-17/[0m
[[32m[1minfo     [0m] [1mStarting article extraction   [0m [[0m[1m[34mrss.services.article_extractor[0m][0m [36mmodule[0m=[35marticle_extractor[0m [36murl[0m=[35mhttps://jp.reuters.com/markets/world-indices/BVCC4OYOIRJQ3G4QJPXH7HS26Q-2026-04-17/[0m [36muser_agent[0m=[35m'Mozilla/5.0 (Macintosh; Intel Mac OS X 10_15_7) Ap...'[0m
[[32m[1minfo     [0m] [1mTrafilatura extraction successful[0m [[0m[1m[34mrss.services.article_extractor[0m][0m [36mmodule[0m=[35marticle_extractor[0m [36mtext_length[0m=[35m404[0m [36mtitle[0m=[35mNone[0m [36murl[0m=[35mhttps://jp.reuters.com/markets/world-indices/BVCC4OYOIRJQ3G4QJPXH7HS26Q-2026-04-17/[0m
[[32m[1minfo     [0m] [1mStarting article extraction   [0m [[0m[1m[34mrss.services.article_extractor[0m][0m [36mmodule[0m=[35marticle_extractor[0m [36murl[0m=[35mhttps://jp.reuters.com/markets/bonds/JSN47VILOJKNHA7H36ANLAKTKM-2026-04-17/[0m [36muser_agent[0m=[35m'Mozilla/5.0 (Macintosh; Intel Mac OS X 10_15_7) Ap...'[0m
[[32m[1minfo     [0m] [1mTrafilatura extraction successful[0m [[0m[1m[34mrss.services.article_extractor[0m][0m [36mmodule[0m=[35marticle_extractor[0m [36mtext_length[0m=[35m750[0m [36mtitle[0m=[35mNone[0m [36murl[0m=[35mhttps://jp.reuters.com/markets/bonds/JSN47VILOJKNHA7H36ANLAKTKM-2026-04-17/[0m
[[32m[1minfo     [0m] [1mStarting article extraction   [0m [[0m[1m[34mrss.services.article_extractor[0m][0m [36mmodule[0m=[35marticle_extractor[0m [36murl[0m=[35mhttps://jp.reuters.com/markets/japan/RBIMAJS63VPNLPKKJJJDYQICIU-2026-04-17/[0m [36muser_agent[0m=[35m'Mozilla/5.0 (Macintosh; Intel Mac OS X 10_15_7) Ap...'[0m
[[32m[1minfo     [0m] [1mTrafilatura extraction successful[0m [[0m[1m[34mrss.services.article_extractor[0m][0m [36mmodule[0m=[35marticle_extractor[0m [36mtext_length[0m=[35m540[0m [36mtitle[0m=[35mNone[0m [36murl[0m=[35mhttps://jp.reuters.com/markets/japan/RBIMAJS63VPNLPKKJJJDYQICIU-2026-04-17/[0m
[[32m[1minfo     [0m] [1mStarting article extraction   [0m [[0m[1m[34mrss.services.article_extractor[0m][0m [36mmodule[0m=[35marticle_extractor[0m [36murl[0m=[35mhttps://jp.reuters.com/economy/federal-reserve-board/Z7PTJDQUG5O5LLPXQ7ORMSS6ZQ-2026-04-17/[0m [36muser_agent[0m=[35m'Mozilla/5.0 (Macintosh; Intel Mac OS X 10_15_7) Ap...'[0m
[[32m[1minfo     [0m] [1mTrafilatura extraction successful[0m [[0m[1m[34mrss.services.article_extractor[0m][0m [36mmodule[0m=[35marticle_extractor[0m [36mtext_length[0m=[35m2113[0m [36mtitle[0m=[35mNone[0m [36murl[0m=[35mhttps://jp.reuters.com/economy/federal-reserve-board/Z7PTJDQUG5O5LLPXQ7ORMSS6ZQ-2026-04-17/[0m
[[32m[1minfo     [0m] [1mStarting article extraction   [0m [[0m[1m[34mrss.services.article_extractor[0m][0m [36mmodule[0m=[35marticle_extractor[0m [36murl[0m=[35mhttps://jp.reuters.com/markets/global-markets/HPMNPISEXZNPLNG52DUMAOPYFY-2026-04-17/[0m [36muser_agent[0m=[35m'Mozilla/5.0 (Macintosh; Intel Mac OS X 10_15_7) Ap...'[0m
[[32m[1minfo     [0m] [1mTrafilatura extraction successful[0m [[0m[1m[34mrss.services.article_extractor[0m][0m [36mmodule[0m=[35marticle_extractor[0m [36mtext_length[0m=[35m454[0m [36mtitle[0m=[35mNone[0m [36murl[0m=[35mhttps://jp.reuters.com/markets/global-markets/HPMNPISEXZNPLNG52DUMAOPYFY-2026-04-17/[0m
[[32m[1minfo     [0m] [1mStarting article extraction   [0m [[0m[1m[34mrss.services.article_extractor[0m][0m [36mmodule[0m=[35marticle_extractor[0m [36murl[0m=[35mhttps://jp.reuters.com/markets/global-markets/3A3HCSHGP5KL7EJN5R42VQYTHQ-2026-04-17/[0m [36muser_agent[0m=[35m'Mozilla/5.0 (Macintosh; Intel Mac OS X 10_15_7) Ap...'[0m
[[32m[1minfo     [0m] [1mTrafilatura extraction successful[0m [[0m[1m[34mrss.services.article_extractor[0m][0m [36mmodule[0m=[35marticle_extractor[0m [36mtext_length[0m=[35m245[0m [36mtitle[0m=[35mNone[0m [36murl[0m=[35mhttps://jp.reuters.com/markets/global-markets/3A3HCSHGP5KL7EJN5R42VQYTHQ-2026-04-17/[0m
[[32m[1minfo     [0m] [1mStarting article extraction   [0m [[0m[1m[34mrss.services.article_extractor[0m][0m [36mmodule[0m=[35marticle_extractor[0m [36murl[0m=[35mhttps://jp.reuters.com/markets/japan/ZCXLSLOQVBJR3ESE6LLRXKVLKA-2026-04-17/[0m [36muser_agent[0m=[35m'Mozilla/5.0 (Macintosh; Intel Mac OS X 10_15_7) Ap...'[0m
[[32m[1minfo     [0m] [1mTrafilatura extraction successful[0m [[0m[1m[34mrss.services.article_extractor[0m][0m [36mmodule[0m=[35marticle_extractor[0m [36mtext_length[0m=[35m310[0m [36mtitle[0m=[35mNone[0m [36murl[0m=[35mhttps://jp.reuters.com/markets/japan/ZCXLSLOQVBJR3ESE6LLRXKVLKA-2026-04-17/[0m
[[32m[1minfo     [0m] [1mStarting article extraction   [0m [[0m[1m[34mrss.services.article_extractor[0m][0m [36mmodule[0m=[35marticle_extractor[0m [36murl[0m=[35mhttps://jp.reuters.com/markets/bonds/5OEKPRKDQVKKPBOUI54YJFKUYQ-2026-04-17/[0m [36muser_agent[0m=[35m'Mozilla/5.0 (Macintosh; Intel Mac OS X 10_15_7) Ap...'[0m
[[32m[1minfo     [0m] [1mTrafilatura extraction successful[0m [[0m[1m[34mrss.services.article_extractor[0m][0m [36mmodule[0m=[35marticle_extractor[0m [36mtext_length[0m=[35m452[0m [36mtitle[0m=[35mNone[0m [36murl[0m=[35mhttps://jp.reuters.com/markets/bonds/5OEKPRKDQVKKPBOUI54YJFKUYQ-2026-04-17/[0m
[[32m[1minfo     [0m] [1mStarting article extraction   [0m [[0m[1m[34mrss.services.article_extractor[0m][0m [36mmodule[0m=[35marticle_extractor[0m [36murl[0m=[35mhttps://jp.reuters.com/opinion/KTQZ4TYPWNKGFCPP2YRRPFT3BQ-2026-04-17/[0m [36muser_agent[0m=[35m'Mozilla/5.0 (Macintosh; Intel Mac OS X 10_15_7) Ap...'[0m
[[32m[1minfo     [0m] [1mTrafilatura extraction successful[0m [[0m[1m[34mrss.services.article_extractor[0m][0m [36mmodule[0m=[35marticle_extractor[0m [36mtext_length[0m=[35m888[0m [36mtitle[0m=[35mNone[0m [36murl[0m=[35mhttps://jp.reuters.com/opinion/KTQZ4TYPWNKGFCPP2YRRPFT3BQ-2026-04-17/[0m
[[32m[1minfo     [0m] [1mStarting article extraction   [0m [[0m[1m[34mrss.services.article_extractor[0m][0m [36mmodule[0m=[35marticle_extractor[0m [36murl[0m=[35mhttps://jp.reuters.com/markets/japan/K2PYHCDAQVO5PISB42WDFSA3VI-2026-04-17/[0m [36muser_agent[0m=[35m'Mozilla/5.0 (Macintosh; Intel Mac OS X 10_15_7) Ap...'[0m
[[32m[1minfo     [0m] [1mTrafilatura extraction successful[0m [[0m[1m[34mrss.services.article_extractor[0m][0m [36mmodule[0m=[35marticle_extractor[0m [36mtext_length[0m=[35m312[0m [36mtitle[0m=[35mNone[0m [36murl[0m=[35mhttps://jp.reuters.com/markets/japan/K2PYHCDAQVO5PISB42WDFSA3VI-2026-04-17/[0m
[[32m[1minfo     [0m] [1mStarting article extraction   [0m [[0m[1m[34mrss.services.article_extractor[0m][0m [36mmodule[0m=[35marticle_extractor[0m [36murl[0m=[35mhttps://jp.reuters.com/markets/japan/PECCTW5CENP4RLNOYQE7KBM2ZM-2026-04-17/[0m [36muser_agent[0m=[35m'Mozilla/5.0 (Macintosh; Intel Mac OS X 10_15_7) Ap...'[0m
[[32m[1minfo     [0m] [1mTrafilatura extraction successful[0m [[0m[1m[34mrss.services.article_extractor[0m][0m [36mmodule[0m=[35marticle_extractor[0m [36mtext_length[0m=[35m284[0m [36mtitle[0m=[35mNone[0m [36murl[0m=[35mhttps://jp.reuters.com/markets/japan/PECCTW5CENP4RLNOYQE7KBM2ZM-2026-04-17/[0m
[[32m[1minfo     [0m] [1mStarting article extraction   [0m [[0m[1m[34mrss.services.article_extractor[0m][0m [36mmodule[0m=[35marticle_extractor[0m [36murl[0m=[35mhttps://jp.reuters.com/markets/japan/ZZNTJREK2VOAPLTYC6ASBDL2EM-2026-04-17/[0m [36muser_agent[0m=[35m'Mozilla/5.0 (Macintosh; Intel Mac OS X 10_15_7) Ap...'[0m
[[32m[1minfo     [0m] [1mTrafilatura extraction successful[0m [[0m[1m[34mrss.services.article_extractor[0m][0m [36mmodule[0m=[35marticle_extractor[0m [36mtext_length[0m=[35m594[0m [36mtitle[0m=[35mNone[0m [36murl[0m=[35mhttps://jp.reuters.com/markets/japan/ZZNTJREK2VOAPLTYC6ASBDL2EM-2026-04-17/[0m
[[32m[1minfo     [0m] [1mStarting article extraction   [0m [[0m[1m[34mrss.services.article_extractor[0m][0m [36mmodule[0m=[35marticle_extractor[0m [36murl[0m=[35mhttps://jp.reuters.com/markets/japan/YL336J7I2JPKXFFTUIOQXMY3N4-2026-04-17/[0m [36muser_agent[0m=[35m'Mozilla/5.0 (Macintosh; Intel Mac OS X 10_15_7) Ap...'[0m
[[32m[1minfo     [0m] [1mTrafilatura extraction successful[0m [[0m[1m[34mrss.services.article_extractor[0m][0m [36mmodule[0m=[35marticle_extractor[0m [36mtext_length[0m=[35m535[0m [36mtitle[0m=[35mNone[0m [36murl[0m=[35mhttps://jp.reuters.com/markets/japan/YL336J7I2JPKXFFTUIOQXMY3N4-2026-04-17/[0m
[[32m[1minfo     [0m] [1mStarting article extraction   [0m [[0m[1m[34mrss.services.article_extractor[0m][0m [36mmodule[0m=[35marticle_extractor[0m [36murl[0m=[35mhttps://jp.reuters.com/markets/japan/U36C66DR7VJC3EDKTLLUOP52CI-2026-04-17/[0m [36muser_agent[0m=[35m'Mozilla/5.0 (Macintosh; Intel Mac OS X 10_15_7) Ap...'[0m
[[32m[1minfo     [0m] [1mTrafilatura extraction successful[0m [[0m[1m[34mrss.services.article_extractor[0m][0m [36mmodule[0m=[35marticle_extractor[0m [36mtext_length[0m=[35m868[0m [36mtitle[0m=[35mNone[0m [36murl[0m=[35mhttps://jp.reuters.com/markets/japan/U36C66DR7VJC3EDKTLLUOP52CI-2026-04-17/[0m
[[32m[1minfo     [0m] [1mStarting article extraction   [0m [[0m[1m[34mrss.services.article_extractor[0m][0m [36mmodule[0m=[35marticle_extractor[0m [36murl[0m=[35mhttps://jp.reuters.com/markets/japan/LVIZZARBNVNHPIGRIJHSTP5PPY-2026-04-17/[0m [36muser_agent[0m=[35m'Mozilla/5.0 (Macintosh; Intel Mac OS X 10_15_7) Ap...'[0m
[[32m[1minfo     [0m] [1mTrafilatura extraction successful[0m [[0m[1m[34mrss.services.article_extractor[0m][0m [36mmodule[0m=[35marticle_extractor[0m [36mtext_length[0m=[35m681[0m [36mtitle[0m=[35mNone[0m [36murl[0m=[35mhttps://jp.reuters.com/markets/japan/LVIZZARBNVNHPIGRIJHSTP5PPY-2026-04-17/[0m
[[32m[1minfo     [0m] [1mStarting article extraction   [0m [[0m[1m[34mrss.services.article_extractor[0m][0m [36mmodule[0m=[35marticle_extractor[0m [36murl[0m=[35mhttps://jp.reuters.com/markets/japan/T4BW4WDK6JO3HBNL4OGVYS6NXQ-2026-04-17/[0m [36muser_agent[0m=[35m'Mozilla/5.0 (Macintosh; Intel Mac OS X 10_15_7) Ap...'[0m
[[32m[1minfo     [0m] [1mTrafilatura extraction successful[0m [[0m[1m[34mrss.services.article_extractor[0m][0m [36mmodule[0m=[35marticle_extractor[0m [36mtext_length[0m=[35m278[0m [36mtitle[0m=[35mNone[0m [36murl[0m=[35mhttps://jp.reuters.com/markets/japan/T4BW4WDK6JO3HBNL4OGVYS6NXQ-2026-04-17/[0m
[[32m[1minfo     [0m] [1mStarting article extraction   [0m [[0m[1m[34mrss.services.article_extractor[0m][0m [36mmodule[0m=[35marticle_extractor[0m [36murl[0m=[35mhttps://jp.reuters.com/markets/japan/Y6NCYHRNGRO7XAIAMPWLFHUCCY-2026-04-17/[0m [36muser_agent[0m=[35m'Mozilla/5.0 (Macintosh; Intel Mac OS X 10_15_7) Ap...'[0m
[[32m[1minfo     [0m] [1mTrafilatura extraction successful[0m [[0m[1m[34mrss.services.article_extractor[0m][0m [36mmodule[0m=[35marticle_extractor[0m [36mtext_length[0m=[35m346[0m [36mtitle[0m=[35mNone[0m [36murl[0m=[35mhttps://jp.reuters.com/markets/japan/Y6NCYHRNGRO7XAIAMPWLFHUCCY-2026-04-17/[0m
[[32m[1minfo     [0m] [1mStarting article extraction   [0m [[0m[1m[34mrss.services.article_extractor[0m][0m [36mmodule[0m=[35marticle_extractor[0m [36murl[0m=[35mhttps://jp.reuters.com/markets/japan/UAJC3C5NZJPNLFP7DWYKDCFXS4-2026-04-17/[0m [36muser_agent[0m=[35m'Mozilla/5.0 (Macintosh; Intel Mac OS X 10_15_7) Ap...'[0m
[[32m[1minfo     [0m] [1mTrafilatura extraction successful[0m [[0m[1m[34mrss.services.article_extractor[0m][0m [36mmodule[0m=[35marticle_extractor[0m [36mtext_length[0m=[35m669[0m [36mtitle[0m=[35mNone[0m [36murl[0m=[35mhttps://jp.reuters.com/markets/japan/UAJC3C5NZJPNLFP7DWYKDCFXS4-2026-04-17/[0m
[[32m[1minfo     [0m] [1mStarting article extraction   [0m [[0m[1m[34mrss.services.article_extractor[0m][0m [36mmodule[0m=[35marticle_extractor[0m [36murl[0m=[35mhttps://jp.reuters.com/markets/japan/7L75FHQXU5JM5DFWXBKBBQH47E-2026-04-17/[0m [36muser_agent[0m=[35m'Mozilla/5.0 (Macintosh; Intel Mac OS X 10_15_7) Ap...'[0m
[[32m[1minfo     [0m] [1mTrafilatura extraction successful[0m [[0m[1m[34mrss.services.article_extractor[0m][0m [36mmodule[0m=[35marticle_extractor[0m [36mtext_length[0m=[35m842[0m [36mtitle[0m=[35mNone[0m [36murl[0m=[35mhttps://jp.reuters.com/markets/japan/7L75FHQXU5JM5DFWXBKBBQH47E-2026-04-17/[0m
[[32m[1minfo     [0m] [1mBatch extraction completed    [0m [[0m[1m[34mrss.services.article_extractor[0m][0m [36mfailed[0m=[35m0[0m [36mmodule[0m=[35marticle_extractor[0m [36msuccess[0m=[35m22[0m [36mtotal[0m=[35m22[0m
[[32m[1minfo     [0m] [1mContent post-fetch complete   [0m [[0m[1m[34mnews_scraper.unified[0m][0m [36mfetched[0m=[35m22[0m [36mmodule[0m=[35munified[0m [36mtotal[0m=[35m22[0m
[[32m[1minfo     [0m] [1mFinancial news collection complete[0m [[0m[1m[34mnews_scraper.unified[0m][0m [36melapsed_seconds[0m=[35m26.64[0m [36mmodule[0m=[35munified[0m [36msources[0m=[35m['reuters_jp'][0m [36mtotal_articles[0m=[35m22[0m
[[32m[1minfo     [0m] [1mRawStore: saved=7, dup=15, empty=0[0m [[0m[1m[34mnews_scraper.unified[0m][0m [36mmodule[0m=[35munified[0m
[[32m[1minfo     [0m] [1mCollection complete           [0m [[0m[1m[34m__main__[0m][0m [36marticle_count[0m=[35m22[0m [36mmodule[0m=[35mscrape_finance_news[0m
[[32m[1minfo     [0m] [1mNAS is mounted, using NAS output[0m [[0m[1m[34m__main__[0m][0m [36mmodule[0m=[35mscrape_finance_news[0m [36mpath[0m=[35m/Volumes/personal_folder/scraped/reuters_jp[0m [36msource[0m=[35mreuters_jp[0m
[[32m[1minfo     [0m] [1mOutput directory ready        [0m [[0m[1m[34m__main__[0m][0m [36mmodule[0m=[35mscrape_finance_news[0m [36mpath[0m=[35m/Volumes/personal_folder/scraped/reuters_jp/2026-04-17[0m
[[32m[1minfo     [0m] [1mArticles saved to JSON        [0m [[0m[1m[34m__main__[0m][0m [36mmodule[0m=[35mscrape_finance_news[0m [36mpath[0m=[35m/Volumes/personal_folder/scraped/reuters_jp/2026-04-17/news_210006.json[0m [36mtotal_count[0m=[35m22[0m
[[32m[1minfo     [0m] [1mSave complete                 [0m [[0m[1m[34m__main__[0m][0m [36mcount[0m=[35m22[0m [36mmodule[0m=[35mscrape_finance_news[0m [36moutput_file[0m=[35m/Volumes/personal_folder/scraped/reuters_jp/2026-04-17/news_210006.json[0m [36msource[0m=[35mreuters_jp[0m
[[32m[1minfo     [0m] [1mScraper finished successfully [0m [[0m[1m[34m__main__[0m][0m [36mmodule[0m=[35mscrape_finance_news[0m [36msaved_files[0m=[35m['/Volumes/personal_folder/scraped/reuters_jp/2026-04-17/news_210006.json'][0m [36mtotal_articles[0m=[35m22[0m
[[32m[1minfo     [0m] [1mFinance news scraper starting [0m [[0m[1m[34m__main__[0m][0m [36minclude_content[0m=[35mTrue[0m [36mmax_articles[0m=[35m50[0m [36mmodule[0m=[35mscrape_finance_news[0m [36msources[0m=[35m['reuters_jp'][0m
[[32m[1minfo     [0m] [1mStarting news collection      [0m [[0m[1m[34m__main__[0m][0m [36mmodule[0m=[35mscrape_finance_news[0m [36msources[0m=[35m['reuters_jp'][0m
[[32m[1minfo     [0m] [1mStarting financial news collection (async)[0m [[0m[1m[34mnews_scraper.unified[0m][0m [36minclude_content[0m=[35mTrue[0m [36mmax_articles_per_source[0m=[35m50[0m [36mmodule[0m=[35munified[0m [36msources[0m=[35m['reuters_jp'][0m
[[32m[1minfo     [0m] [1mStarting Reuters JP news collection[0m [[0m[1m[34mnews_scraper.reuters_jp[0m][0m [36mmax_articles_per_source[0m=[35m50[0m [36mmodule[0m=[35mreuters_jp[0m [36msections[0m=[35m['markets', 'business'][0m
[[32m[1minfo     [0m] [1mFetching Reuters JP section   [0m [[0m[1m[34mnews_scraper.reuters_jp[0m][0m [36mmodule[0m=[35mreuters_jp[0m [36msection[0m=[35mmarkets[0m [36murl[0m=[35mhttps://jp.reuters.com/markets/[0m
[[32m[1minfo     [0m] [1mFetching Reuters JP section   [0m [[0m[1m[34mnews_scraper.reuters_jp[0m][0m [36mmodule[0m=[35mreuters_jp[0m [36msection[0m=[35mbusiness[0m [36murl[0m=[35mhttps://jp.reuters.com/business/[0m
[[32m[1minfo     [0m] [1mHTTP Request: GET https://jp.reuters.com/markets/ "HTTP/1.1 200 OK"[0m [[0m[1m[34mhttpx[0m][0m
[[32m[1minfo     [0m] [1mHTML fetched (async)          [0m [[0m[1m[34mnews_scraper._html_utils[0m][0m [36mmodule[0m=[35mhtml_utils[0m [36mstatus_code[0m=[35m200[0m [36murl[0m=[35mhttps://jp.reuters.com/markets/[0m
[[32m[1minfo     [0m] [1mMarkets page parsed           [0m [[0m[1m[34mnews_scraper.reuters_jp[0m][0m [36marticle_count[0m=[35m6[0m [36mmodule[0m=[35mreuters_jp[0m
[[32m[1minfo     [0m] [1mReuters JP section complete   [0m [[0m[1m[34mnews_scraper.reuters_jp[0m][0m [36mcount[0m=[35m6[0m [36mmodule[0m=[35mreuters_jp[0m [36msection[0m=[35mmarkets[0m
[[32m[1minfo     [0m] [1mHTTP Request: GET https://jp.reuters.com/business/ "HTTP/1.1 200 OK"[0m [[0m[1m[34mhttpx[0m][0m
[[32m[1minfo     [0m] [1mHTML fetched (async)          [0m [[0m[1m[34mnews_scraper._html_utils[0m][0m [36mmodule[0m=[35mhtml_utils[0m [36mstatus_code[0m=[35m200[0m [36murl[0m=[35mhttps://jp.reuters.com/business/[0m
[[32m[1minfo     [0m] [1mBusiness page parsed          [0m [[0m[1m[34mnews_scraper.reuters_jp[0m][0m [36marticle_count[0m=[35m20[0m [36mmodule[0m=[35mreuters_jp[0m
[[32m[1minfo     [0m] [1mReuters JP section complete   [0m [[0m[1m[34mnews_scraper.reuters_jp[0m][0m [36mcount[0m=[35m20[0m [36mmodule[0m=[35mreuters_jp[0m [36msection[0m=[35mbusiness[0m
[[32m[1minfo     [0m] [1mReuters JP news collection complete[0m [[0m[1m[34mnews_scraper.reuters_jp[0m][0m [36mmodule[0m=[35mreuters_jp[0m [36mtotal_articles[0m=[35m23[0m
[[32m[1minfo     [0m] [1mSource collection complete    [0m [[0m[1m[34mnews_scraper.unified[0m][0m [36mmodule[0m=[35munified[0m [36msource[0m=[35mreuters_jp[0m [36msource_articles[0m=[35m23[0m
[[32m[1minfo     [0m] [1mFetching content for articles missing it[0m [[0m[1m[34mnews_scraper.unified[0m][0m [36mcount[0m=[35m23[0m [36mmodule[0m=[35munified[0m
[[32m[1minfo     [0m] [1mStarting batch extraction     [0m [[0m[1m[34mrss.services.article_extractor[0m][0m [36mmodule[0m=[35marticle_extractor[0m [36mrate_limit[0m=[35m1.0[0m [36murl_count[0m=[35m23[0m
[[32m[1minfo     [0m] [1mStarting article extraction   [0m [[0m[1m[34mrss.services.article_extractor[0m][0m [36mmodule[0m=[35marticle_extractor[0m [36murl[0m=[35mhttps://jp.reuters.com/markets/bonds/5OEKPRKDQVKKPBOUI54YJFKUYQ-2026-04-17/[0m [36muser_agent[0m=[35m'Mozilla/5.0 (Macintosh; Intel Mac OS X 10_15_7) Ap...'[0m
[[32m[1minfo     [0m] [1mTrafilatura extraction successful[0m [[0m[1m[34mrss.services.article_extractor[0m][0m [36mmodule[0m=[35marticle_extractor[0m [36mtext_length[0m=[35m452[0m [36mtitle[0m=[35mNone[0m [36murl[0m=[35mhttps://jp.reuters.com/markets/bonds/5OEKPRKDQVKKPBOUI54YJFKUYQ-2026-04-17/[0m
[[32m[1minfo     [0m] [1mStarting article extraction   [0m [[0m[1m[34mrss.services.article_extractor[0m][0m [36mmodule[0m=[35marticle_extractor[0m [36murl[0m=[35mhttps://jp.reuters.com/markets/global-markets/RA3FADCJQNL6PFUJRJ5GYYEPUY-2026-04-17/[0m [36muser_agent[0m=[35m'Mozilla/5.0 (Macintosh; Intel Mac OS X 10_15_7) Ap...'[0m
[[32m[1minfo     [0m] [1mTrafilatura extraction successful[0m [[0m[1m[34mrss.services.article_extractor[0m][0m [36mmodule[0m=[35marticle_extractor[0m [36mtext_length[0m=[35m266[0m [36mtitle[0m=[35mNone[0m [36murl[0m=[35mhttps://jp.reuters.com/markets/global-markets/RA3FADCJQNL6PFUJRJ5GYYEPUY-2026-04-17/[0m
[[32m[1minfo     [0m] [1mStarting article extraction   [0m [[0m[1m[34mrss.services.article_extractor[0m][0m [36mmodule[0m=[35marticle_extractor[0m [36murl[0m=[35mhttps://jp.reuters.com/opinion/KTQZ4TYPWNKGFCPP2YRRPFT3BQ-2026-04-17/[0m [36muser_agent[0m=[35m'Mozilla/5.0 (Macintosh; Intel Mac OS X 10_15_7) Ap...'[0m
[[32m[1minfo     [0m] [1mTrafilatura extraction successful[0m [[0m[1m[34mrss.services.article_extractor[0m][0m [36mmodule[0m=[35marticle_extractor[0m [36mtext_length[0m=[35m888[0m [36mtitle[0m=[35mNone[0m [36murl[0m=[35mhttps://jp.reuters.com/opinion/KTQZ4TYPWNKGFCPP2YRRPFT3BQ-2026-04-17/[0m
[[32m[1minfo     [0m] [1mStarting article extraction   [0m [[0m[1m[34mrss.services.article_extractor[0m][0m [36mmodule[0m=[35marticle_extractor[0m [36murl[0m=[35mhttps://jp.reuters.com/markets/japan/K2PYHCDAQVO5PISB42WDFSA3VI-2026-04-17/[0m [36muser_agent[0m=[35m'Mozilla/5.0 (Macintosh; Intel Mac OS X 10_15_7) Ap...'[0m
[[32m[1minfo     [0m] [1mTrafilatura extraction successful[0m [[0m[1m[34mrss.services.article_extractor[0m][0m [36mmodule[0m=[35marticle_extractor[0m [36mtext_length[0m=[35m312[0m [36mtitle[0m=[35mNone[0m [36murl[0m=[35mhttps://jp.reuters.com/markets/japan/K2PYHCDAQVO5PISB42WDFSA3VI-2026-04-17/[0m
[[32m[1minfo     [0m] [1mStarting article extraction   [0m [[0m[1m[34mrss.services.article_extractor[0m][0m [36mmodule[0m=[35marticle_extractor[0m [36murl[0m=[35mhttps://jp.reuters.com/markets/bonds/JSN47VILOJKNHA7H36ANLAKTKM-2026-04-17/[0m [36muser_agent[0m=[35m'Mozilla/5.0 (Macintosh; Intel Mac OS X 10_15_7) Ap...'[0m
[[32m[1minfo     [0m] [1mTrafilatura extraction successful[0m [[0m[1m[34mrss.services.article_extractor[0m][0m [36mmodule[0m=[35marticle_extractor[0m [36mtext_length[0m=[35m750[0m [36mtitle[0m=[35mNone[0m [36murl[0m=[35mhttps://jp.reuters.com/markets/bonds/JSN47VILOJKNHA7H36ANLAKTKM-2026-04-17/[0m
[[32m[1minfo     [0m] [1mStarting article extraction   [0m [[0m[1m[34mrss.services.article_extractor[0m][0m [36mmodule[0m=[35marticle_extractor[0m [36murl[0m=[35mhttps://jp.reuters.com/markets/world-indices/BVCC4OYOIRJQ3G4QJPXH7HS26Q-2026-04-17/[0m [36muser_agent[0m=[35m'Mozilla/5.0 (Macintosh; Intel Mac OS X 10_15_7) Ap...'[0m
[[32m[1minfo     [0m] [1mTrafilatura extraction successful[0m [[0m[1m[34mrss.services.article_extractor[0m][0m [36mmodule[0m=[35marticle_extractor[0m [36mtext_length[0m=[35m404[0m [36mtitle[0m=[35mNone[0m [36murl[0m=[35mhttps://jp.reuters.com/markets/world-indices/BVCC4OYOIRJQ3G4QJPXH7HS26Q-2026-04-17/[0m
[[32m[1minfo     [0m] [1mStarting article extraction   [0m [[0m[1m[34mrss.services.article_extractor[0m][0m [36mmodule[0m=[35marticle_extractor[0m [36murl[0m=[35mhttps://jp.reuters.com/markets/japan/PECCTW5CENP4RLNOYQE7KBM2ZM-2026-04-17/[0m [36muser_agent[0m=[35m'Mozilla/5.0 (Macintosh; Intel Mac OS X 10_15_7) Ap...'[0m
[[32m[1minfo     [0m] [1mTrafilatura extraction successful[0m [[0m[1m[34mrss.services.article_extractor[0m][0m [36mmodule[0m=[35marticle_extractor[0m [36mtext_length[0m=[35m284[0m [36mtitle[0m=[35mNone[0m [36murl[0m=[35mhttps://jp.reuters.com/markets/japan/PECCTW5CENP4RLNOYQE7KBM2ZM-2026-04-17/[0m
[[32m[1minfo     [0m] [1mStarting article extraction   [0m [[0m[1m[34mrss.services.article_extractor[0m][0m [36mmodule[0m=[35marticle_extractor[0m [36murl[0m=[35mhttps://jp.reuters.com/markets/japan/ZZNTJREK2VOAPLTYC6ASBDL2EM-2026-04-17/[0m [36muser_agent[0m=[35m'Mozilla/5.0 (Macintosh; Intel Mac OS X 10_15_7) Ap...'[0m
[[32m[1minfo     [0m] [1mTrafilatura extraction successful[0m [[0m[1m[34mrss.services.article_extractor[0m][0m [36mmodule[0m=[35marticle_extractor[0m [36mtext_length[0m=[35m594[0m [36mtitle[0m=[35mNone[0m [36murl[0m=[35mhttps://jp.reuters.com/markets/japan/ZZNTJREK2VOAPLTYC6ASBDL2EM-2026-04-17/[0m
[[32m[1minfo     [0m] [1mStarting article extraction   [0m [[0m[1m[34mrss.services.article_extractor[0m][0m [36mmodule[0m=[35marticle_extractor[0m [36murl[0m=[35mhttps://jp.reuters.com/markets/japan/RBIMAJS63VPNLPKKJJJDYQICIU-2026-04-17/[0m [36muser_agent[0m=[35m'Mozilla/5.0 (Macintosh; Intel Mac OS X 10_15_7) Ap...'[0m
[[32m[1minfo     [0m] [1mTrafilatura extraction successful[0m [[0m[1m[34mrss.services.article_extractor[0m][0m [36mmodule[0m=[35marticle_extractor[0m [36mtext_length[0m=[35m540[0m [36mtitle[0m=[35mNone[0m [36murl[0m=[35mhttps://jp.reuters.com/markets/japan/RBIMAJS63VPNLPKKJJJDYQICIU-2026-04-17/[0m
[[32m[1minfo     [0m] [1mStarting article extraction   [0m [[0m[1m[34mrss.services.article_extractor[0m][0m [36mmodule[0m=[35marticle_extractor[0m [36murl[0m=[35mhttps://jp.reuters.com/markets/japan/YL336J7I2JPKXFFTUIOQXMY3N4-2026-04-17/[0m [36muser_agent[0m=[35m'Mozilla/5.0 (Macintosh; Intel Mac OS X 10_15_7) Ap...'[0m
[[32m[1minfo     [0m] [1mTrafilatura extraction successful[0m [[0m[1m[34mrss.services.article_extractor[0m][0m [36mmodule[0m=[35marticle_extractor[0m [36mtext_length[0m=[35m535[0m [36mtitle[0m=[35mNone[0m [36murl[0m=[35mhttps://jp.reuters.com/markets/japan/YL336J7I2JPKXFFTUIOQXMY3N4-2026-04-17/[0m
[[32m[1minfo     [0m] [1mStarting article extraction   [0m [[0m[1m[34mrss.services.article_extractor[0m][0m [36mmodule[0m=[35marticle_extractor[0m [36murl[0m=[35mhttps://jp.reuters.com/markets/japan/U36C66DR7VJC3EDKTLLUOP52CI-2026-04-17/[0m [36muser_agent[0m=[35m'Mozilla/5.0 (Macintosh; Intel Mac OS X 10_15_7) Ap...'[0m
[[32m[1minfo     [0m] [1mTrafilatura extraction successful[0m [[0m[1m[34mrss.services.article_extractor[0m][0m [36mmodule[0m=[35marticle_extractor[0m [36mtext_length[0m=[35m868[0m [36mtitle[0m=[35mNone[0m [36murl[0m=[35mhttps://jp.reuters.com/markets/japan/U36C66DR7VJC3EDKTLLUOP52CI-2026-04-17/[0m
[[32m[1minfo     [0m] [1mStarting article extraction   [0m [[0m[1m[34mrss.services.article_extractor[0m][0m [36mmodule[0m=[35marticle_extractor[0m [36murl[0m=[35mhttps://jp.reuters.com/markets/japan/LVIZZARBNVNHPIGRIJHSTP5PPY-2026-04-17/[0m [36muser_agent[0m=[35m'Mozilla/5.0 (Macintosh; Intel Mac OS X 10_15_7) Ap...'[0m
[[32m[1minfo     [0m] [1mTrafilatura extraction successful[0m [[0m[1m[34mrss.services.article_extractor[0m][0m [36mmodule[0m=[35marticle_extractor[0m [36mtext_length[0m=[35m681[0m [36mtitle[0m=[35mNone[0m [36murl[0m=[35mhttps://jp.reuters.com/markets/japan/LVIZZARBNVNHPIGRIJHSTP5PPY-2026-04-17/[0m
[[32m[1minfo     [0m] [1mStarting article extraction   [0m [[0m[1m[34mrss.services.article_extractor[0m][0m [36mmodule[0m=[35marticle_extractor[0m [36murl[0m=[35mhttps://jp.reuters.com/markets/japan/T4BW4WDK6JO3HBNL4OGVYS6NXQ-2026-04-17/[0m [36muser_agent[0m=[35m'Mozilla/5.0 (Macintosh; Intel Mac OS X 10_15_7) Ap...'[0m
[[32m[1minfo     [0m] [1mTrafilatura extraction successful[0m [[0m[1m[34mrss.services.article_extractor[0m][0m [36mmodule[0m=[35marticle_extractor[0m [36mtext_length[0m=[35m278[0m [36mtitle[0m=[35mNone[0m [36murl[0m=[35mhttps://jp.reuters.com/markets/japan/T4BW4WDK6JO3HBNL4OGVYS6NXQ-2026-04-17/[0m
[[32m[1minfo     [0m] [1mStarting article extraction   [0m [[0m[1m[34mrss.services.article_extractor[0m][0m [36mmodule[0m=[35marticle_extractor[0m [36murl[0m=[35mhttps://jp.reuters.com/markets/japan/Y6NCYHRNGRO7XAIAMPWLFHUCCY-2026-04-17/[0m [36muser_agent[0m=[35m'Mozilla/5.0 (Macintosh; Intel Mac OS X 10_15_7) Ap...'[0m
[[32m[1minfo     [0m] [1mTrafilatura extraction successful[0m [[0m[1m[34mrss.services.article_extractor[0m][0m [36mmodule[0m=[35marticle_extractor[0m [36mtext_length[0m=[35m346[0m [36mtitle[0m=[35mNone[0m [36murl[0m=[35mhttps://jp.reuters.com/markets/japan/Y6NCYHRNGRO7XAIAMPWLFHUCCY-2026-04-17/[0m
[[32m[1minfo     [0m] [1mStarting article extraction   [0m [[0m[1m[34mrss.services.article_extractor[0m][0m [36mmodule[0m=[35marticle_extractor[0m [36murl[0m=[35mhttps://jp.reuters.com/markets/japan/UAJC3C5NZJPNLFP7DWYKDCFXS4-2026-04-17/[0m [36muser_agent[0m=[35m'Mozilla/5.0 (Macintosh; Intel Mac OS X 10_15_7) Ap...'[0m
[[32m[1minfo     [0m] [1mTrafilatura extraction successful[0m [[0m[1m[34mrss.services.article_extractor[0m][0m [36mmodule[0m=[35marticle_extractor[0m [36mtext_length[0m=[35m963[0m [36mtitle[0m=[35mNone[0m [36murl[0m=[35mhttps://jp.reuters.com/markets/japan/UAJC3C5NZJPNLFP7DWYKDCFXS4-2026-04-17/[0m
[[32m[1minfo     [0m] [1mStarting article extraction   [0m [[0m[1m[34mrss.services.article_extractor[0m][0m [36mmodule[0m=[35marticle_extractor[0m [36murl[0m=[35mhttps://jp.reuters.com/markets/japan/7L75FHQXU5JM5DFWXBKBBQH47E-2026-04-17/[0m [36muser_agent[0m=[35m'Mozilla/5.0 (Macintosh; Intel Mac OS X 10_15_7) Ap...'[0m
[[32m[1minfo     [0m] [1mTrafilatura extraction successful[0m [[0m[1m[34mrss.services.article_extractor[0m][0m [36mmodule[0m=[35marticle_extractor[0m [36mtext_length[0m=[35m842[0m [36mtitle[0m=[35mNone[0m [36murl[0m=[35mhttps://jp.reuters.com/markets/japan/7L75FHQXU5JM5DFWXBKBBQH47E-2026-04-17/[0m
[[32m[1minfo     [0m] [1mStarting article extraction   [0m [[0m[1m[34mrss.services.article_extractor[0m][0m [36mmodule[0m=[35marticle_extractor[0m [36murl[0m=[35mhttps://jp.reuters.com/markets/japan/OEVM3G3XCNN3LI552Y2W7E33MM-2026-04-17/[0m [36muser_agent[0m=[35m'Mozilla/5.0 (Macintosh; Intel Mac OS X 10_15_7) Ap...'[0m
[[32m[1minfo     [0m] [1mTrafilatura extraction successful[0m [[0m[1m[34mrss.services.article_extractor[0m][0m [36mmodule[0m=[35marticle_extractor[0m [36mtext_length[0m=[35m2617[0m [36mtitle[0m=[35mNone[0m [36murl[0m=[35mhttps://jp.reuters.com/markets/japan/OEVM3G3XCNN3LI552Y2W7E33MM-2026-04-17/[0m
[[32m[1minfo     [0m] [1mStarting article extraction   [0m [[0m[1m[34mrss.services.article_extractor[0m][0m [36mmodule[0m=[35marticle_extractor[0m [36murl[0m=[35mhttps://jp.reuters.com/markets/commodities/VJESSI6LNJPWFLDSOOOERI3KYU-2026-04-17/[0m [36muser_agent[0m=[35m'Mozilla/5.0 (Macintosh; Intel Mac OS X 10_15_7) Ap...'[0m
[[32m[1minfo     [0m] [1mTrafilatura extraction successful[0m [[0m[1m[34mrss.services.article_extractor[0m][0m [36mmodule[0m=[35marticle_extractor[0m [36mtext_length[0m=[35m719[0m [36mtitle[0m=[35mNone[0m [36murl[0m=[35mhttps://jp.reuters.com/markets/commodities/VJESSI6LNJPWFLDSOOOERI3KYU-2026-04-17/[0m
[[32m[1minfo     [0m] [1mStarting article extraction   [0m [[0m[1m[34mrss.services.article_extractor[0m][0m [36mmodule[0m=[35marticle_extractor[0m [36murl[0m=[35mhttps://jp.reuters.com/markets/japan/SILZ3WHLZ5J6XDWOAQVTTWHWI4-2026-04-17/[0m [36muser_agent[0m=[35m'Mozilla/5.0 (Macintosh; Intel Mac OS X 10_15_7) Ap...'[0m
[[32m[1minfo     [0m] [1mTrafilatura extraction successful[0m [[0m[1m[34mrss.services.article_extractor[0m][0m [36mmodule[0m=[35marticle_extractor[0m [36mtext_length[0m=[35m290[0m [36mtitle[0m=[35mNone[0m [36murl[0m=[35mhttps://jp.reuters.com/markets/japan/SILZ3WHLZ5J6XDWOAQVTTWHWI4-2026-04-17/[0m
[[32m[1minfo     [0m] [1mStarting article extraction   [0m [[0m[1m[34mrss.services.article_extractor[0m][0m [36mmodule[0m=[35marticle_extractor[0m [36murl[0m=[35mhttps://jp.reuters.com/markets/world-indices/AV5UNL6HQFIKHANJK2THTFLQKA-2026-04-17/[0m [36muser_agent[0m=[35m'Mozilla/5.0 (Macintosh; Intel Mac OS X 10_15_7) Ap...'[0m
[[32m[1minfo     [0m] [1mTrafilatura extraction successful[0m [[0m[1m[34mrss.services.article_extractor[0m][0m [36mmodule[0m=[35marticle_extractor[0m [36mtext_length[0m=[35m479[0m [36mtitle[0m=[35mNone[0m [36murl[0m=[35mhttps://jp.reuters.com/markets/world-indices/AV5UNL6HQFIKHANJK2THTFLQKA-2026-04-17/[0m
[[32m[1minfo     [0m] [1mStarting article extraction   [0m [[0m[1m[34mrss.services.article_extractor[0m][0m [36mmodule[0m=[35marticle_extractor[0m [36murl[0m=[35mhttps://jp.reuters.com/markets/commodities/TJ2OGFF2QJNAJOOSWR5EIZOETQ-2026-04-17/[0m [36muser_agent[0m=[35m'Mozilla/5.0 (Macintosh; Intel Mac OS X 10_15_7) Ap...'[0m
[[32m[1minfo     [0m] [1mTrafilatura extraction successful[0m [[0m[1m[34mrss.services.article_extractor[0m][0m [36mmodule[0m=[35marticle_extractor[0m [36mtext_length[0m=[35m1133[0m [36mtitle[0m=[35mNone[0m [36murl[0m=[35mhttps://jp.reuters.com/markets/commodities/TJ2OGFF2QJNAJOOSWR5EIZOETQ-2026-04-17/[0m
[[32m[1minfo     [0m] [1mStarting article extraction   [0m [[0m[1m[34mrss.services.article_extractor[0m][0m [36mmodule[0m=[35marticle_extractor[0m [36murl[0m=[35mhttps://jp.reuters.com/opinion/breakingviews/OW6CI4KYVNLNPAG4GGP4L4BZLU-2026-04-17/[0m [36muser_agent[0m=[35m'Mozilla/5.0 (Macintosh; Intel Mac OS X 10_15_7) Ap...'[0m
[[32m[1minfo     [0m] [1mTrafilatura extraction successful[0m [[0m[1m[34mrss.services.article_extractor[0m][0m [36mmodule[0m=[35marticle_extractor[0m [36mtext_length[0m=[35m3472[0m [36mtitle[0m=[35mNone[0m [36murl[0m=[35mhttps://jp.reuters.com/opinion/breakingviews/OW6CI4KYVNLNPAG4GGP4L4BZLU-2026-04-17/[0m
[[32m[1minfo     [0m] [1mStarting article extraction   [0m [[0m[1m[34mrss.services.article_extractor[0m][0m [36mmodule[0m=[35marticle_extractor[0m [36murl[0m=[35mhttps://jp.reuters.com/markets/global-markets/HND6KD6G6VKIDA5OEJP2CAKBOQ-2026-04-17/[0m [36muser_agent[0m=[35m'Mozilla/5.0 (Macintosh; Intel Mac OS X 10_15_7) Ap...'[0m
[[32m[1minfo     [0m] [1mTrafilatura extraction successful[0m [[0m[1m[34mrss.services.article_extractor[0m][0m [36mmodule[0m=[35marticle_extractor[0m [36mtext_length[0m=[35m401[0m [36mtitle[0m=[35mNone[0m [36murl[0m=[35mhttps://jp.reuters.com/markets/global-markets/HND6KD6G6VKIDA5OEJP2CAKBOQ-2026-04-17/[0m
[[32m[1minfo     [0m] [1mBatch extraction completed    [0m [[0m[1m[34mrss.services.article_extractor[0m][0m [36mfailed[0m=[35m0[0m [36mmodule[0m=[35marticle_extractor[0m [36msuccess[0m=[35m23[0m [36mtotal[0m=[35m23[0m
[[32m[1minfo     [0m] [1mContent post-fetch complete   [0m [[0m[1m[34mnews_scraper.unified[0m][0m [36mfetched[0m=[35m23[0m [36mmodule[0m=[35munified[0m [36mtotal[0m=[35m23[0m
[[32m[1minfo     [0m] [1mFinancial news collection complete[0m [[0m[1m[34mnews_scraper.unified[0m][0m [36melapsed_seconds[0m=[35m30.08[0m [36mmodule[0m=[35munified[0m [36msources[0m=[35m['reuters_jp'][0m [36mtotal_articles[0m=[35m23[0m
[[32m[1minfo     [0m] [1mRawStore: saved=23, dup=0, empty=0[0m [[0m[1m[34mnews_scraper.unified[0m][0m [36mmodule[0m=[35munified[0m
[[32m[1minfo     [0m] [1mCollection complete           [0m [[0m[1m[34m__main__[0m][0m [36marticle_count[0m=[35m23[0m [36mmodule[0m=[35mscrape_finance_news[0m
[[32m[1minfo     [0m] [1mNAS is mounted, using NAS output[0m [[0m[1m[34m__main__[0m][0m [36mmodule[0m=[35mscrape_finance_news[0m [36mpath[0m=[35m/Volumes/personal_folder/scraped/reuters_jp[0m [36msource[0m=[35mreuters_jp[0m
[[32m[1minfo     [0m] [1mOutput directory ready        [0m [[0m[1m[34m__main__[0m][0m [36mmodule[0m=[35mscrape_finance_news[0m [36mpath[0m=[35m/Volumes/personal_folder/scraped/reuters_jp/2026-04-18[0m
[[32m[1minfo     [0m] [1mArticles saved to JSON        [0m [[0m[1m[34m__main__[0m][0m [36mmodule[0m=[35mscrape_finance_news[0m [36mpath[0m=[35m/Volumes/personal_folder/scraped/reuters_jp/2026-04-18/news_030005.json[0m [36mtotal_count[0m=[35m23[0m
[[32m[1minfo     [0m] [1mSave complete                 [0m [[0m[1m[34m__main__[0m][0m [36mcount[0m=[35m23[0m [36mmodule[0m=[35mscrape_finance_news[0m [36moutput_file[0m=[35m/Volumes/personal_folder/scraped/reuters_jp/2026-04-18/news_030005.json[0m [36msource[0m=[35mreuters_jp[0m
[[32m[1minfo     [0m] [1mScraper finished successfully [0m [[0m[1m[34m__main__[0m][0m [36mmodule[0m=[35mscrape_finance_news[0m [36msaved_files[0m=[35m['/Volumes/personal_folder/scraped/reuters_jp/2026-04-18/news_030005.json'][0m [36mtotal_articles[0m=[35m23[0m
